Workbook

Sheet Start
A1: REVIEW DECK ▸ YOUR DAILY 10 MINUTES
A2: Every move from the course on a flashcard. A little every day beats cramming.
A4: TODAY
A5: Cards due today | B5: {=COUNTIF(Deck!$K$5:$K$178,"DUE")} -> 0
A6: New cards | B6: {=COUNTIF(Deck!$K$5:$K$178,"NEW")} -> 174
A7: Mastered (Box 5) | B7: {=COUNTIF(Deck!$H$5:$H$178,5)} -> 0
A8: Mastery | B8: {=TEXT(B7/174,"0%")} -> 0%
A10: CARDS PER BOX
A11: Box | B11: Cards
A12: New | B12: {=COUNTIF(Deck!$K$5:$K$178,"NEW")} -> 174
A13: Box 1 | B13: {=COUNTIF(Deck!$H$5:$H$178,1)} -> 0
A14: Box 2 | B14: {=COUNTIF(Deck!$H$5:$H$178,2)} -> 0
A15: Box 3 | B15: {=COUNTIF(Deck!$H$5:$H$178,3)} -> 0
A16: Box 4 | B16: {=COUNTIF(Deck!$H$5:$H$178,4)} -> 0
A17: Box 5 | B17: {=COUNTIF(Deck!$H$5:$H$178,5)} -> 0
A20: HOW IT WORKS
A21: Every card lives in a box from 1 to 5. Box 1 cards come back tomorrow; Box 5 cards wait a month.
A22: Intervals: Box 1 → 1 day · Box 2 → 3 days · Box 3 → 7 days · Box 4 → 14 days · Box 5 → 30 days.
A23: Right answer: the card moves up a box. Missed it: back to Box 1. NEW cards haven't been reviewed yet.
A24: Start with the cards from worlds you have played; leave the rest as NEW until you get there.
A26: DAILY ROUTINE
A27: 1 · Open the Deck sheet, select the Status header (K4), press Alt+↓ and keep only DUE (plus any NEW cards).
A28: 2 · Type each answer in the yellow Your answer cell and check the Result.
A29: 3 · Set Box to the Suggested box (select the Box cell, press Alt+↓, pick the number).
A30: 4 · Select Last reviewed and press Ctrl+; to stamp today's date.
A31: 5 · Clear your answers (select them, press Delete), then clear the filter (Alt+↓ → Select All).
A32: 6 · Come back tomorrow: a little every day is how it sticks.

Sheet Deck
A1: REVIEW DECK ▸ ALL CARDS
A2: Answer the DUE cards, move each to its Suggested box, and stamp the date with Ctrl+;.
A4: Card | B4: World | C4: Stage | D4: Prompt | E4: Your answer | F4: Result | G4: Suggested box | H4: Box | I4: Last reviewed | J4: Next due | K4: Status
A5: 1 | B5: S1 | C5: S1-1 Warp Zones | D5: Which keys jump to the edge of the current data block (any direction)? | F5: {=IFERROR(_xlfn.LET(_xlpm.a,Deck!$E$5,IF(TRIM(_xlpm.a&"")="","",IF(OR(SUBSTITUTE(SUBSTITUTE(SUBSTITUTE(SUBSTITUTE(SUBSTITUTE(SUBSTITUTE(SUBSTITUTE(SUBSTITUTE(SUBSTITUTE(SUBSTITUTE(SUBSTITUTE(SUBSTITUTE(SUBSTITUTE(SUBSTITUTE(SUBSTITUTE(SUBSTITUTE(SUBSTITUTE(SUBSTITUTE(SUBSTITUTE(SUBSTITUTE(SUBSTITUTE(SUBSTITUTE(SUBSTITUTE(SUBSTITUTE(SUBSTITUTE(SUBSTITUTE(SUBSTITUTE(UPPER(_xlpm.a)," ",""),"CONTROL","CTRL"),"CTL","CTRL"),"ESCAPE","ESC"),"RETURN","ENTER"),"PAGEDOWN","PGDN"),"PGDOWN","PGDN"),"PAGEUP","PGUP"),"ARROWKEYS","ARROW"),"ARROWKEY","ARROW"),"ARROWS","ARROW"),"DOWNARROW","DOWN"),"UPARROW","UP"),"LEFTARROW","LEFT"),"RIGHTARROW","RIGHT"),"ARROWDOWN","DOWN"),"ARROWUP","UP"),"ARROWLEFT","LEFT"),"ARROWRIGHT","RIGHT"),"↓","DOWN"),"↑","UP"),"←","LEFT"),"→","RIGHT"),"SPACEBAR","SPACE"),"−","-"),"MINUS","-"),"PLUS","+")=Key!$E$2:$I$2),"✔ CLEAR","✘ TRY AGAIN"))),"✘ TRY AGAIN")} | G5: {=IF(F5="","",IF(LEFT(F5,1)="✔",MIN(IF(H5="",1,H5)+1,5),1))} | J5: {=IF(OR(H5="",I5=""),"",IFERROR(I5+CHOOSE(H5,1,3,7,14,30),""))} | K5: {=IF(H5="","NEW",IF(J5="","DUE",IF(J5<=TODAY(),"DUE","in "&(J5-TODAY())&IF(J5-TODAY()=1," day"," days"))))} -> NEW
A6: 2 | B6: S1 | C6: S1-1 Warp Zones | D6: Which keys take you to the very first cell of the sheet (A1)? | F6: {=IFERROR(_xlfn.LET(_xlpm.a,Deck!$E$6,IF(TRIM(_xlpm.a&"")="","",IF(OR(SUBSTITUTE(SUBSTITUTE(SUBSTITUTE(SUBSTITUTE(SUBSTITUTE(SUBSTITUTE(SUBSTITUTE(SUBSTITUTE(SUBSTITUTE(SUBSTITUTE(SUBSTITUTE(SUBSTITUTE(SUBSTITUTE(SUBSTITUTE(SUBSTITUTE(SUBSTITUTE(SUBSTITUTE(SUBSTITUTE(SUBSTITUTE(SUBSTITUTE(SUBSTITUTE(SUBSTITUTE(SUBSTITUTE(SUBSTITUTE(SUBSTITUTE(SUBSTITUTE(SUBSTITUTE(UPPER(_xlpm.a)," ",""),"CONTROL","CTRL"),"CTL","CTRL"),"ESCAPE","ESC"),"RETURN","ENTER"),"PAGEDOWN","PGDN"),"PGDOWN","PGDN"),"PAGEUP","PGUP"),"ARROWKEYS","ARROW"),"ARROWKEY","ARROW"),"ARROWS","ARROW"),"DOWNARROW","DOWN"),"UPARROW","UP"),"LEFTARROW","LEFT"),"RIGHTARROW","RIGHT"),"ARROWDOWN","DOWN"),"ARROWUP","UP"),"ARROWLEFT","LEFT"),"ARROWRIGHT","RIGHT"),"↓","DOWN"),"↑","UP"),"←","LEFT"),"→","RIGHT"),"SPACEBAR","SPACE"),"−","-"),"MINUS","-"),"PLUS","+")=Key!$E$3:$E$3),"✔ CLEAR","✘ TRY AGAIN"))),"✘ TRY AGAIN")} | G6: {=IF(F6="","",IF(LEFT(F6,1)="✔",MIN(IF(H6="",1,H6)+1,5),1))} | J6: {=IF(OR(H6="",I6=""),"",IFERROR(I6+CHOOSE(H6,1,3,7,14,30),""))} | K6: {=IF(H6="","NEW",IF(J6="","DUE",IF(J6<=TODAY(),"DUE","in "&(J6-TODAY())&IF(J6-TODAY()=1," day"," days"))))} -> NEW
A7: 3 | B7: S1 | C7: S1-1 Warp Zones | D7: Which keys jump to the last used cell on the sheet? | F7: {=IFERROR(_xlfn.LET(_xlpm.a,Deck!$E$7,IF(TRIM(_xlpm.a&"")="","",IF(OR(SUBSTITUTE(SUBSTITUTE(SUBSTITUTE(SUBSTITUTE(SUBSTITUTE(SUBSTITUTE(SUBSTITUTE(SUBSTITUTE(SUBSTITUTE(SUBSTITUTE(SUBSTITUTE(SUBSTITUTE(SUBSTITUTE(SUBSTITUTE(SUBSTITUTE(SUBSTITUTE(SUBSTITUTE(SUBSTITUTE(SUBSTITUTE(SUBSTITUTE(SUBSTITUTE(SUBSTITUTE(SUBSTITUTE(SUBSTITUTE(SUBSTITUTE(SUBSTITUTE(SUBSTITUTE(UPPER(_xlpm.a)," ",""),"CONTROL","CTRL"),"CTL","CTRL"),"ESCAPE","ESC"),"RETURN","ENTER"),"PAGEDOWN","PGDN"),"PGDOWN","PGDN"),"PAGEUP","PGUP"),"ARROWKEYS","ARROW"),"ARROWKEY","ARROW"),"ARROWS","ARROW"),"DOWNARROW","DOWN"),"UPARROW","UP"),"LEFTARROW","LEFT"),"RIGHTARROW","RIGHT"),"ARROWDOWN","DOWN"),"ARROWUP","UP"),"ARROWLEFT","LEFT"),"ARROWRIGHT","RIGHT"),"↓","DOWN"),"↑","UP"),"←","LEFT"),"→","RIGHT"),"SPACEBAR","SPACE"),"−","-"),"MINUS","-"),"PLUS","+")=Key!$E$4:$E$4),"✔ CLEAR","✘ TRY AGAIN"))),"✘ TRY AGAIN")} | G7: {=IF(F7="","",IF(LEFT(F7,1)="✔",MIN(IF(H7="",1,H7)+1,5),1))} | J7: {=IF(OR(H7="",I7=""),"",IFERROR(I7+CHOOSE(H7,1,3,7,14,30),""))} | K7: {=IF(H7="","NEW",IF(J7="","DUE",IF(J7<=TODAY(),"DUE","in "&(J7-TODAY())&IF(J7-TODAY()=1," day"," days"))))} -> NEW
A8: 4 | B8: S1 | C8: S1-1 Warp Zones | D8: Which single key moves to column A of the current row? | F8: {=IFERROR(_xlfn.LET(_xlpm.a,Deck!$E$8,IF(TRIM(_xlpm.a&"")="","",IF(OR(SUBSTITUTE(SUBSTITUTE(SUBSTITUTE(SUBSTITUTE(SUBSTITUTE(SUBSTITUTE(SUBSTITUTE(SUBSTITUTE(SUBSTITUTE(SUBSTITUTE(SUBSTITUTE(SUBSTITUTE(SUBSTITUTE(SUBSTITUTE(SUBSTITUTE(SUBSTITUTE(SUBSTITUTE(SUBSTITUTE(SUBSTITUTE(SUBSTITUTE(SUBSTITUTE(SUBSTITUTE(SUBSTITUTE(SUBSTITUTE(SUBSTITUTE(SUBSTITUTE(SUBSTITUTE(UPPER(_xlpm.a)," ",""),"CONTROL","CTRL"),"CTL","CTRL"),"ESCAPE","ESC"),"RETURN","ENTER"),"PAGEDOWN","PGDN"),"PGDOWN","PGDN"),"PAGEUP","PGUP"),"ARROWKEYS","ARROW"),"ARROWKEY","ARROW"),"ARROWS","ARROW"),"DOWNARROW","DOWN"),"UPARROW","UP"),"LEFTARROW","LEFT"),"RIGHTARROW","RIGHT"),"ARROWDOWN","DOWN"),"ARROWUP","UP"),"ARROWLEFT","LEFT"),"ARROWRIGHT","RIGHT"),"↓","DOWN"),"↑","UP"),"←","LEFT"),"→","RIGHT"),"SPACEBAR","SPACE"),"−","-"),"MINUS","-"),"PLUS","+")=Key!$E$5:$E$5),"✔ CLEAR","✘ TRY AGAIN"))),"✘ TRY AGAIN")} | G8: {=IF(F8="","",IF(LEFT(F8,1)="✔",MIN(IF(H8="",1,H8)+1,5),1))} | J8: {=IF(OR(H8="",I8=""),"",IFERROR(I8+CHOOSE(H8,1,3,7,14,30),""))} | K8: {=IF(H8="","NEW",IF(J8="","DUE",IF(J8<=TODAY(),"DUE","in "&(J8-TODAY())&IF(J8-TODAY()=1," day"," days"))))} -> NEW
A9: 5 | B9: S1 | C9: S1-2 Teleport | D9: Which key opens the Go To box? | F9: {=IFERROR(_xlfn.LET(_xlpm.a,Deck!$E$9,IF(TRIM(_xlpm.a&"")="","",IF(OR(SUBSTITUTE(SUBSTITUTE(SUBSTITUTE(SUBSTITUTE(SUBSTITUTE(SUBSTITUTE(SUBSTITUTE(SUBSTITUTE(SUBSTITUTE(SUBSTITUTE(SUBSTITUTE(SUBSTITUTE(SUBSTITUTE(SUBSTITUTE(SUBSTITUTE(SUBSTITUTE(SUBSTITUTE(SUBSTITUTE(SUBSTITUTE(SUBSTITUTE(SUBSTITUTE(SUBSTITUTE(SUBSTITUTE(SUBSTITUTE(SUBSTITUTE(SUBSTITUTE(SUBSTITUTE(UPPER(_xlpm.a)," ",""),"CONTROL","CTRL"),"CTL","CTRL"),"ESCAPE","ESC"),"RETURN","ENTER"),"PAGEDOWN","PGDN"),"PGDOWN","PGDN"),"PAGEUP","PGUP"),"ARROWKEYS","ARROW"),"ARROWKEY","ARROW"),"ARROWS","ARROW"),"DOWNARROW","DOWN"),"UPARROW","UP"),"LEFTARROW","LEFT"),"RIGHTARROW","RIGHT"),"ARROWDOWN","DOWN"),"ARROWUP","UP"),"ARROWLEFT","LEFT"),"ARROWRIGHT","RIGHT"),"↓","DOWN"),"↑","UP"),"←","LEFT"),"→","RIGHT"),"SPACEBAR","SPACE"),"−","-"),"MINUS","-"),"PLUS","+")=Key!$E$6:$F$6),"✔ CLEAR","✘ TRY AGAIN"))),"✘ TRY AGAIN")} | G9: {=IF(F9="","",IF(LEFT(F9,1)="✔",MIN(IF(H9="",1,H9)+1,5),1))} | J9: {=IF(OR(H9="",I9=""),"",IFERROR(I9+CHOOSE(H9,1,3,7,14,30),""))} | K9: {=IF(H9="","NEW",IF(J9="","DUE",IF(J9<=TODAY(),"DUE","in "&(J9-TODAY())&IF(J9-TODAY()=1," day"," days"))))} -> NEW
A10: 6 | B10: S1 | C10: S1-2 Teleport | D10: Which keys move to the next sheet? | F10: {=IFERROR(_xlfn.LET(_xlpm.a,Deck!$E$10,IF(TRIM(_xlpm.a&"")="","",IF(OR(SUBSTITUTE(SUBSTITUTE(SUBSTITUTE(SUBSTITUTE(SUBSTITUTE(SUBSTITUTE(SUBSTITUTE(SUBSTITUTE(SUBSTITUTE(SUBSTITUTE(SUBSTITUTE(SUBSTITUTE(SUBSTITUTE(SUBSTITUTE(SUBSTITUTE(SUBSTITUTE(SUBSTITUTE(SUBSTITUTE(SUBSTITUTE(SUBSTITUTE(SUBSTITUTE(SUBSTITUTE(SUBSTITUTE(SUBSTITUTE(SUBSTITUTE(SUBSTITUTE(SUBSTITUTE(UPPER(_xlpm.a)," ",""),"CONTROL","CTRL"),"CTL","CTRL"),"ESCAPE","ESC"),"RETURN","ENTER"),"PAGEDOWN","PGDN"),"PGDOWN","PGDN"),"PAGEUP","PGUP"),"ARROWKEYS","ARROW"),"ARROWKEY","ARROW"),"ARROWS","ARROW"),"DOWNARROW","DOWN"),"UPARROW","UP"),"LEFTARROW","LEFT"),"RIGHTARROW","RIGHT"),"ARROWDOWN","DOWN"),"ARROWUP","UP"),"ARROWLEFT","LEFT"),"ARROWRIGHT","RIGHT"),"↓","DOWN"),"↑","UP"),"←","LEFT"),"→","RIGHT"),"SPACEBAR","SPACE"),"−","-"),"MINUS","-"),"PLUS","+")=Key!$E$7:$E$7),"✔ CLEAR","✘ TRY AGAIN"))),"✘ TRY AGAIN")} | G10: {=IF(F10="","",IF(LEFT(F10,1)="✔",MIN(IF(H10="",1,H10)+1,5),1))} | J10: {=IF(OR(H10="",I10=""),"",IFERROR(I10+CHOOSE(H10,1,3,7,14,30),""))} | K10: {=IF(H10="","NEW",IF(J10="","DUE",IF(J10<=TODAY(),"DUE","in "&(J10-TODAY())&IF(J10-TODAY()=1," day"," days"))))} -> NEW
A11: 7 | B11: S1 | C11: S1-2 Teleport | D11: Which keys move to the previous sheet? | F11: {=IFERROR(_xlfn.LET(_xlpm.a,Deck!$E$11,IF(TRIM(_xlpm.a&"")="","",IF(OR(SUBSTITUTE(SUBSTITUTE(SUBSTITUTE(SUBSTITUTE(SUBSTITUTE(SUBSTITUTE(SUBSTITUTE(SUBSTITUTE(SUBSTITUTE(SUBSTITUTE(SUBSTITUTE(SUBSTITUTE(SUBSTITUTE(SUBSTITUTE(SUBSTITUTE(SUBSTITUTE(SUBSTITUTE(SUBSTITUTE(SUBSTITUTE(SUBSTITUTE(SUBSTITUTE(SUBSTITUTE(SUBSTITUTE(SUBSTITUTE(SUBSTITUTE(SUBSTITUTE(SUBSTITUTE(UPPER(_xlpm.a)," ",""),"CONTROL","CTRL"),"CTL","CTRL"),"ESCAPE","ESC"),"RETURN","ENTER"),"PAGEDOWN","PGDN"),"PGDOWN","PGDN"),"PAGEUP","PGUP"),"ARROWKEYS","ARROW"),"ARROWKEY","ARROW"),"ARROWS","ARROW"),"DOWNARROW","DOWN"),"UPARROW","UP"),"LEFTARROW","LEFT"),"RIGHTARROW","RIGHT"),"ARROWDOWN","DOWN"),"ARROWUP","UP"),"ARROWLEFT","LEFT"),"ARROWRIGHT","RIGHT"),"↓","DOWN"),"↑","UP"),"←","LEFT"),"→","RIGHT"),"SPACEBAR","SPACE"),"−","-"),"MINUS","-"),"PLUS","+")=Key!$E$8:$E$8),"✔ CLEAR","✘ TRY AGAIN"))),"✘ TRY AGAIN")} | G11: {=IF(F11="","",IF(LEFT(F11,1)="✔",MIN(IF(H11="",1,H11)+1,5),1))} | J11: {=IF(OR(H11="",I11=""),"",IFERROR(I11+CHOOSE(H11,1,3,7,14,30),""))} | K11: {=IF(H11="","NEW",IF(J11="","DUE",IF(J11<=TODAY(),"DUE","in "&(J11-TODAY())&IF(J11-TODAY()=1," day"," days"))))} -> NEW
A12: 8 | B12: S1 | C12: S1-2 Teleport | D12: Which key scrolls one screen down? | F12: {=IFERROR(_xlfn.LET(_xlpm.a,Deck!$E$12,IF(TRIM(_xlpm.a&"")="","",IF(OR(SUBSTITUTE(SUBSTITUTE(SUBSTITUTE(SUBSTITUTE(SUBSTITUTE(SUBSTITUTE(SUBSTITUTE(SUBSTITUTE(SUBSTITUTE(SUBSTITUTE(SUBSTITUTE(SUBSTITUTE(SUBSTITUTE(SUBSTITUTE(SUBSTITUTE(SUBSTITUTE(SUBSTITUTE(SUBSTITUTE(SUBSTITUTE(SUBSTITUTE(SUBSTITUTE(SUBSTITUTE(SUBSTITUTE(SUBSTITUTE(SUBSTITUTE(SUBSTITUTE(SUBSTITUTE(UPPER(_xlpm.a)," ",""),"CONTROL","CTRL"),"CTL","CTRL"),"ESCAPE","ESC"),"RETURN","ENTER"),"PAGEDOWN","PGDN"),"PGDOWN","PGDN"),"PAGEUP","PGUP"),"ARROWKEYS","ARROW"),"ARROWKEY","ARROW"),"ARROWS","ARROW"),"DOWNARROW","DOWN"),"UPARROW","UP"),"LEFTARROW","LEFT"),"RIGHTARROW","RIGHT"),"ARROWDOWN","DOWN"),"ARROWUP","UP"),"ARROWLEFT","LEFT"),"ARROWRIGHT","RIGHT"),"↓","DOWN"),"↑","UP"),"←","LEFT"),"→","RIGHT"),"SPACEBAR","SPACE"),"−","-"),"MINUS","-"),"PLUS","+")=Key!$E$9:$E$9),"✔ CLEAR","✘ TRY AGAIN"))),"✘ TRY AGAIN")} | G12: {=IF(F12="","",IF(LEFT(F12,1)="✔",MIN(IF(H12="",1,H12)+1,5),1))} | J12: {=IF(OR(H12="",I12=""),"",IFERROR(I12+CHOOSE(H12,1,3,7,14,30),""))} | K12: {=IF(H12="","NEW",IF(J12="","DUE",IF(J12<=TODAY(),"DUE","in "&(J12-TODAY())&IF(J12-TODAY()=1," day"," days"))))} -> NEW
A13: 9 | B13: S1 | C13: S1-2 Teleport | D13: Which keys scroll one screen to the right? | F13: {=IFERROR(_xlfn.LET(_xlpm.a,Deck!$E$13,IF(TRIM(_xlpm.a&"")="","",IF(OR(SUBSTITUTE(SUBSTITUTE(SUBSTITUTE(SUBSTITUTE(SUBSTITUTE(SUBSTITUTE(SUBSTITUTE(SUBSTITUTE(SUBSTITUTE(SUBSTITUTE(SUBSTITUTE(SUBSTITUTE(SUBSTITUTE(SUBSTITUTE(SUBSTITUTE(SUBSTITUTE(SUBSTITUTE(SUBSTITUTE(SUBSTITUTE(SUBSTITUTE(SUBSTITUTE(SUBSTITUTE(SUBSTITUTE(SUBSTITUTE(SUBSTITUTE(SUBSTITUTE(SUBSTITUTE(UPPER(_xlpm.a)," ",""),"CONTROL","CTRL"),"CTL","CTRL"),"ESCAPE","ESC"),"RETURN","ENTER"),"PAGEDOWN","PGDN"),"PGDOWN","PGDN"),"PAGEUP","PGUP"),"ARROWKEYS","ARROW"),"ARROWKEY","ARROW"),"ARROWS","ARROW"),"DOWNARROW","DOWN"),"UPARROW","UP"),"LEFTARROW","LEFT"),"RIGHTARROW","RIGHT"),"ARROWDOWN","DOWN"),"ARROWUP","UP"),"ARROWLEFT","LEFT"),"ARROWRIGHT","RIGHT"),"↓","DOWN"),"↑","UP"),"←","LEFT"),"→","RIGHT"),"SPACEBAR","SPACE"),"−","-"),"MINUS","-"),"PLUS","+")=Key!$E$10:$E$10),"✔ CLEAR","✘ TRY AGAIN"))),"✘ TRY AGAIN")} | G13: {=IF(F13="","",IF(LEFT(F13,1)="✔",MIN(IF(H13="",1,H13)+1,5),1))} | J13: {=IF(OR(H13="",I13=""),"",IFERROR(I13+CHOOSE(H13,1,3,7,14,30),""))} | K13: {=IF(H13="","NEW",IF(J13="","DUE",IF(J13<=TODAY(),"DUE","in "&(J13-TODAY())&IF(J13-TODAY()=1," day"," days"))))} -> NEW
A14: 10 | B14: S1 | C14: S1-3 Lasso | D14: Which keys grow the selection by one cell? | F14: {=IFERROR(_xlfn.LET(_xlpm.a,Deck!$E$14,IF(TRIM(_xlpm.a&"")="","",IF(OR(SUBSTITUTE(SUBSTITUTE(SUBSTITUTE(SUBSTITUTE(SUBSTITUTE(SUBSTITUTE(SUBSTITUTE(SUBSTITUTE(SUBSTITUTE(SUBSTITUTE(SUBSTITUTE(SUBSTITUTE(SUBSTITUTE(SUBSTITUTE(SUBSTITUTE(SUBSTITUTE(SUBSTITUTE(SUBSTITUTE(SUBSTITUTE(SUBSTITUTE(SUBSTITUTE(SUBSTITUTE(SUBSTITUTE(SUBSTITUTE(SUBSTITUTE(SUBSTITUTE(SUBSTITUTE(UPPER(_xlpm.a)," ",""),"CONTROL","CTRL"),"CTL","CTRL"),"ESCAPE","ESC"),"RETURN","ENTER"),"PAGEDOWN","PGDN"),"PGDOWN","PGDN"),"PAGEUP","PGUP"),"ARROWKEYS","ARROW"),"ARROWKEY","ARROW"),"ARROWS","ARROW"),"DOWNARROW","DOWN"),"UPARROW","UP"),"LEFTARROW","LEFT"),"RIGHTARROW","RIGHT"),"ARROWDOWN","DOWN"),"ARROWUP","UP"),"ARROWLEFT","LEFT"),"ARROWRIGHT","RIGHT"),"↓","DOWN"),"↑","UP"),"←","LEFT"),"→","RIGHT"),"SPACEBAR","SPACE"),"−","-"),"MINUS","-"),"PLUS","+")=Key!$E$11:$I$11),"✔ CLEAR","✘ TRY AGAIN"))),"✘ TRY AGAIN")} | G14: {=IF(F14="","",IF(LEFT(F14,1)="✔",MIN(IF(H14="",1,H14)+1,5),1))} | J14: {=IF(OR(H14="",I14=""),"",IFERROR(I14+CHOOSE(H14,1,3,7,14,30),""))} | K14: {=IF(H14="","NEW",IF(J14="","DUE",IF(J14<=TODAY(),"DUE","in "&(J14-TODAY())&IF(J14-TODAY()=1," day"," days"))))} -> NEW
A15: 11 | B15: S1 | C15: S1-3 Lasso | D15: Which keys extend the selection all the way to the edge of the data? | F15: {=IFERROR(_xlfn.LET(_xlpm.a,Deck!$E$15,IF(TRIM(_xlpm.a&"")="","",IF(OR(SUBSTITUTE(SUBSTITUTE(SUBSTITUTE(SUBSTITUTE(SUBSTITUTE(SUBSTITUTE(SUBSTITUTE(SUBSTITUTE(SUBSTITUTE(SUBSTITUTE(SUBSTITUTE(SUBSTITUTE(SUBSTITUTE(SUBSTITUTE(SUBSTITUTE(SUBSTITUTE(SUBSTITUTE(SUBSTITUTE(SUBSTITUTE(SUBSTITUTE(SUBSTITUTE(SUBSTITUTE(SUBSTITUTE(SUBSTITUTE(SUBSTITUTE(SUBSTITUTE(SUBSTITUTE(UPPER(_xlpm.a)," ",""),"CONTROL","CTRL"),"CTL","CTRL"),"ESCAPE","ESC"),"RETURN","ENTER"),"PAGEDOWN","PGDN"),"PGDOWN","PGDN"),"PAGEUP","PGUP"),"ARROWKEYS","ARROW"),"ARROWKEY","ARROW"),"ARROWS","ARROW"),"DOWNARROW","DOWN"),"UPARROW","UP"),"LEFTARROW","LEFT"),"RIGHTARROW","RIGHT"),"ARROWDOWN","DOWN"),"ARROWUP","UP"),"ARROWLEFT","LEFT"),"ARROWRIGHT","RIGHT"),"↓","DOWN"),"↑","UP"),"←","LEFT"),"→","RIGHT"),"SPACEBAR","SPACE"),"−","-"),"MINUS","-"),"PLUS","+")=Key!$E$12:$N$12),"✔ CLEAR","✘ TRY AGAIN"))),"✘ TRY AGAIN")} | G15: {=IF(F15="","",IF(LEFT(F15,1)="✔",MIN(IF(H15="",1,H15)+1,5),1))} | J15: {=IF(OR(H15="",I15=""),"",IFERROR(I15+CHOOSE(H15,1,3,7,14,30),""))} | K15: {=IF(H15="","NEW",IF(J15="","DUE",IF(J15<=TODAY(),"DUE","in "&(J15-TODAY())&IF(J15-TODAY()=1," day"," days"))))} -> NEW
A16: 12 | B16: S1 | C16: S1-3 Lasso | D16: Which keys extend the selection to the last used cell? | F16: {=IFERROR(_xlfn.LET(_xlpm.a,Deck!$E$16,IF(TRIM(_xlpm.a&"")="","",IF(OR(SUBSTITUTE(SUBSTITUTE(SUBSTITUTE(SUBSTITUTE(SUBSTITUTE(SUBSTITUTE(SUBSTITUTE(SUBSTITUTE(SUBSTITUTE(SUBSTITUTE(SUBSTITUTE(SUBSTITUTE(SUBSTITUTE(SUBSTITUTE(SUBSTITUTE(SUBSTITUTE(SUBSTITUTE(SUBSTITUTE(SUBSTITUTE(SUBSTITUTE(SUBSTITUTE(SUBSTITUTE(SUBSTITUTE(SUBSTITUTE(SUBSTITUTE(SUBSTITUTE(SUBSTITUTE(UPPER(_xlpm.a)," ",""),"CONTROL","CTRL"),"CTL","CTRL"),"ESCAPE","ESC"),"RETURN","ENTER"),"PAGEDOWN","PGDN"),"PGDOWN","PGDN"),"PAGEUP","PGUP"),"ARROWKEYS","ARROW"),"ARROWKEY","ARROW"),"ARROWS","ARROW"),"DOWNARROW","DOWN"),"UPARROW","UP"),"LEFTARROW","LEFT"),"RIGHTARROW","RIGHT"),"ARROWDOWN","DOWN"),"ARROWUP","UP"),"ARROWLEFT","LEFT"),"ARROWRIGHT","RIGHT"),"↓","DOWN"),"↑","UP"),"←","LEFT"),"→","RIGHT"),"SPACEBAR","SPACE"),"−","-"),"MINUS","-"),"PLUS","+")=Key!$E$13:$F$13),"✔ CLEAR","✘ TRY AGAIN"))),"✘ TRY AGAIN")} | G16: {=IF(F16="","",IF(LEFT(F16,1)="✔",MIN(IF(H16="",1,H16)+1,5),1))} | J16: {=IF(OR(H16="",I16=""),"",IFERROR(I16+CHOOSE(H16,1,3,7,14,30),""))} | K16: {=IF(H16="","NEW",IF(J16="","DUE",IF(J16<=TODAY(),"DUE","in "&(J16-TODAY())&IF(J16-TODAY()=1," day"," days"))))} -> NEW
A17: 13 | B17: S1 | C17: S1-3 Lasso | D17: Which keys extend the selection back to cell A1? | F17: {=IFERROR(_xlfn.LET(_xlpm.a,Deck!$E$17,IF(TRIM(_xlpm.a&"")="","",IF(OR(SUBSTITUTE(SUBSTITUTE(SUBSTITUTE(SUBSTITUTE(SUBSTITUTE(SUBSTITUTE(SUBSTITUTE(SUBSTITUTE(SUBSTITUTE(SUBSTITUTE(SUBSTITUTE(SUBSTITUTE(SUBSTITUTE(SUBSTITUTE(SUBSTITUTE(SUBSTITUTE(SUBSTITUTE(SUBSTITUTE(SUBSTITUTE(SUBSTITUTE(SUBSTITUTE(SUBSTITUTE(SUBSTITUTE(SUBSTITUTE(SUBSTITUTE(SUBSTITUTE(SUBSTITUTE(UPPER(_xlpm.a)," ",""),"CONTROL","CTRL"),"CTL","CTRL"),"ESCAPE","ESC"),"RETURN","ENTER"),"PAGEDOWN","PGDN"),"PGDOWN","PGDN"),"PAGEUP","PGUP"),"ARROWKEYS","ARROW"),"ARROWKEY","ARROW"),"ARROWS","ARROW"),"DOWNARROW","DOWN"),"UPARROW","UP"),"LEFTARROW","LEFT"),"RIGHTARROW","RIGHT"),"ARROWDOWN","DOWN"),"ARROWUP","UP"),"ARROWLEFT","LEFT"),"ARROWRIGHT","RIGHT"),"↓","DOWN"),"↑","UP"),"←","LEFT"),"→","RIGHT"),"SPACEBAR","SPACE"),"−","-"),"MINUS","-"),"PLUS","+")=Key!$E$14:$F$14),"✔ CLEAR","✘ TRY AGAIN"))),"✘ TRY AGAIN")} | G17: {=IF(F17="","",IF(LEFT(F17,1)="✔",MIN(IF(H17="",1,H17)+1,5),1))} | J17: {=IF(OR(H17="",I17=""),"",IFERROR(I17+CHOOSE(H17,1,3,7,14,30),""))} | K17: {=IF(H17="","NEW",IF(J17="","DUE",IF(J17<=TODAY(),"DUE","in "&(J17-TODAY())&IF(J17-TODAY()=1," day"," days"))))} -> NEW
A18: 14 | B18: S1 | C18: S1-4 Grab | D18: Which keys select the entire row? | F18: {=IFERROR(_xlfn.LET(_xlpm.a,Deck!$E$18,IF(TRIM(_xlpm.a&"")="","",IF(OR(SUBSTITUTE(SUBSTITUTE(SUBSTITUTE(SUBSTITUTE(SUBSTITUTE(SUBSTITUTE(SUBSTITUTE(SUBSTITUTE(SUBSTITUTE(SUBSTITUTE(SUBSTITUTE(SUBSTITUTE(SUBSTITUTE(SUBSTITUTE(SUBSTITUTE(SUBSTITUTE(SUBSTITUTE(SUBSTITUTE(SUBSTITUTE(SUBSTITUTE(SUBSTITUTE(SUBSTITUTE(SUBSTITUTE(SUBSTITUTE(SUBSTITUTE(SUBSTITUTE(SUBSTITUTE(UPPER(_xlpm.a)," ",""),"CONTROL","CTRL"),"CTL","CTRL"),"ESCAPE","ESC"),"RETURN","ENTER"),"PAGEDOWN","PGDN"),"PGDOWN","PGDN"),"PAGEUP","PGUP"),"ARROWKEYS","ARROW"),"ARROWKEY","ARROW"),"ARROWS","ARROW"),"DOWNARROW","DOWN"),"UPARROW","UP"),"LEFTARROW","LEFT"),"RIGHTARROW","RIGHT"),"ARROWDOWN","DOWN"),"ARROWUP","UP"),"ARROWLEFT","LEFT"),"ARROWRIGHT","RIGHT"),"↓","DOWN"),"↑","UP"),"←","LEFT"),"→","RIGHT"),"SPACEBAR","SPACE"),"−","-"),"MINUS","-"),"PLUS","+")=Key!$E$15:$E$15),"✔ CLEAR","✘ TRY AGAIN"))),"✘ TRY AGAIN")} | G18: {=IF(F18="","",IF(LEFT(F18,1)="✔",MIN(IF(H18="",1,H18)+1,5),1))} | J18: {=IF(OR(H18="",I18=""),"",IFERROR(I18+CHOOSE(H18,1,3,7,14,30),""))} | K18: {=IF(H18="","NEW",IF(J18="","DUE",IF(J18<=TODAY(),"DUE","in "&(J18-TODAY())&IF(J18-TODAY()=1," day"," days"))))} -> NEW
A19: 15 | B19: S1 | C19: S1-4 Grab | D19: Which keys select the entire column? | F19: {=IFERROR(_xlfn.LET(_xlpm.a,Deck!$E$19,IF(TRIM(_xlpm.a&"")="","",IF(OR(SUBSTITUTE(SUBSTITUTE(SUBSTITUTE(SUBSTITUTE(SUBSTITUTE(SUBSTITUTE(SUBSTITUTE(SUBSTITUTE(SUBSTITUTE(SUBSTITUTE(SUBSTITUTE(SUBSTITUTE(SUBSTITUTE(SUBSTITUTE(SUBSTITUTE(SUBSTITUTE(SUBSTITUTE(SUBSTITUTE(SUBSTITUTE(SUBSTITUTE(SUBSTITUTE(SUBSTITUTE(SUBSTITUTE(SUBSTITUTE(SUBSTITUTE(SUBSTITUTE(SUBSTITUTE(UPPER(_xlpm.a)," ",""),"CONTROL","CTRL"),"CTL","CTRL"),"ESCAPE","ESC"),"RETURN","ENTER"),"PAGEDOWN","PGDN"),"PGDOWN","PGDN"),"PAGEUP","PGUP"),"ARROWKEYS","ARROW"),"ARROWKEY","ARROW"),"ARROWS","ARROW"),"DOWNARROW","DOWN"),"UPARROW","UP"),"LEFTARROW","LEFT"),"RIGHTARROW","RIGHT"),"ARROWDOWN","DOWN"),"ARROWUP","UP"),"ARROWLEFT","LEFT"),"ARROWRIGHT","RIGHT"),"↓","DOWN"),"↑","UP"),"←","LEFT"),"→","RIGHT"),"SPACEBAR","SPACE"),"−","-"),"MINUS","-"),"PLUS","+")=Key!$E$16:$E$16),"✔ CLEAR","✘ TRY AGAIN"))),"✘ TRY AGAIN")} | G19: {=IF(F19="","",IF(LEFT(F19,1)="✔",MIN(IF(H19="",1,H19)+1,5),1))} | J19: {=IF(OR(H19="",I19=""),"",IFERROR(I19+CHOOSE(H19,1,3,7,14,30),""))} | K19: {=IF(H19="","NEW",IF(J19="","DUE",IF(J19<=TODAY(),"DUE","in "&(J19-TODAY())&IF(J19-TODAY()=1," day"," days"))))} -> NEW
A20: 16 | B20: S1 | C20: S1-4 Grab | D20: Which keys select the current data block (and the whole sheet if you keep pressing)? | F20: {=IFERROR(_xlfn.LET(_xlpm.a,Deck!$E$20,IF(TRIM(_xlpm.a&"")="","",IF(OR(SUBSTITUTE(SUBSTITUTE(SUBSTITUTE(SUBSTITUTE(SUBSTITUTE(SUBSTITUTE(SUBSTITUTE(SUBSTITUTE(SUBSTITUTE(SUBSTITUTE(SUBSTITUTE(SUBSTITUTE(SUBSTITUTE(SUBSTITUTE(SUBSTITUTE(SUBSTITUTE(SUBSTITUTE(SUBSTITUTE(SUBSTITUTE(SUBSTITUTE(SUBSTITUTE(SUBSTITUTE(SUBSTITUTE(SUBSTITUTE(SUBSTITUTE(SUBSTITUTE(SUBSTITUTE(UPPER(_xlpm.a)," ",""),"CONTROL","CTRL"),"CTL","CTRL"),"ESCAPE","ESC"),"RETURN","ENTER"),"PAGEDOWN","PGDN"),"PGDOWN","PGDN"),"PAGEUP","PGUP"),"ARROWKEYS","ARROW"),"ARROWKEY","ARROW"),"ARROWS","ARROW"),"DOWNARROW","DOWN"),"UPARROW","UP"),"LEFTARROW","LEFT"),"RIGHTARROW","RIGHT"),"ARROWDOWN","DOWN"),"ARROWUP","UP"),"ARROWLEFT","LEFT"),"ARROWRIGHT","RIGHT"),"↓","DOWN"),"↑","UP"),"←","LEFT"),"→","RIGHT"),"SPACEBAR","SPACE"),"−","-"),"MINUS","-"),"PLUS","+")=Key!$E$17:$G$17),"✔ CLEAR","✘ TRY AGAIN"))),"✘ TRY AGAIN")} | G20: {=IF(F20="","",IF(LEFT(F20,1)="✔",MIN(IF(H20="",1,H20)+1,5),1))} | J20: {=IF(OR(H20="",I20=""),"",IFERROR(I20+CHOOSE(H20,1,3,7,14,30),""))} | K20: {=IF(H20="","NEW",IF(J20="","DUE",IF(J20<=TODAY(),"DUE","in "&(J20-TODAY())&IF(J20-TODAY()=1," day"," days"))))} -> NEW
A21: 17 | B21: F1 | C21: F1-1 Power Up | D21: Which character must every formula start with? | F21: {=IFERROR(_xlfn.LET(_xlpm.a,Deck!$E$21,IF(TRIM(_xlpm.a&"")="","",IF(OR(SUBSTITUTE(SUBSTITUTE(SUBSTITUTE(SUBSTITUTE(SUBSTITUTE(SUBSTITUTE(SUBSTITUTE(SUBSTITUTE(SUBSTITUTE(SUBSTITUTE(SUBSTITUTE(SUBSTITUTE(SUBSTITUTE(SUBSTITUTE(SUBSTITUTE(SUBSTITUTE(SUBSTITUTE(SUBSTITUTE(SUBSTITUTE(SUBSTITUTE(SUBSTITUTE(SUBSTITUTE(SUBSTITUTE(SUBSTITUTE(SUBSTITUTE(SUBSTITUTE(SUBSTITUTE(UPPER(_xlpm.a)," ",""),"CONTROL","CTRL"),"CTL","CTRL"),"ESCAPE","ESC"),"RETURN","ENTER"),"PAGEDOWN","PGDN"),"PGDOWN","PGDN"),"PAGEUP","PGUP"),"ARROWKEYS","ARROW"),"ARROWKEY","ARROW"),"ARROWS","ARROW"),"DOWNARROW","DOWN"),"UPARROW","UP"),"LEFTARROW","LEFT"),"RIGHTARROW","RIGHT"),"ARROWDOWN","DOWN"),"ARROWUP","UP"),"ARROWLEFT","LEFT"),"ARROWRIGHT","RIGHT"),"↓","DOWN"),"↑","UP"),"←","LEFT"),"→","RIGHT"),"SPACEBAR","SPACE"),"−","-"),"MINUS","-"),"PLUS","+")=Key!$E$18:$H$18),"✔ CLEAR","✘ TRY AGAIN"))),"✘ TRY AGAIN")} | G21: {=IF(F21="","",IF(LEFT(F21,1)="✔",MIN(IF(H21="",1,H21)+1,5),1))} | J21: {=IF(OR(H21="",I21=""),"",IFERROR(I21+CHOOSE(H21,1,3,7,14,30),""))} | K21: {=IF(H21="","NEW",IF(J21="","DUE",IF(J21<=TODAY(),"DUE","in "&(J21-TODAY())&IF(J21-TODAY()=1," day"," days"))))} -> NEW
A22: 18 | B22: F1 | C22: F1-1 Power Up | D22: Which operator raises a number to a power? | F22: {=IFERROR(_xlfn.LET(_xlpm.a,Deck!$E$22,IF(TRIM(_xlpm.a&"")="","",IF(OR(SUBSTITUTE(SUBSTITUTE(SUBSTITUTE(SUBSTITUTE(SUBSTITUTE(SUBSTITUTE(SUBSTITUTE(SUBSTITUTE(SUBSTITUTE(SUBSTITUTE(SUBSTITUTE(SUBSTITUTE(SUBSTITUTE(SUBSTITUTE(SUBSTITUTE(SUBSTITUTE(SUBSTITUTE(SUBSTITUTE(SUBSTITUTE(SUBSTITUTE(SUBSTITUTE(SUBSTITUTE(SUBSTITUTE(SUBSTITUTE(SUBSTITUTE(SUBSTITUTE(SUBSTITUTE(UPPER(_xlpm.a)," ",""),"CONTROL","CTRL"),"CTL","CTRL"),"ESCAPE","ESC"),"RETURN","ENTER"),"PAGEDOWN","PGDN"),"PGDOWN","PGDN"),"PAGEUP","PGUP"),"ARROWKEYS","ARROW"),"ARROWKEY","ARROW"),"ARROWS","ARROW"),"DOWNARROW","DOWN"),"UPARROW","UP"),"LEFTARROW","LEFT"),"RIGHTARROW","RIGHT"),"ARROWDOWN","DOWN"),"ARROWUP","UP"),"ARROWLEFT","LEFT"),"ARROWRIGHT","RIGHT"),"↓","DOWN"),"↑","UP"),"←","LEFT"),"→","RIGHT"),"SPACEBAR","SPACE"),"−","-"),"MINUS","-"),"PLUS","+")=Key!$E$19:$F$19),"✔ CLEAR","✘ TRY AGAIN"))),"✘ TRY AGAIN")} | G22: {=IF(F22="","",IF(LEFT(F22,1)="✔",MIN(IF(H22="",1,H22)+1,5),1))} | J22: {=IF(OR(H22="",I22=""),"",IFERROR(I22+CHOOSE(H22,1,3,7,14,30),""))} | K22: {=IF(H22="","NEW",IF(J22="","DUE",IF(J22<=TODAY(),"DUE","in "&(J22-TODAY())&IF(J22-TODAY()=1," day"," days"))))} -> NEW
A23: 19 | B23: F1 | C23: F1-1 Power Up | D23: What does =2+3*4 return? | F23: {=IFERROR(_xlfn.LET(_xlpm.a,Deck!$E$23,IF(TRIM(_xlpm.a&"")="","",IF(OR(SUBSTITUTE(SUBSTITUTE(SUBSTITUTE(SUBSTITUTE(SUBSTITUTE(SUBSTITUTE(SUBSTITUTE(SUBSTITUTE(SUBSTITUTE(SUBSTITUTE(SUBSTITUTE(SUBSTITUTE(SUBSTITUTE(SUBSTITUTE(SUBSTITUTE(SUBSTITUTE(SUBSTITUTE(SUBSTITUTE(SUBSTITUTE(SUBSTITUTE(SUBSTITUTE(SUBSTITUTE(SUBSTITUTE(SUBSTITUTE(SUBSTITUTE(SUBSTITUTE(SUBSTITUTE(UPPER(_xlpm.a)," ",""),"CONTROL","CTRL"),"CTL","CTRL"),"ESCAPE","ESC"),"RETURN","ENTER"),"PAGEDOWN","PGDN"),"PGDOWN","PGDN"),"PAGEUP","PGUP"),"ARROWKEYS","ARROW"),"ARROWKEY","ARROW"),"ARROWS","ARROW"),"DOWNARROW","DOWN"),"UPARROW","UP"),"LEFTARROW","LEFT"),"RIGHTARROW","RIGHT"),"ARROWDOWN","DOWN"),"ARROWUP","UP"),"ARROWLEFT","LEFT"),"ARROWRIGHT","RIGHT"),"↓","DOWN"),"↑","UP"),"←","LEFT"),"→","RIGHT"),"SPACEBAR","SPACE"),"−","-"),"MINUS","-"),"PLUS","+")=Key!$E$20:$E$20),"✔ CLEAR","✘ TRY AGAIN"))),"✘ TRY AGAIN")} | G23: {=IF(F23="","",IF(LEFT(F23,1)="✔",MIN(IF(H23="",1,H23)+1,5),1))} | J23: {=IF(OR(H23="",I23=""),"",IFERROR(I23+CHOOSE(H23,1,3,7,14,30),""))} | K23: {=IF(H23="","NEW",IF(J23="","DUE",IF(J23<=TODAY(),"DUE","in "&(J23-TODAY())&IF(J23-TODAY()=1," day"," days"))))} -> NEW
A24: 20 | B24: F1 | C24: F1-1 Power Up | D24: Type the formula that multiplies cell B2 by cell C2. | F24: {=IFERROR(_xlfn.LET(_xlpm.a,Deck!$E$24,IF(TRIM(_xlpm.a&"")="","",IF(OR(SUBSTITUTE(SUBSTITUTE(SUBSTITUTE(SUBSTITUTE(SUBSTITUTE(SUBSTITUTE(SUBSTITUTE(SUBSTITUTE(SUBSTITUTE(SUBSTITUTE(SUBSTITUTE(SUBSTITUTE(SUBSTITUTE(SUBSTITUTE(SUBSTITUTE(SUBSTITUTE(SUBSTITUTE(SUBSTITUTE(SUBSTITUTE(SUBSTITUTE(SUBSTITUTE(SUBSTITUTE(SUBSTITUTE(SUBSTITUTE(SUBSTITUTE(SUBSTITUTE(SUBSTITUTE(UPPER(_xlpm.a)," ",""),"CONTROL","CTRL"),"CTL","CTRL"),"ESCAPE","ESC"),"RETURN","ENTER"),"PAGEDOWN","PGDN"),"PGDOWN","PGDN"),"PAGEUP","PGUP"),"ARROWKEYS","ARROW"),"ARROWKEY","ARROW"),"ARROWS","ARROW"),"DOWNARROW","DOWN"),"UPARROW","UP"),"LEFTARROW","LEFT"),"RIGHTARROW","RIGHT"),"ARROWDOWN","DOWN"),"ARROWUP","UP"),"ARROWLEFT","LEFT"),"ARROWRIGHT","RIGHT"),"↓","DOWN"),"↑","UP"),"←","LEFT"),"→","RIGHT"),"SPACEBAR","SPACE"),"−","-"),"MINUS","-"),"PLUS","+")=Key!$E$21:$H$21),"✔ CLEAR","✘ TRY AGAIN"))),"✘ TRY AGAIN")} | G24: {=IF(F24="","",IF(LEFT(F24,1)="✔",MIN(IF(H24="",1,H24)+1,5),1))} | J24: {=IF(OR(H24="",I24=""),"",IFERROR(I24+CHOOSE(H24,1,3,7,14,30),""))} | K24: {=IF(H24="","NEW",IF(J24="","DUE",IF(J24<=TODAY(),"DUE","in "&(J24-TODAY())&IF(J24-TODAY()=1," day"," days"))))} -> NEW
A25: 21 | B25: F1 | C25: F1-2 Big Six | D25: Which function adds up a range of numbers? | F25: {=IFERROR(_xlfn.LET(_xlpm.a,Deck!$E$25,IF(TRIM(_xlpm.a&"")="","",IF(OR(SUBSTITUTE(SUBSTITUTE(SUBSTITUTE(SUBSTITUTE(SUBSTITUTE(SUBSTITUTE(SUBSTITUTE(SUBSTITUTE(SUBSTITUTE(SUBSTITUTE(SUBSTITUTE(SUBSTITUTE(SUBSTITUTE(SUBSTITUTE(SUBSTITUTE(SUBSTITUTE(SUBSTITUTE(SUBSTITUTE(SUBSTITUTE(SUBSTITUTE(SUBSTITUTE(SUBSTITUTE(SUBSTITUTE(SUBSTITUTE(SUBSTITUTE(SUBSTITUTE(SUBSTITUTE(UPPER(_xlpm.a)," ",""),"CONTROL","CTRL"),"CTL","CTRL"),"ESCAPE","ESC"),"RETURN","ENTER"),"PAGEDOWN","PGDN"),"PGDOWN","PGDN"),"PAGEUP","PGUP"),"ARROWKEYS","ARROW"),"ARROWKEY","ARROW"),"ARROWS","ARROW"),"DOWNARROW","DOWN"),"UPARROW","UP"),"LEFTARROW","LEFT"),"RIGHTARROW","RIGHT"),"ARROWDOWN","DOWN"),"ARROWUP","UP"),"ARROWLEFT","LEFT"),"ARROWRIGHT","RIGHT"),"↓","DOWN"),"↑","UP"),"←","LEFT"),"→","RIGHT"),"SPACEBAR","SPACE"),"−","-"),"MINUS","-"),"PLUS","+")=Key!$E$22:$J$22),"✔ CLEAR","✘ TRY AGAIN"))),"✘ TRY AGAIN")} | G25: {=IF(F25="","",IF(LEFT(F25,1)="✔",MIN(IF(H25="",1,H25)+1,5),1))} | J25: {=IF(OR(H25="",I25=""),"",IFERROR(I25+CHOOSE(H25,1,3,7,14,30),""))} | K25: {=IF(H25="","NEW",IF(J25="","DUE",IF(J25<=TODAY(),"DUE","in "&(J25-TODAY())&IF(J25-TODAY()=1," day"," days"))))} -> NEW
A26: 22 | B26: F1 | C26: F1-2 Big Six | D26: Which function returns the mean of a range? | F26: {=IFERROR(_xlfn.LET(_xlpm.a,Deck!$E$26,IF(TRIM(_xlpm.a&"")="","",IF(OR(SUBSTITUTE(SUBSTITUTE(SUBSTITUTE(SUBSTITUTE(SUBSTITUTE(SUBSTITUTE(SUBSTITUTE(SUBSTITUTE(SUBSTITUTE(SUBSTITUTE(SUBSTITUTE(SUBSTITUTE(SUBSTITUTE(SUBSTITUTE(SUBSTITUTE(SUBSTITUTE(SUBSTITUTE(SUBSTITUTE(SUBSTITUTE(SUBSTITUTE(SUBSTITUTE(SUBSTITUTE(SUBSTITUTE(SUBSTITUTE(SUBSTITUTE(SUBSTITUTE(SUBSTITUTE(UPPER(_xlpm.a)," ",""),"CONTROL","CTRL"),"CTL","CTRL"),"ESCAPE","ESC"),"RETURN","ENTER"),"PAGEDOWN","PGDN"),"PGDOWN","PGDN"),"PAGEUP","PGUP"),"ARROWKEYS","ARROW"),"ARROWKEY","ARROW"),"ARROWS","ARROW"),"DOWNARROW","DOWN"),"UPARROW","UP"),"LEFTARROW","LEFT"),"RIGHTARROW","RIGHT"),"ARROWDOWN","DOWN"),"ARROWUP","UP"),"ARROWLEFT","LEFT"),"ARROWRIGHT","RIGHT"),"↓","DOWN"),"↑","UP"),"←","LEFT"),"→","RIGHT"),"SPACEBAR","SPACE"),"−","-"),"MINUS","-"),"PLUS","+")=Key!$E$23:$J$23),"✔ CLEAR","✘ TRY AGAIN"))),"✘ TRY AGAIN")} | G26: {=IF(F26="","",IF(LEFT(F26,1)="✔",MIN(IF(H26="",1,H26)+1,5),1))} | J26: {=IF(OR(H26="",I26=""),"",IFERROR(I26+CHOOSE(H26,1,3,7,14,30),""))} | K26: {=IF(H26="","NEW",IF(J26="","DUE",IF(J26<=TODAY(),"DUE","in "&(J26-TODAY())&IF(J26-TODAY()=1," day"," days"))))} -> NEW
A27: 23 | B27: F1 | C27: F1-2 Big Six | D27: Which function returns the largest number in a range? | F27: {=IFERROR(_xlfn.LET(_xlpm.a,Deck!$E$27,IF(TRIM(_xlpm.a&"")="","",IF(OR(SUBSTITUTE(SUBSTITUTE(SUBSTITUTE(SUBSTITUTE(SUBSTITUTE(SUBSTITUTE(SUBSTITUTE(SUBSTITUTE(SUBSTITUTE(SUBSTITUTE(SUBSTITUTE(SUBSTITUTE(SUBSTITUTE(SUBSTITUTE(SUBSTITUTE(SUBSTITUTE(SUBSTITUTE(SUBSTITUTE(SUBSTITUTE(SUBSTITUTE(SUBSTITUTE(SUBSTITUTE(SUBSTITUTE(SUBSTITUTE(SUBSTITUTE(SUBSTITUTE(SUBSTITUTE(UPPER(_xlpm.a)," ",""),"CONTROL","CTRL"),"CTL","CTRL"),"ESCAPE","ESC"),"RETURN","ENTER"),"PAGEDOWN","PGDN"),"PGDOWN","PGDN"),"PAGEUP","PGUP"),"ARROWKEYS","ARROW"),"ARROWKEY","ARROW"),"ARROWS","ARROW"),"DOWNARROW","DOWN"),"UPARROW","UP"),"LEFTARROW","LEFT"),"RIGHTARROW","RIGHT"),"ARROWDOWN","DOWN"),"ARROWUP","UP"),"ARROWLEFT","LEFT"),"ARROWRIGHT","RIGHT"),"↓","DOWN"),"↑","UP"),"←","LEFT"),"→","RIGHT"),"SPACEBAR","SPACE"),"−","-"),"MINUS","-"),"PLUS","+")=Key!$E$24:$J$24),"✔ CLEAR","✘ TRY AGAIN"))),"✘ TRY AGAIN")} | G27: {=IF(F27="","",IF(LEFT(F27,1)="✔",MIN(IF(H27="",1,H27)+1,5),1))} | J27: {=IF(OR(H27="",I27=""),"",IFERROR(I27+CHOOSE(H27,1,3,7,14,30),""))} | K27: {=IF(H27="","NEW",IF(J27="","DUE",IF(J27<=TODAY(),"DUE","in "&(J27-TODAY())&IF(J27-TODAY()=1," day"," days"))))} -> NEW
A28: 24 | B28: F1 | C28: F1-2 Big Six | D28: Which function returns the smallest number in a range? | F28: {=IFERROR(_xlfn.LET(_xlpm.a,Deck!$E$28,IF(TRIM(_xlpm.a&"")="","",IF(OR(SUBSTITUTE(SUBSTITUTE(SUBSTITUTE(SUBSTITUTE(SUBSTITUTE(SUBSTITUTE(SUBSTITUTE(SUBSTITUTE(SUBSTITUTE(SUBSTITUTE(SUBSTITUTE(SUBSTITUTE(SUBSTITUTE(SUBSTITUTE(SUBSTITUTE(SUBSTITUTE(SUBSTITUTE(SUBSTITUTE(SUBSTITUTE(SUBSTITUTE(SUBSTITUTE(SUBSTITUTE(SUBSTITUTE(SUBSTITUTE(SUBSTITUTE(SUBSTITUTE(SUBSTITUTE(UPPER(_xlpm.a)," ",""),"CONTROL","CTRL"),"CTL","CTRL"),"ESCAPE","ESC"),"RETURN","ENTER"),"PAGEDOWN","PGDN"),"PGDOWN","PGDN"),"PAGEUP","PGUP"),"ARROWKEYS","ARROW"),"ARROWKEY","ARROW"),"ARROWS","ARROW"),"DOWNARROW","DOWN"),"UPARROW","UP"),"LEFTARROW","LEFT"),"RIGHTARROW","RIGHT"),"ARROWDOWN","DOWN"),"ARROWUP","UP"),"ARROWLEFT","LEFT"),"ARROWRIGHT","RIGHT"),"↓","DOWN"),"↑","UP"),"←","LEFT"),"→","RIGHT"),"SPACEBAR","SPACE"),"−","-"),"MINUS","-"),"PLUS","+")=Key!$E$25:$J$25),"✔ CLEAR","✘ TRY AGAIN"))),"✘ TRY AGAIN")} | G28: {=IF(F28="","",IF(LEFT(F28,1)="✔",MIN(IF(H28="",1,H28)+1,5),1))} | J28: {=IF(OR(H28="",I28=""),"",IFERROR(I28+CHOOSE(H28,1,3,7,14,30),""))} | K28: {=IF(H28="","NEW",IF(J28="","DUE",IF(J28<=TODAY(),"DUE","in "&(J28-TODAY())&IF(J28-TODAY()=1," day"," days"))))} -> NEW
A29: 25 | B29: F1 | C29: F1-2 Big Six | D29: Which function counts only the cells that hold numbers? | F29: {=IFERROR(_xlfn.LET(_xlpm.a,Deck!$E$29,IF(TRIM(_xlpm.a&"")="","",IF(OR(SUBSTITUTE(SUBSTITUTE(SUBSTITUTE(SUBSTITUTE(SUBSTITUTE(SUBSTITUTE(SUBSTITUTE(SUBSTITUTE(SUBSTITUTE(SUBSTITUTE(SUBSTITUTE(SUBSTITUTE(SUBSTITUTE(SUBSTITUTE(SUBSTITUTE(SUBSTITUTE(SUBSTITUTE(SUBSTITUTE(SUBSTITUTE(SUBSTITUTE(SUBSTITUTE(SUBSTITUTE(SUBSTITUTE(SUBSTITUTE(SUBSTITUTE(SUBSTITUTE(SUBSTITUTE(UPPER(_xlpm.a)," ",""),"CONTROL","CTRL"),"CTL","CTRL"),"ESCAPE","ESC"),"RETURN","ENTER"),"PAGEDOWN","PGDN"),"PGDOWN","PGDN"),"PAGEUP","PGUP"),"ARROWKEYS","ARROW"),"ARROWKEY","ARROW"),"ARROWS","ARROW"),"DOWNARROW","DOWN"),"UPARROW","UP"),"LEFTARROW","LEFT"),"RIGHTARROW","RIGHT"),"ARROWDOWN","DOWN"),"ARROWUP","UP"),"ARROWLEFT","LEFT"),"ARROWRIGHT","RIGHT"),"↓","DOWN"),"↑","UP"),"←","LEFT"),"→","RIGHT"),"SPACEBAR","SPACE"),"−","-"),"MINUS","-"),"PLUS","+")=Key!$E$26:$J$26),"✔ CLEAR","✘ TRY AGAIN"))),"✘ TRY AGAIN")} | G29: {=IF(F29="","",IF(LEFT(F29,1)="✔",MIN(IF(H29="",1,H29)+1,5),1))} | J29: {=IF(OR(H29="",I29=""),"",IFERROR(I29+CHOOSE(H29,1,3,7,14,30),""))} | K29: {=IF(H29="","NEW",IF(J29="","DUE",IF(J29<=TODAY(),"DUE","in "&(J29-TODAY())&IF(J29-TODAY()=1," day"," days"))))} -> NEW
A30: 26 | B30: F1 | C30: F1-2 Big Six | D30: Which function counts every non-empty cell? | F30: {=IFERROR(_xlfn.LET(_xlpm.a,Deck!$E$30,IF(TRIM(_xlpm.a&"")="","",IF(OR(SUBSTITUTE(SUBSTITUTE(SUBSTITUTE(SUBSTITUTE(SUBSTITUTE(SUBSTITUTE(SUBSTITUTE(SUBSTITUTE(SUBSTITUTE(SUBSTITUTE(SUBSTITUTE(SUBSTITUTE(SUBSTITUTE(SUBSTITUTE(SUBSTITUTE(SUBSTITUTE(SUBSTITUTE(SUBSTITUTE(SUBSTITUTE(SUBSTITUTE(SUBSTITUTE(SUBSTITUTE(SUBSTITUTE(SUBSTITUTE(SUBSTITUTE(SUBSTITUTE(SUBSTITUTE(UPPER(_xlpm.a)," ",""),"CONTROL","CTRL"),"CTL","CTRL"),"ESCAPE","ESC"),"RETURN","ENTER"),"PAGEDOWN","PGDN"),"PGDOWN","PGDN"),"PAGEUP","PGUP"),"ARROWKEYS","ARROW"),"ARROWKEY","ARROW"),"ARROWS","ARROW"),"DOWNARROW","DOWN"),"UPARROW","UP"),"LEFTARROW","LEFT"),"RIGHTARROW","RIGHT"),"ARROWDOWN","DOWN"),"ARROWUP","UP"),"ARROWLEFT","LEFT"),"ARROWRIGHT","RIGHT"),"↓","DOWN"),"↑","UP"),"←","LEFT"),"→","RIGHT"),"SPACEBAR","SPACE"),"−","-"),"MINUS","-"),"PLUS","+")=Key!$E$27:$J$27),"✔ CLEAR","✘ TRY AGAIN"))),"✘ TRY AGAIN")} | G30: {=IF(F30="","",IF(LEFT(F30,1)="✔",MIN(IF(H30="",1,H30)+1,5),1))} | J30: {=IF(OR(H30="",I30=""),"",IFERROR(I30+CHOOSE(H30,1,3,7,14,30),""))} | K30: {=IF(H30="","NEW",IF(J30="","DUE",IF(J30<=TODAY(),"DUE","in "&(J30-TODAY())&IF(J30-TODAY()=1," day"," days"))))} -> NEW
A31: 27 | B31: F1 | C31: F1-2 Big Six | D31: Which keys insert an AutoSum formula? | F31: {=IFERROR(_xlfn.LET(_xlpm.a,Deck!$E$31,IF(TRIM(_xlpm.a&"")="","",IF(OR(SUBSTITUTE(SUBSTITUTE(SUBSTITUTE(SUBSTITUTE(SUBSTITUTE(SUBSTITUTE(SUBSTITUTE(SUBSTITUTE(SUBSTITUTE(SUBSTITUTE(SUBSTITUTE(SUBSTITUTE(SUBSTITUTE(SUBSTITUTE(SUBSTITUTE(SUBSTITUTE(SUBSTITUTE(SUBSTITUTE(SUBSTITUTE(SUBSTITUTE(SUBSTITUTE(SUBSTITUTE(SUBSTITUTE(SUBSTITUTE(SUBSTITUTE(SUBSTITUTE(SUBSTITUTE(UPPER(_xlpm.a)," ",""),"CONTROL","CTRL"),"CTL","CTRL"),"ESCAPE","ESC"),"RETURN","ENTER"),"PAGEDOWN","PGDN"),"PGDOWN","PGDN"),"PAGEUP","PGUP"),"ARROWKEYS","ARROW"),"ARROWKEY","ARROW"),"ARROWS","ARROW"),"DOWNARROW","DOWN"),"UPARROW","UP"),"LEFTARROW","LEFT"),"RIGHTARROW","RIGHT"),"ARROWDOWN","DOWN"),"ARROWUP","UP"),"ARROWLEFT","LEFT"),"ARROWRIGHT","RIGHT"),"↓","DOWN"),"↑","UP"),"←","LEFT"),"→","RIGHT"),"SPACEBAR","SPACE"),"−","-"),"MINUS","-"),"PLUS","+")=Key!$E$28:$E$28),"✔ CLEAR","✘ TRY AGAIN"))),"✘ TRY AGAIN")} | G31: {=IF(F31="","",IF(LEFT(F31,1)="✔",MIN(IF(H31="",1,H31)+1,5),1))} | J31: {=IF(OR(H31="",I31=""),"",IFERROR(I31+CHOOSE(H31,1,3,7,14,30),""))} | K31: {=IF(H31="","NEW",IF(J31="","DUE",IF(J31<=TODAY(),"DUE","in "&(J31-TODAY())&IF(J31-TODAY()=1," day"," days"))))} -> NEW
A32: 28 | B32: F1 | C32: F1-3 Anchors | D32: Type the absolute version of the reference E6. | F32: {=IFERROR(_xlfn.LET(_xlpm.a,Deck!$E$32,IF(TRIM(_xlpm.a&"")="","",IF(OR(SUBSTITUTE(SUBSTITUTE(SUBSTITUTE(SUBSTITUTE(SUBSTITUTE(SUBSTITUTE(SUBSTITUTE(SUBSTITUTE(SUBSTITUTE(SUBSTITUTE(SUBSTITUTE(SUBSTITUTE(SUBSTITUTE(SUBSTITUTE(SUBSTITUTE(SUBSTITUTE(SUBSTITUTE(SUBSTITUTE(SUBSTITUTE(SUBSTITUTE(SUBSTITUTE(SUBSTITUTE(SUBSTITUTE(SUBSTITUTE(SUBSTITUTE(SUBSTITUTE(SUBSTITUTE(UPPER(_xlpm.a)," ",""),"CONTROL","CTRL"),"CTL","CTRL"),"ESCAPE","ESC"),"RETURN","ENTER"),"PAGEDOWN","PGDN"),"PGDOWN","PGDN"),"PAGEUP","PGUP"),"ARROWKEYS","ARROW"),"ARROWKEY","ARROW"),"ARROWS","ARROW"),"DOWNARROW","DOWN"),"UPARROW","UP"),"LEFTARROW","LEFT"),"RIGHTARROW","RIGHT"),"ARROWDOWN","DOWN"),"ARROWUP","UP"),"ARROWLEFT","LEFT"),"ARROWRIGHT","RIGHT"),"↓","DOWN"),"↑","UP"),"←","LEFT"),"→","RIGHT"),"SPACEBAR","SPACE"),"−","-"),"MINUS","-"),"PLUS","+")=Key!$E$29:$E$29),"✔ CLEAR","✘ TRY AGAIN"))),"✘ TRY AGAIN")} | G32: {=IF(F32="","",IF(LEFT(F32,1)="✔",MIN(IF(H32="",1,H32)+1,5),1))} | J32: {=IF(OR(H32="",I32=""),"",IFERROR(I32+CHOOSE(H32,1,3,7,14,30),""))} | K32: {=IF(H32="","NEW",IF(J32="","DUE",IF(J32<=TODAY(),"DUE","in "&(J32-TODAY())&IF(J32-TODAY()=1," day"," days"))))} -> NEW
A33: 29 | B33: F1 | C33: F1-3 Anchors | D33: Type a reference to C16 that locks only the row. | F33: {=IFERROR(_xlfn.LET(_xlpm.a,Deck!$E$33,IF(TRIM(_xlpm.a&"")="","",IF(OR(SUBSTITUTE(SUBSTITUTE(SUBSTITUTE(SUBSTITUTE(SUBSTITUTE(SUBSTITUTE(SUBSTITUTE(SUBSTITUTE(SUBSTITUTE(SUBSTITUTE(SUBSTITUTE(SUBSTITUTE(SUBSTITUTE(SUBSTITUTE(SUBSTITUTE(SUBSTITUTE(SUBSTITUTE(SUBSTITUTE(SUBSTITUTE(SUBSTITUTE(SUBSTITUTE(SUBSTITUTE(SUBSTITUTE(SUBSTITUTE(SUBSTITUTE(SUBSTITUTE(SUBSTITUTE(UPPER(_xlpm.a)," ",""),"CONTROL","CTRL"),"CTL","CTRL"),"ESCAPE","ESC"),"RETURN","ENTER"),"PAGEDOWN","PGDN"),"PGDOWN","PGDN"),"PAGEUP","PGUP"),"ARROWKEYS","ARROW"),"ARROWKEY","ARROW"),"ARROWS","ARROW"),"DOWNARROW","DOWN"),"UPARROW","UP"),"LEFTARROW","LEFT"),"RIGHTARROW","RIGHT"),"ARROWDOWN","DOWN"),"ARROWUP","UP"),"ARROWLEFT","LEFT"),"ARROWRIGHT","RIGHT"),"↓","DOWN"),"↑","UP"),"←","LEFT"),"→","RIGHT"),"SPACEBAR","SPACE"),"−","-"),"MINUS","-"),"PLUS","+")=Key!$E$30:$E$30),"✔ CLEAR","✘ TRY AGAIN"))),"✘ TRY AGAIN")} | G33: {=IF(F33="","",IF(LEFT(F33,1)="✔",MIN(IF(H33="",1,H33)+1,5),1))} | J33: {=IF(OR(H33="",I33=""),"",IFERROR(I33+CHOOSE(H33,1,3,7,14,30),""))} | K33: {=IF(H33="","NEW",IF(J33="","DUE",IF(J33<=TODAY(),"DUE","in "&(J33-TODAY())&IF(J33-TODAY()=1," day"," days"))))} -> NEW
A34: 30 | B34: F1 | C34: F1-3 Anchors | D34: Which key adds or cycles the $ signs on a reference you are editing? | F34: {=IFERROR(_xlfn.LET(_xlpm.a,Deck!$E$34,IF(TRIM(_xlpm.a&"")="","",IF(OR(SUBSTITUTE(SUBSTITUTE(SUBSTITUTE(SUBSTITUTE(SUBSTITUTE(SUBSTITUTE(SUBSTITUTE(SUBSTITUTE(SUBSTITUTE(SUBSTITUTE(SUBSTITUTE(SUBSTITUTE(SUBSTITUTE(SUBSTITUTE(SUBSTITUTE(SUBSTITUTE(SUBSTITUTE(SUBSTITUTE(SUBSTITUTE(SUBSTITUTE(SUBSTITUTE(SUBSTITUTE(SUBSTITUTE(SUBSTITUTE(SUBSTITUTE(SUBSTITUTE(SUBSTITUTE(UPPER(_xlpm.a)," ",""),"CONTROL","CTRL"),"CTL","CTRL"),"ESCAPE","ESC"),"RETURN","ENTER"),"PAGEDOWN","PGDN"),"PGDOWN","PGDN"),"PAGEUP","PGUP"),"ARROWKEYS","ARROW"),"ARROWKEY","ARROW"),"ARROWS","ARROW"),"DOWNARROW","DOWN"),"UPARROW","UP"),"LEFTARROW","LEFT"),"RIGHTARROW","RIGHT"),"ARROWDOWN","DOWN"),"ARROWUP","UP"),"ARROWLEFT","LEFT"),"ARROWRIGHT","RIGHT"),"↓","DOWN"),"↑","UP"),"←","LEFT"),"→","RIGHT"),"SPACEBAR","SPACE"),"−","-"),"MINUS","-"),"PLUS","+")=Key!$E$31:$E$31),"✔ CLEAR","✘ TRY AGAIN"))),"✘ TRY AGAIN")} | G34: {=IF(F34="","",IF(LEFT(F34,1)="✔",MIN(IF(H34="",1,H34)+1,5),1))} | J34: {=IF(OR(H34="",I34=""),"",IFERROR(I34+CHOOSE(H34,1,3,7,14,30),""))} | K34: {=IF(H34="","NEW",IF(J34="","DUE",IF(J34<=TODAY(),"DUE","in "&(J34-TODAY())&IF(J34-TODAY()=1," day"," days"))))} -> NEW
A35: 31 | B35: F1 | C35: F1-3 Anchors | D35: Which keys copy the top cell down into the selected cells? | F35: {=IFERROR(_xlfn.LET(_xlpm.a,Deck!$E$35,IF(TRIM(_xlpm.a&"")="","",IF(OR(SUBSTITUTE(SUBSTITUTE(SUBSTITUTE(SUBSTITUTE(SUBSTITUTE(SUBSTITUTE(SUBSTITUTE(SUBSTITUTE(SUBSTITUTE(SUBSTITUTE(SUBSTITUTE(SUBSTITUTE(SUBSTITUTE(SUBSTITUTE(SUBSTITUTE(SUBSTITUTE(SUBSTITUTE(SUBSTITUTE(SUBSTITUTE(SUBSTITUTE(SUBSTITUTE(SUBSTITUTE(SUBSTITUTE(SUBSTITUTE(SUBSTITUTE(SUBSTITUTE(SUBSTITUTE(UPPER(_xlpm.a)," ",""),"CONTROL","CTRL"),"CTL","CTRL"),"ESCAPE","ESC"),"RETURN","ENTER"),"PAGEDOWN","PGDN"),"PGDOWN","PGDN"),"PAGEUP","PGUP"),"ARROWKEYS","ARROW"),"ARROWKEY","ARROW"),"ARROWS","ARROW"),"DOWNARROW","DOWN"),"UPARROW","UP"),"LEFTARROW","LEFT"),"RIGHTARROW","RIGHT"),"ARROWDOWN","DOWN"),"ARROWUP","UP"),"ARROWLEFT","LEFT"),"ARROWRIGHT","RIGHT"),"↓","DOWN"),"↑","UP"),"←","LEFT"),"→","RIGHT"),"SPACEBAR","SPACE"),"−","-"),"MINUS","-"),"PLUS","+")=Key!$E$32:$E$32),"✔ CLEAR","✘ TRY AGAIN"))),"✘ TRY AGAIN")} | G35: {=IF(F35="","",IF(LEFT(F35,1)="✔",MIN(IF(H35="",1,H35)+1,5),1))} | J35: {=IF(OR(H35="",I35=""),"",IFERROR(I35+CHOOSE(H35,1,3,7,14,30),""))} | K35: {=IF(H35="","NEW",IF(J35="","DUE",IF(J35<=TODAY(),"DUE","in "&(J35-TODAY())&IF(J35-TODAY()=1," day"," days"))))} -> NEW
A36: 32 | B36: F1 | C36: F1-4 Precision | D36: Which function rounds a number to a chosen number of digits? | F36: {=IFERROR(_xlfn.LET(_xlpm.a,Deck!$E$36,IF(TRIM(_xlpm.a&"")="","",IF(OR(SUBSTITUTE(SUBSTITUTE(SUBSTITUTE(SUBSTITUTE(SUBSTITUTE(SUBSTITUTE(SUBSTITUTE(SUBSTITUTE(SUBSTITUTE(SUBSTITUTE(SUBSTITUTE(SUBSTITUTE(SUBSTITUTE(SUBSTITUTE(SUBSTITUTE(SUBSTITUTE(SUBSTITUTE(SUBSTITUTE(SUBSTITUTE(SUBSTITUTE(SUBSTITUTE(SUBSTITUTE(SUBSTITUTE(SUBSTITUTE(SUBSTITUTE(SUBSTITUTE(SUBSTITUTE(UPPER(_xlpm.a)," ",""),"CONTROL","CTRL"),"CTL","CTRL"),"ESCAPE","ESC"),"RETURN","ENTER"),"PAGEDOWN","PGDN"),"PGDOWN","PGDN"),"PAGEUP","PGUP"),"ARROWKEYS","ARROW"),"ARROWKEY","ARROW"),"ARROWS","ARROW"),"DOWNARROW","DOWN"),"UPARROW","UP"),"LEFTARROW","LEFT"),"RIGHTARROW","RIGHT"),"ARROWDOWN","DOWN"),"ARROWUP","UP"),"ARROWLEFT","LEFT"),"ARROWRIGHT","RIGHT"),"↓","DOWN"),"↑","UP"),"←","LEFT"),"→","RIGHT"),"SPACEBAR","SPACE"),"−","-"),"MINUS","-"),"PLUS","+")=Key!$E$33:$J$33),"✔ CLEAR","✘ TRY AGAIN"))),"✘ TRY AGAIN")} | G36: {=IF(F36="","",IF(LEFT(F36,1)="✔",MIN(IF(H36="",1,H36)+1,5),1))} | J36: {=IF(OR(H36="",I36=""),"",IFERROR(I36+CHOOSE(H36,1,3,7,14,30),""))} | K36: {=IF(H36="","NEW",IF(J36="","DUE",IF(J36<=TODAY(),"DUE","in "&(J36-TODAY())&IF(J36-TODAY()=1," day"," days"))))} -> NEW
A37: 33 | B37: F1 | C37: F1-4 Precision | D37: Which function always rounds up, away from zero? | F37: {=IFERROR(_xlfn.LET(_xlpm.a,Deck!$E$37,IF(TRIM(_xlpm.a&"")="","",IF(OR(SUBSTITUTE(SUBSTITUTE(SUBSTITUTE(SUBSTITUTE(SUBSTITUTE(SUBSTITUTE(SUBSTITUTE(SUBSTITUTE(SUBSTITUTE(SUBSTITUTE(SUBSTITUTE(SUBSTITUTE(SUBSTITUTE(SUBSTITUTE(SUBSTITUTE(SUBSTITUTE(SUBSTITUTE(SUBSTITUTE(SUBSTITUTE(SUBSTITUTE(SUBSTITUTE(SUBSTITUTE(SUBSTITUTE(SUBSTITUTE(SUBSTITUTE(SUBSTITUTE(SUBSTITUTE(UPPER(_xlpm.a)," ",""),"CONTROL","CTRL"),"CTL","CTRL"),"ESCAPE","ESC"),"RETURN","ENTER"),"PAGEDOWN","PGDN"),"PGDOWN","PGDN"),"PAGEUP","PGUP"),"ARROWKEYS","ARROW"),"ARROWKEY","ARROW"),"ARROWS","ARROW"),"DOWNARROW","DOWN"),"UPARROW","UP"),"LEFTARROW","LEFT"),"RIGHTARROW","RIGHT"),"ARROWDOWN","DOWN"),"ARROWUP","UP"),"ARROWLEFT","LEFT"),"ARROWRIGHT","RIGHT"),"↓","DOWN"),"↑","UP"),"←","LEFT"),"→","RIGHT"),"SPACEBAR","SPACE"),"−","-"),"MINUS","-"),"PLUS","+")=Key!$E$34:$J$34),"✔ CLEAR","✘ TRY AGAIN"))),"✘ TRY AGAIN")} | G37: {=IF(F37="","",IF(LEFT(F37,1)="✔",MIN(IF(H37="",1,H37)+1,5),1))} | J37: {=IF(OR(H37="",I37=""),"",IFERROR(I37+CHOOSE(H37,1,3,7,14,30),""))} | K37: {=IF(H37="","NEW",IF(J37="","DUE",IF(J37<=TODAY(),"DUE","in "&(J37-TODAY())&IF(J37-TODAY()=1," day"," days"))))} -> NEW
A38: 34 | B38: F1 | C38: F1-4 Precision | D38: Which function always rounds down, toward zero? | F38: {=IFERROR(_xlfn.LET(_xlpm.a,Deck!$E$38,IF(TRIM(_xlpm.a&"")="","",IF(OR(SUBSTITUTE(SUBSTITUTE(SUBSTITUTE(SUBSTITUTE(SUBSTITUTE(SUBSTITUTE(SUBSTITUTE(SUBSTITUTE(SUBSTITUTE(SUBSTITUTE(SUBSTITUTE(SUBSTITUTE(SUBSTITUTE(SUBSTITUTE(SUBSTITUTE(SUBSTITUTE(SUBSTITUTE(SUBSTITUTE(SUBSTITUTE(SUBSTITUTE(SUBSTITUTE(SUBSTITUTE(SUBSTITUTE(SUBSTITUTE(SUBSTITUTE(SUBSTITUTE(SUBSTITUTE(UPPER(_xlpm.a)," ",""),"CONTROL","CTRL"),"CTL","CTRL"),"ESCAPE","ESC"),"RETURN","ENTER"),"PAGEDOWN","PGDN"),"PGDOWN","PGDN"),"PAGEUP","PGUP"),"ARROWKEYS","ARROW"),"ARROWKEY","ARROW"),"ARROWS","ARROW"),"DOWNARROW","DOWN"),"UPARROW","UP"),"LEFTARROW","LEFT"),"RIGHTARROW","RIGHT"),"ARROWDOWN","DOWN"),"ARROWUP","UP"),"ARROWLEFT","LEFT"),"ARROWRIGHT","RIGHT"),"↓","DOWN"),"↑","UP"),"←","LEFT"),"→","RIGHT"),"SPACEBAR","SPACE"),"−","-"),"MINUS","-"),"PLUS","+")=Key!$E$35:$J$35),"✔ CLEAR","✘ TRY AGAIN"))),"✘ TRY AGAIN")} | G38: {=IF(F38="","",IF(LEFT(F38,1)="✔",MIN(IF(H38="",1,H38)+1,5),1))} | J38: {=IF(OR(H38="",I38=""),"",IFERROR(I38+CHOOSE(H38,1,3,7,14,30),""))} | K38: {=IF(H38="","NEW",IF(J38="","DUE",IF(J38<=TODAY(),"DUE","in "&(J38-TODAY())&IF(J38-TODAY()=1," day"," days"))))} -> NEW
A39: 35 | B39: F1 | C39: F1-5 X-Ray | D39: Which keys switch between showing results and showing formulas? | F39: {=IFERROR(_xlfn.LET(_xlpm.a,Deck!$E$39,IF(TRIM(_xlpm.a&"")="","",IF(OR(SUBSTITUTE(SUBSTITUTE(SUBSTITUTE(SUBSTITUTE(SUBSTITUTE(SUBSTITUTE(SUBSTITUTE(SUBSTITUTE(SUBSTITUTE(SUBSTITUTE(SUBSTITUTE(SUBSTITUTE(SUBSTITUTE(SUBSTITUTE(SUBSTITUTE(SUBSTITUTE(SUBSTITUTE(SUBSTITUTE(SUBSTITUTE(SUBSTITUTE(SUBSTITUTE(SUBSTITUTE(SUBSTITUTE(SUBSTITUTE(SUBSTITUTE(SUBSTITUTE(SUBSTITUTE(UPPER(_xlpm.a)," ",""),"CONTROL","CTRL"),"CTL","CTRL"),"ESCAPE","ESC"),"RETURN","ENTER"),"PAGEDOWN","PGDN"),"PGDOWN","PGDN"),"PAGEUP","PGUP"),"ARROWKEYS","ARROW"),"ARROWKEY","ARROW"),"ARROWS","ARROW"),"DOWNARROW","DOWN"),"UPARROW","UP"),"LEFTARROW","LEFT"),"RIGHTARROW","RIGHT"),"ARROWDOWN","DOWN"),"ARROWUP","UP"),"ARROWLEFT","LEFT"),"ARROWRIGHT","RIGHT"),"↓","DOWN"),"↑","UP"),"←","LEFT"),"→","RIGHT"),"SPACEBAR","SPACE"),"−","-"),"MINUS","-"),"PLUS","+")=Key!$E$36:$H$36),"✔ CLEAR","✘ TRY AGAIN"))),"✘ TRY AGAIN")} | G39: {=IF(F39="","",IF(LEFT(F39,1)="✔",MIN(IF(H39="",1,H39)+1,5),1))} | J39: {=IF(OR(H39="",I39=""),"",IFERROR(I39+CHOOSE(H39,1,3,7,14,30),""))} | K39: {=IF(H39="","NEW",IF(J39="","DUE",IF(J39<=TODAY(),"DUE","in "&(J39-TODAY())&IF(J39-TODAY()=1," day"," days"))))} -> NEW
A40: 36 | B40: F1 | C40: F1-5 X-Ray | D40: Which key edits the active cell and color-codes its references? | F40: {=IFERROR(_xlfn.LET(_xlpm.a,Deck!$E$40,IF(TRIM(_xlpm.a&"")="","",IF(OR(SUBSTITUTE(SUBSTITUTE(SUBSTITUTE(SUBSTITUTE(SUBSTITUTE(SUBSTITUTE(SUBSTITUTE(SUBSTITUTE(SUBSTITUTE(SUBSTITUTE(SUBSTITUTE(SUBSTITUTE(SUBSTITUTE(SUBSTITUTE(SUBSTITUTE(SUBSTITUTE(SUBSTITUTE(SUBSTITUTE(SUBSTITUTE(SUBSTITUTE(SUBSTITUTE(SUBSTITUTE(SUBSTITUTE(SUBSTITUTE(SUBSTITUTE(SUBSTITUTE(SUBSTITUTE(UPPER(_xlpm.a)," ",""),"CONTROL","CTRL"),"CTL","CTRL"),"ESCAPE","ESC"),"RETURN","ENTER"),"PAGEDOWN","PGDN"),"PGDOWN","PGDN"),"PAGEUP","PGUP"),"ARROWKEYS","ARROW"),"ARROWKEY","ARROW"),"ARROWS","ARROW"),"DOWNARROW","DOWN"),"UPARROW","UP"),"LEFTARROW","LEFT"),"RIGHTARROW","RIGHT"),"ARROWDOWN","DOWN"),"ARROWUP","UP"),"ARROWLEFT","LEFT"),"ARROWRIGHT","RIGHT"),"↓","DOWN"),"↑","UP"),"←","LEFT"),"→","RIGHT"),"SPACEBAR","SPACE"),"−","-"),"MINUS","-"),"PLUS","+")=Key!$E$37:$E$37),"✔ CLEAR","✘ TRY AGAIN"))),"✘ TRY AGAIN")} | G40: {=IF(F40="","",IF(LEFT(F40,1)="✔",MIN(IF(H40="",1,H40)+1,5),1))} | J40: {=IF(OR(H40="",I40=""),"",IFERROR(I40+CHOOSE(H40,1,3,7,14,30),""))} | K40: {=IF(H40="","NEW",IF(J40="","DUE",IF(J40<=TODAY(),"DUE","in "&(J40-TODAY())&IF(J40-TODAY()=1," day"," days"))))} -> NEW
A41: 37 | B41: F1 | C41: F1-5 X-Ray | D41: While typing a function name, which key inserts the highlighted AutoComplete suggestion? | F41: {=IFERROR(_xlfn.LET(_xlpm.a,Deck!$E$41,IF(TRIM(_xlpm.a&"")="","",IF(OR(SUBSTITUTE(SUBSTITUTE(SUBSTITUTE(SUBSTITUTE(SUBSTITUTE(SUBSTITUTE(SUBSTITUTE(SUBSTITUTE(SUBSTITUTE(SUBSTITUTE(SUBSTITUTE(SUBSTITUTE(SUBSTITUTE(SUBSTITUTE(SUBSTITUTE(SUBSTITUTE(SUBSTITUTE(SUBSTITUTE(SUBSTITUTE(SUBSTITUTE(SUBSTITUTE(SUBSTITUTE(SUBSTITUTE(SUBSTITUTE(SUBSTITUTE(SUBSTITUTE(SUBSTITUTE(UPPER(_xlpm.a)," ",""),"CONTROL","CTRL"),"CTL","CTRL"),"ESCAPE","ESC"),"RETURN","ENTER"),"PAGEDOWN","PGDN"),"PGDOWN","PGDN"),"PAGEUP","PGUP"),"ARROWKEYS","ARROW"),"ARROWKEY","ARROW"),"ARROWS","ARROW"),"DOWNARROW","DOWN"),"UPARROW","UP"),"LEFTARROW","LEFT"),"RIGHTARROW","RIGHT"),"ARROWDOWN","DOWN"),"ARROWUP","UP"),"ARROWLEFT","LEFT"),"ARROWRIGHT","RIGHT"),"↓","DOWN"),"↑","UP"),"←","LEFT"),"→","RIGHT"),"SPACEBAR","SPACE"),"−","-"),"MINUS","-"),"PLUS","+")=Key!$E$38:$E$38),"✔ CLEAR","✘ TRY AGAIN"))),"✘ TRY AGAIN")} | G41: {=IF(F41="","",IF(LEFT(F41,1)="✔",MIN(IF(H41="",1,H41)+1,5),1))} | J41: {=IF(OR(H41="",I41=""),"",IFERROR(I41+CHOOSE(H41,1,3,7,14,30),""))} | K41: {=IF(H41="","NEW",IF(J41="","DUE",IF(J41<=TODAY(),"DUE","in "&(J41-TODAY())&IF(J41-TODAY()=1," day"," days"))))} -> NEW
A42: 38 | B42: F1 | C42: F1-5 X-Ray | D42: Which keys insert a function's argument names after you type its name? | F42: {=IFERROR(_xlfn.LET(_xlpm.a,Deck!$E$42,IF(TRIM(_xlpm.a&"")="","",IF(OR(SUBSTITUTE(SUBSTITUTE(SUBSTITUTE(SUBSTITUTE(SUBSTITUTE(SUBSTITUTE(SUBSTITUTE(SUBSTITUTE(SUBSTITUTE(SUBSTITUTE(SUBSTITUTE(SUBSTITUTE(SUBSTITUTE(SUBSTITUTE(SUBSTITUTE(SUBSTITUTE(SUBSTITUTE(SUBSTITUTE(SUBSTITUTE(SUBSTITUTE(SUBSTITUTE(SUBSTITUTE(SUBSTITUTE(SUBSTITUTE(SUBSTITUTE(SUBSTITUTE(SUBSTITUTE(UPPER(_xlpm.a)," ",""),"CONTROL","CTRL"),"CTL","CTRL"),"ESCAPE","ESC"),"RETURN","ENTER"),"PAGEDOWN","PGDN"),"PGDOWN","PGDN"),"PAGEUP","PGUP"),"ARROWKEYS","ARROW"),"ARROWKEY","ARROW"),"ARROWS","ARROW"),"DOWNARROW","DOWN"),"UPARROW","UP"),"LEFTARROW","LEFT"),"RIGHTARROW","RIGHT"),"ARROWDOWN","DOWN"),"ARROWUP","UP"),"ARROWLEFT","LEFT"),"ARROWRIGHT","RIGHT"),"↓","DOWN"),"↑","UP"),"←","LEFT"),"→","RIGHT"),"SPACEBAR","SPACE"),"−","-"),"MINUS","-"),"PLUS","+")=Key!$E$39:$F$39),"✔ CLEAR","✘ TRY AGAIN"))),"✘ TRY AGAIN")} | G42: {=IF(F42="","",IF(LEFT(F42,1)="✔",MIN(IF(H42="",1,H42)+1,5),1))} | J42: {=IF(OR(H42="",I42=""),"",IFERROR(I42+CHOOSE(H42,1,3,7,14,30),""))} | K42: {=IF(H42="","NEW",IF(J42="","DUE",IF(J42<=TODAY(),"DUE","in "&(J42-TODAY())&IF(J42-TODAY()=1," day"," days"))))} -> NEW
A43: 39 | B43: F1 | C43: F1-5 X-Ray | D43: Which keys open the Insert Function dialog? | F43: {=IFERROR(_xlfn.LET(_xlpm.a,Deck!$E$43,IF(TRIM(_xlpm.a&"")="","",IF(OR(SUBSTITUTE(SUBSTITUTE(SUBSTITUTE(SUBSTITUTE(SUBSTITUTE(SUBSTITUTE(SUBSTITUTE(SUBSTITUTE(SUBSTITUTE(SUBSTITUTE(SUBSTITUTE(SUBSTITUTE(SUBSTITUTE(SUBSTITUTE(SUBSTITUTE(SUBSTITUTE(SUBSTITUTE(SUBSTITUTE(SUBSTITUTE(SUBSTITUTE(SUBSTITUTE(SUBSTITUTE(SUBSTITUTE(SUBSTITUTE(SUBSTITUTE(SUBSTITUTE(SUBSTITUTE(UPPER(_xlpm.a)," ",""),"CONTROL","CTRL"),"CTL","CTRL"),"ESCAPE","ESC"),"RETURN","ENTER"),"PAGEDOWN","PGDN"),"PGDOWN","PGDN"),"PAGEUP","PGUP"),"ARROWKEYS","ARROW"),"ARROWKEY","ARROW"),"ARROWS","ARROW"),"DOWNARROW","DOWN"),"UPARROW","UP"),"LEFTARROW","LEFT"),"RIGHTARROW","RIGHT"),"ARROWDOWN","DOWN"),"ARROWUP","UP"),"ARROWLEFT","LEFT"),"ARROWRIGHT","RIGHT"),"↓","DOWN"),"↑","UP"),"←","LEFT"),"→","RIGHT"),"SPACEBAR","SPACE"),"−","-"),"MINUS","-"),"PLUS","+")=Key!$E$40:$E$40),"✔ CLEAR","✘ TRY AGAIN"))),"✘ TRY AGAIN")} | G43: {=IF(F43="","",IF(LEFT(F43,1)="✔",MIN(IF(H43="",1,H43)+1,5),1))} | J43: {=IF(OR(H43="",I43=""),"",IFERROR(I43+CHOOSE(H43,1,3,7,14,30),""))} | K43: {=IF(H43="","NEW",IF(J43="","DUE",IF(J43<=TODAY(),"DUE","in "&(J43-TODAY())&IF(J43-TODAY()=1," day"," days"))))} -> NEW
A44: 40 | B44: S2 | C44: S2-1 Quick Entry | D44: Which keys confirm an entry and move up one cell? | F44: {=IFERROR(_xlfn.LET(_xlpm.a,Deck!$E$44,IF(TRIM(_xlpm.a&"")="","",IF(OR(SUBSTITUTE(SUBSTITUTE(SUBSTITUTE(SUBSTITUTE(SUBSTITUTE(SUBSTITUTE(SUBSTITUTE(SUBSTITUTE(SUBSTITUTE(SUBSTITUTE(SUBSTITUTE(SUBSTITUTE(SUBSTITUTE(SUBSTITUTE(SUBSTITUTE(SUBSTITUTE(SUBSTITUTE(SUBSTITUTE(SUBSTITUTE(SUBSTITUTE(SUBSTITUTE(SUBSTITUTE(SUBSTITUTE(SUBSTITUTE(SUBSTITUTE(SUBSTITUTE(SUBSTITUTE(UPPER(_xlpm.a)," ",""),"CONTROL","CTRL"),"CTL","CTRL"),"ESCAPE","ESC"),"RETURN","ENTER"),"PAGEDOWN","PGDN"),"PGDOWN","PGDN"),"PAGEUP","PGUP"),"ARROWKEYS","ARROW"),"ARROWKEY","ARROW"),"ARROWS","ARROW"),"DOWNARROW","DOWN"),"UPARROW","UP"),"LEFTARROW","LEFT"),"RIGHTARROW","RIGHT"),"ARROWDOWN","DOWN"),"ARROWUP","UP"),"ARROWLEFT","LEFT"),"ARROWRIGHT","RIGHT"),"↓","DOWN"),"↑","UP"),"←","LEFT"),"→","RIGHT"),"SPACEBAR","SPACE"),"−","-"),"MINUS","-"),"PLUS","+")=Key!$E$41:$E$41),"✔ CLEAR","✘ TRY AGAIN"))),"✘ TRY AGAIN")} | G44: {=IF(F44="","",IF(LEFT(F44,1)="✔",MIN(IF(H44="",1,H44)+1,5),1))} | J44: {=IF(OR(H44="",I44=""),"",IFERROR(I44+CHOOSE(H44,1,3,7,14,30),""))} | K44: {=IF(H44="","NEW",IF(J44="","DUE",IF(J44<=TODAY(),"DUE","in "&(J44-TODAY())&IF(J44-TODAY()=1," day"," days"))))} -> NEW
A45: 41 | B45: S2 | C45: S2-1 Quick Entry | D45: Which key confirms an entry and moves one cell to the right? | F45: {=IFERROR(_xlfn.LET(_xlpm.a,Deck!$E$45,IF(TRIM(_xlpm.a&"")="","",IF(OR(SUBSTITUTE(SUBSTITUTE(SUBSTITUTE(SUBSTITUTE(SUBSTITUTE(SUBSTITUTE(SUBSTITUTE(SUBSTITUTE(SUBSTITUTE(SUBSTITUTE(SUBSTITUTE(SUBSTITUTE(SUBSTITUTE(SUBSTITUTE(SUBSTITUTE(SUBSTITUTE(SUBSTITUTE(SUBSTITUTE(SUBSTITUTE(SUBSTITUTE(SUBSTITUTE(SUBSTITUTE(SUBSTITUTE(SUBSTITUTE(SUBSTITUTE(SUBSTITUTE(SUBSTITUTE(UPPER(_xlpm.a)," ",""),"CONTROL","CTRL"),"CTL","CTRL"),"ESCAPE","ESC"),"RETURN","ENTER"),"PAGEDOWN","PGDN"),"PGDOWN","PGDN"),"PAGEUP","PGUP"),"ARROWKEYS","ARROW"),"ARROWKEY","ARROW"),"ARROWS","ARROW"),"DOWNARROW","DOWN"),"UPARROW","UP"),"LEFTARROW","LEFT"),"RIGHTARROW","RIGHT"),"ARROWDOWN","DOWN"),"ARROWUP","UP"),"ARROWLEFT","LEFT"),"ARROWRIGHT","RIGHT"),"↓","DOWN"),"↑","UP"),"←","LEFT"),"→","RIGHT"),"SPACEBAR","SPACE"),"−","-"),"MINUS","-"),"PLUS","+")=Key!$E$42:$E$42),"✔ CLEAR","✘ TRY AGAIN"))),"✘ TRY AGAIN")} | G45: {=IF(F45="","",IF(LEFT(F45,1)="✔",MIN(IF(H45="",1,H45)+1,5),1))} | J45: {=IF(OR(H45="",I45=""),"",IFERROR(I45+CHOOSE(H45,1,3,7,14,30),""))} | K45: {=IF(H45="","NEW",IF(J45="","DUE",IF(J45<=TODAY(),"DUE","in "&(J45-TODAY())&IF(J45-TODAY()=1," day"," days"))))} -> NEW
A46: 42 | B46: S2 | C46: S2-1 Quick Entry | D46: Which keys fill every selected cell with what you typed? | F46: {=IFERROR(_xlfn.LET(_xlpm.a,Deck!$E$46,IF(TRIM(_xlpm.a&"")="","",IF(OR(SUBSTITUTE(SUBSTITUTE(SUBSTITUTE(SUBSTITUTE(SUBSTITUTE(SUBSTITUTE(SUBSTITUTE(SUBSTITUTE(SUBSTITUTE(SUBSTITUTE(SUBSTITUTE(SUBSTITUTE(SUBSTITUTE(SUBSTITUTE(SUBSTITUTE(SUBSTITUTE(SUBSTITUTE(SUBSTITUTE(SUBSTITUTE(SUBSTITUTE(SUBSTITUTE(SUBSTITUTE(SUBSTITUTE(SUBSTITUTE(SUBSTITUTE(SUBSTITUTE(SUBSTITUTE(UPPER(_xlpm.a)," ",""),"CONTROL","CTRL"),"CTL","CTRL"),"ESCAPE","ESC"),"RETURN","ENTER"),"PAGEDOWN","PGDN"),"PGDOWN","PGDN"),"PAGEUP","PGUP"),"ARROWKEYS","ARROW"),"ARROWKEY","ARROW"),"ARROWS","ARROW"),"DOWNARROW","DOWN"),"UPARROW","UP"),"LEFTARROW","LEFT"),"RIGHTARROW","RIGHT"),"ARROWDOWN","DOWN"),"ARROWUP","UP"),"ARROWLEFT","LEFT"),"ARROWRIGHT","RIGHT"),"↓","DOWN"),"↑","UP"),"←","LEFT"),"→","RIGHT"),"SPACEBAR","SPACE"),"−","-"),"MINUS","-"),"PLUS","+")=Key!$E$43:$E$43),"✔ CLEAR","✘ TRY AGAIN"))),"✘ TRY AGAIN")} | G46: {=IF(F46="","",IF(LEFT(F46,1)="✔",MIN(IF(H46="",1,H46)+1,5),1))} | J46: {=IF(OR(H46="",I46=""),"",IFERROR(I46+CHOOSE(H46,1,3,7,14,30),""))} | K46: {=IF(H46="","NEW",IF(J46="","DUE",IF(J46<=TODAY(),"DUE","in "&(J46-TODAY())&IF(J46-TODAY()=1," day"," days"))))} -> NEW
A47: 43 | B47: S2 | C47: S2-1 Quick Entry | D47: Which keys start a new line inside the same cell? | F47: {=IFERROR(_xlfn.LET(_xlpm.a,Deck!$E$47,IF(TRIM(_xlpm.a&"")="","",IF(OR(SUBSTITUTE(SUBSTITUTE(SUBSTITUTE(SUBSTITUTE(SUBSTITUTE(SUBSTITUTE(SUBSTITUTE(SUBSTITUTE(SUBSTITUTE(SUBSTITUTE(SUBSTITUTE(SUBSTITUTE(SUBSTITUTE(SUBSTITUTE(SUBSTITUTE(SUBSTITUTE(SUBSTITUTE(SUBSTITUTE(SUBSTITUTE(SUBSTITUTE(SUBSTITUTE(SUBSTITUTE(SUBSTITUTE(SUBSTITUTE(SUBSTITUTE(SUBSTITUTE(SUBSTITUTE(UPPER(_xlpm.a)," ",""),"CONTROL","CTRL"),"CTL","CTRL"),"ESCAPE","ESC"),"RETURN","ENTER"),"PAGEDOWN","PGDN"),"PGDOWN","PGDN"),"PAGEUP","PGUP"),"ARROWKEYS","ARROW"),"ARROWKEY","ARROW"),"ARROWS","ARROW"),"DOWNARROW","DOWN"),"UPARROW","UP"),"LEFTARROW","LEFT"),"RIGHTARROW","RIGHT"),"ARROWDOWN","DOWN"),"ARROWUP","UP"),"ARROWLEFT","LEFT"),"ARROWRIGHT","RIGHT"),"↓","DOWN"),"↑","UP"),"←","LEFT"),"→","RIGHT"),"SPACEBAR","SPACE"),"−","-"),"MINUS","-"),"PLUS","+")=Key!$E$44:$E$44),"✔ CLEAR","✘ TRY AGAIN"))),"✘ TRY AGAIN")} | G47: {=IF(F47="","",IF(LEFT(F47,1)="✔",MIN(IF(H47="",1,H47)+1,5),1))} | J47: {=IF(OR(H47="",I47=""),"",IFERROR(I47+CHOOSE(H47,1,3,7,14,30),""))} | K47: {=IF(H47="","NEW",IF(J47="","DUE",IF(J47<=TODAY(),"DUE","in "&(J47-TODAY())&IF(J47-TODAY()=1," day"," days"))))} -> NEW
A48: 44 | B48: S2 | C48: S2-1 Quick Entry | D48: Which key cancels an entry and leaves the cell unchanged? | F48: {=IFERROR(_xlfn.LET(_xlpm.a,Deck!$E$48,IF(TRIM(_xlpm.a&"")="","",IF(OR(SUBSTITUTE(SUBSTITUTE(SUBSTITUTE(SUBSTITUTE(SUBSTITUTE(SUBSTITUTE(SUBSTITUTE(SUBSTITUTE(SUBSTITUTE(SUBSTITUTE(SUBSTITUTE(SUBSTITUTE(SUBSTITUTE(SUBSTITUTE(SUBSTITUTE(SUBSTITUTE(SUBSTITUTE(SUBSTITUTE(SUBSTITUTE(SUBSTITUTE(SUBSTITUTE(SUBSTITUTE(SUBSTITUTE(SUBSTITUTE(SUBSTITUTE(SUBSTITUTE(SUBSTITUTE(UPPER(_xlpm.a)," ",""),"CONTROL","CTRL"),"CTL","CTRL"),"ESCAPE","ESC"),"RETURN","ENTER"),"PAGEDOWN","PGDN"),"PGDOWN","PGDN"),"PAGEUP","PGUP"),"ARROWKEYS","ARROW"),"ARROWKEY","ARROW"),"ARROWS","ARROW"),"DOWNARROW","DOWN"),"UPARROW","UP"),"LEFTARROW","LEFT"),"RIGHTARROW","RIGHT"),"ARROWDOWN","DOWN"),"ARROWUP","UP"),"ARROWLEFT","LEFT"),"ARROWRIGHT","RIGHT"),"↓","DOWN"),"↑","UP"),"←","LEFT"),"→","RIGHT"),"SPACEBAR","SPACE"),"−","-"),"MINUS","-"),"PLUS","+")=Key!$E$45:$E$45),"✔ CLEAR","✘ TRY AGAIN"))),"✘ TRY AGAIN")} | G48: {=IF(F48="","",IF(LEFT(F48,1)="✔",MIN(IF(H48="",1,H48)+1,5),1))} | J48: {=IF(OR(H48="",I48=""),"",IFERROR(I48+CHOOSE(H48,1,3,7,14,30),""))} | K48: {=IF(H48="","NEW",IF(J48="","DUE",IF(J48<=TODAY(),"DUE","in "&(J48-TODAY())&IF(J48-TODAY()=1," day"," days"))))} -> NEW
A49: 45 | B49: S2 | C49: S2-2 Clone Machine | D49: Which keys copy the selection? | F49: {=IFERROR(_xlfn.LET(_xlpm.a,Deck!$E$49,IF(TRIM(_xlpm.a&"")="","",IF(OR(SUBSTITUTE(SUBSTITUTE(SUBSTITUTE(SUBSTITUTE(SUBSTITUTE(SUBSTITUTE(SUBSTITUTE(SUBSTITUTE(SUBSTITUTE(SUBSTITUTE(SUBSTITUTE(SUBSTITUTE(SUBSTITUTE(SUBSTITUTE(SUBSTITUTE(SUBSTITUTE(SUBSTITUTE(SUBSTITUTE(SUBSTITUTE(SUBSTITUTE(SUBSTITUTE(SUBSTITUTE(SUBSTITUTE(SUBSTITUTE(SUBSTITUTE(SUBSTITUTE(SUBSTITUTE(UPPER(_xlpm.a)," ",""),"CONTROL","CTRL"),"CTL","CTRL"),"ESCAPE","ESC"),"RETURN","ENTER"),"PAGEDOWN","PGDN"),"PGDOWN","PGDN"),"PAGEUP","PGUP"),"ARROWKEYS","ARROW"),"ARROWKEY","ARROW"),"ARROWS","ARROW"),"DOWNARROW","DOWN"),"UPARROW","UP"),"LEFTARROW","LEFT"),"RIGHTARROW","RIGHT"),"ARROWDOWN","DOWN"),"ARROWUP","UP"),"ARROWLEFT","LEFT"),"ARROWRIGHT","RIGHT"),"↓","DOWN"),"↑","UP"),"←","LEFT"),"→","RIGHT"),"SPACEBAR","SPACE"),"−","-"),"MINUS","-"),"PLUS","+")=Key!$E$46:$E$46),"✔ CLEAR","✘ TRY AGAIN"))),"✘ TRY AGAIN")} | G49: {=IF(F49="","",IF(LEFT(F49,1)="✔",MIN(IF(H49="",1,H49)+1,5),1))} | J49: {=IF(OR(H49="",I49=""),"",IFERROR(I49+CHOOSE(H49,1,3,7,14,30),""))} | K49: {=IF(H49="","NEW",IF(J49="","DUE",IF(J49<=TODAY(),"DUE","in "&(J49-TODAY())&IF(J49-TODAY()=1," day"," days"))))} -> NEW
A50: 46 | B50: S2 | C50: S2-2 Clone Machine | D50: Which keys cut the selection? | F50: {=IFERROR(_xlfn.LET(_xlpm.a,Deck!$E$50,IF(TRIM(_xlpm.a&"")="","",IF(OR(SUBSTITUTE(SUBSTITUTE(SUBSTITUTE(SUBSTITUTE(SUBSTITUTE(SUBSTITUTE(SUBSTITUTE(SUBSTITUTE(SUBSTITUTE(SUBSTITUTE(SUBSTITUTE(SUBSTITUTE(SUBSTITUTE(SUBSTITUTE(SUBSTITUTE(SUBSTITUTE(SUBSTITUTE(SUBSTITUTE(SUBSTITUTE(SUBSTITUTE(SUBSTITUTE(SUBSTITUTE(SUBSTITUTE(SUBSTITUTE(SUBSTITUTE(SUBSTITUTE(SUBSTITUTE(UPPER(_xlpm.a)," ",""),"CONTROL","CTRL"),"CTL","CTRL"),"ESCAPE","ESC"),"RETURN","ENTER"),"PAGEDOWN","PGDN"),"PGDOWN","PGDN"),"PAGEUP","PGUP"),"ARROWKEYS","ARROW"),"ARROWKEY","ARROW"),"ARROWS","ARROW"),"DOWNARROW","DOWN"),"UPARROW","UP"),"LEFTARROW","LEFT"),"RIGHTARROW","RIGHT"),"ARROWDOWN","DOWN"),"ARROWUP","UP"),"ARROWLEFT","LEFT"),"ARROWRIGHT","RIGHT"),"↓","DOWN"),"↑","UP"),"←","LEFT"),"→","RIGHT"),"SPACEBAR","SPACE"),"−","-"),"MINUS","-"),"PLUS","+")=Key!$E$47:$E$47),"✔ CLEAR","✘ TRY AGAIN"))),"✘ TRY AGAIN")} | G50: {=IF(F50="","",IF(LEFT(F50,1)="✔",MIN(IF(H50="",1,H50)+1,5),1))} | J50: {=IF(OR(H50="",I50=""),"",IFERROR(I50+CHOOSE(H50,1,3,7,14,30),""))} | K50: {=IF(H50="","NEW",IF(J50="","DUE",IF(J50<=TODAY(),"DUE","in "&(J50-TODAY())&IF(J50-TODAY()=1," day"," days"))))} -> NEW
A51: 47 | B51: S2 | C51: S2-2 Clone Machine | D51: Which keys paste? | F51: {=IFERROR(_xlfn.LET(_xlpm.a,Deck!$E$51,IF(TRIM(_xlpm.a&"")="","",IF(OR(SUBSTITUTE(SUBSTITUTE(SUBSTITUTE(SUBSTITUTE(SUBSTITUTE(SUBSTITUTE(SUBSTITUTE(SUBSTITUTE(SUBSTITUTE(SUBSTITUTE(SUBSTITUTE(SUBSTITUTE(SUBSTITUTE(SUBSTITUTE(SUBSTITUTE(SUBSTITUTE(SUBSTITUTE(SUBSTITUTE(SUBSTITUTE(SUBSTITUTE(SUBSTITUTE(SUBSTITUTE(SUBSTITUTE(SUBSTITUTE(SUBSTITUTE(SUBSTITUTE(SUBSTITUTE(UPPER(_xlpm.a)," ",""),"CONTROL","CTRL"),"CTL","CTRL"),"ESCAPE","ESC"),"RETURN","ENTER"),"PAGEDOWN","PGDN"),"PGDOWN","PGDN"),"PAGEUP","PGUP"),"ARROWKEYS","ARROW"),"ARROWKEY","ARROW"),"ARROWS","ARROW"),"DOWNARROW","DOWN"),"UPARROW","UP"),"LEFTARROW","LEFT"),"RIGHTARROW","RIGHT"),"ARROWDOWN","DOWN"),"ARROWUP","UP"),"ARROWLEFT","LEFT"),"ARROWRIGHT","RIGHT"),"↓","DOWN"),"↑","UP"),"←","LEFT"),"→","RIGHT"),"SPACEBAR","SPACE"),"−","-"),"MINUS","-"),"PLUS","+")=Key!$E$48:$E$48),"✔ CLEAR","✘ TRY AGAIN"))),"✘ TRY AGAIN")} | G51: {=IF(F51="","",IF(LEFT(F51,1)="✔",MIN(IF(H51="",1,H51)+1,5),1))} | J51: {=IF(OR(H51="",I51=""),"",IFERROR(I51+CHOOSE(H51,1,3,7,14,30),""))} | K51: {=IF(H51="","NEW",IF(J51="","DUE",IF(J51<=TODAY(),"DUE","in "&(J51-TODAY())&IF(J51-TODAY()=1," day"," days"))))} -> NEW
A52: 48 | B52: S2 | C52: S2-2 Clone Machine | D52: Which keys open Paste Special? | F52: {=IFERROR(_xlfn.LET(_xlpm.a,Deck!$E$52,IF(TRIM(_xlpm.a&"")="","",IF(OR(SUBSTITUTE(SUBSTITUTE(SUBSTITUTE(SUBSTITUTE(SUBSTITUTE(SUBSTITUTE(SUBSTITUTE(SUBSTITUTE(SUBSTITUTE(SUBSTITUTE(SUBSTITUTE(SUBSTITUTE(SUBSTITUTE(SUBSTITUTE(SUBSTITUTE(SUBSTITUTE(SUBSTITUTE(SUBSTITUTE(SUBSTITUTE(SUBSTITUTE(SUBSTITUTE(SUBSTITUTE(SUBSTITUTE(SUBSTITUTE(SUBSTITUTE(SUBSTITUTE(SUBSTITUTE(UPPER(_xlpm.a)," ",""),"CONTROL","CTRL"),"CTL","CTRL"),"ESCAPE","ESC"),"RETURN","ENTER"),"PAGEDOWN","PGDN"),"PGDOWN","PGDN"),"PAGEUP","PGUP"),"ARROWKEYS","ARROW"),"ARROWKEY","ARROW"),"ARROWS","ARROW"),"DOWNARROW","DOWN"),"UPARROW","UP"),"LEFTARROW","LEFT"),"RIGHTARROW","RIGHT"),"ARROWDOWN","DOWN"),"ARROWUP","UP"),"ARROWLEFT","LEFT"),"ARROWRIGHT","RIGHT"),"↓","DOWN"),"↑","UP"),"←","LEFT"),"→","RIGHT"),"SPACEBAR","SPACE"),"−","-"),"MINUS","-"),"PLUS","+")=Key!$E$49:$F$49),"✔ CLEAR","✘ TRY AGAIN"))),"✘ TRY AGAIN")} | G52: {=IF(F52="","",IF(LEFT(F52,1)="✔",MIN(IF(H52="",1,H52)+1,5),1))} | J52: {=IF(OR(H52="",I52=""),"",IFERROR(I52+CHOOSE(H52,1,3,7,14,30),""))} | K52: {=IF(H52="","NEW",IF(J52="","DUE",IF(J52<=TODAY(),"DUE","in "&(J52-TODAY())&IF(J52-TODAY()=1," day"," days"))))} -> NEW
A53: 49 | B53: S2 | C53: S2-2 Clone Machine | D53: Which keys copy the left cell into the selected cells to its right? | F53: {=IFERROR(_xlfn.LET(_xlpm.a,Deck!$E$53,IF(TRIM(_xlpm.a&"")="","",IF(OR(SUBSTITUTE(SUBSTITUTE(SUBSTITUTE(SUBSTITUTE(SUBSTITUTE(SUBSTITUTE(SUBSTITUTE(SUBSTITUTE(SUBSTITUTE(SUBSTITUTE(SUBSTITUTE(SUBSTITUTE(SUBSTITUTE(SUBSTITUTE(SUBSTITUTE(SUBSTITUTE(SUBSTITUTE(SUBSTITUTE(SUBSTITUTE(SUBSTITUTE(SUBSTITUTE(SUBSTITUTE(SUBSTITUTE(SUBSTITUTE(SUBSTITUTE(SUBSTITUTE(SUBSTITUTE(UPPER(_xlpm.a)," ",""),"CONTROL","CTRL"),"CTL","CTRL"),"ESCAPE","ESC"),"RETURN","ENTER"),"PAGEDOWN","PGDN"),"PGDOWN","PGDN"),"PAGEUP","PGUP"),"ARROWKEYS","ARROW"),"ARROWKEY","ARROW"),"ARROWS","ARROW"),"DOWNARROW","DOWN"),"UPARROW","UP"),"LEFTARROW","LEFT"),"RIGHTARROW","RIGHT"),"ARROWDOWN","DOWN"),"ARROWUP","UP"),"ARROWLEFT","LEFT"),"ARROWRIGHT","RIGHT"),"↓","DOWN"),"↑","UP"),"←","LEFT"),"→","RIGHT"),"SPACEBAR","SPACE"),"−","-"),"MINUS","-"),"PLUS","+")=Key!$E$50:$E$50),"✔ CLEAR","✘ TRY AGAIN"))),"✘ TRY AGAIN")} | G53: {=IF(F53="","",IF(LEFT(F53,1)="✔",MIN(IF(H53="",1,H53)+1,5),1))} | J53: {=IF(OR(H53="",I53=""),"",IFERROR(I53+CHOOSE(H53,1,3,7,14,30),""))} | K53: {=IF(H53="","NEW",IF(J53="","DUE",IF(J53<=TODAY(),"DUE","in "&(J53-TODAY())&IF(J53-TODAY()=1," day"," days"))))} -> NEW
A54: 50 | B54: S2 | C54: S2-2 Clone Machine | D54: Which keys undo the last action? | F54: {=IFERROR(_xlfn.LET(_xlpm.a,Deck!$E$54,IF(TRIM(_xlpm.a&"")="","",IF(OR(SUBSTITUTE(SUBSTITUTE(SUBSTITUTE(SUBSTITUTE(SUBSTITUTE(SUBSTITUTE(SUBSTITUTE(SUBSTITUTE(SUBSTITUTE(SUBSTITUTE(SUBSTITUTE(SUBSTITUTE(SUBSTITUTE(SUBSTITUTE(SUBSTITUTE(SUBSTITUTE(SUBSTITUTE(SUBSTITUTE(SUBSTITUTE(SUBSTITUTE(SUBSTITUTE(SUBSTITUTE(SUBSTITUTE(SUBSTITUTE(SUBSTITUTE(SUBSTITUTE(SUBSTITUTE(UPPER(_xlpm.a)," ",""),"CONTROL","CTRL"),"CTL","CTRL"),"ESCAPE","ESC"),"RETURN","ENTER"),"PAGEDOWN","PGDN"),"PGDOWN","PGDN"),"PAGEUP","PGUP"),"ARROWKEYS","ARROW"),"ARROWKEY","ARROW"),"ARROWS","ARROW"),"DOWNARROW","DOWN"),"UPARROW","UP"),"LEFTARROW","LEFT"),"RIGHTARROW","RIGHT"),"ARROWDOWN","DOWN"),"ARROWUP","UP"),"ARROWLEFT","LEFT"),"ARROWRIGHT","RIGHT"),"↓","DOWN"),"↑","UP"),"←","LEFT"),"→","RIGHT"),"SPACEBAR","SPACE"),"−","-"),"MINUS","-"),"PLUS","+")=Key!$E$51:$E$51),"✔ CLEAR","✘ TRY AGAIN"))),"✘ TRY AGAIN")} | G54: {=IF(F54="","",IF(LEFT(F54,1)="✔",MIN(IF(H54="",1,H54)+1,5),1))} | J54: {=IF(OR(H54="",I54=""),"",IFERROR(I54+CHOOSE(H54,1,3,7,14,30),""))} | K54: {=IF(H54="","NEW",IF(J54="","DUE",IF(J54<=TODAY(),"DUE","in "&(J54-TODAY())&IF(J54-TODAY()=1," day"," days"))))} -> NEW
A55: 51 | B55: S2 | C55: S2-2 Clone Machine | D55: Which keys redo or repeat the last action? | F55: {=IFERROR(_xlfn.LET(_xlpm.a,Deck!$E$55,IF(TRIM(_xlpm.a&"")="","",IF(OR(SUBSTITUTE(SUBSTITUTE(SUBSTITUTE(SUBSTITUTE(SUBSTITUTE(SUBSTITUTE(SUBSTITUTE(SUBSTITUTE(SUBSTITUTE(SUBSTITUTE(SUBSTITUTE(SUBSTITUTE(SUBSTITUTE(SUBSTITUTE(SUBSTITUTE(SUBSTITUTE(SUBSTITUTE(SUBSTITUTE(SUBSTITUTE(SUBSTITUTE(SUBSTITUTE(SUBSTITUTE(SUBSTITUTE(SUBSTITUTE(SUBSTITUTE(SUBSTITUTE(SUBSTITUTE(UPPER(_xlpm.a)," ",""),"CONTROL","CTRL"),"CTL","CTRL"),"ESCAPE","ESC"),"RETURN","ENTER"),"PAGEDOWN","PGDN"),"PGDOWN","PGDN"),"PAGEUP","PGUP"),"ARROWKEYS","ARROW"),"ARROWKEY","ARROW"),"ARROWS","ARROW"),"DOWNARROW","DOWN"),"UPARROW","UP"),"LEFTARROW","LEFT"),"RIGHTARROW","RIGHT"),"ARROWDOWN","DOWN"),"ARROWUP","UP"),"ARROWLEFT","LEFT"),"ARROWRIGHT","RIGHT"),"↓","DOWN"),"↑","UP"),"←","LEFT"),"→","RIGHT"),"SPACEBAR","SPACE"),"−","-"),"MINUS","-"),"PLUS","+")=Key!$E$52:$E$52),"✔ CLEAR","✘ TRY AGAIN"))),"✘ TRY AGAIN")} | G55: {=IF(F55="","",IF(LEFT(F55,1)="✔",MIN(IF(H55="",1,H55)+1,5),1))} | J55: {=IF(OR(H55="",I55=""),"",IFERROR(I55+CHOOSE(H55,1,3,7,14,30),""))} | K55: {=IF(H55="","NEW",IF(J55="","DUE",IF(J55<=TODAY(),"DUE","in "&(J55-TODAY())&IF(J55-TODAY()=1," day"," days"))))} -> NEW
A56: 52 | B56: S2 | C56: S2-3 Stamps & Smart Fill | D56: Which keys type today's date as a fixed value? | F56: {=IFERROR(_xlfn.LET(_xlpm.a,Deck!$E$56,IF(TRIM(_xlpm.a&"")="","",IF(OR(SUBSTITUTE(SUBSTITUTE(SUBSTITUTE(SUBSTITUTE(SUBSTITUTE(SUBSTITUTE(SUBSTITUTE(SUBSTITUTE(SUBSTITUTE(SUBSTITUTE(SUBSTITUTE(SUBSTITUTE(SUBSTITUTE(SUBSTITUTE(SUBSTITUTE(SUBSTITUTE(SUBSTITUTE(SUBSTITUTE(SUBSTITUTE(SUBSTITUTE(SUBSTITUTE(SUBSTITUTE(SUBSTITUTE(SUBSTITUTE(SUBSTITUTE(SUBSTITUTE(SUBSTITUTE(UPPER(_xlpm.a)," ",""),"CONTROL","CTRL"),"CTL","CTRL"),"ESCAPE","ESC"),"RETURN","ENTER"),"PAGEDOWN","PGDN"),"PGDOWN","PGDN"),"PAGEUP","PGUP"),"ARROWKEYS","ARROW"),"ARROWKEY","ARROW"),"ARROWS","ARROW"),"DOWNARROW","DOWN"),"UPARROW","UP"),"LEFTARROW","LEFT"),"RIGHTARROW","RIGHT"),"ARROWDOWN","DOWN"),"ARROWUP","UP"),"ARROWLEFT","LEFT"),"ARROWRIGHT","RIGHT"),"↓","DOWN"),"↑","UP"),"←","LEFT"),"→","RIGHT"),"SPACEBAR","SPACE"),"−","-"),"MINUS","-"),"PLUS","+")=Key!$E$53:$F$53),"✔ CLEAR","✘ TRY AGAIN"))),"✘ TRY AGAIN")} | G56: {=IF(F56="","",IF(LEFT(F56,1)="✔",MIN(IF(H56="",1,H56)+1,5),1))} | J56: {=IF(OR(H56="",I56=""),"",IFERROR(I56+CHOOSE(H56,1,3,7,14,30),""))} | K56: {=IF(H56="","NEW",IF(J56="","DUE",IF(J56<=TODAY(),"DUE","in "&(J56-TODAY())&IF(J56-TODAY()=1," day"," days"))))} -> NEW
A57: 53 | B57: S2 | C57: S2-3 Stamps & Smart Fill | D57: Which keys type the current time as a fixed value? | F57: {=IFERROR(_xlfn.LET(_xlpm.a,Deck!$E$57,IF(TRIM(_xlpm.a&"")="","",IF(OR(SUBSTITUTE(SUBSTITUTE(SUBSTITUTE(SUBSTITUTE(SUBSTITUTE(SUBSTITUTE(SUBSTITUTE(SUBSTITUTE(SUBSTITUTE(SUBSTITUTE(SUBSTITUTE(SUBSTITUTE(SUBSTITUTE(SUBSTITUTE(SUBSTITUTE(SUBSTITUTE(SUBSTITUTE(SUBSTITUTE(SUBSTITUTE(SUBSTITUTE(SUBSTITUTE(SUBSTITUTE(SUBSTITUTE(SUBSTITUTE(SUBSTITUTE(SUBSTITUTE(SUBSTITUTE(UPPER(_xlpm.a)," ",""),"CONTROL","CTRL"),"CTL","CTRL"),"ESCAPE","ESC"),"RETURN","ENTER"),"PAGEDOWN","PGDN"),"PGDOWN","PGDN"),"PAGEUP","PGUP"),"ARROWKEYS","ARROW"),"ARROWKEY","ARROW"),"ARROWS","ARROW"),"DOWNARROW","DOWN"),"UPARROW","UP"),"LEFTARROW","LEFT"),"RIGHTARROW","RIGHT"),"ARROWDOWN","DOWN"),"ARROWUP","UP"),"ARROWLEFT","LEFT"),"ARROWRIGHT","RIGHT"),"↓","DOWN"),"↑","UP"),"←","LEFT"),"→","RIGHT"),"SPACEBAR","SPACE"),"−","-"),"MINUS","-"),"PLUS","+")=Key!$E$54:$K$54),"✔ CLEAR","✘ TRY AGAIN"))),"✘ TRY AGAIN")} | G57: {=IF(F57="","",IF(LEFT(F57,1)="✔",MIN(IF(H57="",1,H57)+1,5),1))} | J57: {=IF(OR(H57="",I57=""),"",IFERROR(I57+CHOOSE(H57,1,3,7,14,30),""))} | K57: {=IF(H57="","NEW",IF(J57="","DUE",IF(J57<=TODAY(),"DUE","in "&(J57-TODAY())&IF(J57-TODAY()=1," day"," days"))))} -> NEW
A58: 54 | B58: S2 | C58: S2-3 Stamps & Smart Fill | D58: Which keys run Flash Fill? | F58: {=IFERROR(_xlfn.LET(_xlpm.a,Deck!$E$58,IF(TRIM(_xlpm.a&"")="","",IF(OR(SUBSTITUTE(SUBSTITUTE(SUBSTITUTE(SUBSTITUTE(SUBSTITUTE(SUBSTITUTE(SUBSTITUTE(SUBSTITUTE(SUBSTITUTE(SUBSTITUTE(SUBSTITUTE(SUBSTITUTE(SUBSTITUTE(SUBSTITUTE(SUBSTITUTE(SUBSTITUTE(SUBSTITUTE(SUBSTITUTE(SUBSTITUTE(SUBSTITUTE(SUBSTITUTE(SUBSTITUTE(SUBSTITUTE(SUBSTITUTE(SUBSTITUTE(SUBSTITUTE(SUBSTITUTE(UPPER(_xlpm.a)," ",""),"CONTROL","CTRL"),"CTL","CTRL"),"ESCAPE","ESC"),"RETURN","ENTER"),"PAGEDOWN","PGDN"),"PGDOWN","PGDN"),"PAGEUP","PGUP"),"ARROWKEYS","ARROW"),"ARROWKEY","ARROW"),"ARROWS","ARROW"),"DOWNARROW","DOWN"),"UPARROW","UP"),"LEFTARROW","LEFT"),"RIGHTARROW","RIGHT"),"ARROWDOWN","DOWN"),"ARROWUP","UP"),"ARROWLEFT","LEFT"),"ARROWRIGHT","RIGHT"),"↓","DOWN"),"↑","UP"),"←","LEFT"),"→","RIGHT"),"SPACEBAR","SPACE"),"−","-"),"MINUS","-"),"PLUS","+")=Key!$E$55:$E$55),"✔ CLEAR","✘ TRY AGAIN"))),"✘ TRY AGAIN")} | G58: {=IF(F58="","",IF(LEFT(F58,1)="✔",MIN(IF(H58="",1,H58)+1,5),1))} | J58: {=IF(OR(H58="",I58=""),"",IFERROR(I58+CHOOSE(H58,1,3,7,14,30),""))} | K58: {=IF(H58="","NEW",IF(J58="","DUE",IF(J58<=TODAY(),"DUE","in "&(J58-TODAY())&IF(J58-TODAY()=1," day"," days"))))} -> NEW
A59: 55 | B59: S2 | C59: S2-3 Stamps & Smart Fill | D59: Which keys open the dropdown list of a cell? | F59: {=IFERROR(_xlfn.LET(_xlpm.a,Deck!$E$59,IF(TRIM(_xlpm.a&"")="","",IF(OR(SUBSTITUTE(SUBSTITUTE(SUBSTITUTE(SUBSTITUTE(SUBSTITUTE(SUBSTITUTE(SUBSTITUTE(SUBSTITUTE(SUBSTITUTE(SUBSTITUTE(SUBSTITUTE(SUBSTITUTE(SUBSTITUTE(SUBSTITUTE(SUBSTITUTE(SUBSTITUTE(SUBSTITUTE(SUBSTITUTE(SUBSTITUTE(SUBSTITUTE(SUBSTITUTE(SUBSTITUTE(SUBSTITUTE(SUBSTITUTE(SUBSTITUTE(SUBSTITUTE(SUBSTITUTE(UPPER(_xlpm.a)," ",""),"CONTROL","CTRL"),"CTL","CTRL"),"ESCAPE","ESC"),"RETURN","ENTER"),"PAGEDOWN","PGDN"),"PGDOWN","PGDN"),"PAGEUP","PGUP"),"ARROWKEYS","ARROW"),"ARROWKEY","ARROW"),"ARROWS","ARROW"),"DOWNARROW","DOWN"),"UPARROW","UP"),"LEFTARROW","LEFT"),"RIGHTARROW","RIGHT"),"ARROWDOWN","DOWN"),"ARROWUP","UP"),"ARROWLEFT","LEFT"),"ARROWRIGHT","RIGHT"),"↓","DOWN"),"↑","UP"),"←","LEFT"),"→","RIGHT"),"SPACEBAR","SPACE"),"−","-"),"MINUS","-"),"PLUS","+")=Key!$E$56:$E$56),"✔ CLEAR","✘ TRY AGAIN"))),"✘ TRY AGAIN")} | G59: {=IF(F59="","",IF(LEFT(F59,1)="✔",MIN(IF(H59="",1,H59)+1,5),1))} | J59: {=IF(OR(H59="",I59=""),"",IFERROR(I59+CHOOSE(H59,1,3,7,14,30),""))} | K59: {=IF(H59="","NEW",IF(J59="","DUE",IF(J59<=TODAY(),"DUE","in "&(J59-TODAY())&IF(J59-TODAY()=1," day"," days"))))} -> NEW
A60: 56 | B60: F2 | C60: F2-1 True or False | D60: Which operator means 'greater than or equal to'? | F60: {=IFERROR(_xlfn.LET(_xlpm.a,Deck!$E$60,IF(TRIM(_xlpm.a&"")="","",IF(OR(SUBSTITUTE(SUBSTITUTE(SUBSTITUTE(SUBSTITUTE(SUBSTITUTE(SUBSTITUTE(SUBSTITUTE(SUBSTITUTE(SUBSTITUTE(SUBSTITUTE(SUBSTITUTE(SUBSTITUTE(SUBSTITUTE(SUBSTITUTE(SUBSTITUTE(SUBSTITUTE(SUBSTITUTE(SUBSTITUTE(SUBSTITUTE(SUBSTITUTE(SUBSTITUTE(SUBSTITUTE(SUBSTITUTE(SUBSTITUTE(SUBSTITUTE(SUBSTITUTE(SUBSTITUTE(UPPER(_xlpm.a)," ",""),"CONTROL","CTRL"),"CTL","CTRL"),"ESCAPE","ESC"),"RETURN","ENTER"),"PAGEDOWN","PGDN"),"PGDOWN","PGDN"),"PAGEUP","PGUP"),"ARROWKEYS","ARROW"),"ARROWKEY","ARROW"),"ARROWS","ARROW"),"DOWNARROW","DOWN"),"UPARROW","UP"),"LEFTARROW","LEFT"),"RIGHTARROW","RIGHT"),"ARROWDOWN","DOWN"),"ARROWUP","UP"),"ARROWLEFT","LEFT"),"ARROWRIGHT","RIGHT"),"↓","DOWN"),"↑","UP"),"←","LEFT"),"→","RIGHT"),"SPACEBAR","SPACE"),"−","-"),"MINUS","-"),"PLUS","+")=Key!$E$57:$E$57),"✔ CLEAR","✘ TRY AGAIN"))),"✘ TRY AGAIN")} | G60: {=IF(F60="","",IF(LEFT(F60,1)="✔",MIN(IF(H60="",1,H60)+1,5),1))} | J60: {=IF(OR(H60="",I60=""),"",IFERROR(I60+CHOOSE(H60,1,3,7,14,30),""))} | K60: {=IF(H60="","NEW",IF(J60="","DUE",IF(J60<=TODAY(),"DUE","in "&(J60-TODAY())&IF(J60-TODAY()=1," day"," days"))))} -> NEW
A61: 57 | B61: F2 | C61: F2-1 True or False | D61: Which operator means 'not equal to'? | F61: {=IFERROR(_xlfn.LET(_xlpm.a,Deck!$E$61,IF(TRIM(_xlpm.a&"")="","",IF(OR(SUBSTITUTE(SUBSTITUTE(SUBSTITUTE(SUBSTITUTE(SUBSTITUTE(SUBSTITUTE(SUBSTITUTE(SUBSTITUTE(SUBSTITUTE(SUBSTITUTE(SUBSTITUTE(SUBSTITUTE(SUBSTITUTE(SUBSTITUTE(SUBSTITUTE(SUBSTITUTE(SUBSTITUTE(SUBSTITUTE(SUBSTITUTE(SUBSTITUTE(SUBSTITUTE(SUBSTITUTE(SUBSTITUTE(SUBSTITUTE(SUBSTITUTE(SUBSTITUTE(SUBSTITUTE(UPPER(_xlpm.a)," ",""),"CONTROL","CTRL"),"CTL","CTRL"),"ESCAPE","ESC"),"RETURN","ENTER"),"PAGEDOWN","PGDN"),"PGDOWN","PGDN"),"PAGEUP","PGUP"),"ARROWKEYS","ARROW"),"ARROWKEY","ARROW"),"ARROWS","ARROW"),"DOWNARROW","DOWN"),"UPARROW","UP"),"LEFTARROW","LEFT"),"RIGHTARROW","RIGHT"),"ARROWDOWN","DOWN"),"ARROWUP","UP"),"ARROWLEFT","LEFT"),"ARROWRIGHT","RIGHT"),"↓","DOWN"),"↑","UP"),"←","LEFT"),"→","RIGHT"),"SPACEBAR","SPACE"),"−","-"),"MINUS","-"),"PLUS","+")=Key!$E$58:$E$58),"✔ CLEAR","✘ TRY AGAIN"))),"✘ TRY AGAIN")} | G61: {=IF(F61="","",IF(LEFT(F61,1)="✔",MIN(IF(H61="",1,H61)+1,5),1))} | J61: {=IF(OR(H61="",I61=""),"",IFERROR(I61+CHOOSE(H61,1,3,7,14,30),""))} | K61: {=IF(H61="","NEW",IF(J61="","DUE",IF(J61<=TODAY(),"DUE","in "&(J61-TODAY())&IF(J61-TODAY()=1," day"," days"))))} -> NEW
A62: 58 | B62: F2 | C62: F2-1 True or False | D62: What must surround text inside a formula? | F62: {=IFERROR(_xlfn.LET(_xlpm.a,Deck!$E$62,IF(TRIM(_xlpm.a&"")="","",IF(OR(SUBSTITUTE(SUBSTITUTE(SUBSTITUTE(SUBSTITUTE(SUBSTITUTE(SUBSTITUTE(SUBSTITUTE(SUBSTITUTE(SUBSTITUTE(SUBSTITUTE(SUBSTITUTE(SUBSTITUTE(SUBSTITUTE(SUBSTITUTE(SUBSTITUTE(SUBSTITUTE(SUBSTITUTE(SUBSTITUTE(SUBSTITUTE(SUBSTITUTE(SUBSTITUTE(SUBSTITUTE(SUBSTITUTE(SUBSTITUTE(SUBSTITUTE(SUBSTITUTE(SUBSTITUTE(UPPER(_xlpm.a)," ",""),"CONTROL","CTRL"),"CTL","CTRL"),"ESCAPE","ESC"),"RETURN","ENTER"),"PAGEDOWN","PGDN"),"PGDOWN","PGDN"),"PAGEUP","PGUP"),"ARROWKEYS","ARROW"),"ARROWKEY","ARROW"),"ARROWS","ARROW"),"DOWNARROW","DOWN"),"UPARROW","UP"),"LEFTARROW","LEFT"),"RIGHTARROW","RIGHT"),"ARROWDOWN","DOWN"),"ARROWUP","UP"),"ARROWLEFT","LEFT"),"ARROWRIGHT","RIGHT"),"↓","DOWN"),"↑","UP"),"←","LEFT"),"→","RIGHT"),"SPACEBAR","SPACE"),"−","-"),"MINUS","-"),"PLUS","+")=Key!$E$59:$H$59),"✔ CLEAR","✘ TRY AGAIN"))),"✘ TRY AGAIN")} | G62: {=IF(F62="","",IF(LEFT(F62,1)="✔",MIN(IF(H62="",1,H62)+1,5),1))} | J62: {=IF(OR(H62="",I62=""),"",IFERROR(I62+CHOOSE(H62,1,3,7,14,30),""))} | K62: {=IF(H62="","NEW",IF(J62="","DUE",IF(J62<=TODAY(),"DUE","in "&(J62-TODAY())&IF(J62-TODAY()=1," day"," days"))))} -> NEW
A63: 59 | B63: F2 | C63: F2-2 Fork in the Road | D63: Which function returns one value when a test is TRUE and another when FALSE? | F63: {=IFERROR(_xlfn.LET(_xlpm.a,Deck!$E$63,IF(TRIM(_xlpm.a&"")="","",IF(OR(SUBSTITUTE(SUBSTITUTE(SUBSTITUTE(SUBSTITUTE(SUBSTITUTE(SUBSTITUTE(SUBSTITUTE(SUBSTITUTE(SUBSTITUTE(SUBSTITUTE(SUBSTITUTE(SUBSTITUTE(SUBSTITUTE(SUBSTITUTE(SUBSTITUTE(SUBSTITUTE(SUBSTITUTE(SUBSTITUTE(SUBSTITUTE(SUBSTITUTE(SUBSTITUTE(SUBSTITUTE(SUBSTITUTE(SUBSTITUTE(SUBSTITUTE(SUBSTITUTE(SUBSTITUTE(UPPER(_xlpm.a)," ",""),"CONTROL","CTRL"),"CTL","CTRL"),"ESCAPE","ESC"),"RETURN","ENTER"),"PAGEDOWN","PGDN"),"PGDOWN","PGDN"),"PAGEUP","PGUP"),"ARROWKEYS","ARROW"),"ARROWKEY","ARROW"),"ARROWS","ARROW"),"DOWNARROW","DOWN"),"UPARROW","UP"),"LEFTARROW","LEFT"),"RIGHTARROW","RIGHT"),"ARROWDOWN","DOWN"),"ARROWUP","UP"),"ARROWLEFT","LEFT"),"ARROWRIGHT","RIGHT"),"↓","DOWN"),"↑","UP"),"←","LEFT"),"→","RIGHT"),"SPACEBAR","SPACE"),"−","-"),"MINUS","-"),"PLUS","+")=Key!$E$60:$J$60),"✔ CLEAR","✘ TRY AGAIN"))),"✘ TRY AGAIN")} | G63: {=IF(F63="","",IF(LEFT(F63,1)="✔",MIN(IF(H63="",1,H63)+1,5),1))} | J63: {=IF(OR(H63="",I63=""),"",IFERROR(I63+CHOOSE(H63,1,3,7,14,30),""))} | K63: {=IF(H63="","NEW",IF(J63="","DUE",IF(J63<=TODAY(),"DUE","in "&(J63-TODAY())&IF(J63-TODAY()=1," day"," days"))))} -> NEW
A64: 60 | B64: F2 | C64: F2-2 Fork in the Road | D64: In =IF(B2>100,B2*0.9,B2), what is returned when B2 is 50? | F64: {=IFERROR(_xlfn.LET(_xlpm.a,Deck!$E$64,IF(TRIM(_xlpm.a&"")="","",IF(OR(SUBSTITUTE(SUBSTITUTE(SUBSTITUTE(SUBSTITUTE(SUBSTITUTE(SUBSTITUTE(SUBSTITUTE(SUBSTITUTE(SUBSTITUTE(SUBSTITUTE(SUBSTITUTE(SUBSTITUTE(SUBSTITUTE(SUBSTITUTE(SUBSTITUTE(SUBSTITUTE(SUBSTITUTE(SUBSTITUTE(SUBSTITUTE(SUBSTITUTE(SUBSTITUTE(SUBSTITUTE(SUBSTITUTE(SUBSTITUTE(SUBSTITUTE(SUBSTITUTE(SUBSTITUTE(UPPER(_xlpm.a)," ",""),"CONTROL","CTRL"),"CTL","CTRL"),"ESCAPE","ESC"),"RETURN","ENTER"),"PAGEDOWN","PGDN"),"PGDOWN","PGDN"),"PAGEUP","PGUP"),"ARROWKEYS","ARROW"),"ARROWKEY","ARROW"),"ARROWS","ARROW"),"DOWNARROW","DOWN"),"UPARROW","UP"),"LEFTARROW","LEFT"),"RIGHTARROW","RIGHT"),"ARROWDOWN","DOWN"),"ARROWUP","UP"),"ARROWLEFT","LEFT"),"ARROWRIGHT","RIGHT"),"↓","DOWN"),"↑","UP"),"←","LEFT"),"→","RIGHT"),"SPACEBAR","SPACE"),"−","-"),"MINUS","-"),"PLUS","+")=Key!$E$61:$E$61),"✔ CLEAR","✘ TRY AGAIN"))),"✘ TRY AGAIN")} | G64: {=IF(F64="","",IF(LEFT(F64,1)="✔",MIN(IF(H64="",1,H64)+1,5),1))} | J64: {=IF(OR(H64="",I64=""),"",IFERROR(I64+CHOOSE(H64,1,3,7,14,30),""))} | K64: {=IF(H64="","NEW",IF(J64="","DUE",IF(J64<=TODAY(),"DUE","in "&(J64-TODAY())&IF(J64-TODAY()=1," day"," days"))))} -> NEW
A65: 61 | B65: F2 | C65: F2-2 Fork in the Road | D65: What do you type in a formula for an empty, blank-looking result? | F65: {=IFERROR(_xlfn.LET(_xlpm.a,Deck!$E$65,IF(TRIM(_xlpm.a&"")="","",IF(OR(SUBSTITUTE(SUBSTITUTE(SUBSTITUTE(SUBSTITUTE(SUBSTITUTE(SUBSTITUTE(SUBSTITUTE(SUBSTITUTE(SUBSTITUTE(SUBSTITUTE(SUBSTITUTE(SUBSTITUTE(SUBSTITUTE(SUBSTITUTE(SUBSTITUTE(SUBSTITUTE(SUBSTITUTE(SUBSTITUTE(SUBSTITUTE(SUBSTITUTE(SUBSTITUTE(SUBSTITUTE(SUBSTITUTE(SUBSTITUTE(SUBSTITUTE(SUBSTITUTE(SUBSTITUTE(UPPER(_xlpm.a)," ",""),"CONTROL","CTRL"),"CTL","CTRL"),"ESCAPE","ESC"),"RETURN","ENTER"),"PAGEDOWN","PGDN"),"PGDOWN","PGDN"),"PAGEUP","PGUP"),"ARROWKEYS","ARROW"),"ARROWKEY","ARROW"),"ARROWS","ARROW"),"DOWNARROW","DOWN"),"UPARROW","UP"),"LEFTARROW","LEFT"),"RIGHTARROW","RIGHT"),"ARROWDOWN","DOWN"),"ARROWUP","UP"),"ARROWLEFT","LEFT"),"ARROWRIGHT","RIGHT"),"↓","DOWN"),"↑","UP"),"←","LEFT"),"→","RIGHT"),"SPACEBAR","SPACE"),"−","-"),"MINUS","-"),"PLUS","+")=Key!$E$62:$E$62),"✔ CLEAR","✘ TRY AGAIN"))),"✘ TRY AGAIN")} | G65: {=IF(F65="","",IF(LEFT(F65,1)="✔",MIN(IF(H65="",1,H65)+1,5),1))} | J65: {=IF(OR(H65="",I65=""),"",IFERROR(I65+CHOOSE(H65,1,3,7,14,30),""))} | K65: {=IF(H65="","NEW",IF(J65="","DUE",IF(J65<=TODAY(),"DUE","in "&(J65-TODAY())&IF(J65-TODAY()=1," day"," days"))))} -> NEW
A66: 62 | B66: F2 | C66: F2-3 Combo Moves | D66: Which function is TRUE only when all its conditions are TRUE? | F66: {=IFERROR(_xlfn.LET(_xlpm.a,Deck!$E$66,IF(TRIM(_xlpm.a&"")="","",IF(OR(SUBSTITUTE(SUBSTITUTE(SUBSTITUTE(SUBSTITUTE(SUBSTITUTE(SUBSTITUTE(SUBSTITUTE(SUBSTITUTE(SUBSTITUTE(SUBSTITUTE(SUBSTITUTE(SUBSTITUTE(SUBSTITUTE(SUBSTITUTE(SUBSTITUTE(SUBSTITUTE(SUBSTITUTE(SUBSTITUTE(SUBSTITUTE(SUBSTITUTE(SUBSTITUTE(SUBSTITUTE(SUBSTITUTE(SUBSTITUTE(SUBSTITUTE(SUBSTITUTE(SUBSTITUTE(UPPER(_xlpm.a)," ",""),"CONTROL","CTRL"),"CTL","CTRL"),"ESCAPE","ESC"),"RETURN","ENTER"),"PAGEDOWN","PGDN"),"PGDOWN","PGDN"),"PAGEUP","PGUP"),"ARROWKEYS","ARROW"),"ARROWKEY","ARROW"),"ARROWS","ARROW"),"DOWNARROW","DOWN"),"UPARROW","UP"),"LEFTARROW","LEFT"),"RIGHTARROW","RIGHT"),"ARROWDOWN","DOWN"),"ARROWUP","UP"),"ARROWLEFT","LEFT"),"ARROWRIGHT","RIGHT"),"↓","DOWN"),"↑","UP"),"←","LEFT"),"→","RIGHT"),"SPACEBAR","SPACE"),"−","-"),"MINUS","-"),"PLUS","+")=Key!$E$63:$J$63),"✔ CLEAR","✘ TRY AGAIN"))),"✘ TRY AGAIN")} | G66: {=IF(F66="","",IF(LEFT(F66,1)="✔",MIN(IF(H66="",1,H66)+1,5),1))} | J66: {=IF(OR(H66="",I66=""),"",IFERROR(I66+CHOOSE(H66,1,3,7,14,30),""))} | K66: {=IF(H66="","NEW",IF(J66="","DUE",IF(J66<=TODAY(),"DUE","in "&(J66-TODAY())&IF(J66-TODAY()=1," day"," days"))))} -> NEW
A67: 63 | B67: F2 | C67: F2-3 Combo Moves | D67: Which function is TRUE when at least one condition is TRUE? | F67: {=IFERROR(_xlfn.LET(_xlpm.a,Deck!$E$67,IF(TRIM(_xlpm.a&"")="","",IF(OR(SUBSTITUTE(SUBSTITUTE(SUBSTITUTE(SUBSTITUTE(SUBSTITUTE(SUBSTITUTE(SUBSTITUTE(SUBSTITUTE(SUBSTITUTE(SUBSTITUTE(SUBSTITUTE(SUBSTITUTE(SUBSTITUTE(SUBSTITUTE(SUBSTITUTE(SUBSTITUTE(SUBSTITUTE(SUBSTITUTE(SUBSTITUTE(SUBSTITUTE(SUBSTITUTE(SUBSTITUTE(SUBSTITUTE(SUBSTITUTE(SUBSTITUTE(SUBSTITUTE(SUBSTITUTE(UPPER(_xlpm.a)," ",""),"CONTROL","CTRL"),"CTL","CTRL"),"ESCAPE","ESC"),"RETURN","ENTER"),"PAGEDOWN","PGDN"),"PGDOWN","PGDN"),"PAGEUP","PGUP"),"ARROWKEYS","ARROW"),"ARROWKEY","ARROW"),"ARROWS","ARROW"),"DOWNARROW","DOWN"),"UPARROW","UP"),"LEFTARROW","LEFT"),"RIGHTARROW","RIGHT"),"ARROWDOWN","DOWN"),"ARROWUP","UP"),"ARROWLEFT","LEFT"),"ARROWRIGHT","RIGHT"),"↓","DOWN"),"↑","UP"),"←","LEFT"),"→","RIGHT"),"SPACEBAR","SPACE"),"−","-"),"MINUS","-"),"PLUS","+")=Key!$E$64:$J$64),"✔ CLEAR","✘ TRY AGAIN"))),"✘ TRY AGAIN")} | G67: {=IF(F67="","",IF(LEFT(F67,1)="✔",MIN(IF(H67="",1,H67)+1,5),1))} | J67: {=IF(OR(H67="",I67=""),"",IFERROR(I67+CHOOSE(H67,1,3,7,14,30),""))} | K67: {=IF(H67="","NEW",IF(J67="","DUE",IF(J67<=TODAY(),"DUE","in "&(J67-TODAY())&IF(J67-TODAY()=1," day"," days"))))} -> NEW
A68: 64 | B68: F2 | C68: F2-3 Combo Moves | D68: Which function flips TRUE and FALSE? | F68: {=IFERROR(_xlfn.LET(_xlpm.a,Deck!$E$68,IF(TRIM(_xlpm.a&"")="","",IF(OR(SUBSTITUTE(SUBSTITUTE(SUBSTITUTE(SUBSTITUTE(SUBSTITUTE(SUBSTITUTE(SUBSTITUTE(SUBSTITUTE(SUBSTITUTE(SUBSTITUTE(SUBSTITUTE(SUBSTITUTE(SUBSTITUTE(SUBSTITUTE(SUBSTITUTE(SUBSTITUTE(SUBSTITUTE(SUBSTITUTE(SUBSTITUTE(SUBSTITUTE(SUBSTITUTE(SUBSTITUTE(SUBSTITUTE(SUBSTITUTE(SUBSTITUTE(SUBSTITUTE(SUBSTITUTE(UPPER(_xlpm.a)," ",""),"CONTROL","CTRL"),"CTL","CTRL"),"ESCAPE","ESC"),"RETURN","ENTER"),"PAGEDOWN","PGDN"),"PGDOWN","PGDN"),"PAGEUP","PGUP"),"ARROWKEYS","ARROW"),"ARROWKEY","ARROW"),"ARROWS","ARROW"),"DOWNARROW","DOWN"),"UPARROW","UP"),"LEFTARROW","LEFT"),"RIGHTARROW","RIGHT"),"ARROWDOWN","DOWN"),"ARROWUP","UP"),"ARROWLEFT","LEFT"),"ARROWRIGHT","RIGHT"),"↓","DOWN"),"↑","UP"),"←","LEFT"),"→","RIGHT"),"SPACEBAR","SPACE"),"−","-"),"MINUS","-"),"PLUS","+")=Key!$E$65:$J$65),"✔ CLEAR","✘ TRY AGAIN"))),"✘ TRY AGAIN")} | G68: {=IF(F68="","",IF(LEFT(F68,1)="✔",MIN(IF(H68="",1,H68)+1,5),1))} | J68: {=IF(OR(H68="",I68=""),"",IFERROR(I68+CHOOSE(H68,1,3,7,14,30),""))} | K68: {=IF(H68="","NEW",IF(J68="","DUE",IF(J68<=TODAY(),"DUE","in "&(J68-TODAY())&IF(J68-TODAY()=1," day"," days"))))} -> NEW
A69: 65 | B69: F2 | C69: F2-4 Multi-Level | D69: How many IF functions does a nested IF need for 3 outcomes? | F69: {=IFERROR(_xlfn.LET(_xlpm.a,Deck!$E$69,IF(TRIM(_xlpm.a&"")="","",IF(OR(SUBSTITUTE(SUBSTITUTE(SUBSTITUTE(SUBSTITUTE(SUBSTITUTE(SUBSTITUTE(SUBSTITUTE(SUBSTITUTE(SUBSTITUTE(SUBSTITUTE(SUBSTITUTE(SUBSTITUTE(SUBSTITUTE(SUBSTITUTE(SUBSTITUTE(SUBSTITUTE(SUBSTITUTE(SUBSTITUTE(SUBSTITUTE(SUBSTITUTE(SUBSTITUTE(SUBSTITUTE(SUBSTITUTE(SUBSTITUTE(SUBSTITUTE(SUBSTITUTE(SUBSTITUTE(UPPER(_xlpm.a)," ",""),"CONTROL","CTRL"),"CTL","CTRL"),"ESCAPE","ESC"),"RETURN","ENTER"),"PAGEDOWN","PGDN"),"PGDOWN","PGDN"),"PAGEUP","PGUP"),"ARROWKEYS","ARROW"),"ARROWKEY","ARROW"),"ARROWS","ARROW"),"DOWNARROW","DOWN"),"UPARROW","UP"),"LEFTARROW","LEFT"),"RIGHTARROW","RIGHT"),"ARROWDOWN","DOWN"),"ARROWUP","UP"),"ARROWLEFT","LEFT"),"ARROWRIGHT","RIGHT"),"↓","DOWN"),"↑","UP"),"←","LEFT"),"→","RIGHT"),"SPACEBAR","SPACE"),"−","-"),"MINUS","-"),"PLUS","+")=Key!$E$66:$F$66),"✔ CLEAR","✘ TRY AGAIN"))),"✘ TRY AGAIN")} | G69: {=IF(F69="","",IF(LEFT(F69,1)="✔",MIN(IF(H69="",1,H69)+1,5),1))} | J69: {=IF(OR(H69="",I69=""),"",IFERROR(I69+CHOOSE(H69,1,3,7,14,30),""))} | K69: {=IF(H69="","NEW",IF(J69="","DUE",IF(J69<=TODAY(),"DUE","in "&(J69-TODAY())&IF(J69-TODAY()=1," day"," days"))))} -> NEW
A70: 66 | B70: F2 | C70: F2-4 Multi-Level | D70: Which function tests several conditions in order without nesting? | F70: {=IFERROR(_xlfn.LET(_xlpm.a,Deck!$E$70,IF(TRIM(_xlpm.a&"")="","",IF(OR(SUBSTITUTE(SUBSTITUTE(SUBSTITUTE(SUBSTITUTE(SUBSTITUTE(SUBSTITUTE(SUBSTITUTE(SUBSTITUTE(SUBSTITUTE(SUBSTITUTE(SUBSTITUTE(SUBSTITUTE(SUBSTITUTE(SUBSTITUTE(SUBSTITUTE(SUBSTITUTE(SUBSTITUTE(SUBSTITUTE(SUBSTITUTE(SUBSTITUTE(SUBSTITUTE(SUBSTITUTE(SUBSTITUTE(SUBSTITUTE(SUBSTITUTE(SUBSTITUTE(SUBSTITUTE(UPPER(_xlpm.a)," ",""),"CONTROL","CTRL"),"CTL","CTRL"),"ESCAPE","ESC"),"RETURN","ENTER"),"PAGEDOWN","PGDN"),"PGDOWN","PGDN"),"PAGEUP","PGUP"),"ARROWKEYS","ARROW"),"ARROWKEY","ARROW"),"ARROWS","ARROW"),"DOWNARROW","DOWN"),"UPARROW","UP"),"LEFTARROW","LEFT"),"RIGHTARROW","RIGHT"),"ARROWDOWN","DOWN"),"ARROWUP","UP"),"ARROWLEFT","LEFT"),"ARROWRIGHT","RIGHT"),"↓","DOWN"),"↑","UP"),"←","LEFT"),"→","RIGHT"),"SPACEBAR","SPACE"),"−","-"),"MINUS","-"),"PLUS","+")=Key!$E$67:$J$67),"✔ CLEAR","✘ TRY AGAIN"))),"✘ TRY AGAIN")} | G70: {=IF(F70="","",IF(LEFT(F70,1)="✔",MIN(IF(H70="",1,H70)+1,5),1))} | J70: {=IF(OR(H70="",I70=""),"",IFERROR(I70+CHOOSE(H70,1,3,7,14,30),""))} | K70: {=IF(H70="","NEW",IF(J70="","DUE",IF(J70<=TODAY(),"DUE","in "&(J70-TODAY())&IF(J70-TODAY()=1," day"," days"))))} -> NEW
A71: 67 | B71: F2 | C71: F2-4 Multi-Level | D71: In IFS, what do you put as the last test to catch all remaining cases? | F71: {=IFERROR(_xlfn.LET(_xlpm.a,Deck!$E$71,IF(TRIM(_xlpm.a&"")="","",IF(OR(SUBSTITUTE(SUBSTITUTE(SUBSTITUTE(SUBSTITUTE(SUBSTITUTE(SUBSTITUTE(SUBSTITUTE(SUBSTITUTE(SUBSTITUTE(SUBSTITUTE(SUBSTITUTE(SUBSTITUTE(SUBSTITUTE(SUBSTITUTE(SUBSTITUTE(SUBSTITUTE(SUBSTITUTE(SUBSTITUTE(SUBSTITUTE(SUBSTITUTE(SUBSTITUTE(SUBSTITUTE(SUBSTITUTE(SUBSTITUTE(SUBSTITUTE(SUBSTITUTE(SUBSTITUTE(UPPER(_xlpm.a)," ",""),"CONTROL","CTRL"),"CTL","CTRL"),"ESCAPE","ESC"),"RETURN","ENTER"),"PAGEDOWN","PGDN"),"PGDOWN","PGDN"),"PAGEUP","PGUP"),"ARROWKEYS","ARROW"),"ARROWKEY","ARROW"),"ARROWS","ARROW"),"DOWNARROW","DOWN"),"UPARROW","UP"),"LEFTARROW","LEFT"),"RIGHTARROW","RIGHT"),"ARROWDOWN","DOWN"),"ARROWUP","UP"),"ARROWLEFT","LEFT"),"ARROWRIGHT","RIGHT"),"↓","DOWN"),"↑","UP"),"←","LEFT"),"→","RIGHT"),"SPACEBAR","SPACE"),"−","-"),"MINUS","-"),"PLUS","+")=Key!$E$68:$E$68),"✔ CLEAR","✘ TRY AGAIN"))),"✘ TRY AGAIN")} | G71: {=IF(F71="","",IF(LEFT(F71,1)="✔",MIN(IF(H71="",1,H71)+1,5),1))} | J71: {=IF(OR(H71="",I71=""),"",IFERROR(I71+CHOOSE(H71,1,3,7,14,30),""))} | K71: {=IF(H71="","NEW",IF(J71="","DUE",IF(J71<=TODAY(),"DUE","in "&(J71-TODAY())&IF(J71-TODAY()=1," day"," days"))))} -> NEW
A72: 68 | B72: F2 | C72: F2-5 Error Shield | D72: Which function replaces any error with your own value? | F72: {=IFERROR(_xlfn.LET(_xlpm.a,Deck!$E$72,IF(TRIM(_xlpm.a&"")="","",IF(OR(SUBSTITUTE(SUBSTITUTE(SUBSTITUTE(SUBSTITUTE(SUBSTITUTE(SUBSTITUTE(SUBSTITUTE(SUBSTITUTE(SUBSTITUTE(SUBSTITUTE(SUBSTITUTE(SUBSTITUTE(SUBSTITUTE(SUBSTITUTE(SUBSTITUTE(SUBSTITUTE(SUBSTITUTE(SUBSTITUTE(SUBSTITUTE(SUBSTITUTE(SUBSTITUTE(SUBSTITUTE(SUBSTITUTE(SUBSTITUTE(SUBSTITUTE(SUBSTITUTE(SUBSTITUTE(UPPER(_xlpm.a)," ",""),"CONTROL","CTRL"),"CTL","CTRL"),"ESCAPE","ESC"),"RETURN","ENTER"),"PAGEDOWN","PGDN"),"PGDOWN","PGDN"),"PAGEUP","PGUP"),"ARROWKEYS","ARROW"),"ARROWKEY","ARROW"),"ARROWS","ARROW"),"DOWNARROW","DOWN"),"UPARROW","UP"),"LEFTARROW","LEFT"),"RIGHTARROW","RIGHT"),"ARROWDOWN","DOWN"),"ARROWUP","UP"),"ARROWLEFT","LEFT"),"ARROWRIGHT","RIGHT"),"↓","DOWN"),"↑","UP"),"←","LEFT"),"→","RIGHT"),"SPACEBAR","SPACE"),"−","-"),"MINUS","-"),"PLUS","+")=Key!$E$69:$J$69),"✔ CLEAR","✘ TRY AGAIN"))),"✘ TRY AGAIN")} | G72: {=IF(F72="","",IF(LEFT(F72,1)="✔",MIN(IF(H72="",1,H72)+1,5),1))} | J72: {=IF(OR(H72="",I72=""),"",IFERROR(I72+CHOOSE(H72,1,3,7,14,30),""))} | K72: {=IF(H72="","NEW",IF(J72="","DUE",IF(J72<=TODAY(),"DUE","in "&(J72-TODAY())&IF(J72-TODAY()=1," day"," days"))))} -> NEW
A73: 69 | B73: F2 | C73: F2-5 Error Shield | D73: Which function replaces only the #N/A error? | F73: {=IFERROR(_xlfn.LET(_xlpm.a,Deck!$E$73,IF(TRIM(_xlpm.a&"")="","",IF(OR(SUBSTITUTE(SUBSTITUTE(SUBSTITUTE(SUBSTITUTE(SUBSTITUTE(SUBSTITUTE(SUBSTITUTE(SUBSTITUTE(SUBSTITUTE(SUBSTITUTE(SUBSTITUTE(SUBSTITUTE(SUBSTITUTE(SUBSTITUTE(SUBSTITUTE(SUBSTITUTE(SUBSTITUTE(SUBSTITUTE(SUBSTITUTE(SUBSTITUTE(SUBSTITUTE(SUBSTITUTE(SUBSTITUTE(SUBSTITUTE(SUBSTITUTE(SUBSTITUTE(SUBSTITUTE(UPPER(_xlpm.a)," ",""),"CONTROL","CTRL"),"CTL","CTRL"),"ESCAPE","ESC"),"RETURN","ENTER"),"PAGEDOWN","PGDN"),"PGDOWN","PGDN"),"PAGEUP","PGUP"),"ARROWKEYS","ARROW"),"ARROWKEY","ARROW"),"ARROWS","ARROW"),"DOWNARROW","DOWN"),"UPARROW","UP"),"LEFTARROW","LEFT"),"RIGHTARROW","RIGHT"),"ARROWDOWN","DOWN"),"ARROWUP","UP"),"ARROWLEFT","LEFT"),"ARROWRIGHT","RIGHT"),"↓","DOWN"),"↑","UP"),"←","LEFT"),"→","RIGHT"),"SPACEBAR","SPACE"),"−","-"),"MINUS","-"),"PLUS","+")=Key!$E$70:$J$70),"✔ CLEAR","✘ TRY AGAIN"))),"✘ TRY AGAIN")} | G73: {=IF(F73="","",IF(LEFT(F73,1)="✔",MIN(IF(H73="",1,H73)+1,5),1))} | J73: {=IF(OR(H73="",I73=""),"",IFERROR(I73+CHOOSE(H73,1,3,7,14,30),""))} | K73: {=IF(H73="","NEW",IF(J73="","DUE",IF(J73<=TODAY(),"DUE","in "&(J73-TODAY())&IF(J73-TODAY()=1," day"," days"))))} -> NEW
A74: 70 | B74: F2 | C74: F2-5 Error Shield | D74: Which function is TRUE when a cell is empty? | F74: {=IFERROR(_xlfn.LET(_xlpm.a,Deck!$E$74,IF(TRIM(_xlpm.a&"")="","",IF(OR(SUBSTITUTE(SUBSTITUTE(SUBSTITUTE(SUBSTITUTE(SUBSTITUTE(SUBSTITUTE(SUBSTITUTE(SUBSTITUTE(SUBSTITUTE(SUBSTITUTE(SUBSTITUTE(SUBSTITUTE(SUBSTITUTE(SUBSTITUTE(SUBSTITUTE(SUBSTITUTE(SUBSTITUTE(SUBSTITUTE(SUBSTITUTE(SUBSTITUTE(SUBSTITUTE(SUBSTITUTE(SUBSTITUTE(SUBSTITUTE(SUBSTITUTE(SUBSTITUTE(SUBSTITUTE(UPPER(_xlpm.a)," ",""),"CONTROL","CTRL"),"CTL","CTRL"),"ESCAPE","ESC"),"RETURN","ENTER"),"PAGEDOWN","PGDN"),"PGDOWN","PGDN"),"PAGEUP","PGUP"),"ARROWKEYS","ARROW"),"ARROWKEY","ARROW"),"ARROWS","ARROW"),"DOWNARROW","DOWN"),"UPARROW","UP"),"LEFTARROW","LEFT"),"RIGHTARROW","RIGHT"),"ARROWDOWN","DOWN"),"ARROWUP","UP"),"ARROWLEFT","LEFT"),"ARROWRIGHT","RIGHT"),"↓","DOWN"),"↑","UP"),"←","LEFT"),"→","RIGHT"),"SPACEBAR","SPACE"),"−","-"),"MINUS","-"),"PLUS","+")=Key!$E$71:$J$71),"✔ CLEAR","✘ TRY AGAIN"))),"✘ TRY AGAIN")} | G74: {=IF(F74="","",IF(LEFT(F74,1)="✔",MIN(IF(H74="",1,H74)+1,5),1))} | J74: {=IF(OR(H74="",I74=""),"",IFERROR(I74+CHOOSE(H74,1,3,7,14,30),""))} | K74: {=IF(H74="","NEW",IF(J74="","DUE",IF(J74<=TODAY(),"DUE","in "&(J74-TODAY())&IF(J74-TODAY()=1," day"," days"))))} -> NEW
A75: 71 | B75: F2 | C75: F2-5 Error Shield | D75: Which function is TRUE when a value is a number? | F75: {=IFERROR(_xlfn.LET(_xlpm.a,Deck!$E$75,IF(TRIM(_xlpm.a&"")="","",IF(OR(SUBSTITUTE(SUBSTITUTE(SUBSTITUTE(SUBSTITUTE(SUBSTITUTE(SUBSTITUTE(SUBSTITUTE(SUBSTITUTE(SUBSTITUTE(SUBSTITUTE(SUBSTITUTE(SUBSTITUTE(SUBSTITUTE(SUBSTITUTE(SUBSTITUTE(SUBSTITUTE(SUBSTITUTE(SUBSTITUTE(SUBSTITUTE(SUBSTITUTE(SUBSTITUTE(SUBSTITUTE(SUBSTITUTE(SUBSTITUTE(SUBSTITUTE(SUBSTITUTE(SUBSTITUTE(UPPER(_xlpm.a)," ",""),"CONTROL","CTRL"),"CTL","CTRL"),"ESCAPE","ESC"),"RETURN","ENTER"),"PAGEDOWN","PGDN"),"PGDOWN","PGDN"),"PAGEUP","PGUP"),"ARROWKEYS","ARROW"),"ARROWKEY","ARROW"),"ARROWS","ARROW"),"DOWNARROW","DOWN"),"UPARROW","UP"),"LEFTARROW","LEFT"),"RIGHTARROW","RIGHT"),"ARROWDOWN","DOWN"),"ARROWUP","UP"),"ARROWLEFT","LEFT"),"ARROWRIGHT","RIGHT"),"↓","DOWN"),"↑","UP"),"←","LEFT"),"→","RIGHT"),"SPACEBAR","SPACE"),"−","-"),"MINUS","-"),"PLUS","+")=Key!$E$72:$J$72),"✔ CLEAR","✘ TRY AGAIN"))),"✘ TRY AGAIN")} | G75: {=IF(F75="","",IF(LEFT(F75,1)="✔",MIN(IF(H75="",1,H75)+1,5),1))} | J75: {=IF(OR(H75="",I75=""),"",IFERROR(I75+CHOOSE(H75,1,3,7,14,30),""))} | K75: {=IF(H75="","NEW",IF(J75="","DUE",IF(J75<=TODAY(),"DUE","in "&(J75-TODAY())&IF(J75-TODAY()=1," day"," days"))))} -> NEW
A76: 72 | B76: S3 | C76: S3-1 Number Skins | D76: Which keys apply the Currency format? | F76: {=IFERROR(_xlfn.LET(_xlpm.a,Deck!$E$76,IF(TRIM(_xlpm.a&"")="","",IF(OR(SUBSTITUTE(SUBSTITUTE(SUBSTITUTE(SUBSTITUTE(SUBSTITUTE(SUBSTITUTE(SUBSTITUTE(SUBSTITUTE(SUBSTITUTE(SUBSTITUTE(SUBSTITUTE(SUBSTITUTE(SUBSTITUTE(SUBSTITUTE(SUBSTITUTE(SUBSTITUTE(SUBSTITUTE(SUBSTITUTE(SUBSTITUTE(SUBSTITUTE(SUBSTITUTE(SUBSTITUTE(SUBSTITUTE(SUBSTITUTE(SUBSTITUTE(SUBSTITUTE(SUBSTITUTE(UPPER(_xlpm.a)," ",""),"CONTROL","CTRL"),"CTL","CTRL"),"ESCAPE","ESC"),"RETURN","ENTER"),"PAGEDOWN","PGDN"),"PGDOWN","PGDN"),"PAGEUP","PGUP"),"ARROWKEYS","ARROW"),"ARROWKEY","ARROW"),"ARROWS","ARROW"),"DOWNARROW","DOWN"),"UPARROW","UP"),"LEFTARROW","LEFT"),"RIGHTARROW","RIGHT"),"ARROWDOWN","DOWN"),"ARROWUP","UP"),"ARROWLEFT","LEFT"),"ARROWRIGHT","RIGHT"),"↓","DOWN"),"↑","UP"),"←","LEFT"),"→","RIGHT"),"SPACEBAR","SPACE"),"−","-"),"MINUS","-"),"PLUS","+")=Key!$E$73:$H$73),"✔ CLEAR","✘ TRY AGAIN"))),"✘ TRY AGAIN")} | G76: {=IF(F76="","",IF(LEFT(F76,1)="✔",MIN(IF(H76="",1,H76)+1,5),1))} | J76: {=IF(OR(H76="",I76=""),"",IFERROR(I76+CHOOSE(H76,1,3,7,14,30),""))} | K76: {=IF(H76="","NEW",IF(J76="","DUE",IF(J76<=TODAY(),"DUE","in "&(J76-TODAY())&IF(J76-TODAY()=1," day"," days"))))} -> NEW
A77: 73 | B77: S3 | C77: S3-1 Number Skins | D77: Which keys apply the Percent format? | F77: {=IFERROR(_xlfn.LET(_xlpm.a,Deck!$E$77,IF(TRIM(_xlpm.a&"")="","",IF(OR(SUBSTITUTE(SUBSTITUTE(SUBSTITUTE(SUBSTITUTE(SUBSTITUTE(SUBSTITUTE(SUBSTITUTE(SUBSTITUTE(SUBSTITUTE(SUBSTITUTE(SUBSTITUTE(SUBSTITUTE(SUBSTITUTE(SUBSTITUTE(SUBSTITUTE(SUBSTITUTE(SUBSTITUTE(SUBSTITUTE(SUBSTITUTE(SUBSTITUTE(SUBSTITUTE(SUBSTITUTE(SUBSTITUTE(SUBSTITUTE(SUBSTITUTE(SUBSTITUTE(SUBSTITUTE(UPPER(_xlpm.a)," ",""),"CONTROL","CTRL"),"CTL","CTRL"),"ESCAPE","ESC"),"RETURN","ENTER"),"PAGEDOWN","PGDN"),"PGDOWN","PGDN"),"PAGEUP","PGUP"),"ARROWKEYS","ARROW"),"ARROWKEY","ARROW"),"ARROWS","ARROW"),"DOWNARROW","DOWN"),"UPARROW","UP"),"LEFTARROW","LEFT"),"RIGHTARROW","RIGHT"),"ARROWDOWN","DOWN"),"ARROWUP","UP"),"ARROWLEFT","LEFT"),"ARROWRIGHT","RIGHT"),"↓","DOWN"),"↑","UP"),"←","LEFT"),"→","RIGHT"),"SPACEBAR","SPACE"),"−","-"),"MINUS","-"),"PLUS","+")=Key!$E$74:$H$74),"✔ CLEAR","✘ TRY AGAIN"))),"✘ TRY AGAIN")} | G77: {=IF(F77="","",IF(LEFT(F77,1)="✔",MIN(IF(H77="",1,H77)+1,5),1))} | J77: {=IF(OR(H77="",I77=""),"",IFERROR(I77+CHOOSE(H77,1,3,7,14,30),""))} | K77: {=IF(H77="","NEW",IF(J77="","DUE",IF(J77<=TODAY(),"DUE","in "&(J77-TODAY())&IF(J77-TODAY()=1," day"," days"))))} -> NEW
A78: 74 | B78: S3 | C78: S3-1 Number Skins | D78: Which keys apply the Number format with a thousands separator? | F78: {=IFERROR(_xlfn.LET(_xlpm.a,Deck!$E$78,IF(TRIM(_xlpm.a&"")="","",IF(OR(SUBSTITUTE(SUBSTITUTE(SUBSTITUTE(SUBSTITUTE(SUBSTITUTE(SUBSTITUTE(SUBSTITUTE(SUBSTITUTE(SUBSTITUTE(SUBSTITUTE(SUBSTITUTE(SUBSTITUTE(SUBSTITUTE(SUBSTITUTE(SUBSTITUTE(SUBSTITUTE(SUBSTITUTE(SUBSTITUTE(SUBSTITUTE(SUBSTITUTE(SUBSTITUTE(SUBSTITUTE(SUBSTITUTE(SUBSTITUTE(SUBSTITUTE(SUBSTITUTE(SUBSTITUTE(UPPER(_xlpm.a)," ",""),"CONTROL","CTRL"),"CTL","CTRL"),"ESCAPE","ESC"),"RETURN","ENTER"),"PAGEDOWN","PGDN"),"PGDOWN","PGDN"),"PAGEUP","PGUP"),"ARROWKEYS","ARROW"),"ARROWKEY","ARROW"),"ARROWS","ARROW"),"DOWNARROW","DOWN"),"UPARROW","UP"),"LEFTARROW","LEFT"),"RIGHTARROW","RIGHT"),"ARROWDOWN","DOWN"),"ARROWUP","UP"),"ARROWLEFT","LEFT"),"ARROWRIGHT","RIGHT"),"↓","DOWN"),"↑","UP"),"←","LEFT"),"→","RIGHT"),"SPACEBAR","SPACE"),"−","-"),"MINUS","-"),"PLUS","+")=Key!$E$75:$H$75),"✔ CLEAR","✘ TRY AGAIN"))),"✘ TRY AGAIN")} | G78: {=IF(F78="","",IF(LEFT(F78,1)="✔",MIN(IF(H78="",1,H78)+1,5),1))} | J78: {=IF(OR(H78="",I78=""),"",IFERROR(I78+CHOOSE(H78,1,3,7,14,30),""))} | K78: {=IF(H78="","NEW",IF(J78="","DUE",IF(J78<=TODAY(),"DUE","in "&(J78-TODAY())&IF(J78-TODAY()=1," day"," days"))))} -> NEW
A79: 75 | B79: S3 | C79: S3-1 Number Skins | D79: Which keys apply the Date format? | F79: {=IFERROR(_xlfn.LET(_xlpm.a,Deck!$E$79,IF(TRIM(_xlpm.a&"")="","",IF(OR(SUBSTITUTE(SUBSTITUTE(SUBSTITUTE(SUBSTITUTE(SUBSTITUTE(SUBSTITUTE(SUBSTITUTE(SUBSTITUTE(SUBSTITUTE(SUBSTITUTE(SUBSTITUTE(SUBSTITUTE(SUBSTITUTE(SUBSTITUTE(SUBSTITUTE(SUBSTITUTE(SUBSTITUTE(SUBSTITUTE(SUBSTITUTE(SUBSTITUTE(SUBSTITUTE(SUBSTITUTE(SUBSTITUTE(SUBSTITUTE(SUBSTITUTE(SUBSTITUTE(SUBSTITUTE(UPPER(_xlpm.a)," ",""),"CONTROL","CTRL"),"CTL","CTRL"),"ESCAPE","ESC"),"RETURN","ENTER"),"PAGEDOWN","PGDN"),"PGDOWN","PGDN"),"PAGEUP","PGUP"),"ARROWKEYS","ARROW"),"ARROWKEY","ARROW"),"ARROWS","ARROW"),"DOWNARROW","DOWN"),"UPARROW","UP"),"LEFTARROW","LEFT"),"RIGHTARROW","RIGHT"),"ARROWDOWN","DOWN"),"ARROWUP","UP"),"ARROWLEFT","LEFT"),"ARROWRIGHT","RIGHT"),"↓","DOWN"),"↑","UP"),"←","LEFT"),"→","RIGHT"),"SPACEBAR","SPACE"),"−","-"),"MINUS","-"),"PLUS","+")=Key!$E$76:$H$76),"✔ CLEAR","✘ TRY AGAIN"))),"✘ TRY AGAIN")} | G79: {=IF(F79="","",IF(LEFT(F79,1)="✔",MIN(IF(H79="",1,H79)+1,5),1))} | J79: {=IF(OR(H79="",I79=""),"",IFERROR(I79+CHOOSE(H79,1,3,7,14,30),""))} | K79: {=IF(H79="","NEW",IF(J79="","DUE",IF(J79<=TODAY(),"DUE","in "&(J79-TODAY())&IF(J79-TODAY()=1," day"," days"))))} -> NEW
A80: 76 | B80: S3 | C80: S3-1 Number Skins | D80: Which keys apply the Time format? | F80: {=IFERROR(_xlfn.LET(_xlpm.a,Deck!$E$80,IF(TRIM(_xlpm.a&"")="","",IF(OR(SUBSTITUTE(SUBSTITUTE(SUBSTITUTE(SUBSTITUTE(SUBSTITUTE(SUBSTITUTE(SUBSTITUTE(SUBSTITUTE(SUBSTITUTE(SUBSTITUTE(SUBSTITUTE(SUBSTITUTE(SUBSTITUTE(SUBSTITUTE(SUBSTITUTE(SUBSTITUTE(SUBSTITUTE(SUBSTITUTE(SUBSTITUTE(SUBSTITUTE(SUBSTITUTE(SUBSTITUTE(SUBSTITUTE(SUBSTITUTE(SUBSTITUTE(SUBSTITUTE(SUBSTITUTE(UPPER(_xlpm.a)," ",""),"CONTROL","CTRL"),"CTL","CTRL"),"ESCAPE","ESC"),"RETURN","ENTER"),"PAGEDOWN","PGDN"),"PGDOWN","PGDN"),"PAGEUP","PGUP"),"ARROWKEYS","ARROW"),"ARROWKEY","ARROW"),"ARROWS","ARROW"),"DOWNARROW","DOWN"),"UPARROW","UP"),"LEFTARROW","LEFT"),"RIGHTARROW","RIGHT"),"ARROWDOWN","DOWN"),"ARROWUP","UP"),"ARROWLEFT","LEFT"),"ARROWRIGHT","RIGHT"),"↓","DOWN"),"↑","UP"),"←","LEFT"),"→","RIGHT"),"SPACEBAR","SPACE"),"−","-"),"MINUS","-"),"PLUS","+")=Key!$E$77:$H$77),"✔ CLEAR","✘ TRY AGAIN"))),"✘ TRY AGAIN")} | G80: {=IF(F80="","",IF(LEFT(F80,1)="✔",MIN(IF(H80="",1,H80)+1,5),1))} | J80: {=IF(OR(H80="",I80=""),"",IFERROR(I80+CHOOSE(H80,1,3,7,14,30),""))} | K80: {=IF(H80="","NEW",IF(J80="","DUE",IF(J80<=TODAY(),"DUE","in "&(J80-TODAY())&IF(J80-TODAY()=1," day"," days"))))} -> NEW
A81: 77 | B81: S3 | C81: S3-1 Number Skins | D81: Which keys reset a cell to the General format? | F81: {=IFERROR(_xlfn.LET(_xlpm.a,Deck!$E$81,IF(TRIM(_xlpm.a&"")="","",IF(OR(SUBSTITUTE(SUBSTITUTE(SUBSTITUTE(SUBSTITUTE(SUBSTITUTE(SUBSTITUTE(SUBSTITUTE(SUBSTITUTE(SUBSTITUTE(SUBSTITUTE(SUBSTITUTE(SUBSTITUTE(SUBSTITUTE(SUBSTITUTE(SUBSTITUTE(SUBSTITUTE(SUBSTITUTE(SUBSTITUTE(SUBSTITUTE(SUBSTITUTE(SUBSTITUTE(SUBSTITUTE(SUBSTITUTE(SUBSTITUTE(SUBSTITUTE(SUBSTITUTE(SUBSTITUTE(UPPER(_xlpm.a)," ",""),"CONTROL","CTRL"),"CTL","CTRL"),"ESCAPE","ESC"),"RETURN","ENTER"),"PAGEDOWN","PGDN"),"PGDOWN","PGDN"),"PAGEUP","PGUP"),"ARROWKEYS","ARROW"),"ARROWKEY","ARROW"),"ARROWS","ARROW"),"DOWNARROW","DOWN"),"UPARROW","UP"),"LEFTARROW","LEFT"),"RIGHTARROW","RIGHT"),"ARROWDOWN","DOWN"),"ARROWUP","UP"),"ARROWLEFT","LEFT"),"ARROWRIGHT","RIGHT"),"↓","DOWN"),"↑","UP"),"←","LEFT"),"→","RIGHT"),"SPACEBAR","SPACE"),"−","-"),"MINUS","-"),"PLUS","+")=Key!$E$78:$H$78),"✔ CLEAR","✘ TRY AGAIN"))),"✘ TRY AGAIN")} | G81: {=IF(F81="","",IF(LEFT(F81,1)="✔",MIN(IF(H81="",1,H81)+1,5),1))} | J81: {=IF(OR(H81="",I81=""),"",IFERROR(I81+CHOOSE(H81,1,3,7,14,30),""))} | K81: {=IF(H81="","NEW",IF(J81="","DUE",IF(J81<=TODAY(),"DUE","in "&(J81-TODAY())&IF(J81-TODAY()=1," day"," days"))))} -> NEW
A82: 78 | B82: S3 | C82: S3-2 Text Style | D82: Which keys toggle bold? | F82: {=IFERROR(_xlfn.LET(_xlpm.a,Deck!$E$82,IF(TRIM(_xlpm.a&"")="","",IF(OR(SUBSTITUTE(SUBSTITUTE(SUBSTITUTE(SUBSTITUTE(SUBSTITUTE(SUBSTITUTE(SUBSTITUTE(SUBSTITUTE(SUBSTITUTE(SUBSTITUTE(SUBSTITUTE(SUBSTITUTE(SUBSTITUTE(SUBSTITUTE(SUBSTITUTE(SUBSTITUTE(SUBSTITUTE(SUBSTITUTE(SUBSTITUTE(SUBSTITUTE(SUBSTITUTE(SUBSTITUTE(SUBSTITUTE(SUBSTITUTE(SUBSTITUTE(SUBSTITUTE(SUBSTITUTE(UPPER(_xlpm.a)," ",""),"CONTROL","CTRL"),"CTL","CTRL"),"ESCAPE","ESC"),"RETURN","ENTER"),"PAGEDOWN","PGDN"),"PGDOWN","PGDN"),"PAGEUP","PGUP"),"ARROWKEYS","ARROW"),"ARROWKEY","ARROW"),"ARROWS","ARROW"),"DOWNARROW","DOWN"),"UPARROW","UP"),"LEFTARROW","LEFT"),"RIGHTARROW","RIGHT"),"ARROWDOWN","DOWN"),"ARROWUP","UP"),"ARROWLEFT","LEFT"),"ARROWRIGHT","RIGHT"),"↓","DOWN"),"↑","UP"),"←","LEFT"),"→","RIGHT"),"SPACEBAR","SPACE"),"−","-"),"MINUS","-"),"PLUS","+")=Key!$E$79:$F$79),"✔ CLEAR","✘ TRY AGAIN"))),"✘ TRY AGAIN")} | G82: {=IF(F82="","",IF(LEFT(F82,1)="✔",MIN(IF(H82="",1,H82)+1,5),1))} | J82: {=IF(OR(H82="",I82=""),"",IFERROR(I82+CHOOSE(H82,1,3,7,14,30),""))} | K82: {=IF(H82="","NEW",IF(J82="","DUE",IF(J82<=TODAY(),"DUE","in "&(J82-TODAY())&IF(J82-TODAY()=1," day"," days"))))} -> NEW
A83: 79 | B83: S3 | C83: S3-2 Text Style | D83: Which keys toggle italic? | F83: {=IFERROR(_xlfn.LET(_xlpm.a,Deck!$E$83,IF(TRIM(_xlpm.a&"")="","",IF(OR(SUBSTITUTE(SUBSTITUTE(SUBSTITUTE(SUBSTITUTE(SUBSTITUTE(SUBSTITUTE(SUBSTITUTE(SUBSTITUTE(SUBSTITUTE(SUBSTITUTE(SUBSTITUTE(SUBSTITUTE(SUBSTITUTE(SUBSTITUTE(SUBSTITUTE(SUBSTITUTE(SUBSTITUTE(SUBSTITUTE(SUBSTITUTE(SUBSTITUTE(SUBSTITUTE(SUBSTITUTE(SUBSTITUTE(SUBSTITUTE(SUBSTITUTE(SUBSTITUTE(SUBSTITUTE(UPPER(_xlpm.a)," ",""),"CONTROL","CTRL"),"CTL","CTRL"),"ESCAPE","ESC"),"RETURN","ENTER"),"PAGEDOWN","PGDN"),"PGDOWN","PGDN"),"PAGEUP","PGUP"),"ARROWKEYS","ARROW"),"ARROWKEY","ARROW"),"ARROWS","ARROW"),"DOWNARROW","DOWN"),"UPARROW","UP"),"LEFTARROW","LEFT"),"RIGHTARROW","RIGHT"),"ARROWDOWN","DOWN"),"ARROWUP","UP"),"ARROWLEFT","LEFT"),"ARROWRIGHT","RIGHT"),"↓","DOWN"),"↑","UP"),"←","LEFT"),"→","RIGHT"),"SPACEBAR","SPACE"),"−","-"),"MINUS","-"),"PLUS","+")=Key!$E$80:$F$80),"✔ CLEAR","✘ TRY AGAIN"))),"✘ TRY AGAIN")} | G83: {=IF(F83="","",IF(LEFT(F83,1)="✔",MIN(IF(H83="",1,H83)+1,5),1))} | J83: {=IF(OR(H83="",I83=""),"",IFERROR(I83+CHOOSE(H83,1,3,7,14,30),""))} | K83: {=IF(H83="","NEW",IF(J83="","DUE",IF(J83<=TODAY(),"DUE","in "&(J83-TODAY())&IF(J83-TODAY()=1," day"," days"))))} -> NEW
A84: 80 | B84: S3 | C84: S3-2 Text Style | D84: Which keys toggle underline? | F84: {=IFERROR(_xlfn.LET(_xlpm.a,Deck!$E$84,IF(TRIM(_xlpm.a&"")="","",IF(OR(SUBSTITUTE(SUBSTITUTE(SUBSTITUTE(SUBSTITUTE(SUBSTITUTE(SUBSTITUTE(SUBSTITUTE(SUBSTITUTE(SUBSTITUTE(SUBSTITUTE(SUBSTITUTE(SUBSTITUTE(SUBSTITUTE(SUBSTITUTE(SUBSTITUTE(SUBSTITUTE(SUBSTITUTE(SUBSTITUTE(SUBSTITUTE(SUBSTITUTE(SUBSTITUTE(SUBSTITUTE(SUBSTITUTE(SUBSTITUTE(SUBSTITUTE(SUBSTITUTE(SUBSTITUTE(UPPER(_xlpm.a)," ",""),"CONTROL","CTRL"),"CTL","CTRL"),"ESCAPE","ESC"),"RETURN","ENTER"),"PAGEDOWN","PGDN"),"PGDOWN","PGDN"),"PAGEUP","PGUP"),"ARROWKEYS","ARROW"),"ARROWKEY","ARROW"),"ARROWS","ARROW"),"DOWNARROW","DOWN"),"UPARROW","UP"),"LEFTARROW","LEFT"),"RIGHTARROW","RIGHT"),"ARROWDOWN","DOWN"),"ARROWUP","UP"),"ARROWLEFT","LEFT"),"ARROWRIGHT","RIGHT"),"↓","DOWN"),"↑","UP"),"←","LEFT"),"→","RIGHT"),"SPACEBAR","SPACE"),"−","-"),"MINUS","-"),"PLUS","+")=Key!$E$81:$F$81),"✔ CLEAR","✘ TRY AGAIN"))),"✘ TRY AGAIN")} | G84: {=IF(F84="","",IF(LEFT(F84,1)="✔",MIN(IF(H84="",1,H84)+1,5),1))} | J84: {=IF(OR(H84="",I84=""),"",IFERROR(I84+CHOOSE(H84,1,3,7,14,30),""))} | K84: {=IF(H84="","NEW",IF(J84="","DUE",IF(J84<=TODAY(),"DUE","in "&(J84-TODAY())&IF(J84-TODAY()=1," day"," days"))))} -> NEW
A85: 81 | B85: S3 | C85: S3-2 Text Style | D85: Which keys toggle strikethrough? | F85: {=IFERROR(_xlfn.LET(_xlpm.a,Deck!$E$85,IF(TRIM(_xlpm.a&"")="","",IF(OR(SUBSTITUTE(SUBSTITUTE(SUBSTITUTE(SUBSTITUTE(SUBSTITUTE(SUBSTITUTE(SUBSTITUTE(SUBSTITUTE(SUBSTITUTE(SUBSTITUTE(SUBSTITUTE(SUBSTITUTE(SUBSTITUTE(SUBSTITUTE(SUBSTITUTE(SUBSTITUTE(SUBSTITUTE(SUBSTITUTE(SUBSTITUTE(SUBSTITUTE(SUBSTITUTE(SUBSTITUTE(SUBSTITUTE(SUBSTITUTE(SUBSTITUTE(SUBSTITUTE(SUBSTITUTE(UPPER(_xlpm.a)," ",""),"CONTROL","CTRL"),"CTL","CTRL"),"ESCAPE","ESC"),"RETURN","ENTER"),"PAGEDOWN","PGDN"),"PGDOWN","PGDN"),"PAGEUP","PGUP"),"ARROWKEYS","ARROW"),"ARROWKEY","ARROW"),"ARROWS","ARROW"),"DOWNARROW","DOWN"),"UPARROW","UP"),"LEFTARROW","LEFT"),"RIGHTARROW","RIGHT"),"ARROWDOWN","DOWN"),"ARROWUP","UP"),"ARROWLEFT","LEFT"),"ARROWRIGHT","RIGHT"),"↓","DOWN"),"↑","UP"),"←","LEFT"),"→","RIGHT"),"SPACEBAR","SPACE"),"−","-"),"MINUS","-"),"PLUS","+")=Key!$E$82:$E$82),"✔ CLEAR","✘ TRY AGAIN"))),"✘ TRY AGAIN")} | G85: {=IF(F85="","",IF(LEFT(F85,1)="✔",MIN(IF(H85="",1,H85)+1,5),1))} | J85: {=IF(OR(H85="",I85=""),"",IFERROR(I85+CHOOSE(H85,1,3,7,14,30),""))} | K85: {=IF(H85="","NEW",IF(J85="","DUE",IF(J85<=TODAY(),"DUE","in "&(J85-TODAY())&IF(J85-TODAY()=1," day"," days"))))} -> NEW
A86: 82 | B86: S3 | C86: S3-3 Format Power | D86: Which keys open the Format Cells dialog? | F86: {=IFERROR(_xlfn.LET(_xlpm.a,Deck!$E$86,IF(TRIM(_xlpm.a&"")="","",IF(OR(SUBSTITUTE(SUBSTITUTE(SUBSTITUTE(SUBSTITUTE(SUBSTITUTE(SUBSTITUTE(SUBSTITUTE(SUBSTITUTE(SUBSTITUTE(SUBSTITUTE(SUBSTITUTE(SUBSTITUTE(SUBSTITUTE(SUBSTITUTE(SUBSTITUTE(SUBSTITUTE(SUBSTITUTE(SUBSTITUTE(SUBSTITUTE(SUBSTITUTE(SUBSTITUTE(SUBSTITUTE(SUBSTITUTE(SUBSTITUTE(SUBSTITUTE(SUBSTITUTE(SUBSTITUTE(UPPER(_xlpm.a)," ",""),"CONTROL","CTRL"),"CTL","CTRL"),"ESCAPE","ESC"),"RETURN","ENTER"),"PAGEDOWN","PGDN"),"PGDOWN","PGDN"),"PAGEUP","PGUP"),"ARROWKEYS","ARROW"),"ARROWKEY","ARROW"),"ARROWS","ARROW"),"DOWNARROW","DOWN"),"UPARROW","UP"),"LEFTARROW","LEFT"),"RIGHTARROW","RIGHT"),"ARROWDOWN","DOWN"),"ARROWUP","UP"),"ARROWLEFT","LEFT"),"ARROWRIGHT","RIGHT"),"↓","DOWN"),"↑","UP"),"←","LEFT"),"→","RIGHT"),"SPACEBAR","SPACE"),"−","-"),"MINUS","-"),"PLUS","+")=Key!$E$83:$E$83),"✔ CLEAR","✘ TRY AGAIN"))),"✘ TRY AGAIN")} | G86: {=IF(F86="","",IF(LEFT(F86,1)="✔",MIN(IF(H86="",1,H86)+1,5),1))} | J86: {=IF(OR(H86="",I86=""),"",IFERROR(I86+CHOOSE(H86,1,3,7,14,30),""))} | K86: {=IF(H86="","NEW",IF(J86="","DUE",IF(J86<=TODAY(),"DUE","in "&(J86-TODAY())&IF(J86-TODAY()=1," day"," days"))))} -> NEW
A87: 83 | B87: S3 | C87: S3-3 Format Power | D87: Which keys add an outline border? | F87: {=IFERROR(_xlfn.LET(_xlpm.a,Deck!$E$87,IF(TRIM(_xlpm.a&"")="","",IF(OR(SUBSTITUTE(SUBSTITUTE(SUBSTITUTE(SUBSTITUTE(SUBSTITUTE(SUBSTITUTE(SUBSTITUTE(SUBSTITUTE(SUBSTITUTE(SUBSTITUTE(SUBSTITUTE(SUBSTITUTE(SUBSTITUTE(SUBSTITUTE(SUBSTITUTE(SUBSTITUTE(SUBSTITUTE(SUBSTITUTE(SUBSTITUTE(SUBSTITUTE(SUBSTITUTE(SUBSTITUTE(SUBSTITUTE(SUBSTITUTE(SUBSTITUTE(SUBSTITUTE(SUBSTITUTE(UPPER(_xlpm.a)," ",""),"CONTROL","CTRL"),"CTL","CTRL"),"ESCAPE","ESC"),"RETURN","ENTER"),"PAGEDOWN","PGDN"),"PGDOWN","PGDN"),"PAGEUP","PGUP"),"ARROWKEYS","ARROW"),"ARROWKEY","ARROW"),"ARROWS","ARROW"),"DOWNARROW","DOWN"),"UPARROW","UP"),"LEFTARROW","LEFT"),"RIGHTARROW","RIGHT"),"ARROWDOWN","DOWN"),"ARROWUP","UP"),"ARROWLEFT","LEFT"),"ARROWRIGHT","RIGHT"),"↓","DOWN"),"↑","UP"),"←","LEFT"),"→","RIGHT"),"SPACEBAR","SPACE"),"−","-"),"MINUS","-"),"PLUS","+")=Key!$E$84:$H$84),"✔ CLEAR","✘ TRY AGAIN"))),"✘ TRY AGAIN")} | G87: {=IF(F87="","",IF(LEFT(F87,1)="✔",MIN(IF(H87="",1,H87)+1,5),1))} | J87: {=IF(OR(H87="",I87=""),"",IFERROR(I87+CHOOSE(H87,1,3,7,14,30),""))} | K87: {=IF(H87="","NEW",IF(J87="","DUE",IF(J87<=TODAY(),"DUE","in "&(J87-TODAY())&IF(J87-TODAY()=1," day"," days"))))} -> NEW
A88: 84 | B88: S3 | C88: S3-3 Format Power | D88: Which keys remove the outline border? | F88: {=IFERROR(_xlfn.LET(_xlpm.a,Deck!$E$88,IF(TRIM(_xlpm.a&"")="","",IF(OR(SUBSTITUTE(SUBSTITUTE(SUBSTITUTE(SUBSTITUTE(SUBSTITUTE(SUBSTITUTE(SUBSTITUTE(SUBSTITUTE(SUBSTITUTE(SUBSTITUTE(SUBSTITUTE(SUBSTITUTE(SUBSTITUTE(SUBSTITUTE(SUBSTITUTE(SUBSTITUTE(SUBSTITUTE(SUBSTITUTE(SUBSTITUTE(SUBSTITUTE(SUBSTITUTE(SUBSTITUTE(SUBSTITUTE(SUBSTITUTE(SUBSTITUTE(SUBSTITUTE(SUBSTITUTE(UPPER(_xlpm.a)," ",""),"CONTROL","CTRL"),"CTL","CTRL"),"ESCAPE","ESC"),"RETURN","ENTER"),"PAGEDOWN","PGDN"),"PGDOWN","PGDN"),"PAGEUP","PGUP"),"ARROWKEYS","ARROW"),"ARROWKEY","ARROW"),"ARROWS","ARROW"),"DOWNARROW","DOWN"),"UPARROW","UP"),"LEFTARROW","LEFT"),"RIGHTARROW","RIGHT"),"ARROWDOWN","DOWN"),"ARROWUP","UP"),"ARROWLEFT","LEFT"),"ARROWRIGHT","RIGHT"),"↓","DOWN"),"↑","UP"),"←","LEFT"),"→","RIGHT"),"SPACEBAR","SPACE"),"−","-"),"MINUS","-"),"PLUS","+")=Key!$E$85:$H$85),"✔ CLEAR","✘ TRY AGAIN"))),"✘ TRY AGAIN")} | G88: {=IF(F88="","",IF(LEFT(F88,1)="✔",MIN(IF(H88="",1,H88)+1,5),1))} | J88: {=IF(OR(H88="",I88=""),"",IFERROR(I88+CHOOSE(H88,1,3,7,14,30),""))} | K88: {=IF(H88="","NEW",IF(J88="","DUE",IF(J88<=TODAY(),"DUE","in "&(J88-TODAY())&IF(J88-TODAY()=1," day"," days"))))} -> NEW
A89: 85 | B89: S3 | C89: S3-3 Format Power | D89: Which key shows the ribbon KeyTips? | F89: {=IFERROR(_xlfn.LET(_xlpm.a,Deck!$E$89,IF(TRIM(_xlpm.a&"")="","",IF(OR(SUBSTITUTE(SUBSTITUTE(SUBSTITUTE(SUBSTITUTE(SUBSTITUTE(SUBSTITUTE(SUBSTITUTE(SUBSTITUTE(SUBSTITUTE(SUBSTITUTE(SUBSTITUTE(SUBSTITUTE(SUBSTITUTE(SUBSTITUTE(SUBSTITUTE(SUBSTITUTE(SUBSTITUTE(SUBSTITUTE(SUBSTITUTE(SUBSTITUTE(SUBSTITUTE(SUBSTITUTE(SUBSTITUTE(SUBSTITUTE(SUBSTITUTE(SUBSTITUTE(SUBSTITUTE(UPPER(_xlpm.a)," ",""),"CONTROL","CTRL"),"CTL","CTRL"),"ESCAPE","ESC"),"RETURN","ENTER"),"PAGEDOWN","PGDN"),"PGDOWN","PGDN"),"PAGEUP","PGUP"),"ARROWKEYS","ARROW"),"ARROWKEY","ARROW"),"ARROWS","ARROW"),"DOWNARROW","DOWN"),"UPARROW","UP"),"LEFTARROW","LEFT"),"RIGHTARROW","RIGHT"),"ARROWDOWN","DOWN"),"ARROWUP","UP"),"ARROWLEFT","LEFT"),"ARROWRIGHT","RIGHT"),"↓","DOWN"),"↑","UP"),"←","LEFT"),"→","RIGHT"),"SPACEBAR","SPACE"),"−","-"),"MINUS","-"),"PLUS","+")=Key!$E$86:$F$86),"✔ CLEAR","✘ TRY AGAIN"))),"✘ TRY AGAIN")} | G89: {=IF(F89="","",IF(LEFT(F89,1)="✔",MIN(IF(H89="",1,H89)+1,5),1))} | J89: {=IF(OR(H89="",I89=""),"",IFERROR(I89+CHOOSE(H89,1,3,7,14,30),""))} | K89: {=IF(H89="","NEW",IF(J89="","DUE",IF(J89<=TODAY(),"DUE","in "&(J89-TODAY())&IF(J89-TODAY()=1," day"," days"))))} -> NEW
A90: 86 | B90: S3 | C90: S3-3 Format Power | D90: Which KeyTips center the selected cells? | F90: {=IFERROR(_xlfn.LET(_xlpm.a,Deck!$E$90,IF(TRIM(_xlpm.a&"")="","",IF(OR(SUBSTITUTE(SUBSTITUTE(SUBSTITUTE(SUBSTITUTE(SUBSTITUTE(SUBSTITUTE(SUBSTITUTE(SUBSTITUTE(SUBSTITUTE(SUBSTITUTE(SUBSTITUTE(SUBSTITUTE(SUBSTITUTE(SUBSTITUTE(SUBSTITUTE(SUBSTITUTE(SUBSTITUTE(SUBSTITUTE(SUBSTITUTE(SUBSTITUTE(SUBSTITUTE(SUBSTITUTE(SUBSTITUTE(SUBSTITUTE(SUBSTITUTE(SUBSTITUTE(SUBSTITUTE(UPPER(_xlpm.a)," ",""),"CONTROL","CTRL"),"CTL","CTRL"),"ESCAPE","ESC"),"RETURN","ENTER"),"PAGEDOWN","PGDN"),"PGDOWN","PGDN"),"PAGEUP","PGUP"),"ARROWKEYS","ARROW"),"ARROWKEY","ARROW"),"ARROWS","ARROW"),"DOWNARROW","DOWN"),"UPARROW","UP"),"LEFTARROW","LEFT"),"RIGHTARROW","RIGHT"),"ARROWDOWN","DOWN"),"ARROWUP","UP"),"ARROWLEFT","LEFT"),"ARROWRIGHT","RIGHT"),"↓","DOWN"),"↑","UP"),"←","LEFT"),"→","RIGHT"),"SPACEBAR","SPACE"),"−","-"),"MINUS","-"),"PLUS","+")=Key!$E$87:$T$87),"✔ CLEAR","✘ TRY AGAIN"))),"✘ TRY AGAIN")} | G90: {=IF(F90="","",IF(LEFT(F90,1)="✔",MIN(IF(H90="",1,H90)+1,5),1))} | J90: {=IF(OR(H90="",I90=""),"",IFERROR(I90+CHOOSE(H90,1,3,7,14,30),""))} | K90: {=IF(H90="","NEW",IF(J90="","DUE",IF(J90<=TODAY(),"DUE","in "&(J90-TODAY())&IF(J90-TODAY()=1," day"," days"))))} -> NEW
A91: 87 | B91: S3 | C91: S3-3 Format Power | D91: Which KeyTips open the Fill Color menu? | F91: {=IFERROR(_xlfn.LET(_xlpm.a,Deck!$E$91,IF(TRIM(_xlpm.a&"")="","",IF(OR(SUBSTITUTE(SUBSTITUTE(SUBSTITUTE(SUBSTITUTE(SUBSTITUTE(SUBSTITUTE(SUBSTITUTE(SUBSTITUTE(SUBSTITUTE(SUBSTITUTE(SUBSTITUTE(SUBSTITUTE(SUBSTITUTE(SUBSTITUTE(SUBSTITUTE(SUBSTITUTE(SUBSTITUTE(SUBSTITUTE(SUBSTITUTE(SUBSTITUTE(SUBSTITUTE(SUBSTITUTE(SUBSTITUTE(SUBSTITUTE(SUBSTITUTE(SUBSTITUTE(SUBSTITUTE(UPPER(_xlpm.a)," ",""),"CONTROL","CTRL"),"CTL","CTRL"),"ESCAPE","ESC"),"RETURN","ENTER"),"PAGEDOWN","PGDN"),"PGDOWN","PGDN"),"PAGEUP","PGUP"),"ARROWKEYS","ARROW"),"ARROWKEY","ARROW"),"ARROWS","ARROW"),"DOWNARROW","DOWN"),"UPARROW","UP"),"LEFTARROW","LEFT"),"RIGHTARROW","RIGHT"),"ARROWDOWN","DOWN"),"ARROWUP","UP"),"ARROWLEFT","LEFT"),"ARROWRIGHT","RIGHT"),"↓","DOWN"),"↑","UP"),"←","LEFT"),"→","RIGHT"),"SPACEBAR","SPACE"),"−","-"),"MINUS","-"),"PLUS","+")=Key!$E$88:$T$88),"✔ CLEAR","✘ TRY AGAIN"))),"✘ TRY AGAIN")} | G91: {=IF(F91="","",IF(LEFT(F91,1)="✔",MIN(IF(H91="",1,H91)+1,5),1))} | J91: {=IF(OR(H91="",I91=""),"",IFERROR(I91+CHOOSE(H91,1,3,7,14,30),""))} | K91: {=IF(H91="","NEW",IF(J91="","DUE",IF(J91<=TODAY(),"DUE","in "&(J91-TODAY())&IF(J91-TODAY()=1," day"," days"))))} -> NEW
A92: 88 | B92: S3 | C92: S3-3 Format Power | D92: Which key repeats your last action? | F92: {=IFERROR(_xlfn.LET(_xlpm.a,Deck!$E$92,IF(TRIM(_xlpm.a&"")="","",IF(OR(SUBSTITUTE(SUBSTITUTE(SUBSTITUTE(SUBSTITUTE(SUBSTITUTE(SUBSTITUTE(SUBSTITUTE(SUBSTITUTE(SUBSTITUTE(SUBSTITUTE(SUBSTITUTE(SUBSTITUTE(SUBSTITUTE(SUBSTITUTE(SUBSTITUTE(SUBSTITUTE(SUBSTITUTE(SUBSTITUTE(SUBSTITUTE(SUBSTITUTE(SUBSTITUTE(SUBSTITUTE(SUBSTITUTE(SUBSTITUTE(SUBSTITUTE(SUBSTITUTE(SUBSTITUTE(UPPER(_xlpm.a)," ",""),"CONTROL","CTRL"),"CTL","CTRL"),"ESCAPE","ESC"),"RETURN","ENTER"),"PAGEDOWN","PGDN"),"PGDOWN","PGDN"),"PAGEUP","PGUP"),"ARROWKEYS","ARROW"),"ARROWKEY","ARROW"),"ARROWS","ARROW"),"DOWNARROW","DOWN"),"UPARROW","UP"),"LEFTARROW","LEFT"),"RIGHTARROW","RIGHT"),"ARROWDOWN","DOWN"),"ARROWUP","UP"),"ARROWLEFT","LEFT"),"ARROWRIGHT","RIGHT"),"↓","DOWN"),"↑","UP"),"←","LEFT"),"→","RIGHT"),"SPACEBAR","SPACE"),"−","-"),"MINUS","-"),"PLUS","+")=Key!$E$89:$F$89),"✔ CLEAR","✘ TRY AGAIN"))),"✘ TRY AGAIN")} | G92: {=IF(F92="","",IF(LEFT(F92,1)="✔",MIN(IF(H92="",1,H92)+1,5),1))} | J92: {=IF(OR(H92="",I92=""),"",IFERROR(I92+CHOOSE(H92,1,3,7,14,30),""))} | K92: {=IF(H92="","NEW",IF(J92="","DUE",IF(J92<=TODAY(),"DUE","in "&(J92-TODAY())&IF(J92-TODAY()=1," day"," days"))))} -> NEW
A93: 89 | B93: F3 | C93: F3-1 Counters | D93: Which function counts cells that meet one condition? | F93: {=IFERROR(_xlfn.LET(_xlpm.a,Deck!$E$93,IF(TRIM(_xlpm.a&"")="","",IF(OR(SUBSTITUTE(SUBSTITUTE(SUBSTITUTE(SUBSTITUTE(SUBSTITUTE(SUBSTITUTE(SUBSTITUTE(SUBSTITUTE(SUBSTITUTE(SUBSTITUTE(SUBSTITUTE(SUBSTITUTE(SUBSTITUTE(SUBSTITUTE(SUBSTITUTE(SUBSTITUTE(SUBSTITUTE(SUBSTITUTE(SUBSTITUTE(SUBSTITUTE(SUBSTITUTE(SUBSTITUTE(SUBSTITUTE(SUBSTITUTE(SUBSTITUTE(SUBSTITUTE(SUBSTITUTE(UPPER(_xlpm.a)," ",""),"CONTROL","CTRL"),"CTL","CTRL"),"ESCAPE","ESC"),"RETURN","ENTER"),"PAGEDOWN","PGDN"),"PGDOWN","PGDN"),"PAGEUP","PGUP"),"ARROWKEYS","ARROW"),"ARROWKEY","ARROW"),"ARROWS","ARROW"),"DOWNARROW","DOWN"),"UPARROW","UP"),"LEFTARROW","LEFT"),"RIGHTARROW","RIGHT"),"ARROWDOWN","DOWN"),"ARROWUP","UP"),"ARROWLEFT","LEFT"),"ARROWRIGHT","RIGHT"),"↓","DOWN"),"↑","UP"),"←","LEFT"),"→","RIGHT"),"SPACEBAR","SPACE"),"−","-"),"MINUS","-"),"PLUS","+")=Key!$E$90:$J$90),"✔ CLEAR","✘ TRY AGAIN"))),"✘ TRY AGAIN")} | G93: {=IF(F93="","",IF(LEFT(F93,1)="✔",MIN(IF(H93="",1,H93)+1,5),1))} | J93: {=IF(OR(H93="",I93=""),"",IFERROR(I93+CHOOSE(H93,1,3,7,14,30),""))} | K93: {=IF(H93="","NEW",IF(J93="","DUE",IF(J93<=TODAY(),"DUE","in "&(J93-TODAY())&IF(J93-TODAY()=1," day"," days"))))} -> NEW
A94: 90 | B94: F3 | C94: F3-1 Counters | D94: Type the COUNTIF criteria for "greater than 50", quotes included. | F94: {=IFERROR(_xlfn.LET(_xlpm.a,Deck!$E$94,IF(TRIM(_xlpm.a&"")="","",IF(OR(SUBSTITUTE(SUBSTITUTE(SUBSTITUTE(SUBSTITUTE(SUBSTITUTE(SUBSTITUTE(SUBSTITUTE(SUBSTITUTE(SUBSTITUTE(SUBSTITUTE(SUBSTITUTE(SUBSTITUTE(SUBSTITUTE(SUBSTITUTE(SUBSTITUTE(SUBSTITUTE(SUBSTITUTE(SUBSTITUTE(SUBSTITUTE(SUBSTITUTE(SUBSTITUTE(SUBSTITUTE(SUBSTITUTE(SUBSTITUTE(SUBSTITUTE(SUBSTITUTE(SUBSTITUTE(UPPER(_xlpm.a)," ",""),"CONTROL","CTRL"),"CTL","CTRL"),"ESCAPE","ESC"),"RETURN","ENTER"),"PAGEDOWN","PGDN"),"PGDOWN","PGDN"),"PAGEUP","PGUP"),"ARROWKEYS","ARROW"),"ARROWKEY","ARROW"),"ARROWS","ARROW"),"DOWNARROW","DOWN"),"UPARROW","UP"),"LEFTARROW","LEFT"),"RIGHTARROW","RIGHT"),"ARROWDOWN","DOWN"),"ARROWUP","UP"),"ARROWLEFT","LEFT"),"ARROWRIGHT","RIGHT"),"↓","DOWN"),"↑","UP"),"←","LEFT"),"→","RIGHT"),"SPACEBAR","SPACE"),"−","-"),"MINUS","-"),"PLUS","+")=Key!$E$91:$E$91),"✔ CLEAR","✘ TRY AGAIN"))),"✘ TRY AGAIN")} | G94: {=IF(F94="","",IF(LEFT(F94,1)="✔",MIN(IF(H94="",1,H94)+1,5),1))} | J94: {=IF(OR(H94="",I94=""),"",IFERROR(I94+CHOOSE(H94,1,3,7,14,30),""))} | K94: {=IF(H94="","NEW",IF(J94="","DUE",IF(J94<=TODAY(),"DUE","in "&(J94-TODAY())&IF(J94-TODAY()=1," day"," days"))))} -> NEW
A95: 91 | B95: F3 | C95: F3-1 Counters | D95: Which wildcard matches any number of characters? | F95: {=IFERROR(_xlfn.LET(_xlpm.a,Deck!$E$95,IF(TRIM(_xlpm.a&"")="","",IF(OR(SUBSTITUTE(SUBSTITUTE(SUBSTITUTE(SUBSTITUTE(SUBSTITUTE(SUBSTITUTE(SUBSTITUTE(SUBSTITUTE(SUBSTITUTE(SUBSTITUTE(SUBSTITUTE(SUBSTITUTE(SUBSTITUTE(SUBSTITUTE(SUBSTITUTE(SUBSTITUTE(SUBSTITUTE(SUBSTITUTE(SUBSTITUTE(SUBSTITUTE(SUBSTITUTE(SUBSTITUTE(SUBSTITUTE(SUBSTITUTE(SUBSTITUTE(SUBSTITUTE(SUBSTITUTE(UPPER(_xlpm.a)," ",""),"CONTROL","CTRL"),"CTL","CTRL"),"ESCAPE","ESC"),"RETURN","ENTER"),"PAGEDOWN","PGDN"),"PGDOWN","PGDN"),"PAGEUP","PGUP"),"ARROWKEYS","ARROW"),"ARROWKEY","ARROW"),"ARROWS","ARROW"),"DOWNARROW","DOWN"),"UPARROW","UP"),"LEFTARROW","LEFT"),"RIGHTARROW","RIGHT"),"ARROWDOWN","DOWN"),"ARROWUP","UP"),"ARROWLEFT","LEFT"),"ARROWRIGHT","RIGHT"),"↓","DOWN"),"↑","UP"),"←","LEFT"),"→","RIGHT"),"SPACEBAR","SPACE"),"−","-"),"MINUS","-"),"PLUS","+")=Key!$E$92:$F$92),"✔ CLEAR","✘ TRY AGAIN"))),"✘ TRY AGAIN")} | G95: {=IF(F95="","",IF(LEFT(F95,1)="✔",MIN(IF(H95="",1,H95)+1,5),1))} | J95: {=IF(OR(H95="",I95=""),"",IFERROR(I95+CHOOSE(H95,1,3,7,14,30),""))} | K95: {=IF(H95="","NEW",IF(J95="","DUE",IF(J95<=TODAY(),"DUE","in "&(J95-TODAY())&IF(J95-TODAY()=1," day"," days"))))} -> NEW
A96: 92 | B96: F3 | C96: F3-2 Money Bags | D96: Which function adds values that meet one condition? | F96: {=IFERROR(_xlfn.LET(_xlpm.a,Deck!$E$96,IF(TRIM(_xlpm.a&"")="","",IF(OR(SUBSTITUTE(SUBSTITUTE(SUBSTITUTE(SUBSTITUTE(SUBSTITUTE(SUBSTITUTE(SUBSTITUTE(SUBSTITUTE(SUBSTITUTE(SUBSTITUTE(SUBSTITUTE(SUBSTITUTE(SUBSTITUTE(SUBSTITUTE(SUBSTITUTE(SUBSTITUTE(SUBSTITUTE(SUBSTITUTE(SUBSTITUTE(SUBSTITUTE(SUBSTITUTE(SUBSTITUTE(SUBSTITUTE(SUBSTITUTE(SUBSTITUTE(SUBSTITUTE(SUBSTITUTE(UPPER(_xlpm.a)," ",""),"CONTROL","CTRL"),"CTL","CTRL"),"ESCAPE","ESC"),"RETURN","ENTER"),"PAGEDOWN","PGDN"),"PGDOWN","PGDN"),"PAGEUP","PGUP"),"ARROWKEYS","ARROW"),"ARROWKEY","ARROW"),"ARROWS","ARROW"),"DOWNARROW","DOWN"),"UPARROW","UP"),"LEFTARROW","LEFT"),"RIGHTARROW","RIGHT"),"ARROWDOWN","DOWN"),"ARROWUP","UP"),"ARROWLEFT","LEFT"),"ARROWRIGHT","RIGHT"),"↓","DOWN"),"↑","UP"),"←","LEFT"),"→","RIGHT"),"SPACEBAR","SPACE"),"−","-"),"MINUS","-"),"PLUS","+")=Key!$E$93:$J$93),"✔ CLEAR","✘ TRY AGAIN"))),"✘ TRY AGAIN")} | G96: {=IF(F96="","",IF(LEFT(F96,1)="✔",MIN(IF(H96="",1,H96)+1,5),1))} | J96: {=IF(OR(H96="",I96=""),"",IFERROR(I96+CHOOSE(H96,1,3,7,14,30),""))} | K96: {=IF(H96="","NEW",IF(J96="","DUE",IF(J96<=TODAY(),"DUE","in "&(J96-TODAY())&IF(J96-TODAY()=1," day"," days"))))} -> NEW
A97: 93 | B97: F3 | C97: F3-2 Money Bags | D97: Which function averages values that meet one condition? | F97: {=IFERROR(_xlfn.LET(_xlpm.a,Deck!$E$97,IF(TRIM(_xlpm.a&"")="","",IF(OR(SUBSTITUTE(SUBSTITUTE(SUBSTITUTE(SUBSTITUTE(SUBSTITUTE(SUBSTITUTE(SUBSTITUTE(SUBSTITUTE(SUBSTITUTE(SUBSTITUTE(SUBSTITUTE(SUBSTITUTE(SUBSTITUTE(SUBSTITUTE(SUBSTITUTE(SUBSTITUTE(SUBSTITUTE(SUBSTITUTE(SUBSTITUTE(SUBSTITUTE(SUBSTITUTE(SUBSTITUTE(SUBSTITUTE(SUBSTITUTE(SUBSTITUTE(SUBSTITUTE(SUBSTITUTE(UPPER(_xlpm.a)," ",""),"CONTROL","CTRL"),"CTL","CTRL"),"ESCAPE","ESC"),"RETURN","ENTER"),"PAGEDOWN","PGDN"),"PGDOWN","PGDN"),"PAGEUP","PGUP"),"ARROWKEYS","ARROW"),"ARROWKEY","ARROW"),"ARROWS","ARROW"),"DOWNARROW","DOWN"),"UPARROW","UP"),"LEFTARROW","LEFT"),"RIGHTARROW","RIGHT"),"ARROWDOWN","DOWN"),"ARROWUP","UP"),"ARROWLEFT","LEFT"),"ARROWRIGHT","RIGHT"),"↓","DOWN"),"↑","UP"),"←","LEFT"),"→","RIGHT"),"SPACEBAR","SPACE"),"−","-"),"MINUS","-"),"PLUS","+")=Key!$E$94:$J$94),"✔ CLEAR","✘ TRY AGAIN"))),"✘ TRY AGAIN")} | G97: {=IF(F97="","",IF(LEFT(F97,1)="✔",MIN(IF(H97="",1,H97)+1,5),1))} | J97: {=IF(OR(H97="",I97=""),"",IFERROR(I97+CHOOSE(H97,1,3,7,14,30),""))} | K97: {=IF(H97="","NEW",IF(J97="","DUE",IF(J97<=TODAY(),"DUE","in "&(J97-TODAY())&IF(J97-TODAY()=1," day"," days"))))} -> NEW
A98: 94 | B98: F3 | C98: F3-3 Multi-Filter | D98: Which function counts rows that meet several conditions? | F98: {=IFERROR(_xlfn.LET(_xlpm.a,Deck!$E$98,IF(TRIM(_xlpm.a&"")="","",IF(OR(SUBSTITUTE(SUBSTITUTE(SUBSTITUTE(SUBSTITUTE(SUBSTITUTE(SUBSTITUTE(SUBSTITUTE(SUBSTITUTE(SUBSTITUTE(SUBSTITUTE(SUBSTITUTE(SUBSTITUTE(SUBSTITUTE(SUBSTITUTE(SUBSTITUTE(SUBSTITUTE(SUBSTITUTE(SUBSTITUTE(SUBSTITUTE(SUBSTITUTE(SUBSTITUTE(SUBSTITUTE(SUBSTITUTE(SUBSTITUTE(SUBSTITUTE(SUBSTITUTE(SUBSTITUTE(UPPER(_xlpm.a)," ",""),"CONTROL","CTRL"),"CTL","CTRL"),"ESCAPE","ESC"),"RETURN","ENTER"),"PAGEDOWN","PGDN"),"PGDOWN","PGDN"),"PAGEUP","PGUP"),"ARROWKEYS","ARROW"),"ARROWKEY","ARROW"),"ARROWS","ARROW"),"DOWNARROW","DOWN"),"UPARROW","UP"),"LEFTARROW","LEFT"),"RIGHTARROW","RIGHT"),"ARROWDOWN","DOWN"),"ARROWUP","UP"),"ARROWLEFT","LEFT"),"ARROWRIGHT","RIGHT"),"↓","DOWN"),"↑","UP"),"←","LEFT"),"→","RIGHT"),"SPACEBAR","SPACE"),"−","-"),"MINUS","-"),"PLUS","+")=Key!$E$95:$J$95),"✔ CLEAR","✘ TRY AGAIN"))),"✘ TRY AGAIN")} | G98: {=IF(F98="","",IF(LEFT(F98,1)="✔",MIN(IF(H98="",1,H98)+1,5),1))} | J98: {=IF(OR(H98="",I98=""),"",IFERROR(I98+CHOOSE(H98,1,3,7,14,30),""))} | K98: {=IF(H98="","NEW",IF(J98="","DUE",IF(J98<=TODAY(),"DUE","in "&(J98-TODAY())&IF(J98-TODAY()=1," day"," days"))))} -> NEW
A99: 95 | B99: F3 | C99: F3-3 Multi-Filter | D99: Which function adds values that meet several conditions? | F99: {=IFERROR(_xlfn.LET(_xlpm.a,Deck!$E$99,IF(TRIM(_xlpm.a&"")="","",IF(OR(SUBSTITUTE(SUBSTITUTE(SUBSTITUTE(SUBSTITUTE(SUBSTITUTE(SUBSTITUTE(SUBSTITUTE(SUBSTITUTE(SUBSTITUTE(SUBSTITUTE(SUBSTITUTE(SUBSTITUTE(SUBSTITUTE(SUBSTITUTE(SUBSTITUTE(SUBSTITUTE(SUBSTITUTE(SUBSTITUTE(SUBSTITUTE(SUBSTITUTE(SUBSTITUTE(SUBSTITUTE(SUBSTITUTE(SUBSTITUTE(SUBSTITUTE(SUBSTITUTE(SUBSTITUTE(UPPER(_xlpm.a)," ",""),"CONTROL","CTRL"),"CTL","CTRL"),"ESCAPE","ESC"),"RETURN","ENTER"),"PAGEDOWN","PGDN"),"PGDOWN","PGDN"),"PAGEUP","PGUP"),"ARROWKEYS","ARROW"),"ARROWKEY","ARROW"),"ARROWS","ARROW"),"DOWNARROW","DOWN"),"UPARROW","UP"),"LEFTARROW","LEFT"),"RIGHTARROW","RIGHT"),"ARROWDOWN","DOWN"),"ARROWUP","UP"),"ARROWLEFT","LEFT"),"ARROWRIGHT","RIGHT"),"↓","DOWN"),"↑","UP"),"←","LEFT"),"→","RIGHT"),"SPACEBAR","SPACE"),"−","-"),"MINUS","-"),"PLUS","+")=Key!$E$96:$J$96),"✔ CLEAR","✘ TRY AGAIN"))),"✘ TRY AGAIN")} | G99: {=IF(F99="","",IF(LEFT(F99,1)="✔",MIN(IF(H99="",1,H99)+1,5),1))} | J99: {=IF(OR(H99="",I99=""),"",IFERROR(I99+CHOOSE(H99,1,3,7,14,30),""))} | K99: {=IF(H99="","NEW",IF(J99="","DUE",IF(J99<=TODAY(),"DUE","in "&(J99-TODAY())&IF(J99-TODAY()=1," day"," days"))))} -> NEW
A100: 96 | B100: F3 | C100: F3-3 Multi-Filter | D100: Which function averages values that meet several conditions? | F100: {=IFERROR(_xlfn.LET(_xlpm.a,Deck!$E$100,IF(TRIM(_xlpm.a&"")="","",IF(OR(SUBSTITUTE(SUBSTITUTE(SUBSTITUTE(SUBSTITUTE(SUBSTITUTE(SUBSTITUTE(SUBSTITUTE(SUBSTITUTE(SUBSTITUTE(SUBSTITUTE(SUBSTITUTE(SUBSTITUTE(SUBSTITUTE(SUBSTITUTE(SUBSTITUTE(SUBSTITUTE(SUBSTITUTE(SUBSTITUTE(SUBSTITUTE(SUBSTITUTE(SUBSTITUTE(SUBSTITUTE(SUBSTITUTE(SUBSTITUTE(SUBSTITUTE(SUBSTITUTE(SUBSTITUTE(UPPER(_xlpm.a)," ",""),"CONTROL","CTRL"),"CTL","CTRL"),"ESCAPE","ESC"),"RETURN","ENTER"),"PAGEDOWN","PGDN"),"PGDOWN","PGDN"),"PAGEUP","PGUP"),"ARROWKEYS","ARROW"),"ARROWKEY","ARROW"),"ARROWS","ARROW"),"DOWNARROW","DOWN"),"UPARROW","UP"),"LEFTARROW","LEFT"),"RIGHTARROW","RIGHT"),"ARROWDOWN","DOWN"),"ARROWUP","UP"),"ARROWLEFT","LEFT"),"ARROWRIGHT","RIGHT"),"↓","DOWN"),"↑","UP"),"←","LEFT"),"→","RIGHT"),"SPACEBAR","SPACE"),"−","-"),"MINUS","-"),"PLUS","+")=Key!$E$97:$J$97),"✔ CLEAR","✘ TRY AGAIN"))),"✘ TRY AGAIN")} | G100: {=IF(F100="","",IF(LEFT(F100,1)="✔",MIN(IF(H100="",1,H100)+1,5),1))} | J100: {=IF(OR(H100="",I100=""),"",IFERROR(I100+CHOOSE(H100,1,3,7,14,30),""))} | K100: {=IF(H100="","NEW",IF(J100="","DUE",IF(J100<=TODAY(),"DUE","in "&(J100-TODAY())&IF(J100-TODAY()=1," day"," days"))))} -> NEW
A101: 97 | B101: F3 | C101: F3-4 Extremes | D101: Which function returns the largest value that meets conditions? | F101: {=IFERROR(_xlfn.LET(_xlpm.a,Deck!$E$101,IF(TRIM(_xlpm.a&"")="","",IF(OR(SUBSTITUTE(SUBSTITUTE(SUBSTITUTE(SUBSTITUTE(SUBSTITUTE(SUBSTITUTE(SUBSTITUTE(SUBSTITUTE(SUBSTITUTE(SUBSTITUTE(SUBSTITUTE(SUBSTITUTE(SUBSTITUTE(SUBSTITUTE(SUBSTITUTE(SUBSTITUTE(SUBSTITUTE(SUBSTITUTE(SUBSTITUTE(SUBSTITUTE(SUBSTITUTE(SUBSTITUTE(SUBSTITUTE(SUBSTITUTE(SUBSTITUTE(SUBSTITUTE(SUBSTITUTE(UPPER(_xlpm.a)," ",""),"CONTROL","CTRL"),"CTL","CTRL"),"ESCAPE","ESC"),"RETURN","ENTER"),"PAGEDOWN","PGDN"),"PGDOWN","PGDN"),"PAGEUP","PGUP"),"ARROWKEYS","ARROW"),"ARROWKEY","ARROW"),"ARROWS","ARROW"),"DOWNARROW","DOWN"),"UPARROW","UP"),"LEFTARROW","LEFT"),"RIGHTARROW","RIGHT"),"ARROWDOWN","DOWN"),"ARROWUP","UP"),"ARROWLEFT","LEFT"),"ARROWRIGHT","RIGHT"),"↓","DOWN"),"↑","UP"),"←","LEFT"),"→","RIGHT"),"SPACEBAR","SPACE"),"−","-"),"MINUS","-"),"PLUS","+")=Key!$E$98:$J$98),"✔ CLEAR","✘ TRY AGAIN"))),"✘ TRY AGAIN")} | G101: {=IF(F101="","",IF(LEFT(F101,1)="✔",MIN(IF(H101="",1,H101)+1,5),1))} | J101: {=IF(OR(H101="",I101=""),"",IFERROR(I101+CHOOSE(H101,1,3,7,14,30),""))} | K101: {=IF(H101="","NEW",IF(J101="","DUE",IF(J101<=TODAY(),"DUE","in "&(J101-TODAY())&IF(J101-TODAY()=1," day"," days"))))} -> NEW
...

Sheet Key
A1: Challenge | B1: Hint | C1: Expected | E1: Lists / per-cell expectations →
A2: Deck 1 | B2: Hold Ctrl and tap an arrow key. | E2: CTRL+ARROW | F2: CTRL+DOWN | G2: CTRL+LEFT | H2: CTRL+RIGHT | I2: CTRL+UP
A3: Deck 2 | B3: Ctrl plus the key that means 'start'. | E3: CTRL+HOME
A4: Deck 3 | B4: Ctrl plus the opposite of Home. | E4: CTRL+END
A5: Deck 4 | B5: One key, no Ctrl. | E5: HOME
A6: Deck 5 | B6: A function key, or Ctrl plus G. | E6: CTRL+G | F6: F5
A7: Deck 6 | B7: Ctrl plus Page Down. | E7: CTRL+PGDN
A8: Deck 7 | B8: Ctrl plus Page Up. | E8: CTRL+PGUP
A9: Deck 8 | B9: Page Down. | E9: PGDN
A10: Deck 9 | B10: Alt plus Page Down. | E10: ALT+PGDN
A11: Deck 10 | B11: Hold Shift and tap an arrow. | E11: SHIFT+ARROW | F11: SHIFT+DOWN | G11: SHIFT+LEFT | H11: SHIFT+RIGHT | I11: SHIFT+UP
A12: Deck 11 | B12: The warp-zone keys plus Shift. | E12: CTRL+SHIFT+ARROW | F12: CTRL+SHIFT+DOWN | G12: CTRL+SHIFT+LEFT | H12: CTRL+SHIFT+RIGHT | I12: CTRL+SHIFT+UP | J12: SHIFT+CTRL+ARROW | K12: SHIFT+CTRL+DOWN | L12: SHIFT+CTRL+LEFT | M12: SHIFT+CTRL+RIGHT | N12: SHIFT+CTRL+UP
A13: Deck 12 | B13: Ctrl+End plus Shift. | E13: CTRL+SHIFT+END | F13: SHIFT+CTRL+END
A14: Deck 13 | B14: Ctrl+Home plus Shift. | E14: CTRL+SHIFT+HOME | F14: SHIFT+CTRL+HOME
A15: Deck 14 | B15: The long key plus Shift. | E15: SHIFT+SPACE
A16: Deck 15 | B16: The long key plus Ctrl. | E16: CTRL+SPACE
A17: Deck 16 | B17: Think 'A' for All. | E17: CTRL+A | F17: CTRL+SHIFT+SPACE | G17: SHIFT+CTRL+SPACE
A18: Deck 17 | B18: The key left of Backspace. | E18: = | F18: EQUALS | G18: EQUALSIGN | H18: EQUALSSIGN
A19: Deck 18 | B19: Shift+6 on a US keyboard. | E19: CARET | F19: ^
A20: Deck 19 | B20: Multiply before you add. | E20: 14
A21: Deck 20 | B21: Start with = then the two cell addresses. | E21: =B2*C2 | F21: =C2*B2 | G21: B2*C2 | H21: C2*B2
A22: Deck 21 | B22: Three letters. | E22: =SUM | F22: =SUM( | G22: =SUM() | H22: SUM | I22: SUM( | J22: SUM()
A23: Deck 22 | B23: Starts with AVER. | E23: =AVERAGE | F23: =AVERAGE( | G23: =AVERAGE() | H23: AVERAGE | I23: AVERAGE( | J23: AVERAGE()
A24: Deck 23 | B24: Short for maximum. | E24: =MAX | F24: =MAX( | G24: =MAX() | H24: MAX | I24: MAX( | J24: MAX()
A25: Deck 24 | B25: Short for minimum. | E25: =MIN | F25: =MIN( | G25: =MIN() | H25: MIN | I25: MIN( | J25: MIN()
A26: Deck 25 | B26: The plain counting function. | E26: =COUNT | F26: =COUNT( | G26: =COUNT() | H26: COUNT | I26: COUNT( | J26: COUNT()
A27: Deck 26 | B27: COUNT plus one letter. | E27: =COUNTA | F27: =COUNTA( | G27: =COUNTA() | H27: COUNTA | I27: COUNTA( | J27: COUNTA()
A28: Deck 27 | B28: Alt plus the equals key. | E28: ALT+=
A29: Deck 28 | B29: Put $ before the column and the row. | E29: $E$6
A30: Deck 29 | B30: The $ goes right before 16. | E30: C$16
A31: Deck 30 | B31: A function key between F3 and F5. | E31: F4
A32: Deck 31 | B32: D for Down. | E32: CTRL+D
A33: Deck 32 | B33: The plain rounding function. | E33: =ROUND | F33: =ROUND( | G33: =ROUND() | H33: ROUND | I33: ROUND( | J33: ROUND()
A34: Deck 33 | B34: ROUND plus a direction. | E34: =ROUNDUP | F34: =ROUNDUP( | G34: =ROUNDUP() | H34: ROUNDUP | I34: ROUNDUP( | J34: ROUNDUP()
A35: Deck 34 | B35: ROUND plus the other direction. | E35: =ROUNDDOWN | F35: =ROUNDDOWN( | G35: =ROUNDDOWN() | H35: ROUNDDOWN | I35: ROUNDDOWN( | J35: ROUNDDOWN()
A36: Deck 35 | B36: Ctrl plus the key left of 1. | E36: CTRL+BACKTICK | F36: CTRL+GRAVE | G36: CTRL+GRAVEACCENT | H36: CTRL+`
A37: Deck 36 | B37: The function key after F1. | E37: F2
A38: Deck 37 | B38: The key above Caps Lock. | E38: TAB
A39: Deck 38 | B39: Ctrl+Shift plus A for arguments. | E39: CTRL+SHIFT+A | F39: SHIFT+CTRL+A
A40: Deck 39 | B40: Shift plus F3. | E40: SHIFT+F3
A41: Deck 40 | B41: Enter plus Shift. | E41: SHIFT+ENTER
A42: Deck 41 | B42: The key above Caps Lock. | E42: TAB
A43: Deck 42 | B43: Enter plus Ctrl. | E43: CTRL+ENTER
A44: Deck 43 | B44: Enter plus Alt. | E44: ALT+ENTER
A45: Deck 44 | B45: The top-left key. | E45: ESC
A46: Deck 45 | B46: C for Copy. | E46: CTRL+C
A47: Deck 46 | B47: X looks like scissors. | E47: CTRL+X
A48: Deck 47 | B48: Next to C on the keyboard. | E48: CTRL+V
A49: Deck 48 | B49: Paste plus Alt. | E49: ALT+CTRL+V | F49: CTRL+ALT+V
A50: Deck 49 | B50: R for Right. | E50: CTRL+R
A51: Deck 50 | B51: The bottom-left letter. | E51: CTRL+Z
A52: Deck 51 | B52: The letter after X. | E52: CTRL+Y
A53: Deck 52 | B53: Ctrl plus the semicolon key. | E53: CTRL+; | F53: CTRL+SEMICOLON
A54: Deck 53 | B54: The date keys plus Shift. | E54: CTRL+: | F54: CTRL+SHIFT+: | G54: CTRL+SHIFT+; | H54: CTRL+SHIFT+COLON | I54: SHIFT+CTRL+: | J54: SHIFT+CTRL+; | K54: SHIFT+CTRL+COLON
A55: Deck 54 | B55: E for Example. | E55: CTRL+E
A56: Deck 55 | B56: Alt plus an arrow. | E56: ALT+DOWN
A57: Deck 56 | B57: Two characters: > then =. | E57: >=
A58: Deck 57 | B58: Less-than then greater-than. | E58: <>
A59: Deck 58 | B59: Shift plus the apostrophe key. | E59: " | F59: DOUBLEQUOTES | G59: QUOTATIONMARKS | H59: QUOTES
A60: Deck 59 | B60: Two letters. | E60: =IF | F60: =IF( | G60: =IF() | H60: IF | I60: IF( | J60: IF()
A61: Deck 60 | B61: 50 is not more than 100. | E61: 50
A62: Deck 61 | B62: Two double quotes, nothing inside. | E62: ""
A63: Deck 62 | B63: Three letters: all must pass. | E63: =AND | F63: =AND( | G63: =AND() | H63: AND | I63: AND( | J63: AND()
A64: Deck 63 | B64: Two letters: any can pass. | E64: =OR | F64: =OR( | G64: =OR() | H64: OR | I64: OR( | J64: OR()
A65: Deck 64 | B65: Three letters: the opposite. | E65: =NOT | F65: =NOT( | G65: =NOT() | H65: NOT | I65: NOT( | J65: NOT()
A66: Deck 65 | B66: One fewer than the outcomes. | E66: 2 | F66: TWO
A67: Deck 66 | B67: IF plus one letter. | E67: =IFS | F67: =IFS( | G67: =IFS() | H67: IFS | I67: IFS( | J67: IFS()
A68: Deck 67 | B68: A test that is always true. | E68: TRUE
A69: Deck 68 | B69: IF plus ERROR. | E69: =IFERROR | F69: =IFERROR( | G69: =IFERROR() | H69: IFERROR | I69: IFERROR( | J69: IFERROR()
A70: Deck 69 | B70: IF plus NA. | E70: =IFNA | F70: =IFNA( | G70: =IFNA() | H70: IFNA | I70: IFNA( | J70: IFNA()
A71: Deck 70 | B71: IS plus BLANK. | E71: =ISBLANK | F71: =ISBLANK( | G71: =ISBLANK() | H71: ISBLANK | I71: ISBLANK( | J71: ISBLANK()
A72: Deck 71 | B72: IS plus NUMBER. | E72: =ISNUMBER | F72: =ISNUMBER( | G72: =ISNUMBER() | H72: ISNUMBER | I72: ISNUMBER( | J72: ISNUMBER()
A73: Deck 72 | B73: Ctrl+Shift plus the dollar key. | E73: CTRL+SHIFT+$ | F73: CTRL+SHIFT+4 | G73: SHIFT+CTRL+$ | H73: SHIFT+CTRL+4
A74: Deck 73 | B74: Ctrl+Shift plus the % key. | E74: CTRL+SHIFT+% | F74: CTRL+SHIFT+5 | G74: SHIFT+CTRL+% | H74: SHIFT+CTRL+5
A75: Deck 74 | B75: Ctrl+Shift plus the ! key. | E75: CTRL+SHIFT+! | F75: CTRL+SHIFT+1 | G75: SHIFT+CTRL+! | H75: SHIFT+CTRL+1
A76: Deck 75 | B76: Ctrl+Shift plus the # key. | E76: CTRL+SHIFT+# | F76: CTRL+SHIFT+3 | G76: SHIFT+CTRL+# | H76: SHIFT+CTRL+3
A77: Deck 76 | B77: Ctrl+Shift plus the @ key. | E77: CTRL+SHIFT+2 | F77: CTRL+SHIFT+@ | G77: SHIFT+CTRL+2 | H77: SHIFT+CTRL+@
A78: Deck 77 | B78: Ctrl+Shift plus the ~ key. | E78: CTRL+SHIFT+` | F78: CTRL+SHIFT+~ | G78: SHIFT+CTRL+` | H78: SHIFT+CTRL+~
A79: Deck 78 | B79: B for Bold. | E79: CTRL+2 | F79: CTRL+B
A80: Deck 79 | B80: I for Italic. | E80: CTRL+3 | F80: CTRL+I
A81: Deck 80 | B81: U for Underline. | E81: CTRL+4 | F81: CTRL+U
A82: Deck 81 | B82: Ctrl plus a number key. | E82: CTRL+5
A83: Deck 82 | B83: Ctrl plus the number 1. | E83: CTRL+1
A84: Deck 83 | B84: Ctrl+Shift plus the & key. | E84: CTRL+SHIFT+& | F84: CTRL+SHIFT+7 | G84: SHIFT+CTRL+& | H84: SHIFT+CTRL+7
A85: Deck 84 | B85: Ctrl+Shift plus the underscore key. | E85: CTRL+SHIFT+- | F85: CTRL+SHIFT+_ | G85: SHIFT+CTRL+- | H85: SHIFT+CTRL+_
A86: Deck 85 | B86: The key next to the spacebar. | E86: ALT | F86: F10
A87: Deck 86 | B87: Alt, then H, then A, then C. | E87: ALT+H+A+C | F87: ALT+H,A,C | G87: ALT+H>A>C | H87: ALT+HAC | I87: ALT,H+A+C | J87: ALT,H,A,C | K87: ALT,H>A>C | L87: ALT,HAC | M87: ALT>H+A+C | N87: ALT>H,A,C | O87: ALT>H>A>C | P87: ALT>HAC | Q87: ALTH+A+C | R87: ALTH,A,C | S87: ALTH>A>C | T87: ALTHAC
A88: Deck 87 | B88: Alt, then H, then H again. | E88: ALT+H+H | F88: ALT+H,H | G88: ALT+H>H | H88: ALT+HH | I88: ALT,H+H | J88: ALT,H,H | K88: ALT,H>H | L88: ALT,HH | M88: ALT>H+H | N88: ALT>H,H | O88: ALT>H>H | P88: ALT>HH | Q88: ALTH+H | R88: ALTH,H | S88: ALTH>H | T88: ALTHH
A89: Deck 88 | B89: A function key. | E89: CTRL+Y | F89: F4
A90: Deck 89 | B90: COUNT plus IF. | E90: =COUNTIF | F90: =COUNTIF( | G90: =COUNTIF() | H90: COUNTIF | I90: COUNTIF( | J90: COUNTIF()
A91: Deck 90 | B91: Quotes around >50. | E91: ">50"
A92: Deck 91 | B92: Shift+8. | E92: * | F92: ASTERISK
A93: Deck 92 | B93: SUM plus IF. | E93: =SUMIF | F93: =SUMIF( | G93: =SUMIF() | H93: SUMIF | I93: SUMIF( | J93: SUMIF()
A94: Deck 93 | B94: AVERAGE plus IF. | E94: =AVERAGEIF | F94: =AVERAGEIF( | G94: =AVERAGEIF() | H94: AVERAGEIF | I94: AVERAGEIF( | J94: AVERAGEIF()
A95: Deck 94 | B95: COUNTIF plus S. | E95: =COUNTIFS | F95: =COUNTIFS( | G95: =COUNTIFS() | H95: COUNTIFS | I95: COUNTIFS( | J95: COUNTIFS()
A96: Deck 95 | B96: SUMIF plus S. | E96: =SUMIFS | F96: =SUMIFS( | G96: =SUMIFS() | H96: SUMIFS | I96: SUMIFS( | J96: SUMIFS()
A97: Deck 96 | B97: AVERAGEIF plus S. | E97: =AVERAGEIFS | F97: =AVERAGEIFS( | G97: =AVERAGEIFS() | H97: AVERAGEIFS | I97: AVERAGEIFS( | J97: AVERAGEIFS()
A98: Deck 97 | B98: MAX plus IFS. | E98: =MAXIFS | F98: =MAXIFS( | G98: =MAXIFS() | H98: MAXIFS | I98: MAXIFS( | J98: MAXIFS()
A99: Deck 98 | B99: MIN plus IFS. | E99: =MINIFS | F99: =MINIFS( | G99: =MINIFS() | H99: MINIFS | I99: MINIFS( | J99: MINIFS()
A100: Deck 99 | B100: Shift+7. | E100: & | F100: AMPERSAND
...
