Workbook

Sheet Start
A1: SHORTCUTS 2 ▸ ENTER & EDIT
A2: Type, fill, copy and stamp data at speed.
A4: HOW TO PLAY
A5: 1 · Each stage: read the BRIEFING, then answer WARM-UP, TRAINING and CHALLENGES.
A6: 2 · Yellow cells are yours: type, pick from a list (Alt+↓), or follow a ▶ ARENA link and do the move there.
A7: 3 · ✔ CLEAR = right · ✘ = try again · · not yet = drill not done. Stuck? Pick 'Show hint' (5 XP instead of 10).
A8: 4 · Formatting or hiding drills: press F9 to refresh the check. Tab jumps between yellow cells.
A9: Needs Windows with Microsoft Excel 365 or 2021+ (English). In Protected View, click Enable Editing.
A11: STAGE SELECT
A12: Stage | B12: Name | C12: Score | D12: Stars | E12: Status | F12: Go
A13: S2-1 | B13: Quick Entry | C13: {=SUM('S2-1 Quick Entry'!$G$15:$G$45)&" / 240"} -> 0 / 240 | D13: {=IF(SUM('S2-1 Quick Entry'!$G$15:$G$45)>=240,"★★★",IF(SUM('S2-1 Quick Entry'!$G$15:$G$45)>=240*0.8,"★★☆",IF(SUM('S2-1 Quick Entry'!$G$15:$G$45)>=240*0.5,"★☆☆","☆☆☆")))} -> ☆☆☆ | E13: {=IF(SUM('S2-1 Quick Entry'!$G$15:$G$45)>=240,"PERFECT",IF(SUM('S2-1 Quick Entry'!$G$15:$G$45)>=240*0.5,"CLEARED",IF(SUM('S2-1 Quick Entry'!$G$15:$G$45)>0,"IN PROGRESS","NEW")))} -> NEW | F13: Go to S2-1 Quick Entry
A14: S2-2 | B14: Clone Machine | C14: {=SUM('S2-2 Clone Machine'!$G$17:$G$50)&" / 270"} -> 0 / 270 | D14: {=IF(SUM('S2-2 Clone Machine'!$G$17:$G$50)>=270,"★★★",IF(SUM('S2-2 Clone Machine'!$G$17:$G$50)>=270*0.8,"★★☆",IF(SUM('S2-2 Clone Machine'!$G$17:$G$50)>=270*0.5,"★☆☆","☆☆☆")))} -> ☆☆☆ | E14: {=IF(SUM('S2-2 Clone Machine'!$G$17:$G$50)>=270,"PERFECT",IF(SUM('S2-2 Clone Machine'!$G$17:$G$50)>=270*0.5,"CLEARED",IF(SUM('S2-2 Clone Machine'!$G$17:$G$50)>0,"IN PROGRESS","NEW")))} -> NEW | F14: Go to S2-2 Clone Machine
A15: S2-3 | B15: Stamps & Smart Fill | C15: {=SUM('S2-3 Stamps & Smart Fill'!$G$14:$G$42)&" / 220"} -> 0 / 220 | D15: {=IF(SUM('S2-3 Stamps & Smart Fill'!$G$14:$G$42)>=220,"★★★",IF(SUM('S2-3 Stamps & Smart Fill'!$G$14:$G$42)>=220*0.8,"★★☆",IF(SUM('S2-3 Stamps & Smart Fill'!$G$14:$G$42)>=220*0.5,"★☆☆","☆☆☆")))} -> ☆☆☆ | E15: {=IF(SUM('S2-3 Stamps & Smart Fill'!$G$14:$G$42)>=220,"PERFECT",IF(SUM('S2-3 Stamps & Smart Fill'!$G$14:$G$42)>=220*0.5,"CLEARED",IF(SUM('S2-3 Stamps & Smart Fill'!$G$14:$G$42)>0,"IN PROGRESS","NEW")))} -> NEW | F15: Go to S2-3 Stamps & Smart Fill
A16: BOSS | B16: Boss | C16: {=SUM(Boss!$G$14:$G$33)&" / 160"} -> 0 / 160 | D16: {=IF(SUM(Boss!$G$14:$G$33)>=160,"★★★",IF(SUM(Boss!$G$14:$G$33)>=160*0.8,"★★☆",IF(SUM(Boss!$G$14:$G$33)>=160*0.5,"★☆☆","☆☆☆")))} -> ☆☆☆ | E16: {=IF(Boss!$C$10="OPEN",IF(SUM(Boss!$G$14:$G$33)>=160*0.5,"DEFEATED","OPEN"),"LOCKED")} -> LOCKED | F16: Go to the Boss
A18: TOTAL SCORE | B18: {=(SUM('S2-1 Quick Entry'!$G$15:$G$45)+SUM('S2-2 Clone Machine'!$G$17:$G$50)+SUM('S2-3 Stamps & Smart Fill'!$G$14:$G$42)+SUM(Boss!$G$14:$G$33))&" / 890"} -> 0 / 890
A19: RANK | B19: {=_xlfn.LET(_xlpm.p,(SUM('S2-1 Quick Entry'!$G$15:$G$45)+SUM('S2-2 Clone Machine'!$G$17:$G$50)+SUM('S2-3 Stamps & Smart Fill'!$G$14:$G$42)+SUM(Boss!$G$14:$G$33))/890,IF(AND(_xlpm.p>=1,ISNUMBER(Boss!$C$8),Boss!$C$8<=10),"S",IF(_xlpm.p>=0.9,"A",IF(_xlpm.p>=0.75,"B",IF(_xlpm.p>=0.5,"C","D")))))} -> D | C19: S = 100% and under par · A ≥ 90% · B ≥ 75% · C ≥ 50%
A20: BEST TIME | B20: {=IF(ISNUMBER(Boss!$C$8),Boss!$C$8&" min (par 10)","—")} -> —
A21: NEXT UP | B21: {=IFERROR(INDEX($A$13:$A$15,MATCH("☆☆☆",$D$13:$D$15,0))&" "&INDEX($B$13:$B$15,MATCH("☆☆☆",$D$13:$D$15,0)),IF(Boss!$C$10="OPEN","the Boss","All clear! Aim for rank S"))} -> S2-1 Quick Entry
A23: Replay a stage: select its yellow answer cells and press Delete. Undo an arena drill with Ctrl+Z.

Sheet S2-1 Quick Entry
A1: STAGE S2-1 ▸ QUICK ENTRY
A2: Goal: type and move without reaching for the mouse
A3: {="SCORE "&TEXT(SUM($G$15:$G$45),"0000")&" / 0240"} -> SCORE 0000 / 0240 | C3: {=IF(SUM($G$15:$G$45)>=240,"★★★",IF(SUM($G$15:$G$45)>=240*0.8,"★★☆",IF(SUM($G$15:$G$45)>=240*0.5,"★☆☆","☆☆☆")))} -> ☆☆☆ | D3: {=REPT("█",ROUND(10*SUM($G$15:$G$45)/240,0))&REPT("░",10-ROUND(10*SUM($G$15:$G$45)/240,0))&" "&TEXT(SUM($G$15:$G$45)/240,"0%")} -> ░░░░░░░░░░ 0% | F3: {=IF(SUM($G$15:$G$45)>=240*0.5,"STAGE CLEAR! ▶ Next: S2-2 Clone Machine","")}
A5: BRIEFING · new moves in this stage
A6: # | B6: What it does · Pro tip | C6: Keys / Syntax
A7: 1 | B7: Confirm the entry and move UP one cell. Tip: Enter alone moves down. | C7: Shift+Enter
A8: 2 | B8: Confirm the entry and move right (Shift+Tab moves left). Tip: On a protected sheet, Tab hops between input cells. | C8: Tab / Shift+Tab
A9: 3 | B9: Fill every selected cell with what you just typed. Tip: Select a range, type once, press Ctrl+Enter: done. | C9: Ctrl+Enter
A10: 4 | B10: Start a new line inside the same cell. Tip: Great for addresses and notes. | C10: Alt+Enter
A11: 5 | B11: Cancel what you are typing; the cell stays unchanged. Tip: Esc also closes menus and dialogs. | C11: Esc
A13: WARM-UP · flashback to earlier stages
A14: # | B14: Mission | C14: Your answer | D14: Result | E14: Hint? | F14: Hint | G14: XP
A15: W1 | B15: Which function returns the smallest number in a range? (from F1-2 Big Six) | D15: {=IFERROR(_xlfn.LET(_xlpm.a,'S2-1 Quick Entry'!$C$15,IF(TRIM(_xlpm.a&"")="","",IF(OR(SUBSTITUTE(SUBSTITUTE(SUBSTITUTE(SUBSTITUTE(SUBSTITUTE(SUBSTITUTE(SUBSTITUTE(SUBSTITUTE(SUBSTITUTE(SUBSTITUTE(SUBSTITUTE(SUBSTITUTE(SUBSTITUTE(SUBSTITUTE(SUBSTITUTE(SUBSTITUTE(SUBSTITUTE(SUBSTITUTE(SUBSTITUTE(SUBSTITUTE(SUBSTITUTE(SUBSTITUTE(SUBSTITUTE(SUBSTITUTE(SUBSTITUTE(SUBSTITUTE(SUBSTITUTE(UPPER(_xlpm.a)," ",""),"CONTROL","CTRL"),"CTL","CTRL"),"ESCAPE","ESC"),"RETURN","ENTER"),"PAGEDOWN","PGDN"),"PGDOWN","PGDN"),"PAGEUP","PGUP"),"ARROWKEYS","ARROW"),"ARROWKEY","ARROW"),"ARROWS","ARROW"),"DOWNARROW","DOWN"),"UPARROW","UP"),"LEFTARROW","LEFT"),"RIGHTARROW","RIGHT"),"ARROWDOWN","DOWN"),"ARROWUP","UP"),"ARROWLEFT","LEFT"),"ARROWRIGHT","RIGHT"),"↓","DOWN"),"↑","UP"),"←","LEFT"),"→","RIGHT"),"SPACEBAR","SPACE"),"−","-"),"MINUS","-"),"PLUS","+")=Key!$E$2:$J$2),"✔ CLEAR","✘ TRY AGAIN"))),"✘ TRY AGAIN")} | F15: {=IF(E15="Show hint",Key!$B$2,"")} | G15: {=IF(LEFT(D15,1)="✔",IF(E15="Show hint",5,10),0)} -> 0
A16: W2 | B16: Which function counts only the cells that hold numbers? (from F1-2 Big Six) | D16: {=IFERROR(_xlfn.LET(_xlpm.a,'S2-1 Quick Entry'!$C$16,IF(TRIM(_xlpm.a&"")="","",IF(OR(SUBSTITUTE(SUBSTITUTE(SUBSTITUTE(SUBSTITUTE(SUBSTITUTE(SUBSTITUTE(SUBSTITUTE(SUBSTITUTE(SUBSTITUTE(SUBSTITUTE(SUBSTITUTE(SUBSTITUTE(SUBSTITUTE(SUBSTITUTE(SUBSTITUTE(SUBSTITUTE(SUBSTITUTE(SUBSTITUTE(SUBSTITUTE(SUBSTITUTE(SUBSTITUTE(SUBSTITUTE(SUBSTITUTE(SUBSTITUTE(SUBSTITUTE(SUBSTITUTE(SUBSTITUTE(UPPER(_xlpm.a)," ",""),"CONTROL","CTRL"),"CTL","CTRL"),"ESCAPE","ESC"),"RETURN","ENTER"),"PAGEDOWN","PGDN"),"PGDOWN","PGDN"),"PAGEUP","PGUP"),"ARROWKEYS","ARROW"),"ARROWKEY","ARROW"),"ARROWS","ARROW"),"DOWNARROW","DOWN"),"UPARROW","UP"),"LEFTARROW","LEFT"),"RIGHTARROW","RIGHT"),"ARROWDOWN","DOWN"),"ARROWUP","UP"),"ARROWLEFT","LEFT"),"ARROWRIGHT","RIGHT"),"↓","DOWN"),"↑","UP"),"←","LEFT"),"→","RIGHT"),"SPACEBAR","SPACE"),"−","-"),"MINUS","-"),"PLUS","+")=Key!$E$3:$J$3),"✔ CLEAR","✘ TRY AGAIN"))),"✘ TRY AGAIN")} | F16: {=IF(E16="Show hint",Key!$B$3,"")} | G16: {=IF(LEFT(D16,1)="✔",IF(E16="Show hint",5,10),0)} -> 0
A17: W3 | B17: Which function counts every non-empty cell? (from F1-2 Big Six) | D17: {=IFERROR(_xlfn.LET(_xlpm.a,'S2-1 Quick Entry'!$C$17,IF(TRIM(_xlpm.a&"")="","",IF(OR(SUBSTITUTE(SUBSTITUTE(SUBSTITUTE(SUBSTITUTE(SUBSTITUTE(SUBSTITUTE(SUBSTITUTE(SUBSTITUTE(SUBSTITUTE(SUBSTITUTE(SUBSTITUTE(SUBSTITUTE(SUBSTITUTE(SUBSTITUTE(SUBSTITUTE(SUBSTITUTE(SUBSTITUTE(SUBSTITUTE(SUBSTITUTE(SUBSTITUTE(SUBSTITUTE(SUBSTITUTE(SUBSTITUTE(SUBSTITUTE(SUBSTITUTE(SUBSTITUTE(SUBSTITUTE(UPPER(_xlpm.a)," ",""),"CONTROL","CTRL"),"CTL","CTRL"),"ESCAPE","ESC"),"RETURN","ENTER"),"PAGEDOWN","PGDN"),"PGDOWN","PGDN"),"PAGEUP","PGUP"),"ARROWKEYS","ARROW"),"ARROWKEY","ARROW"),"ARROWS","ARROW"),"DOWNARROW","DOWN"),"UPARROW","UP"),"LEFTARROW","LEFT"),"RIGHTARROW","RIGHT"),"ARROWDOWN","DOWN"),"ARROWUP","UP"),"ARROWLEFT","LEFT"),"ARROWRIGHT","RIGHT"),"↓","DOWN"),"↑","UP"),"←","LEFT"),"→","RIGHT"),"SPACEBAR","SPACE"),"−","-"),"MINUS","-"),"PLUS","+")=Key!$E$4:$J$4),"✔ CLEAR","✘ TRY AGAIN"))),"✘ TRY AGAIN")} | F17: {=IF(E17="Show hint",Key!$B$4,"")} | G17: {=IF(LEFT(D17,1)="✔",IF(E17="Show hint",5,10),0)} -> 0
A18: W4 | B18: Which keys insert an AutoSum formula? (from F1-2 Big Six) | D18: {=IFERROR(_xlfn.LET(_xlpm.a,'S2-1 Quick Entry'!$C$18,IF(TRIM(_xlpm.a&"")="","",IF(OR(SUBSTITUTE(SUBSTITUTE(SUBSTITUTE(SUBSTITUTE(SUBSTITUTE(SUBSTITUTE(SUBSTITUTE(SUBSTITUTE(SUBSTITUTE(SUBSTITUTE(SUBSTITUTE(SUBSTITUTE(SUBSTITUTE(SUBSTITUTE(SUBSTITUTE(SUBSTITUTE(SUBSTITUTE(SUBSTITUTE(SUBSTITUTE(SUBSTITUTE(SUBSTITUTE(SUBSTITUTE(SUBSTITUTE(SUBSTITUTE(SUBSTITUTE(SUBSTITUTE(SUBSTITUTE(UPPER(_xlpm.a)," ",""),"CONTROL","CTRL"),"CTL","CTRL"),"ESCAPE","ESC"),"RETURN","ENTER"),"PAGEDOWN","PGDN"),"PGDOWN","PGDN"),"PAGEUP","PGUP"),"ARROWKEYS","ARROW"),"ARROWKEY","ARROW"),"ARROWS","ARROW"),"DOWNARROW","DOWN"),"UPARROW","UP"),"LEFTARROW","LEFT"),"RIGHTARROW","RIGHT"),"ARROWDOWN","DOWN"),"ARROWUP","UP"),"ARROWLEFT","LEFT"),"ARROWRIGHT","RIGHT"),"↓","DOWN"),"↑","UP"),"←","LEFT"),"→","RIGHT"),"SPACEBAR","SPACE"),"−","-"),"MINUS","-"),"PLUS","+")=Key!$E$5:$E$5),"✔ CLEAR","✘ TRY AGAIN"))),"✘ TRY AGAIN")} | F18: {=IF(E18="Show hint",Key!$B$5,"")} | G18: {=IF(LEFT(D18,1)="✔",IF(E18="Show hint",5,10),0)} -> 0
A19: W5 | B19: Type the absolute version of the reference E6. (from F1-3 Anchors) | D19: {=IFERROR(_xlfn.LET(_xlpm.a,'S2-1 Quick Entry'!$C$19,IF(TRIM(_xlpm.a&"")="","",IF(OR(SUBSTITUTE(SUBSTITUTE(SUBSTITUTE(SUBSTITUTE(SUBSTITUTE(SUBSTITUTE(SUBSTITUTE(SUBSTITUTE(SUBSTITUTE(SUBSTITUTE(SUBSTITUTE(SUBSTITUTE(SUBSTITUTE(SUBSTITUTE(SUBSTITUTE(SUBSTITUTE(SUBSTITUTE(SUBSTITUTE(SUBSTITUTE(SUBSTITUTE(SUBSTITUTE(SUBSTITUTE(SUBSTITUTE(SUBSTITUTE(SUBSTITUTE(SUBSTITUTE(SUBSTITUTE(UPPER(_xlpm.a)," ",""),"CONTROL","CTRL"),"CTL","CTRL"),"ESCAPE","ESC"),"RETURN","ENTER"),"PAGEDOWN","PGDN"),"PGDOWN","PGDN"),"PAGEUP","PGUP"),"ARROWKEYS","ARROW"),"ARROWKEY","ARROW"),"ARROWS","ARROW"),"DOWNARROW","DOWN"),"UPARROW","UP"),"LEFTARROW","LEFT"),"RIGHTARROW","RIGHT"),"ARROWDOWN","DOWN"),"ARROWUP","UP"),"ARROWLEFT","LEFT"),"ARROWRIGHT","RIGHT"),"↓","DOWN"),"↑","UP"),"←","LEFT"),"→","RIGHT"),"SPACEBAR","SPACE"),"−","-"),"MINUS","-"),"PLUS","+")=Key!$E$6:$E$6),"✔ CLEAR","✘ TRY AGAIN"))),"✘ TRY AGAIN")} | F19: {=IF(E19="Show hint",Key!$B$6,"")} | G19: {=IF(LEFT(D19,1)="✔",IF(E19="Show hint",5,10),0)} -> 0
A20: W6 | B20: Type a reference to C16 that locks only the row. (from F1-3 Anchors) | D20: {=IFERROR(_xlfn.LET(_xlpm.a,'S2-1 Quick Entry'!$C$20,IF(TRIM(_xlpm.a&"")="","",IF(OR(SUBSTITUTE(SUBSTITUTE(SUBSTITUTE(SUBSTITUTE(SUBSTITUTE(SUBSTITUTE(SUBSTITUTE(SUBSTITUTE(SUBSTITUTE(SUBSTITUTE(SUBSTITUTE(SUBSTITUTE(SUBSTITUTE(SUBSTITUTE(SUBSTITUTE(SUBSTITUTE(SUBSTITUTE(SUBSTITUTE(SUBSTITUTE(SUBSTITUTE(SUBSTITUTE(SUBSTITUTE(SUBSTITUTE(SUBSTITUTE(SUBSTITUTE(SUBSTITUTE(SUBSTITUTE(UPPER(_xlpm.a)," ",""),"CONTROL","CTRL"),"CTL","CTRL"),"ESCAPE","ESC"),"RETURN","ENTER"),"PAGEDOWN","PGDN"),"PGDOWN","PGDN"),"PAGEUP","PGUP"),"ARROWKEYS","ARROW"),"ARROWKEY","ARROW"),"ARROWS","ARROW"),"DOWNARROW","DOWN"),"UPARROW","UP"),"LEFTARROW","LEFT"),"RIGHTARROW","RIGHT"),"ARROWDOWN","DOWN"),"ARROWUP","UP"),"ARROWLEFT","LEFT"),"ARROWRIGHT","RIGHT"),"↓","DOWN"),"↑","UP"),"←","LEFT"),"→","RIGHT"),"SPACEBAR","SPACE"),"−","-"),"MINUS","-"),"PLUS","+")=Key!$E$7:$E$7),"✔ CLEAR","✘ TRY AGAIN"))),"✘ TRY AGAIN")} | F20: {=IF(E20="Show hint",Key!$B$7,"")} | G20: {=IF(LEFT(D20,1)="✔",IF(E20="Show hint",5,10),0)} -> 0
A21: W7 | B21: Which key adds or cycles the $ signs on a reference you are editing? (from F1-3 Anchors) | D21: {=IFERROR(_xlfn.LET(_xlpm.a,'S2-1 Quick Entry'!$C$21,IF(TRIM(_xlpm.a&"")="","",IF(OR(SUBSTITUTE(SUBSTITUTE(SUBSTITUTE(SUBSTITUTE(SUBSTITUTE(SUBSTITUTE(SUBSTITUTE(SUBSTITUTE(SUBSTITUTE(SUBSTITUTE(SUBSTITUTE(SUBSTITUTE(SUBSTITUTE(SUBSTITUTE(SUBSTITUTE(SUBSTITUTE(SUBSTITUTE(SUBSTITUTE(SUBSTITUTE(SUBSTITUTE(SUBSTITUTE(SUBSTITUTE(SUBSTITUTE(SUBSTITUTE(SUBSTITUTE(SUBSTITUTE(SUBSTITUTE(UPPER(_xlpm.a)," ",""),"CONTROL","CTRL"),"CTL","CTRL"),"ESCAPE","ESC"),"RETURN","ENTER"),"PAGEDOWN","PGDN"),"PGDOWN","PGDN"),"PAGEUP","PGUP"),"ARROWKEYS","ARROW"),"ARROWKEY","ARROW"),"ARROWS","ARROW"),"DOWNARROW","DOWN"),"UPARROW","UP"),"LEFTARROW","LEFT"),"RIGHTARROW","RIGHT"),"ARROWDOWN","DOWN"),"ARROWUP","UP"),"ARROWLEFT","LEFT"),"ARROWRIGHT","RIGHT"),"↓","DOWN"),"↑","UP"),"←","LEFT"),"→","RIGHT"),"SPACEBAR","SPACE"),"−","-"),"MINUS","-"),"PLUS","+")=Key!$E$8:$E$8),"✔ CLEAR","✘ TRY AGAIN"))),"✘ TRY AGAIN")} | F21: {=IF(E21="Show hint",Key!$B$8,"")} | G21: {=IF(LEFT(D21,1)="✔",IF(E21="Show hint",5,10),0)} -> 0
A22: W8 | B22: Which keys copy the top cell down into the selected cells? (from F1-3 Anchors) | D22: {=IFERROR(_xlfn.LET(_xlpm.a,'S2-1 Quick Entry'!$C$22,IF(TRIM(_xlpm.a&"")="","",IF(OR(SUBSTITUTE(SUBSTITUTE(SUBSTITUTE(SUBSTITUTE(SUBSTITUTE(SUBSTITUTE(SUBSTITUTE(SUBSTITUTE(SUBSTITUTE(SUBSTITUTE(SUBSTITUTE(SUBSTITUTE(SUBSTITUTE(SUBSTITUTE(SUBSTITUTE(SUBSTITUTE(SUBSTITUTE(SUBSTITUTE(SUBSTITUTE(SUBSTITUTE(SUBSTITUTE(SUBSTITUTE(SUBSTITUTE(SUBSTITUTE(SUBSTITUTE(SUBSTITUTE(SUBSTITUTE(UPPER(_xlpm.a)," ",""),"CONTROL","CTRL"),"CTL","CTRL"),"ESCAPE","ESC"),"RETURN","ENTER"),"PAGEDOWN","PGDN"),"PGDOWN","PGDN"),"PAGEUP","PGUP"),"ARROWKEYS","ARROW"),"ARROWKEY","ARROW"),"ARROWS","ARROW"),"DOWNARROW","DOWN"),"UPARROW","UP"),"LEFTARROW","LEFT"),"RIGHTARROW","RIGHT"),"ARROWDOWN","DOWN"),"ARROWUP","UP"),"ARROWLEFT","LEFT"),"ARROWRIGHT","RIGHT"),"↓","DOWN"),"↑","UP"),"←","LEFT"),"→","RIGHT"),"SPACEBAR","SPACE"),"−","-"),"MINUS","-"),"PLUS","+")=Key!$E$9:$E$9),"✔ CLEAR","✘ TRY AGAIN"))),"✘ TRY AGAIN")} | F22: {=IF(E22="Show hint",Key!$B$9,"")} | G22: {=IF(LEFT(D22,1)="✔",IF(E22="Show hint",5,10),0)} -> 0
A23: W9 | B23: Which keys jump to the edge of the current data block (any direction)? (from S1-1 Warp Zones) | D23: {=IFERROR(_xlfn.LET(_xlpm.a,'S2-1 Quick Entry'!$C$23,IF(TRIM(_xlpm.a&"")="","",IF(OR(SUBSTITUTE(SUBSTITUTE(SUBSTITUTE(SUBSTITUTE(SUBSTITUTE(SUBSTITUTE(SUBSTITUTE(SUBSTITUTE(SUBSTITUTE(SUBSTITUTE(SUBSTITUTE(SUBSTITUTE(SUBSTITUTE(SUBSTITUTE(SUBSTITUTE(SUBSTITUTE(SUBSTITUTE(SUBSTITUTE(SUBSTITUTE(SUBSTITUTE(SUBSTITUTE(SUBSTITUTE(SUBSTITUTE(SUBSTITUTE(SUBSTITUTE(SUBSTITUTE(SUBSTITUTE(UPPER(_xlpm.a)," ",""),"CONTROL","CTRL"),"CTL","CTRL"),"ESCAPE","ESC"),"RETURN","ENTER"),"PAGEDOWN","PGDN"),"PGDOWN","PGDN"),"PAGEUP","PGUP"),"ARROWKEYS","ARROW"),"ARROWKEY","ARROW"),"ARROWS","ARROW"),"DOWNARROW","DOWN"),"UPARROW","UP"),"LEFTARROW","LEFT"),"RIGHTARROW","RIGHT"),"ARROWDOWN","DOWN"),"ARROWUP","UP"),"ARROWLEFT","LEFT"),"ARROWRIGHT","RIGHT"),"↓","DOWN"),"↑","UP"),"←","LEFT"),"→","RIGHT"),"SPACEBAR","SPACE"),"−","-"),"MINUS","-"),"PLUS","+")=Key!$E$10:$I$10),"✔ CLEAR","✘ TRY AGAIN"))),"✘ TRY AGAIN")} | F23: {=IF(E23="Show hint",Key!$B$10,"")} | G23: {=IF(LEFT(D23,1)="✔",IF(E23="Show hint",5,10),0)} -> 0
A24: W10 | B24: Which keys take you to the very first cell of the sheet (A1)? (from S1-1 Warp Zones) | D24: {=IFERROR(_xlfn.LET(_xlpm.a,'S2-1 Quick Entry'!$C$24,IF(TRIM(_xlpm.a&"")="","",IF(OR(SUBSTITUTE(SUBSTITUTE(SUBSTITUTE(SUBSTITUTE(SUBSTITUTE(SUBSTITUTE(SUBSTITUTE(SUBSTITUTE(SUBSTITUTE(SUBSTITUTE(SUBSTITUTE(SUBSTITUTE(SUBSTITUTE(SUBSTITUTE(SUBSTITUTE(SUBSTITUTE(SUBSTITUTE(SUBSTITUTE(SUBSTITUTE(SUBSTITUTE(SUBSTITUTE(SUBSTITUTE(SUBSTITUTE(SUBSTITUTE(SUBSTITUTE(SUBSTITUTE(SUBSTITUTE(UPPER(_xlpm.a)," ",""),"CONTROL","CTRL"),"CTL","CTRL"),"ESCAPE","ESC"),"RETURN","ENTER"),"PAGEDOWN","PGDN"),"PGDOWN","PGDN"),"PAGEUP","PGUP"),"ARROWKEYS","ARROW"),"ARROWKEY","ARROW"),"ARROWS","ARROW"),"DOWNARROW","DOWN"),"UPARROW","UP"),"LEFTARROW","LEFT"),"RIGHTARROW","RIGHT"),"ARROWDOWN","DOWN"),"ARROWUP","UP"),"ARROWLEFT","LEFT"),"ARROWRIGHT","RIGHT"),"↓","DOWN"),"↑","UP"),"←","LEFT"),"→","RIGHT"),"SPACEBAR","SPACE"),"−","-"),"MINUS","-"),"PLUS","+")=Key!$E$11:$E$11),"✔ CLEAR","✘ TRY AGAIN"))),"✘ TRY AGAIN")} | F24: {=IF(E24="Show hint",Key!$B$11,"")} | G24: {=IF(LEFT(D24,1)="✔",IF(E24="Show hint",5,10),0)} -> 0
A26: TRAINING · recognize the move (pick from the list)
A27: # | B27: Mission | C27: Your answer | D27: Result | E27: Hint? | F27: Hint | G27: XP
A28: T1 | B28: Which keys confirm an entry and move up one cell? | D28: {=IFERROR(IF('S2-1 Quick Entry'!$C$28&""="","",IF('S2-1 Quick Entry'!$C$28&""=Key!$C$12&"","✔ CLEAR","✘ TRY AGAIN")),"✘ TRY AGAIN")} | F28: {=IF(E28="Show hint",Key!$B$12,"")} | G28: {=IF(LEFT(D28,1)="✔",IF(E28="Show hint",5,10),0)} -> 0
A29: T2 | B29: Which key confirms an entry and moves one cell to the right? | D29: {=IFERROR(IF('S2-1 Quick Entry'!$C$29&""="","",IF('S2-1 Quick Entry'!$C$29&""=Key!$C$13&"","✔ CLEAR","✘ TRY AGAIN")),"✘ TRY AGAIN")} | F29: {=IF(E29="Show hint",Key!$B$13,"")} | G29: {=IF(LEFT(D29,1)="✔",IF(E29="Show hint",5,10),0)} -> 0
A30: T3 | B30: Which keys fill every selected cell with what you typed? | D30: {=IFERROR(IF('S2-1 Quick Entry'!$C$30&""="","",IF('S2-1 Quick Entry'!$C$30&""=Key!$C$14&"","✔ CLEAR","✘ TRY AGAIN")),"✘ TRY AGAIN")} | F30: {=IF(E30="Show hint",Key!$B$14,"")} | G30: {=IF(LEFT(D30,1)="✔",IF(E30="Show hint",5,10),0)} -> 0
A31: T4 | B31: Which keys start a new line inside the same cell? | D31: {=IFERROR(IF('S2-1 Quick Entry'!$C$31&""="","",IF('S2-1 Quick Entry'!$C$31&""=Key!$C$15&"","✔ CLEAR","✘ TRY AGAIN")),"✘ TRY AGAIN")} | F31: {=IF(E31="Show hint",Key!$B$15,"")} | G31: {=IF(LEFT(D31,1)="✔",IF(E31="Show hint",5,10),0)} -> 0
A32: T5 | B32: Which key cancels an entry and leaves the cell unchanged? | D32: {=IFERROR(IF('S2-1 Quick Entry'!$C$32&""="","",IF('S2-1 Quick Entry'!$C$32&""=Key!$C$16&"","✔ CLEAR","✘ TRY AGAIN")),"✘ TRY AGAIN")} | F32: {=IF(E32="Show hint",Key!$B$16,"")} | G32: {=IF(LEFT(D32,1)="✔",IF(E32="Show hint",5,10),0)} -> 0
A34: CHALLENGES · recall it, then do it
B35: ▶ Open S2-1 Arena (or press Ctrl+PgDn)
A36: # | B36: Mission | C36: Your answer | D36: Result | E36: Hint? | F36: Hint | G36: XP
A37: C1 | B37: Which keys confirm an entry and move up one cell? | D37: {=IFERROR(_xlfn.LET(_xlpm.a,'S2-1 Quick Entry'!$C$37,IF(TRIM(_xlpm.a&"")="","",IF(OR(SUBSTITUTE(SUBSTITUTE(SUBSTITUTE(SUBSTITUTE(SUBSTITUTE(SUBSTITUTE(SUBSTITUTE(SUBSTITUTE(SUBSTITUTE(SUBSTITUTE(SUBSTITUTE(SUBSTITUTE(SUBSTITUTE(SUBSTITUTE(SUBSTITUTE(SUBSTITUTE(SUBSTITUTE(SUBSTITUTE(SUBSTITUTE(SUBSTITUTE(SUBSTITUTE(SUBSTITUTE(SUBSTITUTE(SUBSTITUTE(SUBSTITUTE(SUBSTITUTE(SUBSTITUTE(UPPER(_xlpm.a)," ",""),"CONTROL","CTRL"),"CTL","CTRL"),"ESCAPE","ESC"),"RETURN","ENTER"),"PAGEDOWN","PGDN"),"PGDOWN","PGDN"),"PAGEUP","PGUP"),"ARROWKEYS","ARROW"),"ARROWKEY","ARROW"),"ARROWS","ARROW"),"DOWNARROW","DOWN"),"UPARROW","UP"),"LEFTARROW","LEFT"),"RIGHTARROW","RIGHT"),"ARROWDOWN","DOWN"),"ARROWUP","UP"),"ARROWLEFT","LEFT"),"ARROWRIGHT","RIGHT"),"↓","DOWN"),"↑","UP"),"←","LEFT"),"→","RIGHT"),"SPACEBAR","SPACE"),"−","-"),"MINUS","-"),"PLUS","+")=Key!$E$17:$E$17),"✔ CLEAR","✘ TRY AGAIN"))),"✘ TRY AGAIN")} | F37: {=IF(E37="Show hint",Key!$B$17,"")} | G37: {=IF(LEFT(D37,1)="✔",IF(E37="Show hint",5,10),0)} -> 0
A38: C2 | B38: Which key confirms an entry and moves one cell to the right? | D38: {=IFERROR(_xlfn.LET(_xlpm.a,'S2-1 Quick Entry'!$C$38,IF(TRIM(_xlpm.a&"")="","",IF(OR(SUBSTITUTE(SUBSTITUTE(SUBSTITUTE(SUBSTITUTE(SUBSTITUTE(SUBSTITUTE(SUBSTITUTE(SUBSTITUTE(SUBSTITUTE(SUBSTITUTE(SUBSTITUTE(SUBSTITUTE(SUBSTITUTE(SUBSTITUTE(SUBSTITUTE(SUBSTITUTE(SUBSTITUTE(SUBSTITUTE(SUBSTITUTE(SUBSTITUTE(SUBSTITUTE(SUBSTITUTE(SUBSTITUTE(SUBSTITUTE(SUBSTITUTE(SUBSTITUTE(SUBSTITUTE(UPPER(_xlpm.a)," ",""),"CONTROL","CTRL"),"CTL","CTRL"),"ESCAPE","ESC"),"RETURN","ENTER"),"PAGEDOWN","PGDN"),"PGDOWN","PGDN"),"PAGEUP","PGUP"),"ARROWKEYS","ARROW"),"ARROWKEY","ARROW"),"ARROWS","ARROW"),"DOWNARROW","DOWN"),"UPARROW","UP"),"LEFTARROW","LEFT"),"RIGHTARROW","RIGHT"),"ARROWDOWN","DOWN"),"ARROWUP","UP"),"ARROWLEFT","LEFT"),"ARROWRIGHT","RIGHT"),"↓","DOWN"),"↑","UP"),"←","LEFT"),"→","RIGHT"),"SPACEBAR","SPACE"),"−","-"),"MINUS","-"),"PLUS","+")=Key!$E$18:$E$18),"✔ CLEAR","✘ TRY AGAIN"))),"✘ TRY AGAIN")} | F38: {=IF(E38="Show hint",Key!$B$18,"")} | G38: {=IF(LEFT(D38,1)="✔",IF(E38="Show hint",5,10),0)} -> 0
A39: C3 | B39: Which keys fill every selected cell with what you typed? | D39: {=IFERROR(_xlfn.LET(_xlpm.a,'S2-1 Quick Entry'!$C$39,IF(TRIM(_xlpm.a&"")="","",IF(OR(SUBSTITUTE(SUBSTITUTE(SUBSTITUTE(SUBSTITUTE(SUBSTITUTE(SUBSTITUTE(SUBSTITUTE(SUBSTITUTE(SUBSTITUTE(SUBSTITUTE(SUBSTITUTE(SUBSTITUTE(SUBSTITUTE(SUBSTITUTE(SUBSTITUTE(SUBSTITUTE(SUBSTITUTE(SUBSTITUTE(SUBSTITUTE(SUBSTITUTE(SUBSTITUTE(SUBSTITUTE(SUBSTITUTE(SUBSTITUTE(SUBSTITUTE(SUBSTITUTE(SUBSTITUTE(UPPER(_xlpm.a)," ",""),"CONTROL","CTRL"),"CTL","CTRL"),"ESCAPE","ESC"),"RETURN","ENTER"),"PAGEDOWN","PGDN"),"PGDOWN","PGDN"),"PAGEUP","PGUP"),"ARROWKEYS","ARROW"),"ARROWKEY","ARROW"),"ARROWS","ARROW"),"DOWNARROW","DOWN"),"UPARROW","UP"),"LEFTARROW","LEFT"),"RIGHTARROW","RIGHT"),"ARROWDOWN","DOWN"),"ARROWUP","UP"),"ARROWLEFT","LEFT"),"ARROWRIGHT","RIGHT"),"↓","DOWN"),"↑","UP"),"←","LEFT"),"→","RIGHT"),"SPACEBAR","SPACE"),"−","-"),"MINUS","-"),"PLUS","+")=Key!$E$19:$E$19),"✔ CLEAR","✘ TRY AGAIN"))),"✘ TRY AGAIN")} | F39: {=IF(E39="Show hint",Key!$B$19,"")} | G39: {=IF(LEFT(D39,1)="✔",IF(E39="Show hint",5,10),0)} -> 0
A40: C4 | B40: Which keys start a new line inside the same cell? | D40: {=IFERROR(_xlfn.LET(_xlpm.a,'S2-1 Quick Entry'!$C$40,IF(TRIM(_xlpm.a&"")="","",IF(OR(SUBSTITUTE(SUBSTITUTE(SUBSTITUTE(SUBSTITUTE(SUBSTITUTE(SUBSTITUTE(SUBSTITUTE(SUBSTITUTE(SUBSTITUTE(SUBSTITUTE(SUBSTITUTE(SUBSTITUTE(SUBSTITUTE(SUBSTITUTE(SUBSTITUTE(SUBSTITUTE(SUBSTITUTE(SUBSTITUTE(SUBSTITUTE(SUBSTITUTE(SUBSTITUTE(SUBSTITUTE(SUBSTITUTE(SUBSTITUTE(SUBSTITUTE(SUBSTITUTE(SUBSTITUTE(UPPER(_xlpm.a)," ",""),"CONTROL","CTRL"),"CTL","CTRL"),"ESCAPE","ESC"),"RETURN","ENTER"),"PAGEDOWN","PGDN"),"PGDOWN","PGDN"),"PAGEUP","PGUP"),"ARROWKEYS","ARROW"),"ARROWKEY","ARROW"),"ARROWS","ARROW"),"DOWNARROW","DOWN"),"UPARROW","UP"),"LEFTARROW","LEFT"),"RIGHTARROW","RIGHT"),"ARROWDOWN","DOWN"),"ARROWUP","UP"),"ARROWLEFT","LEFT"),"ARROWRIGHT","RIGHT"),"↓","DOWN"),"↑","UP"),"←","LEFT"),"→","RIGHT"),"SPACEBAR","SPACE"),"−","-"),"MINUS","-"),"PLUS","+")=Key!$E$20:$E$20),"✔ CLEAR","✘ TRY AGAIN"))),"✘ TRY AGAIN")} | F40: {=IF(E40="Show hint",Key!$B$20,"")} | G40: {=IF(LEFT(D40,1)="✔",IF(E40="Show hint",5,10),0)} -> 0
A41: C5 | B41: Which key cancels an entry and leaves the cell unchanged? | D41: {=IFERROR(_xlfn.LET(_xlpm.a,'S2-1 Quick Entry'!$C$41,IF(TRIM(_xlpm.a&"")="","",IF(OR(SUBSTITUTE(SUBSTITUTE(SUBSTITUTE(SUBSTITUTE(SUBSTITUTE(SUBSTITUTE(SUBSTITUTE(SUBSTITUTE(SUBSTITUTE(SUBSTITUTE(SUBSTITUTE(SUBSTITUTE(SUBSTITUTE(SUBSTITUTE(SUBSTITUTE(SUBSTITUTE(SUBSTITUTE(SUBSTITUTE(SUBSTITUTE(SUBSTITUTE(SUBSTITUTE(SUBSTITUTE(SUBSTITUTE(SUBSTITUTE(SUBSTITUTE(SUBSTITUTE(SUBSTITUTE(UPPER(_xlpm.a)," ",""),"CONTROL","CTRL"),"CTL","CTRL"),"ESCAPE","ESC"),"RETURN","ENTER"),"PAGEDOWN","PGDN"),"PGDOWN","PGDN"),"PAGEUP","PGUP"),"ARROWKEYS","ARROW"),"ARROWKEY","ARROW"),"ARROWS","ARROW"),"DOWNARROW","DOWN"),"UPARROW","UP"),"LEFTARROW","LEFT"),"RIGHTARROW","RIGHT"),"ARROWDOWN","DOWN"),"ARROWUP","UP"),"ARROWLEFT","LEFT"),"ARROWRIGHT","RIGHT"),"↓","DOWN"),"↑","UP"),"←","LEFT"),"→","RIGHT"),"SPACEBAR","SPACE"),"−","-"),"MINUS","-"),"PLUS","+")=Key!$E$21:$E$21),"✔ CLEAR","✘ TRY AGAIN"))),"✘ TRY AGAIN")} | F41: {=IF(E41="Show hint",Key!$B$21,"")} | G41: {=IF(LEFT(D41,1)="✔",IF(E41="Show hint",5,10),0)} -> 0
A42: C6 | B42: In the arena, select B6:B15 (click B6, then Shift+click B15), type DONE and press Ctrl+Enter. Every selected cell gets DONE. | C42: ▶ ARENA C6 (cell B6) | D42: {=IF(IFERROR(AND('S2-1 Arena'!$B$6="DONE",'S2-1 Arena'!$B$7="DONE",'S2-1 Arena'!$B$8="DONE",'S2-1 Arena'!$B$9="DONE",'S2-1 Arena'!$B$10="DONE",'S2-1 Arena'!$B$11="DONE",'S2-1 Arena'!$B$12="DONE",'S2-1 Arena'!$B$13="DONE",'S2-1 Arena'!$B$14="DONE",'S2-1 Arena'!$B$15="DONE"),FALSE),"✔ CLEAR","· not yet")} -> · not yet | F42: {=IF(E42="Show hint",Key!$B$22,"")} | G42: {=IF(LEFT(D42,1)="✔",IF(E42="Show hint",5,10),0)} -> 0
A43: C7 | B43: In D6 type Line 1, press Alt+Enter, type Line 2, then press Enter. | C43: ▶ ARENA C7 (cell D6) | D43: {=IF(IFERROR(EXACT('S2-1 Arena'!$D$6,"Line 1"&CHAR(10)&"Line 2"),FALSE),"✔ CLEAR","· not yet")} -> · not yet | F43: {=IF(E43="Show hint",Key!$B$23,"")} | G43: {=IF(LEFT(D43,1)="✔",IF(E43="Show hint",5,10),0)} -> 0
A44: C8 | B44: In F6 type Name, press Tab, type Score, press Tab, type Level, then press Enter. | C44: ▶ ARENA C8 (cell F6) | D44: {=IF(IFERROR(AND('S2-1 Arena'!$F$6="Name",'S2-1 Arena'!$G$6="Score",'S2-1 Arena'!$H$6="Level"),FALSE),"✔ CLEAR","· not yet")} -> · not yet | F44: {=IF(E44="Show hint",Key!$B$24,"")} | G44: {=IF(LEFT(D44,1)="✔",IF(E44="Show hint",5,10),0)} -> 0
A45: C9 | B45: In F12 type Bottom and press Shift+Enter: you move UP to F11. Type Top and press Enter. | C45: ▶ ARENA C9 (cell F12) | D45: {=IF(IFERROR(AND('S2-1 Arena'!$F$12="Bottom",'S2-1 Arena'!$F$11="Top"),FALSE),"✔ CLEAR","· not yet")} -> · not yet | F45: {=IF(E45="Show hint",Key!$B$25,"")} | G45: {=IF(LEFT(D45,1)="✔",IF(E45="Show hint",5,10),0)} -> 0

Sheet S2-1 Arena
A1: ARENA ▸ S2-1 QUICK ENTRY
A2: Practice area · everything here is editable. Missions and their checks are on the stage sheet.
A3: PASS CODE | B3: QUICKSTEP | D3: ◀ Back to S2-1 Quick Entry
B5: STATUS ▼ | D5: TWO LINES ▼ | F5: TAB ROW ▶
F10: UP AND DOWN ▼

Sheet S2-2 Clone Machine
A1: STAGE S2-2 ▸ CLONE MACHINE
A2: Goal: copy, move and fill without retyping
A3: {="SCORE "&TEXT(SUM($G$17:$G$50),"0000")&" / 0270"} -> SCORE 0000 / 0270 | C3: {=IF(SUM($G$17:$G$50)>=270,"★★★",IF(SUM($G$17:$G$50)>=270*0.8,"★★☆",IF(SUM($G$17:$G$50)>=270*0.5,"★☆☆","☆☆☆")))} -> ☆☆☆ | D3: {=REPT("█",ROUND(10*SUM($G$17:$G$50)/270,0))&REPT("░",10-ROUND(10*SUM($G$17:$G$50)/270,0))&" "&TEXT(SUM($G$17:$G$50)/270,"0%")} -> ░░░░░░░░░░ 0% | F3: {=IF(SUM($G$17:$G$50)>=270*0.5,"STAGE CLEAR! ▶ Next: S2-3 Stamps & Smart Fill","")}
A5: BRIEFING · new moves in this stage
A6: # | B6: What it does · Pro tip | C6: Keys / Syntax
A7: 1 | B7: Copy the selected cells. Tip: A moving border shows what's copied; Esc clears it. | C7: Ctrl+C
A8: 2 | B8: Cut the selected cells, ready to move them. Tip: Paste with Ctrl+V to finish the move. | C8: Ctrl+X
A9: 3 | B9: Paste what you copied or cut. Tip: Paste into the top-left destination cell. | C9: Ctrl+V
A10: 4 | B10: Open Paste Special: paste only values, formats and more. Tip: Ctrl+Alt+V, then V, then Enter pastes values only. | C10: Ctrl+Alt+V
A11: 5 | B11: Fill Right: copy the left cell into the selected cells to its right. Tip: The twin of Ctrl+D (Fill Down). | C11: Ctrl+R
A12: 6 | B12: Undo the last action. Tip: Press again to undo further back. | C12: Ctrl+Z
A13: 7 | B13: Redo, or repeat the last action. Tip: After an undo it redoes; otherwise it repeats your last action. | C13: Ctrl+Y
A15: WARM-UP · flashback to earlier stages
A16: # | B16: Mission | C16: Your answer | D16: Result | E16: Hint? | F16: Hint | G16: XP
A17: W1 | B17: Which keys confirm an entry and move up one cell? (from S2-1 Quick Entry) | D17: {=IFERROR(_xlfn.LET(_xlpm.a,'S2-2 Clone Machine'!$C$17,IF(TRIM(_xlpm.a&"")="","",IF(OR(SUBSTITUTE(SUBSTITUTE(SUBSTITUTE(SUBSTITUTE(SUBSTITUTE(SUBSTITUTE(SUBSTITUTE(SUBSTITUTE(SUBSTITUTE(SUBSTITUTE(SUBSTITUTE(SUBSTITUTE(SUBSTITUTE(SUBSTITUTE(SUBSTITUTE(SUBSTITUTE(SUBSTITUTE(SUBSTITUTE(SUBSTITUTE(SUBSTITUTE(SUBSTITUTE(SUBSTITUTE(SUBSTITUTE(SUBSTITUTE(SUBSTITUTE(SUBSTITUTE(SUBSTITUTE(UPPER(_xlpm.a)," ",""),"CONTROL","CTRL"),"CTL","CTRL"),"ESCAPE","ESC"),"RETURN","ENTER"),"PAGEDOWN","PGDN"),"PGDOWN","PGDN"),"PAGEUP","PGUP"),"ARROWKEYS","ARROW"),"ARROWKEY","ARROW"),"ARROWS","ARROW"),"DOWNARROW","DOWN"),"UPARROW","UP"),"LEFTARROW","LEFT"),"RIGHTARROW","RIGHT"),"ARROWDOWN","DOWN"),"ARROWUP","UP"),"ARROWLEFT","LEFT"),"ARROWRIGHT","RIGHT"),"↓","DOWN"),"↑","UP"),"←","LEFT"),"→","RIGHT"),"SPACEBAR","SPACE"),"−","-"),"MINUS","-"),"PLUS","+")=Key!$E$26:$E$26),"✔ CLEAR","✘ TRY AGAIN"))),"✘ TRY AGAIN")} | F17: {=IF(E17="Show hint",Key!$B$26,"")} | G17: {=IF(LEFT(D17,1)="✔",IF(E17="Show hint",5,10),0)} -> 0
A18: W2 | B18: Which key confirms an entry and moves one cell to the right? (from S2-1 Quick Entry) | D18: {=IFERROR(_xlfn.LET(_xlpm.a,'S2-2 Clone Machine'!$C$18,IF(TRIM(_xlpm.a&"")="","",IF(OR(SUBSTITUTE(SUBSTITUTE(SUBSTITUTE(SUBSTITUTE(SUBSTITUTE(SUBSTITUTE(SUBSTITUTE(SUBSTITUTE(SUBSTITUTE(SUBSTITUTE(SUBSTITUTE(SUBSTITUTE(SUBSTITUTE(SUBSTITUTE(SUBSTITUTE(SUBSTITUTE(SUBSTITUTE(SUBSTITUTE(SUBSTITUTE(SUBSTITUTE(SUBSTITUTE(SUBSTITUTE(SUBSTITUTE(SUBSTITUTE(SUBSTITUTE(SUBSTITUTE(SUBSTITUTE(UPPER(_xlpm.a)," ",""),"CONTROL","CTRL"),"CTL","CTRL"),"ESCAPE","ESC"),"RETURN","ENTER"),"PAGEDOWN","PGDN"),"PGDOWN","PGDN"),"PAGEUP","PGUP"),"ARROWKEYS","ARROW"),"ARROWKEY","ARROW"),"ARROWS","ARROW"),"DOWNARROW","DOWN"),"UPARROW","UP"),"LEFTARROW","LEFT"),"RIGHTARROW","RIGHT"),"ARROWDOWN","DOWN"),"ARROWUP","UP"),"ARROWLEFT","LEFT"),"ARROWRIGHT","RIGHT"),"↓","DOWN"),"↑","UP"),"←","LEFT"),"→","RIGHT"),"SPACEBAR","SPACE"),"−","-"),"MINUS","-"),"PLUS","+")=Key!$E$27:$E$27),"✔ CLEAR","✘ TRY AGAIN"))),"✘ TRY AGAIN")} | F18: {=IF(E18="Show hint",Key!$B$27,"")} | G18: {=IF(LEFT(D18,1)="✔",IF(E18="Show hint",5,10),0)} -> 0
A19: W3 | B19: Which keys fill every selected cell with what you typed? (from S2-1 Quick Entry) | D19: {=IFERROR(_xlfn.LET(_xlpm.a,'S2-2 Clone Machine'!$C$19,IF(TRIM(_xlpm.a&"")="","",IF(OR(SUBSTITUTE(SUBSTITUTE(SUBSTITUTE(SUBSTITUTE(SUBSTITUTE(SUBSTITUTE(SUBSTITUTE(SUBSTITUTE(SUBSTITUTE(SUBSTITUTE(SUBSTITUTE(SUBSTITUTE(SUBSTITUTE(SUBSTITUTE(SUBSTITUTE(SUBSTITUTE(SUBSTITUTE(SUBSTITUTE(SUBSTITUTE(SUBSTITUTE(SUBSTITUTE(SUBSTITUTE(SUBSTITUTE(SUBSTITUTE(SUBSTITUTE(SUBSTITUTE(SUBSTITUTE(UPPER(_xlpm.a)," ",""),"CONTROL","CTRL"),"CTL","CTRL"),"ESCAPE","ESC"),"RETURN","ENTER"),"PAGEDOWN","PGDN"),"PGDOWN","PGDN"),"PAGEUP","PGUP"),"ARROWKEYS","ARROW"),"ARROWKEY","ARROW"),"ARROWS","ARROW"),"DOWNARROW","DOWN"),"UPARROW","UP"),"LEFTARROW","LEFT"),"RIGHTARROW","RIGHT"),"ARROWDOWN","DOWN"),"ARROWUP","UP"),"ARROWLEFT","LEFT"),"ARROWRIGHT","RIGHT"),"↓","DOWN"),"↑","UP"),"←","LEFT"),"→","RIGHT"),"SPACEBAR","SPACE"),"−","-"),"MINUS","-"),"PLUS","+")=Key!$E$28:$E$28),"✔ CLEAR","✘ TRY AGAIN"))),"✘ TRY AGAIN")} | F19: {=IF(E19="Show hint",Key!$B$28,"")} | G19: {=IF(LEFT(D19,1)="✔",IF(E19="Show hint",5,10),0)} -> 0
A20: W4 | B20: Which keys start a new line inside the same cell? (from S2-1 Quick Entry) | D20: {=IFERROR(_xlfn.LET(_xlpm.a,'S2-2 Clone Machine'!$C$20,IF(TRIM(_xlpm.a&"")="","",IF(OR(SUBSTITUTE(SUBSTITUTE(SUBSTITUTE(SUBSTITUTE(SUBSTITUTE(SUBSTITUTE(SUBSTITUTE(SUBSTITUTE(SUBSTITUTE(SUBSTITUTE(SUBSTITUTE(SUBSTITUTE(SUBSTITUTE(SUBSTITUTE(SUBSTITUTE(SUBSTITUTE(SUBSTITUTE(SUBSTITUTE(SUBSTITUTE(SUBSTITUTE(SUBSTITUTE(SUBSTITUTE(SUBSTITUTE(SUBSTITUTE(SUBSTITUTE(SUBSTITUTE(SUBSTITUTE(UPPER(_xlpm.a)," ",""),"CONTROL","CTRL"),"CTL","CTRL"),"ESCAPE","ESC"),"RETURN","ENTER"),"PAGEDOWN","PGDN"),"PGDOWN","PGDN"),"PAGEUP","PGUP"),"ARROWKEYS","ARROW"),"ARROWKEY","ARROW"),"ARROWS","ARROW"),"DOWNARROW","DOWN"),"UPARROW","UP"),"LEFTARROW","LEFT"),"RIGHTARROW","RIGHT"),"ARROWDOWN","DOWN"),"ARROWUP","UP"),"ARROWLEFT","LEFT"),"ARROWRIGHT","RIGHT"),"↓","DOWN"),"↑","UP"),"←","LEFT"),"→","RIGHT"),"SPACEBAR","SPACE"),"−","-"),"MINUS","-"),"PLUS","+")=Key!$E$29:$E$29),"✔ CLEAR","✘ TRY AGAIN"))),"✘ TRY AGAIN")} | F20: {=IF(E20="Show hint",Key!$B$29,"")} | G20: {=IF(LEFT(D20,1)="✔",IF(E20="Show hint",5,10),0)} -> 0
A21: W5 | B21: Which key cancels an entry and leaves the cell unchanged? (from S2-1 Quick Entry) | D21: {=IFERROR(_xlfn.LET(_xlpm.a,'S2-2 Clone Machine'!$C$21,IF(TRIM(_xlpm.a&"")="","",IF(OR(SUBSTITUTE(SUBSTITUTE(SUBSTITUTE(SUBSTITUTE(SUBSTITUTE(SUBSTITUTE(SUBSTITUTE(SUBSTITUTE(SUBSTITUTE(SUBSTITUTE(SUBSTITUTE(SUBSTITUTE(SUBSTITUTE(SUBSTITUTE(SUBSTITUTE(SUBSTITUTE(SUBSTITUTE(SUBSTITUTE(SUBSTITUTE(SUBSTITUTE(SUBSTITUTE(SUBSTITUTE(SUBSTITUTE(SUBSTITUTE(SUBSTITUTE(SUBSTITUTE(SUBSTITUTE(UPPER(_xlpm.a)," ",""),"CONTROL","CTRL"),"CTL","CTRL"),"ESCAPE","ESC"),"RETURN","ENTER"),"PAGEDOWN","PGDN"),"PGDOWN","PGDN"),"PAGEUP","PGUP"),"ARROWKEYS","ARROW"),"ARROWKEY","ARROW"),"ARROWS","ARROW"),"DOWNARROW","DOWN"),"UPARROW","UP"),"LEFTARROW","LEFT"),"RIGHTARROW","RIGHT"),"ARROWDOWN","DOWN"),"ARROWUP","UP"),"ARROWLEFT","LEFT"),"ARROWRIGHT","RIGHT"),"↓","DOWN"),"↑","UP"),"←","LEFT"),"→","RIGHT"),"SPACEBAR","SPACE"),"−","-"),"MINUS","-"),"PLUS","+")=Key!$E$30:$E$30),"✔ CLEAR","✘ TRY AGAIN"))),"✘ TRY AGAIN")} | F21: {=IF(E21="Show hint",Key!$B$30,"")} | G21: {=IF(LEFT(D21,1)="✔",IF(E21="Show hint",5,10),0)} -> 0
A22: W6 | B22: Which function rounds a number to a chosen number of digits? (from F1-4 Precision) | D22: {=IFERROR(_xlfn.LET(_xlpm.a,'S2-2 Clone Machine'!$C$22,IF(TRIM(_xlpm.a&"")="","",IF(OR(SUBSTITUTE(SUBSTITUTE(SUBSTITUTE(SUBSTITUTE(SUBSTITUTE(SUBSTITUTE(SUBSTITUTE(SUBSTITUTE(SUBSTITUTE(SUBSTITUTE(SUBSTITUTE(SUBSTITUTE(SUBSTITUTE(SUBSTITUTE(SUBSTITUTE(SUBSTITUTE(SUBSTITUTE(SUBSTITUTE(SUBSTITUTE(SUBSTITUTE(SUBSTITUTE(SUBSTITUTE(SUBSTITUTE(SUBSTITUTE(SUBSTITUTE(SUBSTITUTE(SUBSTITUTE(UPPER(_xlpm.a)," ",""),"CONTROL","CTRL"),"CTL","CTRL"),"ESCAPE","ESC"),"RETURN","ENTER"),"PAGEDOWN","PGDN"),"PGDOWN","PGDN"),"PAGEUP","PGUP"),"ARROWKEYS","ARROW"),"ARROWKEY","ARROW"),"ARROWS","ARROW"),"DOWNARROW","DOWN"),"UPARROW","UP"),"LEFTARROW","LEFT"),"RIGHTARROW","RIGHT"),"ARROWDOWN","DOWN"),"ARROWUP","UP"),"ARROWLEFT","LEFT"),"ARROWRIGHT","RIGHT"),"↓","DOWN"),"↑","UP"),"←","LEFT"),"→","RIGHT"),"SPACEBAR","SPACE"),"−","-"),"MINUS","-"),"PLUS","+")=Key!$E$31:$J$31),"✔ CLEAR","✘ TRY AGAIN"))),"✘ TRY AGAIN")} | F22: {=IF(E22="Show hint",Key!$B$31,"")} | G22: {=IF(LEFT(D22,1)="✔",IF(E22="Show hint",5,10),0)} -> 0
A23: W7 | B23: Which function always rounds up, away from zero? (from F1-4 Precision) | D23: {=IFERROR(_xlfn.LET(_xlpm.a,'S2-2 Clone Machine'!$C$23,IF(TRIM(_xlpm.a&"")="","",IF(OR(SUBSTITUTE(SUBSTITUTE(SUBSTITUTE(SUBSTITUTE(SUBSTITUTE(SUBSTITUTE(SUBSTITUTE(SUBSTITUTE(SUBSTITUTE(SUBSTITUTE(SUBSTITUTE(SUBSTITUTE(SUBSTITUTE(SUBSTITUTE(SUBSTITUTE(SUBSTITUTE(SUBSTITUTE(SUBSTITUTE(SUBSTITUTE(SUBSTITUTE(SUBSTITUTE(SUBSTITUTE(SUBSTITUTE(SUBSTITUTE(SUBSTITUTE(SUBSTITUTE(SUBSTITUTE(UPPER(_xlpm.a)," ",""),"CONTROL","CTRL"),"CTL","CTRL"),"ESCAPE","ESC"),"RETURN","ENTER"),"PAGEDOWN","PGDN"),"PGDOWN","PGDN"),"PAGEUP","PGUP"),"ARROWKEYS","ARROW"),"ARROWKEY","ARROW"),"ARROWS","ARROW"),"DOWNARROW","DOWN"),"UPARROW","UP"),"LEFTARROW","LEFT"),"RIGHTARROW","RIGHT"),"ARROWDOWN","DOWN"),"ARROWUP","UP"),"ARROWLEFT","LEFT"),"ARROWRIGHT","RIGHT"),"↓","DOWN"),"↑","UP"),"←","LEFT"),"→","RIGHT"),"SPACEBAR","SPACE"),"−","-"),"MINUS","-"),"PLUS","+")=Key!$E$32:$J$32),"✔ CLEAR","✘ TRY AGAIN"))),"✘ TRY AGAIN")} | F23: {=IF(E23="Show hint",Key!$B$32,"")} | G23: {=IF(LEFT(D23,1)="✔",IF(E23="Show hint",5,10),0)} -> 0
A24: W8 | B24: Which function always rounds down, toward zero? (from F1-4 Precision) | D24: {=IFERROR(_xlfn.LET(_xlpm.a,'S2-2 Clone Machine'!$C$24,IF(TRIM(_xlpm.a&"")="","",IF(OR(SUBSTITUTE(SUBSTITUTE(SUBSTITUTE(SUBSTITUTE(SUBSTITUTE(SUBSTITUTE(SUBSTITUTE(SUBSTITUTE(SUBSTITUTE(SUBSTITUTE(SUBSTITUTE(SUBSTITUTE(SUBSTITUTE(SUBSTITUTE(SUBSTITUTE(SUBSTITUTE(SUBSTITUTE(SUBSTITUTE(SUBSTITUTE(SUBSTITUTE(SUBSTITUTE(SUBSTITUTE(SUBSTITUTE(SUBSTITUTE(SUBSTITUTE(SUBSTITUTE(SUBSTITUTE(UPPER(_xlpm.a)," ",""),"CONTROL","CTRL"),"CTL","CTRL"),"ESCAPE","ESC"),"RETURN","ENTER"),"PAGEDOWN","PGDN"),"PGDOWN","PGDN"),"PAGEUP","PGUP"),"ARROWKEYS","ARROW"),"ARROWKEY","ARROW"),"ARROWS","ARROW"),"DOWNARROW","DOWN"),"UPARROW","UP"),"LEFTARROW","LEFT"),"RIGHTARROW","RIGHT"),"ARROWDOWN","DOWN"),"ARROWUP","UP"),"ARROWLEFT","LEFT"),"ARROWRIGHT","RIGHT"),"↓","DOWN"),"↑","UP"),"←","LEFT"),"→","RIGHT"),"SPACEBAR","SPACE"),"−","-"),"MINUS","-"),"PLUS","+")=Key!$E$33:$J$33),"✔ CLEAR","✘ TRY AGAIN"))),"✘ TRY AGAIN")} | F24: {=IF(E24="Show hint",Key!$B$33,"")} | G24: {=IF(LEFT(D24,1)="✔",IF(E24="Show hint",5,10),0)} -> 0
A25: W9 | B25: Which keys jump to the last used cell on the sheet? (from S1-1 Warp Zones) | D25: {=IFERROR(_xlfn.LET(_xlpm.a,'S2-2 Clone Machine'!$C$25,IF(TRIM(_xlpm.a&"")="","",IF(OR(SUBSTITUTE(SUBSTITUTE(SUBSTITUTE(SUBSTITUTE(SUBSTITUTE(SUBSTITUTE(SUBSTITUTE(SUBSTITUTE(SUBSTITUTE(SUBSTITUTE(SUBSTITUTE(SUBSTITUTE(SUBSTITUTE(SUBSTITUTE(SUBSTITUTE(SUBSTITUTE(SUBSTITUTE(SUBSTITUTE(SUBSTITUTE(SUBSTITUTE(SUBSTITUTE(SUBSTITUTE(SUBSTITUTE(SUBSTITUTE(SUBSTITUTE(SUBSTITUTE(SUBSTITUTE(UPPER(_xlpm.a)," ",""),"CONTROL","CTRL"),"CTL","CTRL"),"ESCAPE","ESC"),"RETURN","ENTER"),"PAGEDOWN","PGDN"),"PGDOWN","PGDN"),"PAGEUP","PGUP"),"ARROWKEYS","ARROW"),"ARROWKEY","ARROW"),"ARROWS","ARROW"),"DOWNARROW","DOWN"),"UPARROW","UP"),"LEFTARROW","LEFT"),"RIGHTARROW","RIGHT"),"ARROWDOWN","DOWN"),"ARROWUP","UP"),"ARROWLEFT","LEFT"),"ARROWRIGHT","RIGHT"),"↓","DOWN"),"↑","UP"),"←","LEFT"),"→","RIGHT"),"SPACEBAR","SPACE"),"−","-"),"MINUS","-"),"PLUS","+")=Key!$E$34:$E$34),"✔ CLEAR","✘ TRY AGAIN"))),"✘ TRY AGAIN")} | F25: {=IF(E25="Show hint",Key!$B$34,"")} | G25: {=IF(LEFT(D25,1)="✔",IF(E25="Show hint",5,10),0)} -> 0
A26: W10 | B26: Which single key moves to column A of the current row? (from S1-1 Warp Zones) | D26: {=IFERROR(_xlfn.LET(_xlpm.a,'S2-2 Clone Machine'!$C$26,IF(TRIM(_xlpm.a&"")="","",IF(OR(SUBSTITUTE(SUBSTITUTE(SUBSTITUTE(SUBSTITUTE(SUBSTITUTE(SUBSTITUTE(SUBSTITUTE(SUBSTITUTE(SUBSTITUTE(SUBSTITUTE(SUBSTITUTE(SUBSTITUTE(SUBSTITUTE(SUBSTITUTE(SUBSTITUTE(SUBSTITUTE(SUBSTITUTE(SUBSTITUTE(SUBSTITUTE(SUBSTITUTE(SUBSTITUTE(SUBSTITUTE(SUBSTITUTE(SUBSTITUTE(SUBSTITUTE(SUBSTITUTE(SUBSTITUTE(UPPER(_xlpm.a)," ",""),"CONTROL","CTRL"),"CTL","CTRL"),"ESCAPE","ESC"),"RETURN","ENTER"),"PAGEDOWN","PGDN"),"PGDOWN","PGDN"),"PAGEUP","PGUP"),"ARROWKEYS","ARROW"),"ARROWKEY","ARROW"),"ARROWS","ARROW"),"DOWNARROW","DOWN"),"UPARROW","UP"),"LEFTARROW","LEFT"),"RIGHTARROW","RIGHT"),"ARROWDOWN","DOWN"),"ARROWUP","UP"),"ARROWLEFT","LEFT"),"ARROWRIGHT","RIGHT"),"↓","DOWN"),"↑","UP"),"←","LEFT"),"→","RIGHT"),"SPACEBAR","SPACE"),"−","-"),"MINUS","-"),"PLUS","+")=Key!$E$35:$E$35),"✔ CLEAR","✘ TRY AGAIN"))),"✘ TRY AGAIN")} | F26: {=IF(E26="Show hint",Key!$B$35,"")} | G26: {=IF(LEFT(D26,1)="✔",IF(E26="Show hint",5,10),0)} -> 0
A28: TRAINING · recognize the move (pick from the list)
A29: # | B29: Mission | C29: Your answer | D29: Result | E29: Hint? | F29: Hint | G29: XP
A30: T1 | B30: Which keys copy the selection? | D30: {=IFERROR(IF('S2-2 Clone Machine'!$C$30&""="","",IF('S2-2 Clone Machine'!$C$30&""=Key!$C$36&"","✔ CLEAR","✘ TRY AGAIN")),"✘ TRY AGAIN")} | F30: {=IF(E30="Show hint",Key!$B$36,"")} | G30: {=IF(LEFT(D30,1)="✔",IF(E30="Show hint",5,10),0)} -> 0
A31: T2 | B31: Which keys cut the selection? | D31: {=IFERROR(IF('S2-2 Clone Machine'!$C$31&""="","",IF('S2-2 Clone Machine'!$C$31&""=Key!$C$37&"","✔ CLEAR","✘ TRY AGAIN")),"✘ TRY AGAIN")} | F31: {=IF(E31="Show hint",Key!$B$37,"")} | G31: {=IF(LEFT(D31,1)="✔",IF(E31="Show hint",5,10),0)} -> 0
A32: T3 | B32: Which keys paste? | D32: {=IFERROR(IF('S2-2 Clone Machine'!$C$32&""="","",IF('S2-2 Clone Machine'!$C$32&""=Key!$C$38&"","✔ CLEAR","✘ TRY AGAIN")),"✘ TRY AGAIN")} | F32: {=IF(E32="Show hint",Key!$B$38,"")} | G32: {=IF(LEFT(D32,1)="✔",IF(E32="Show hint",5,10),0)} -> 0
A33: T4 | B33: Which keys open Paste Special? | D33: {=IFERROR(IF('S2-2 Clone Machine'!$C$33&""="","",IF('S2-2 Clone Machine'!$C$33&""=Key!$C$39&"","✔ CLEAR","✘ TRY AGAIN")),"✘ TRY AGAIN")} | F33: {=IF(E33="Show hint",Key!$B$39,"")} | G33: {=IF(LEFT(D33,1)="✔",IF(E33="Show hint",5,10),0)} -> 0
A34: T5 | B34: Which keys copy the left cell into the selected cells to its right? | D34: {=IFERROR(IF('S2-2 Clone Machine'!$C$34&""="","",IF('S2-2 Clone Machine'!$C$34&""=Key!$C$40&"","✔ CLEAR","✘ TRY AGAIN")),"✘ TRY AGAIN")} | F34: {=IF(E34="Show hint",Key!$B$40,"")} | G34: {=IF(LEFT(D34,1)="✔",IF(E34="Show hint",5,10),0)} -> 0
A35: T6 | B35: Which keys undo the last action? | D35: {=IFERROR(IF('S2-2 Clone Machine'!$C$35&""="","",IF('S2-2 Clone Machine'!$C$35&""=Key!$C$41&"","✔ CLEAR","✘ TRY AGAIN")),"✘ TRY AGAIN")} | F35: {=IF(E35="Show hint",Key!$B$41,"")} | G35: {=IF(LEFT(D35,1)="✔",IF(E35="Show hint",5,10),0)} -> 0
A36: T7 | B36: Which keys redo or repeat the last action? | D36: {=IFERROR(IF('S2-2 Clone Machine'!$C$36&""="","",IF('S2-2 Clone Machine'!$C$36&""=Key!$C$42&"","✔ CLEAR","✘ TRY AGAIN")),"✘ TRY AGAIN")} | F36: {=IF(E36="Show hint",Key!$B$42,"")} | G36: {=IF(LEFT(D36,1)="✔",IF(E36="Show hint",5,10),0)} -> 0
A38: CHALLENGES · recall it, then do it
B39: ▶ Open S2-2 Arena (or press Ctrl+PgDn)
A40: # | B40: Mission | C40: Your answer | D40: Result | E40: Hint? | F40: Hint | G40: XP
A41: C1 | B41: Which keys copy the selection? | D41: {=IFERROR(_xlfn.LET(_xlpm.a,'S2-2 Clone Machine'!$C$41,IF(TRIM(_xlpm.a&"")="","",IF(OR(SUBSTITUTE(SUBSTITUTE(SUBSTITUTE(SUBSTITUTE(SUBSTITUTE(SUBSTITUTE(SUBSTITUTE(SUBSTITUTE(SUBSTITUTE(SUBSTITUTE(SUBSTITUTE(SUBSTITUTE(SUBSTITUTE(SUBSTITUTE(SUBSTITUTE(SUBSTITUTE(SUBSTITUTE(SUBSTITUTE(SUBSTITUTE(SUBSTITUTE(SUBSTITUTE(SUBSTITUTE(SUBSTITUTE(SUBSTITUTE(SUBSTITUTE(SUBSTITUTE(SUBSTITUTE(UPPER(_xlpm.a)," ",""),"CONTROL","CTRL"),"CTL","CTRL"),"ESCAPE","ESC"),"RETURN","ENTER"),"PAGEDOWN","PGDN"),"PGDOWN","PGDN"),"PAGEUP","PGUP"),"ARROWKEYS","ARROW"),"ARROWKEY","ARROW"),"ARROWS","ARROW"),"DOWNARROW","DOWN"),"UPARROW","UP"),"LEFTARROW","LEFT"),"RIGHTARROW","RIGHT"),"ARROWDOWN","DOWN"),"ARROWUP","UP"),"ARROWLEFT","LEFT"),"ARROWRIGHT","RIGHT"),"↓","DOWN"),"↑","UP"),"←","LEFT"),"→","RIGHT"),"SPACEBAR","SPACE"),"−","-"),"MINUS","-"),"PLUS","+")=Key!$E$43:$E$43),"✔ CLEAR","✘ TRY AGAIN"))),"✘ TRY AGAIN")} | F41: {=IF(E41="Show hint",Key!$B$43,"")} | G41: {=IF(LEFT(D41,1)="✔",IF(E41="Show hint",5,10),0)} -> 0
A42: C2 | B42: Which keys cut the selection? | D42: {=IFERROR(_xlfn.LET(_xlpm.a,'S2-2 Clone Machine'!$C$42,IF(TRIM(_xlpm.a&"")="","",IF(OR(SUBSTITUTE(SUBSTITUTE(SUBSTITUTE(SUBSTITUTE(SUBSTITUTE(SUBSTITUTE(SUBSTITUTE(SUBSTITUTE(SUBSTITUTE(SUBSTITUTE(SUBSTITUTE(SUBSTITUTE(SUBSTITUTE(SUBSTITUTE(SUBSTITUTE(SUBSTITUTE(SUBSTITUTE(SUBSTITUTE(SUBSTITUTE(SUBSTITUTE(SUBSTITUTE(SUBSTITUTE(SUBSTITUTE(SUBSTITUTE(SUBSTITUTE(SUBSTITUTE(SUBSTITUTE(UPPER(_xlpm.a)," ",""),"CONTROL","CTRL"),"CTL","CTRL"),"ESCAPE","ESC"),"RETURN","ENTER"),"PAGEDOWN","PGDN"),"PGDOWN","PGDN"),"PAGEUP","PGUP"),"ARROWKEYS","ARROW"),"ARROWKEY","ARROW"),"ARROWS","ARROW"),"DOWNARROW","DOWN"),"UPARROW","UP"),"LEFTARROW","LEFT"),"RIGHTARROW","RIGHT"),"ARROWDOWN","DOWN"),"ARROWUP","UP"),"ARROWLEFT","LEFT"),"ARROWRIGHT","RIGHT"),"↓","DOWN"),"↑","UP"),"←","LEFT"),"→","RIGHT"),"SPACEBAR","SPACE"),"−","-"),"MINUS","-"),"PLUS","+")=Key!$E$44:$E$44),"✔ CLEAR","✘ TRY AGAIN"))),"✘ TRY AGAIN")} | F42: {=IF(E42="Show hint",Key!$B$44,"")} | G42: {=IF(LEFT(D42,1)="✔",IF(E42="Show hint",5,10),0)} -> 0
A43: C3 | B43: Which keys paste? | D43: {=IFERROR(_xlfn.LET(_xlpm.a,'S2-2 Clone Machine'!$C$43,IF(TRIM(_xlpm.a&"")="","",IF(OR(SUBSTITUTE(SUBSTITUTE(SUBSTITUTE(SUBSTITUTE(SUBSTITUTE(SUBSTITUTE(SUBSTITUTE(SUBSTITUTE(SUBSTITUTE(SUBSTITUTE(SUBSTITUTE(SUBSTITUTE(SUBSTITUTE(SUBSTITUTE(SUBSTITUTE(SUBSTITUTE(SUBSTITUTE(SUBSTITUTE(SUBSTITUTE(SUBSTITUTE(SUBSTITUTE(SUBSTITUTE(SUBSTITUTE(SUBSTITUTE(SUBSTITUTE(SUBSTITUTE(SUBSTITUTE(UPPER(_xlpm.a)," ",""),"CONTROL","CTRL"),"CTL","CTRL"),"ESCAPE","ESC"),"RETURN","ENTER"),"PAGEDOWN","PGDN"),"PGDOWN","PGDN"),"PAGEUP","PGUP"),"ARROWKEYS","ARROW"),"ARROWKEY","ARROW"),"ARROWS","ARROW"),"DOWNARROW","DOWN"),"UPARROW","UP"),"LEFTARROW","LEFT"),"RIGHTARROW","RIGHT"),"ARROWDOWN","DOWN"),"ARROWUP","UP"),"ARROWLEFT","LEFT"),"ARROWRIGHT","RIGHT"),"↓","DOWN"),"↑","UP"),"←","LEFT"),"→","RIGHT"),"SPACEBAR","SPACE"),"−","-"),"MINUS","-"),"PLUS","+")=Key!$E$45:$E$45),"✔ CLEAR","✘ TRY AGAIN"))),"✘ TRY AGAIN")} | F43: {=IF(E43="Show hint",Key!$B$45,"")} | G43: {=IF(LEFT(D43,1)="✔",IF(E43="Show hint",5,10),0)} -> 0
A44: C4 | B44: Which keys open Paste Special? | D44: {=IFERROR(_xlfn.LET(_xlpm.a,'S2-2 Clone Machine'!$C$44,IF(TRIM(_xlpm.a&"")="","",IF(OR(SUBSTITUTE(SUBSTITUTE(SUBSTITUTE(SUBSTITUTE(SUBSTITUTE(SUBSTITUTE(SUBSTITUTE(SUBSTITUTE(SUBSTITUTE(SUBSTITUTE(SUBSTITUTE(SUBSTITUTE(SUBSTITUTE(SUBSTITUTE(SUBSTITUTE(SUBSTITUTE(SUBSTITUTE(SUBSTITUTE(SUBSTITUTE(SUBSTITUTE(SUBSTITUTE(SUBSTITUTE(SUBSTITUTE(SUBSTITUTE(SUBSTITUTE(SUBSTITUTE(SUBSTITUTE(UPPER(_xlpm.a)," ",""),"CONTROL","CTRL"),"CTL","CTRL"),"ESCAPE","ESC"),"RETURN","ENTER"),"PAGEDOWN","PGDN"),"PGDOWN","PGDN"),"PAGEUP","PGUP"),"ARROWKEYS","ARROW"),"ARROWKEY","ARROW"),"ARROWS","ARROW"),"DOWNARROW","DOWN"),"UPARROW","UP"),"LEFTARROW","LEFT"),"RIGHTARROW","RIGHT"),"ARROWDOWN","DOWN"),"ARROWUP","UP"),"ARROWLEFT","LEFT"),"ARROWRIGHT","RIGHT"),"↓","DOWN"),"↑","UP"),"←","LEFT"),"→","RIGHT"),"SPACEBAR","SPACE"),"−","-"),"MINUS","-"),"PLUS","+")=Key!$E$46:$F$46),"✔ CLEAR","✘ TRY AGAIN"))),"✘ TRY AGAIN")} | F44: {=IF(E44="Show hint",Key!$B$46,"")} | G44: {=IF(LEFT(D44,1)="✔",IF(E44="Show hint",5,10),0)} -> 0
A45: C5 | B45: Which keys copy the left cell into the selected cells to its right? | D45: {=IFERROR(_xlfn.LET(_xlpm.a,'S2-2 Clone Machine'!$C$45,IF(TRIM(_xlpm.a&"")="","",IF(OR(SUBSTITUTE(SUBSTITUTE(SUBSTITUTE(SUBSTITUTE(SUBSTITUTE(SUBSTITUTE(SUBSTITUTE(SUBSTITUTE(SUBSTITUTE(SUBSTITUTE(SUBSTITUTE(SUBSTITUTE(SUBSTITUTE(SUBSTITUTE(SUBSTITUTE(SUBSTITUTE(SUBSTITUTE(SUBSTITUTE(SUBSTITUTE(SUBSTITUTE(SUBSTITUTE(SUBSTITUTE(SUBSTITUTE(SUBSTITUTE(SUBSTITUTE(SUBSTITUTE(SUBSTITUTE(UPPER(_xlpm.a)," ",""),"CONTROL","CTRL"),"CTL","CTRL"),"ESCAPE","ESC"),"RETURN","ENTER"),"PAGEDOWN","PGDN"),"PGDOWN","PGDN"),"PAGEUP","PGUP"),"ARROWKEYS","ARROW"),"ARROWKEY","ARROW"),"ARROWS","ARROW"),"DOWNARROW","DOWN"),"UPARROW","UP"),"LEFTARROW","LEFT"),"RIGHTARROW","RIGHT"),"ARROWDOWN","DOWN"),"ARROWUP","UP"),"ARROWLEFT","LEFT"),"ARROWRIGHT","RIGHT"),"↓","DOWN"),"↑","UP"),"←","LEFT"),"→","RIGHT"),"SPACEBAR","SPACE"),"−","-"),"MINUS","-"),"PLUS","+")=Key!$E$47:$E$47),"✔ CLEAR","✘ TRY AGAIN"))),"✘ TRY AGAIN")} | F45: {=IF(E45="Show hint",Key!$B$47,"")} | G45: {=IF(LEFT(D45,1)="✔",IF(E45="Show hint",5,10),0)} -> 0
A46: C6 | B46: Which keys undo the last action? | D46: {=IFERROR(_xlfn.LET(_xlpm.a,'S2-2 Clone Machine'!$C$46,IF(TRIM(_xlpm.a&"")="","",IF(OR(SUBSTITUTE(SUBSTITUTE(SUBSTITUTE(SUBSTITUTE(SUBSTITUTE(SUBSTITUTE(SUBSTITUTE(SUBSTITUTE(SUBSTITUTE(SUBSTITUTE(SUBSTITUTE(SUBSTITUTE(SUBSTITUTE(SUBSTITUTE(SUBSTITUTE(SUBSTITUTE(SUBSTITUTE(SUBSTITUTE(SUBSTITUTE(SUBSTITUTE(SUBSTITUTE(SUBSTITUTE(SUBSTITUTE(SUBSTITUTE(SUBSTITUTE(SUBSTITUTE(SUBSTITUTE(UPPER(_xlpm.a)," ",""),"CONTROL","CTRL"),"CTL","CTRL"),"ESCAPE","ESC"),"RETURN","ENTER"),"PAGEDOWN","PGDN"),"PGDOWN","PGDN"),"PAGEUP","PGUP"),"ARROWKEYS","ARROW"),"ARROWKEY","ARROW"),"ARROWS","ARROW"),"DOWNARROW","DOWN"),"UPARROW","UP"),"LEFTARROW","LEFT"),"RIGHTARROW","RIGHT"),"ARROWDOWN","DOWN"),"ARROWUP","UP"),"ARROWLEFT","LEFT"),"ARROWRIGHT","RIGHT"),"↓","DOWN"),"↑","UP"),"←","LEFT"),"→","RIGHT"),"SPACEBAR","SPACE"),"−","-"),"MINUS","-"),"PLUS","+")=Key!$E$48:$E$48),"✔ CLEAR","✘ TRY AGAIN"))),"✘ TRY AGAIN")} | F46: {=IF(E46="Show hint",Key!$B$48,"")} | G46: {=IF(LEFT(D46,1)="✔",IF(E46="Show hint",5,10),0)} -> 0
A47: C7 | B47: Which keys redo or repeat the last action? | D47: {=IFERROR(_xlfn.LET(_xlpm.a,'S2-2 Clone Machine'!$C$47,IF(TRIM(_xlpm.a&"")="","",IF(OR(SUBSTITUTE(SUBSTITUTE(SUBSTITUTE(SUBSTITUTE(SUBSTITUTE(SUBSTITUTE(SUBSTITUTE(SUBSTITUTE(SUBSTITUTE(SUBSTITUTE(SUBSTITUTE(SUBSTITUTE(SUBSTITUTE(SUBSTITUTE(SUBSTITUTE(SUBSTITUTE(SUBSTITUTE(SUBSTITUTE(SUBSTITUTE(SUBSTITUTE(SUBSTITUTE(SUBSTITUTE(SUBSTITUTE(SUBSTITUTE(SUBSTITUTE(SUBSTITUTE(SUBSTITUTE(UPPER(_xlpm.a)," ",""),"CONTROL","CTRL"),"CTL","CTRL"),"ESCAPE","ESC"),"RETURN","ENTER"),"PAGEDOWN","PGDN"),"PGDOWN","PGDN"),"PAGEUP","PGUP"),"ARROWKEYS","ARROW"),"ARROWKEY","ARROW"),"ARROWS","ARROW"),"DOWNARROW","DOWN"),"UPARROW","UP"),"LEFTARROW","LEFT"),"RIGHTARROW","RIGHT"),"ARROWDOWN","DOWN"),"ARROWUP","UP"),"ARROWLEFT","LEFT"),"ARROWRIGHT","RIGHT"),"↓","DOWN"),"↑","UP"),"←","LEFT"),"→","RIGHT"),"SPACEBAR","SPACE"),"−","-"),"MINUS","-"),"PLUS","+")=Key!$E$49:$E$49),"✔ CLEAR","✘ TRY AGAIN"))),"✘ TRY AGAIN")} | F47: {=IF(E47="Show hint",Key!$B$49,"")} | G47: {=IF(LEFT(D47,1)="✔",IF(E47="Show hint",5,10),0)} -> 0
A48: C8 | B48: C6 holds a SUM formula. In the arena select C6:H6 and press Ctrl+R to fill it to the right. | C48: ▶ ARENA C8 (cell D6) | D48: {=IF(COUNTA('S2-2 Arena'!$D$6,'S2-2 Arena'!$E$6,'S2-2 Arena'!$F$6,'S2-2 Arena'!$G$6,'S2-2 Arena'!$H$6)=0,"",IF(OR(NOT(_xlfn.ISFORMULA('S2-2 Arena'!$D$6)),NOT(_xlfn.ISFORMULA('S2-2 Arena'!$E$6)),NOT(_xlfn.ISFORMULA('S2-2 Arena'!$F$6)),NOT(_xlfn.ISFORMULA('S2-2 Arena'!$G$6)),NOT(_xlfn.ISFORMULA('S2-2 Arena'!$H$6))),"✘ Some cells aren't formulas yet",IF(OR(ISERROR('S2-2 Arena'!$D$6),ISERROR('S2-2 Arena'!$E$6),ISERROR('S2-2 Arena'!$F$6),ISERROR('S2-2 Arena'!$G$6),ISERROR('S2-2 Arena'!$H$6)),"✘ Some cells show an error",IF(NOT(AND(IFERROR(AND(ISNUMBER('S2-2 Arena'!$D$6),ABS('S2-2 Arena'!$D$6-Key!$E$50)<=1E-9*MAX(1,ABS(Key!$E$50))),FALSE),IFERROR(AND(ISNUMBER('S2-2 Arena'!$E$6),ABS('S2-2 Arena'!$E$6-Key!$F$50)<=1E-9*MAX(1,ABS(Key!$F$50))),FALSE),IFERROR(AND(ISNUMBER('S2-2 Arena'!$F$6),ABS('S2-2 Arena'!$F$6-Key!$G$50)<=1E-9*MAX(1,ABS(Key!$G$50))),FALSE),IFERROR(AND(ISNUMBER('S2-2 Arena'!$G$6),ABS('S2-2 Arena'!$G$6-Key!$H$50)<=1E-9*MAX(1,ABS(Key!$H$50))),FALSE),IFERROR(AND(ISNUMBER('S2-2 Arena'!$H$6),ABS('S2-2 Arena'!$H$6-Key!$I$50)<=1E-9*MAX(1,ABS(Key!$I$50))),FALSE))),"✘ TRY AGAIN",IF(AND(OR(ISNUMBER(FIND({"=","(",",","+","-","*","/","&"," ","<",">",":","@","^"}&"SUM"&"(",UPPER(_xlfn.FORMULATEXT('S2-2 Arena'!$D$6)))))),"✔ CLEAR","✘ CLOSE · right value, but use SUM")))))} | F48: {=IF(E48="Show hint",Key!$B$50,"")} | G48: {=IF(LEFT(D48,1)="✔",IF(E48="Show hint",5,10),0)} -> 0
A49: C9 | B49: Copy the LIVE row (C15:H15) with Ctrl+C. Click C13, press Ctrl+Alt+V, choose Values (V) and press Enter. SNAPSHOT keeps the numbers even if LIVE changes. | C49: ▶ ARENA C9 (cell C13) | D49: {=IF(IFERROR(AND(NOT(_xlfn.ISFORMULA('S2-2 Arena'!$C$13)),'S2-2 Arena'!$C$13=980,NOT(_xlfn.ISFORMULA('S2-2 Arena'!$D$13)),'S2-2 Arena'!$D$13=1020,NOT(_xlfn.ISFORMULA('S2-2 Arena'!$E$13)),'S2-2 Arena'!$E$13=1270,NOT(_xlfn.ISFORMULA('S2-2 Arena'!$F$13)),'S2-2 Arena'!$F$13=1030,NOT(_xlfn.ISFORMULA('S2-2 Arena'!$G$13)),'S2-2 Arena'!$G$13=1530,NOT(_xlfn.ISFORMULA('S2-2 Arena'!$H$13)),'S2-2 Arena'!$H$13=1035),FALSE),"✔ CLEAR","· not yet")} -> · not yet | F49: {=IF(E49="Show hint",Key!$B$51,"")} | G49: {=IF(LEFT(D49,1)="✔",IF(E49="Show hint",5,10),0)} -> 0
A50: C10 | B50: Zelda's row (B22:D22) belongs one row up. Select B22:D22, press Ctrl+X, click B21 and press Ctrl+V. | C50: ▶ ARENA C10 (cell B21) | D50: {=IF(IFERROR(AND(INDIRECT("'S2-2 Arena'!B21")="Zelda",INDIRECT("'S2-2 Arena'!C21")=980,INDIRECT("'S2-2 Arena'!D21")=1,COUNTA(INDIRECT("'S2-2 Arena'!B22:D22"))=0),FALSE),"✔ CLEAR","· not yet")} -> · not yet | F50: {=IF(E50="Show hint",Key!$B$52,"")} | G50: {=IF(LEFT(D50,1)="✔",IF(E50="Show hint",5,10),0)} -> 0

Sheet S2-2 Arena
A1: ARENA ▸ S2-2 CLONE MACHINE
A2: Practice area · everything here is editable. Missions and their checks are on the stage sheet.
A3: PASS CODE | B3: CLONE | D3: ◀ Back to S2-2 Clone Machine
B5: Budget | C5: Jan | D5: Feb | E5: Mar | F5: Apr | G5: May | H5: Jun
B6: TOTAL | C6: {=SUM(C7:C10)} -> 980
B7: Food | C7: 120 | D7: 130 | E7: 125 | F7: 140 | G7: 150 | H7: 135
B8: Rent | C8: 800 | D8: 800 | E8: 800 | F8: 820 | G8: 820 | H8: 820
B9: Fun | C9: 60 | D9: 90 | E9: 45 | F9: 70 | G9: 110 | H9: 80
B10: Travel | C10: 0 | D10: 0 | E10: 300 | F10: 0 | G10: 450 | H10: 0
B13: SNAPSHOT
B15: LIVE | C15: {=SUM(C7:C10)} -> 980 | D15: {=SUM(D7:D10)} -> 1020 | E15: {=SUM(E7:E10)} -> 1270 | F15: {=SUM(F7:F10)} -> 1030 | G15: {=SUM(G7:G10)} -> 1530 | H15: {=SUM(H7:H10)} -> 1035
B20: Player | C20: Score | D20: Rank
B22: Zelda | C22: 980 | D22: 1

Sheet S2-3 Stamps & Smart Fill
A1: STAGE S2-3 ▸ STAMPS & SMART FILL
A2: Goal: stamp dates and times, let Excel finish your pattern
A3: {="SCORE "&TEXT(SUM($G$14:$G$42),"0000")&" / 0220"} -> SCORE 0000 / 0220 | C3: {=IF(SUM($G$14:$G$42)>=220,"★★★",IF(SUM($G$14:$G$42)>=220*0.8,"★★☆",IF(SUM($G$14:$G$42)>=220*0.5,"★☆☆","☆☆☆")))} -> ☆☆☆ | D3: {=REPT("█",ROUND(10*SUM($G$14:$G$42)/220,0))&REPT("░",10-ROUND(10*SUM($G$14:$G$42)/220,0))&" "&TEXT(SUM($G$14:$G$42)/220,"0%")} -> ░░░░░░░░░░ 0% | F3: {=IF(SUM($G$14:$G$42)>=220*0.5,"STAGE CLEAR! ▶ Next: Boss","")}
A5: BRIEFING · new moves in this stage
A6: # | B6: What it does · Pro tip | C6: Keys / Syntax
A7: 1 | B7: Type today's date as a fixed value. Tip: Unlike =TODAY(), it never changes later. | C7: Ctrl+;
A8: 2 | B8: Type the current time as a fixed value. Tip: Stamp a START and a FINISH time to time yourself. | C8: Ctrl+Shift+:
A9: 3 | B9: Flash Fill: Excel spots your pattern and fills the column. Tip: Type one or two examples first, then press Ctrl+E. | C9: Ctrl+E
A10: 4 | B10: Open a cell's dropdown list. Tip: Then choose with the arrows and Enter. | C10: Alt+↓
A12: WARM-UP · flashback to earlier stages
A13: # | B13: Mission | C13: Your answer | D13: Result | E13: Hint? | F13: Hint | G13: XP
A14: W1 | B14: Which keys copy the selection? (from S2-2 Clone Machine) | D14: {=IFERROR(_xlfn.LET(_xlpm.a,'S2-3 Stamps & Smart Fill'!$C$14,IF(TRIM(_xlpm.a&"")="","",IF(OR(SUBSTITUTE(SUBSTITUTE(SUBSTITUTE(SUBSTITUTE(SUBSTITUTE(SUBSTITUTE(SUBSTITUTE(SUBSTITUTE(SUBSTITUTE(SUBSTITUTE(SUBSTITUTE(SUBSTITUTE(SUBSTITUTE(SUBSTITUTE(SUBSTITUTE(SUBSTITUTE(SUBSTITUTE(SUBSTITUTE(SUBSTITUTE(SUBSTITUTE(SUBSTITUTE(SUBSTITUTE(SUBSTITUTE(SUBSTITUTE(SUBSTITUTE(SUBSTITUTE(SUBSTITUTE(UPPER(_xlpm.a)," ",""),"CONTROL","CTRL"),"CTL","CTRL"),"ESCAPE","ESC"),"RETURN","ENTER"),"PAGEDOWN","PGDN"),"PGDOWN","PGDN"),"PAGEUP","PGUP"),"ARROWKEYS","ARROW"),"ARROWKEY","ARROW"),"ARROWS","ARROW"),"DOWNARROW","DOWN"),"UPARROW","UP"),"LEFTARROW","LEFT"),"RIGHTARROW","RIGHT"),"ARROWDOWN","DOWN"),"ARROWUP","UP"),"ARROWLEFT","LEFT"),"ARROWRIGHT","RIGHT"),"↓","DOWN"),"↑","UP"),"←","LEFT"),"→","RIGHT"),"SPACEBAR","SPACE"),"−","-"),"MINUS","-"),"PLUS","+")=Key!$E$53:$E$53),"✔ CLEAR","✘ TRY AGAIN"))),"✘ TRY AGAIN")} | F14: {=IF(E14="Show hint",Key!$B$53,"")} | G14: {=IF(LEFT(D14,1)="✔",IF(E14="Show hint",5,10),0)} -> 0
A15: W2 | B15: Which keys cut the selection? (from S2-2 Clone Machine) | D15: {=IFERROR(_xlfn.LET(_xlpm.a,'S2-3 Stamps & Smart Fill'!$C$15,IF(TRIM(_xlpm.a&"")="","",IF(OR(SUBSTITUTE(SUBSTITUTE(SUBSTITUTE(SUBSTITUTE(SUBSTITUTE(SUBSTITUTE(SUBSTITUTE(SUBSTITUTE(SUBSTITUTE(SUBSTITUTE(SUBSTITUTE(SUBSTITUTE(SUBSTITUTE(SUBSTITUTE(SUBSTITUTE(SUBSTITUTE(SUBSTITUTE(SUBSTITUTE(SUBSTITUTE(SUBSTITUTE(SUBSTITUTE(SUBSTITUTE(SUBSTITUTE(SUBSTITUTE(SUBSTITUTE(SUBSTITUTE(SUBSTITUTE(UPPER(_xlpm.a)," ",""),"CONTROL","CTRL"),"CTL","CTRL"),"ESCAPE","ESC"),"RETURN","ENTER"),"PAGEDOWN","PGDN"),"PGDOWN","PGDN"),"PAGEUP","PGUP"),"ARROWKEYS","ARROW"),"ARROWKEY","ARROW"),"ARROWS","ARROW"),"DOWNARROW","DOWN"),"UPARROW","UP"),"LEFTARROW","LEFT"),"RIGHTARROW","RIGHT"),"ARROWDOWN","DOWN"),"ARROWUP","UP"),"ARROWLEFT","LEFT"),"ARROWRIGHT","RIGHT"),"↓","DOWN"),"↑","UP"),"←","LEFT"),"→","RIGHT"),"SPACEBAR","SPACE"),"−","-"),"MINUS","-"),"PLUS","+")=Key!$E$54:$E$54),"✔ CLEAR","✘ TRY AGAIN"))),"✘ TRY AGAIN")} | F15: {=IF(E15="Show hint",Key!$B$54,"")} | G15: {=IF(LEFT(D15,1)="✔",IF(E15="Show hint",5,10),0)} -> 0
A16: W3 | B16: Which keys paste? (from S2-2 Clone Machine) | D16: {=IFERROR(_xlfn.LET(_xlpm.a,'S2-3 Stamps & Smart Fill'!$C$16,IF(TRIM(_xlpm.a&"")="","",IF(OR(SUBSTITUTE(SUBSTITUTE(SUBSTITUTE(SUBSTITUTE(SUBSTITUTE(SUBSTITUTE(SUBSTITUTE(SUBSTITUTE(SUBSTITUTE(SUBSTITUTE(SUBSTITUTE(SUBSTITUTE(SUBSTITUTE(SUBSTITUTE(SUBSTITUTE(SUBSTITUTE(SUBSTITUTE(SUBSTITUTE(SUBSTITUTE(SUBSTITUTE(SUBSTITUTE(SUBSTITUTE(SUBSTITUTE(SUBSTITUTE(SUBSTITUTE(SUBSTITUTE(SUBSTITUTE(UPPER(_xlpm.a)," ",""),"CONTROL","CTRL"),"CTL","CTRL"),"ESCAPE","ESC"),"RETURN","ENTER"),"PAGEDOWN","PGDN"),"PGDOWN","PGDN"),"PAGEUP","PGUP"),"ARROWKEYS","ARROW"),"ARROWKEY","ARROW"),"ARROWS","ARROW"),"DOWNARROW","DOWN"),"UPARROW","UP"),"LEFTARROW","LEFT"),"RIGHTARROW","RIGHT"),"ARROWDOWN","DOWN"),"ARROWUP","UP"),"ARROWLEFT","LEFT"),"ARROWRIGHT","RIGHT"),"↓","DOWN"),"↑","UP"),"←","LEFT"),"→","RIGHT"),"SPACEBAR","SPACE"),"−","-"),"MINUS","-"),"PLUS","+")=Key!$E$55:$E$55),"✔ CLEAR","✘ TRY AGAIN"))),"✘ TRY AGAIN")} | F16: {=IF(E16="Show hint",Key!$B$55,"")} | G16: {=IF(LEFT(D16,1)="✔",IF(E16="Show hint",5,10),0)} -> 0
A17: W4 | B17: Which keys open Paste Special? (from S2-2 Clone Machine) | D17: {=IFERROR(_xlfn.LET(_xlpm.a,'S2-3 Stamps & Smart Fill'!$C$17,IF(TRIM(_xlpm.a&"")="","",IF(OR(SUBSTITUTE(SUBSTITUTE(SUBSTITUTE(SUBSTITUTE(SUBSTITUTE(SUBSTITUTE(SUBSTITUTE(SUBSTITUTE(SUBSTITUTE(SUBSTITUTE(SUBSTITUTE(SUBSTITUTE(SUBSTITUTE(SUBSTITUTE(SUBSTITUTE(SUBSTITUTE(SUBSTITUTE(SUBSTITUTE(SUBSTITUTE(SUBSTITUTE(SUBSTITUTE(SUBSTITUTE(SUBSTITUTE(SUBSTITUTE(SUBSTITUTE(SUBSTITUTE(SUBSTITUTE(UPPER(_xlpm.a)," ",""),"CONTROL","CTRL"),"CTL","CTRL"),"ESCAPE","ESC"),"RETURN","ENTER"),"PAGEDOWN","PGDN"),"PGDOWN","PGDN"),"PAGEUP","PGUP"),"ARROWKEYS","ARROW"),"ARROWKEY","ARROW"),"ARROWS","ARROW"),"DOWNARROW","DOWN"),"UPARROW","UP"),"LEFTARROW","LEFT"),"RIGHTARROW","RIGHT"),"ARROWDOWN","DOWN"),"ARROWUP","UP"),"ARROWLEFT","LEFT"),"ARROWRIGHT","RIGHT"),"↓","DOWN"),"↑","UP"),"←","LEFT"),"→","RIGHT"),"SPACEBAR","SPACE"),"−","-"),"MINUS","-"),"PLUS","+")=Key!$E$56:$F$56),"✔ CLEAR","✘ TRY AGAIN"))),"✘ TRY AGAIN")} | F17: {=IF(E17="Show hint",Key!$B$56,"")} | G17: {=IF(LEFT(D17,1)="✔",IF(E17="Show hint",5,10),0)} -> 0
A18: W5 | B18: Which keys copy the left cell into the selected cells to its right? (from S2-2 Clone Machine) | D18: {=IFERROR(_xlfn.LET(_xlpm.a,'S2-3 Stamps & Smart Fill'!$C$18,IF(TRIM(_xlpm.a&"")="","",IF(OR(SUBSTITUTE(SUBSTITUTE(SUBSTITUTE(SUBSTITUTE(SUBSTITUTE(SUBSTITUTE(SUBSTITUTE(SUBSTITUTE(SUBSTITUTE(SUBSTITUTE(SUBSTITUTE(SUBSTITUTE(SUBSTITUTE(SUBSTITUTE(SUBSTITUTE(SUBSTITUTE(SUBSTITUTE(SUBSTITUTE(SUBSTITUTE(SUBSTITUTE(SUBSTITUTE(SUBSTITUTE(SUBSTITUTE(SUBSTITUTE(SUBSTITUTE(SUBSTITUTE(SUBSTITUTE(UPPER(_xlpm.a)," ",""),"CONTROL","CTRL"),"CTL","CTRL"),"ESCAPE","ESC"),"RETURN","ENTER"),"PAGEDOWN","PGDN"),"PGDOWN","PGDN"),"PAGEUP","PGUP"),"ARROWKEYS","ARROW"),"ARROWKEY","ARROW"),"ARROWS","ARROW"),"DOWNARROW","DOWN"),"UPARROW","UP"),"LEFTARROW","LEFT"),"RIGHTARROW","RIGHT"),"ARROWDOWN","DOWN"),"ARROWUP","UP"),"ARROWLEFT","LEFT"),"ARROWRIGHT","RIGHT"),"↓","DOWN"),"↑","UP"),"←","LEFT"),"→","RIGHT"),"SPACEBAR","SPACE"),"−","-"),"MINUS","-"),"PLUS","+")=Key!$E$57:$E$57),"✔ CLEAR","✘ TRY AGAIN"))),"✘ TRY AGAIN")} | F18: {=IF(E18="Show hint",Key!$B$57,"")} | G18: {=IF(LEFT(D18,1)="✔",IF(E18="Show hint",5,10),0)} -> 0
A19: W6 | B19: Which keys undo the last action? (from S2-2 Clone Machine) | D19: {=IFERROR(_xlfn.LET(_xlpm.a,'S2-3 Stamps & Smart Fill'!$C$19,IF(TRIM(_xlpm.a&"")="","",IF(OR(SUBSTITUTE(SUBSTITUTE(SUBSTITUTE(SUBSTITUTE(SUBSTITUTE(SUBSTITUTE(SUBSTITUTE(SUBSTITUTE(SUBSTITUTE(SUBSTITUTE(SUBSTITUTE(SUBSTITUTE(SUBSTITUTE(SUBSTITUTE(SUBSTITUTE(SUBSTITUTE(SUBSTITUTE(SUBSTITUTE(SUBSTITUTE(SUBSTITUTE(SUBSTITUTE(SUBSTITUTE(SUBSTITUTE(SUBSTITUTE(SUBSTITUTE(SUBSTITUTE(SUBSTITUTE(UPPER(_xlpm.a)," ",""),"CONTROL","CTRL"),"CTL","CTRL"),"ESCAPE","ESC"),"RETURN","ENTER"),"PAGEDOWN","PGDN"),"PGDOWN","PGDN"),"PAGEUP","PGUP"),"ARROWKEYS","ARROW"),"ARROWKEY","ARROW"),"ARROWS","ARROW"),"DOWNARROW","DOWN"),"UPARROW","UP"),"LEFTARROW","LEFT"),"RIGHTARROW","RIGHT"),"ARROWDOWN","DOWN"),"ARROWUP","UP"),"ARROWLEFT","LEFT"),"ARROWRIGHT","RIGHT"),"↓","DOWN"),"↑","UP"),"←","LEFT"),"→","RIGHT"),"SPACEBAR","SPACE"),"−","-"),"MINUS","-"),"PLUS","+")=Key!$E$58:$E$58),"✔ CLEAR","✘ TRY AGAIN"))),"✘ TRY AGAIN")} | F19: {=IF(E19="Show hint",Key!$B$58,"")} | G19: {=IF(LEFT(D19,1)="✔",IF(E19="Show hint",5,10),0)} -> 0
A20: W7 | B20: Which keys redo or repeat the last action? (from S2-2 Clone Machine) | D20: {=IFERROR(_xlfn.LET(_xlpm.a,'S2-3 Stamps & Smart Fill'!$C$20,IF(TRIM(_xlpm.a&"")="","",IF(OR(SUBSTITUTE(SUBSTITUTE(SUBSTITUTE(SUBSTITUTE(SUBSTITUTE(SUBSTITUTE(SUBSTITUTE(SUBSTITUTE(SUBSTITUTE(SUBSTITUTE(SUBSTITUTE(SUBSTITUTE(SUBSTITUTE(SUBSTITUTE(SUBSTITUTE(SUBSTITUTE(SUBSTITUTE(SUBSTITUTE(SUBSTITUTE(SUBSTITUTE(SUBSTITUTE(SUBSTITUTE(SUBSTITUTE(SUBSTITUTE(SUBSTITUTE(SUBSTITUTE(SUBSTITUTE(UPPER(_xlpm.a)," ",""),"CONTROL","CTRL"),"CTL","CTRL"),"ESCAPE","ESC"),"RETURN","ENTER"),"PAGEDOWN","PGDN"),"PGDOWN","PGDN"),"PAGEUP","PGUP"),"ARROWKEYS","ARROW"),"ARROWKEY","ARROW"),"ARROWS","ARROW"),"DOWNARROW","DOWN"),"UPARROW","UP"),"LEFTARROW","LEFT"),"RIGHTARROW","RIGHT"),"ARROWDOWN","DOWN"),"ARROWUP","UP"),"ARROWLEFT","LEFT"),"ARROWRIGHT","RIGHT"),"↓","DOWN"),"↑","UP"),"←","LEFT"),"→","RIGHT"),"SPACEBAR","SPACE"),"−","-"),"MINUS","-"),"PLUS","+")=Key!$E$59:$E$59),"✔ CLEAR","✘ TRY AGAIN"))),"✘ TRY AGAIN")} | F20: {=IF(E20="Show hint",Key!$B$59,"")} | G20: {=IF(LEFT(D20,1)="✔",IF(E20="Show hint",5,10),0)} -> 0
A21: W8 | B21: Which keys switch between showing results and showing formulas? (from F1-5 X-Ray) | D21: {=IFERROR(_xlfn.LET(_xlpm.a,'S2-3 Stamps & Smart Fill'!$C$21,IF(TRIM(_xlpm.a&"")="","",IF(OR(SUBSTITUTE(SUBSTITUTE(SUBSTITUTE(SUBSTITUTE(SUBSTITUTE(SUBSTITUTE(SUBSTITUTE(SUBSTITUTE(SUBSTITUTE(SUBSTITUTE(SUBSTITUTE(SUBSTITUTE(SUBSTITUTE(SUBSTITUTE(SUBSTITUTE(SUBSTITUTE(SUBSTITUTE(SUBSTITUTE(SUBSTITUTE(SUBSTITUTE(SUBSTITUTE(SUBSTITUTE(SUBSTITUTE(SUBSTITUTE(SUBSTITUTE(SUBSTITUTE(SUBSTITUTE(UPPER(_xlpm.a)," ",""),"CONTROL","CTRL"),"CTL","CTRL"),"ESCAPE","ESC"),"RETURN","ENTER"),"PAGEDOWN","PGDN"),"PGDOWN","PGDN"),"PAGEUP","PGUP"),"ARROWKEYS","ARROW"),"ARROWKEY","ARROW"),"ARROWS","ARROW"),"DOWNARROW","DOWN"),"UPARROW","UP"),"LEFTARROW","LEFT"),"RIGHTARROW","RIGHT"),"ARROWDOWN","DOWN"),"ARROWUP","UP"),"ARROWLEFT","LEFT"),"ARROWRIGHT","RIGHT"),"↓","DOWN"),"↑","UP"),"←","LEFT"),"→","RIGHT"),"SPACEBAR","SPACE"),"−","-"),"MINUS","-"),"PLUS","+")=Key!$E$60:$H$60),"✔ CLEAR","✘ TRY AGAIN"))),"✘ TRY AGAIN")} | F21: {=IF(E21="Show hint",Key!$B$60,"")} | G21: {=IF(LEFT(D21,1)="✔",IF(E21="Show hint",5,10),0)} -> 0
A22: W9 | B22: Which key edits the active cell and color-codes its references? (from F1-5 X-Ray) | D22: {=IFERROR(_xlfn.LET(_xlpm.a,'S2-3 Stamps & Smart Fill'!$C$22,IF(TRIM(_xlpm.a&"")="","",IF(OR(SUBSTITUTE(SUBSTITUTE(SUBSTITUTE(SUBSTITUTE(SUBSTITUTE(SUBSTITUTE(SUBSTITUTE(SUBSTITUTE(SUBSTITUTE(SUBSTITUTE(SUBSTITUTE(SUBSTITUTE(SUBSTITUTE(SUBSTITUTE(SUBSTITUTE(SUBSTITUTE(SUBSTITUTE(SUBSTITUTE(SUBSTITUTE(SUBSTITUTE(SUBSTITUTE(SUBSTITUTE(SUBSTITUTE(SUBSTITUTE(SUBSTITUTE(SUBSTITUTE(SUBSTITUTE(UPPER(_xlpm.a)," ",""),"CONTROL","CTRL"),"CTL","CTRL"),"ESCAPE","ESC"),"RETURN","ENTER"),"PAGEDOWN","PGDN"),"PGDOWN","PGDN"),"PAGEUP","PGUP"),"ARROWKEYS","ARROW"),"ARROWKEY","ARROW"),"ARROWS","ARROW"),"DOWNARROW","DOWN"),"UPARROW","UP"),"LEFTARROW","LEFT"),"RIGHTARROW","RIGHT"),"ARROWDOWN","DOWN"),"ARROWUP","UP"),"ARROWLEFT","LEFT"),"ARROWRIGHT","RIGHT"),"↓","DOWN"),"↑","UP"),"←","LEFT"),"→","RIGHT"),"SPACEBAR","SPACE"),"−","-"),"MINUS","-"),"PLUS","+")=Key!$E$61:$E$61),"✔ CLEAR","✘ TRY AGAIN"))),"✘ TRY AGAIN")} | F22: {=IF(E22="Show hint",Key!$B$61,"")} | G22: {=IF(LEFT(D22,1)="✔",IF(E22="Show hint",5,10),0)} -> 0
A23: W10 | B23: While typing a function name, which key inserts the highlighted AutoComplete suggestion? (from F1-5 X-Ray) | D23: {=IFERROR(_xlfn.LET(_xlpm.a,'S2-3 Stamps & Smart Fill'!$C$23,IF(TRIM(_xlpm.a&"")="","",IF(OR(SUBSTITUTE(SUBSTITUTE(SUBSTITUTE(SUBSTITUTE(SUBSTITUTE(SUBSTITUTE(SUBSTITUTE(SUBSTITUTE(SUBSTITUTE(SUBSTITUTE(SUBSTITUTE(SUBSTITUTE(SUBSTITUTE(SUBSTITUTE(SUBSTITUTE(SUBSTITUTE(SUBSTITUTE(SUBSTITUTE(SUBSTITUTE(SUBSTITUTE(SUBSTITUTE(SUBSTITUTE(SUBSTITUTE(SUBSTITUTE(SUBSTITUTE(SUBSTITUTE(SUBSTITUTE(UPPER(_xlpm.a)," ",""),"CONTROL","CTRL"),"CTL","CTRL"),"ESCAPE","ESC"),"RETURN","ENTER"),"PAGEDOWN","PGDN"),"PGDOWN","PGDN"),"PAGEUP","PGUP"),"ARROWKEYS","ARROW"),"ARROWKEY","ARROW"),"ARROWS","ARROW"),"DOWNARROW","DOWN"),"UPARROW","UP"),"LEFTARROW","LEFT"),"RIGHTARROW","RIGHT"),"ARROWDOWN","DOWN"),"ARROWUP","UP"),"ARROWLEFT","LEFT"),"ARROWRIGHT","RIGHT"),"↓","DOWN"),"↑","UP"),"←","LEFT"),"→","RIGHT"),"SPACEBAR","SPACE"),"−","-"),"MINUS","-"),"PLUS","+")=Key!$E$62:$E$62),"✔ CLEAR","✘ TRY AGAIN"))),"✘ TRY AGAIN")} | F23: {=IF(E23="Show hint",Key!$B$62,"")} | G23: {=IF(LEFT(D23,1)="✔",IF(E23="Show hint",5,10),0)} -> 0
A25: TRAINING · recognize the move (pick from the list)
A26: # | B26: Mission | C26: Your answer | D26: Result | E26: Hint? | F26: Hint | G26: XP
A27: T1 | B27: Which keys type today's date as a fixed value? | D27: {=IFERROR(IF('S2-3 Stamps & Smart Fill'!$C$27&""="","",IF('S2-3 Stamps & Smart Fill'!$C$27&""=Key!$C$63&"","✔ CLEAR","✘ TRY AGAIN")),"✘ TRY AGAIN")} | F27: {=IF(E27="Show hint",Key!$B$63,"")} | G27: {=IF(LEFT(D27,1)="✔",IF(E27="Show hint",5,10),0)} -> 0
A28: T2 | B28: Which keys type the current time as a fixed value? | D28: {=IFERROR(IF('S2-3 Stamps & Smart Fill'!$C$28&""="","",IF('S2-3 Stamps & Smart Fill'!$C$28&""=Key!$C$64&"","✔ CLEAR","✘ TRY AGAIN")),"✘ TRY AGAIN")} | F28: {=IF(E28="Show hint",Key!$B$64,"")} | G28: {=IF(LEFT(D28,1)="✔",IF(E28="Show hint",5,10),0)} -> 0
A29: T3 | B29: Which keys run Flash Fill? | D29: {=IFERROR(IF('S2-3 Stamps & Smart Fill'!$C$29&""="","",IF('S2-3 Stamps & Smart Fill'!$C$29&""=Key!$C$65&"","✔ CLEAR","✘ TRY AGAIN")),"✘ TRY AGAIN")} | F29: {=IF(E29="Show hint",Key!$B$65,"")} | G29: {=IF(LEFT(D29,1)="✔",IF(E29="Show hint",5,10),0)} -> 0
A30: T4 | B30: Which keys open the dropdown list of a cell? | D30: {=IFERROR(IF('S2-3 Stamps & Smart Fill'!$C$30&""="","",IF('S2-3 Stamps & Smart Fill'!$C$30&""=Key!$C$66&"","✔ CLEAR","✘ TRY AGAIN")),"✘ TRY AGAIN")} | F30: {=IF(E30="Show hint",Key!$B$66,"")} | G30: {=IF(LEFT(D30,1)="✔",IF(E30="Show hint",5,10),0)} -> 0
A32: CHALLENGES · recall it, then do it
B33: ▶ Open S2-3 Arena (or press Ctrl+PgDn)
A34: # | B34: Mission | C34: Your answer | D34: Result | E34: Hint? | F34: Hint | G34: XP
A35: C1 | B35: Which keys type today's date as a fixed value? | D35: {=IFERROR(_xlfn.LET(_xlpm.a,'S2-3 Stamps & Smart Fill'!$C$35,IF(TRIM(_xlpm.a&"")="","",IF(OR(SUBSTITUTE(SUBSTITUTE(SUBSTITUTE(SUBSTITUTE(SUBSTITUTE(SUBSTITUTE(SUBSTITUTE(SUBSTITUTE(SUBSTITUTE(SUBSTITUTE(SUBSTITUTE(SUBSTITUTE(SUBSTITUTE(SUBSTITUTE(SUBSTITUTE(SUBSTITUTE(SUBSTITUTE(SUBSTITUTE(SUBSTITUTE(SUBSTITUTE(SUBSTITUTE(SUBSTITUTE(SUBSTITUTE(SUBSTITUTE(SUBSTITUTE(SUBSTITUTE(SUBSTITUTE(UPPER(_xlpm.a)," ",""),"CONTROL","CTRL"),"CTL","CTRL"),"ESCAPE","ESC"),"RETURN","ENTER"),"PAGEDOWN","PGDN"),"PGDOWN","PGDN"),"PAGEUP","PGUP"),"ARROWKEYS","ARROW"),"ARROWKEY","ARROW"),"ARROWS","ARROW"),"DOWNARROW","DOWN"),"UPARROW","UP"),"LEFTARROW","LEFT"),"RIGHTARROW","RIGHT"),"ARROWDOWN","DOWN"),"ARROWUP","UP"),"ARROWLEFT","LEFT"),"ARROWRIGHT","RIGHT"),"↓","DOWN"),"↑","UP"),"←","LEFT"),"→","RIGHT"),"SPACEBAR","SPACE"),"−","-"),"MINUS","-"),"PLUS","+")=Key!$E$67:$F$67),"✔ CLEAR","✘ TRY AGAIN"))),"✘ TRY AGAIN")} | F35: {=IF(E35="Show hint",Key!$B$67,"")} | G35: {=IF(LEFT(D35,1)="✔",IF(E35="Show hint",5,10),0)} -> 0
A36: C2 | B36: Which keys type the current time as a fixed value? | D36: {=IFERROR(_xlfn.LET(_xlpm.a,'S2-3 Stamps & Smart Fill'!$C$36,IF(TRIM(_xlpm.a&"")="","",IF(OR(SUBSTITUTE(SUBSTITUTE(SUBSTITUTE(SUBSTITUTE(SUBSTITUTE(SUBSTITUTE(SUBSTITUTE(SUBSTITUTE(SUBSTITUTE(SUBSTITUTE(SUBSTITUTE(SUBSTITUTE(SUBSTITUTE(SUBSTITUTE(SUBSTITUTE(SUBSTITUTE(SUBSTITUTE(SUBSTITUTE(SUBSTITUTE(SUBSTITUTE(SUBSTITUTE(SUBSTITUTE(SUBSTITUTE(SUBSTITUTE(SUBSTITUTE(SUBSTITUTE(SUBSTITUTE(UPPER(_xlpm.a)," ",""),"CONTROL","CTRL"),"CTL","CTRL"),"ESCAPE","ESC"),"RETURN","ENTER"),"PAGEDOWN","PGDN"),"PGDOWN","PGDN"),"PAGEUP","PGUP"),"ARROWKEYS","ARROW"),"ARROWKEY","ARROW"),"ARROWS","ARROW"),"DOWNARROW","DOWN"),"UPARROW","UP"),"LEFTARROW","LEFT"),"RIGHTARROW","RIGHT"),"ARROWDOWN","DOWN"),"ARROWUP","UP"),"ARROWLEFT","LEFT"),"ARROWRIGHT","RIGHT"),"↓","DOWN"),"↑","UP"),"←","LEFT"),"→","RIGHT"),"SPACEBAR","SPACE"),"−","-"),"MINUS","-"),"PLUS","+")=Key!$E$68:$K$68),"✔ CLEAR","✘ TRY AGAIN"))),"✘ TRY AGAIN")} | F36: {=IF(E36="Show hint",Key!$B$68,"")} | G36: {=IF(LEFT(D36,1)="✔",IF(E36="Show hint",5,10),0)} -> 0
A37: C3 | B37: Which keys run Flash Fill? | D37: {=IFERROR(_xlfn.LET(_xlpm.a,'S2-3 Stamps & Smart Fill'!$C$37,IF(TRIM(_xlpm.a&"")="","",IF(OR(SUBSTITUTE(SUBSTITUTE(SUBSTITUTE(SUBSTITUTE(SUBSTITUTE(SUBSTITUTE(SUBSTITUTE(SUBSTITUTE(SUBSTITUTE(SUBSTITUTE(SUBSTITUTE(SUBSTITUTE(SUBSTITUTE(SUBSTITUTE(SUBSTITUTE(SUBSTITUTE(SUBSTITUTE(SUBSTITUTE(SUBSTITUTE(SUBSTITUTE(SUBSTITUTE(SUBSTITUTE(SUBSTITUTE(SUBSTITUTE(SUBSTITUTE(SUBSTITUTE(SUBSTITUTE(UPPER(_xlpm.a)," ",""),"CONTROL","CTRL"),"CTL","CTRL"),"ESCAPE","ESC"),"RETURN","ENTER"),"PAGEDOWN","PGDN"),"PGDOWN","PGDN"),"PAGEUP","PGUP"),"ARROWKEYS","ARROW"),"ARROWKEY","ARROW"),"ARROWS","ARROW"),"DOWNARROW","DOWN"),"UPARROW","UP"),"LEFTARROW","LEFT"),"RIGHTARROW","RIGHT"),"ARROWDOWN","DOWN"),"ARROWUP","UP"),"ARROWLEFT","LEFT"),"ARROWRIGHT","RIGHT"),"↓","DOWN"),"↑","UP"),"←","LEFT"),"→","RIGHT"),"SPACEBAR","SPACE"),"−","-"),"MINUS","-"),"PLUS","+")=Key!$E$69:$E$69),"✔ CLEAR","✘ TRY AGAIN"))),"✘ TRY AGAIN")} | F37: {=IF(E37="Show hint",Key!$B$69,"")} | G37: {=IF(LEFT(D37,1)="✔",IF(E37="Show hint",5,10),0)} -> 0
A38: C4 | B38: Which keys open the dropdown list of a cell? | D38: {=IFERROR(_xlfn.LET(_xlpm.a,'S2-3 Stamps & Smart Fill'!$C$38,IF(TRIM(_xlpm.a&"")="","",IF(OR(SUBSTITUTE(SUBSTITUTE(SUBSTITUTE(SUBSTITUTE(SUBSTITUTE(SUBSTITUTE(SUBSTITUTE(SUBSTITUTE(SUBSTITUTE(SUBSTITUTE(SUBSTITUTE(SUBSTITUTE(SUBSTITUTE(SUBSTITUTE(SUBSTITUTE(SUBSTITUTE(SUBSTITUTE(SUBSTITUTE(SUBSTITUTE(SUBSTITUTE(SUBSTITUTE(SUBSTITUTE(SUBSTITUTE(SUBSTITUTE(SUBSTITUTE(SUBSTITUTE(SUBSTITUTE(UPPER(_xlpm.a)," ",""),"CONTROL","CTRL"),"CTL","CTRL"),"ESCAPE","ESC"),"RETURN","ENTER"),"PAGEDOWN","PGDN"),"PGDOWN","PGDN"),"PAGEUP","PGUP"),"ARROWKEYS","ARROW"),"ARROWKEY","ARROW"),"ARROWS","ARROW"),"DOWNARROW","DOWN"),"UPARROW","UP"),"LEFTARROW","LEFT"),"RIGHTARROW","RIGHT"),"ARROWDOWN","DOWN"),"ARROWUP","UP"),"ARROWLEFT","LEFT"),"ARROWRIGHT","RIGHT"),"↓","DOWN"),"↑","UP"),"←","LEFT"),"→","RIGHT"),"SPACEBAR","SPACE"),"−","-"),"MINUS","-"),"PLUS","+")=Key!$E$70:$E$70),"✔ CLEAR","✘ TRY AGAIN"))),"✘ TRY AGAIN")} | F38: {=IF(E38="Show hint",Key!$B$70,"")} | G38: {=IF(LEFT(D38,1)="✔",IF(E38="Show hint",5,10),0)} -> 0
A39: C5 | B39: In the arena select C6, press Ctrl+; and then Enter. Excel types today's date as a fixed value. | C39: ▶ ARENA C5 (cell C6) | D39: {=IF(IFERROR(AND(ISNUMBER('S2-3 Arena'!$C$6),NOT(_xlfn.ISFORMULA('S2-3 Arena'!$C$6)),INT('S2-3 Arena'!$C$6)=TODAY()),FALSE),"✔ CLEAR","· not yet")} -> · not yet | F39: {=IF(E39="Show hint",Key!$B$71,"")} | G39: {=IF(LEFT(D39,1)="✔",IF(E39="Show hint",5,10),0)} -> 0
A40: C6 | B40: Select C8, press Ctrl+Shift+: and then Enter. | C40: ▶ ARENA C6 (cell C8) | D40: {=IF(IFERROR(AND(ISNUMBER('S2-3 Arena'!$C$8),NOT(_xlfn.ISFORMULA('S2-3 Arena'!$C$8)),'S2-3 Arena'!$C$8>0,'S2-3 Arena'!$C$8<1),FALSE),"✔ CLEAR","· not yet")} -> · not yet | F40: {=IF(E40="Show hint",Key!$B$72,"")} | G40: {=IF(LEFT(D40,1)="✔",IF(E40="Show hint",5,10),0)} -> 0
A41: C7 | B41: In C12 type Ada (the first name in B12) and press Enter. Then, with C13 selected, press Ctrl+E: Flash Fill completes the column. | C41: ▶ ARENA C7 (cell C12) | D41: {=IF(IFERROR(AND(NOT(_xlfn.ISFORMULA('S2-3 Arena'!$C$12)),'S2-3 Arena'!$C$12="Ada",NOT(_xlfn.ISFORMULA('S2-3 Arena'!$C$13)),'S2-3 Arena'!$C$13="Alan",NOT(_xlfn.ISFORMULA('S2-3 Arena'!$C$14)),'S2-3 Arena'!$C$14="Grace",NOT(_xlfn.ISFORMULA('S2-3 Arena'!$C$15)),'S2-3 Arena'!$C$15="Katherine",NOT(_xlfn.ISFORMULA('S2-3 Arena'!$C$16)),'S2-3 Arena'!$C$16="Tim",NOT(_xlfn.ISFORMULA('S2-3 Arena'!$C$17)),'S2-3 Arena'!$C$17="Margaret",NOT(_xlfn.ISFORMULA('S2-3 Arena'!$C$18)),'S2-3 Arena'!$C$18="Linus",NOT(_xlfn.ISFORMULA('S2-3 Arena'!$C$19)),'S2-3 Arena'!$C$19="Hedy"),FALSE),"✔ CLEAR","· not yet")} -> · not yet | F41: {=IF(E41="Show hint",Key!$B$73,"")} | G41: {=IF(LEFT(D41,1)="✔",IF(E41="Show hint",5,10),0)} -> 0
A42: C8 | B42: Select C22, press Alt+↓ to open its list, choose Gold and press Enter. | C42: ▶ ARENA C8 (cell C22) | D42: {=IF(IFERROR(AND('S2-3 Arena'!$C$22="Gold"),FALSE),"✔ CLEAR","· not yet")} -> · not yet | F42: {=IF(E42="Show hint",Key!$B$74,"")} | G42: {=IF(LEFT(D42,1)="✔",IF(E42="Show hint",5,10),0)} -> 0

Sheet S2-3 Arena
A1: ARENA ▸ S2-3 STAMPS & SMART FILL
A2: Practice area · everything here is editable. Missions and their checks are on the stage sheet.
A3: PASS CODE | B3: STAMP | D3: ◀ Back to S2-3 Stamps & Smart Fill
B6: Today's date →
B8: Time now →
B11: Full name | C11: First name
B12: Ada Lovelace
B13: Alan Turing
B14: Grace Hopper
B15: Katherine Johnson
B16: Tim Berners-Lee
B17: Margaret Hamilton
B18: Linus Torvalds
B19: Hedy Lamarr
B22: Medal →

Sheet Boss
A1: BOSS ▸ ENTER & EDIT
A2: Every move from this world in one gauntlet. Clear it under par for rank S.
A3: {="SCORE "&TEXT(SUM($G$14:$G$33),"0000")&" / 0160"} -> SCORE 0000 / 0160 | C3: {=IF(SUM($G$14:$G$33)>=160,"★★★",IF(SUM($G$14:$G$33)>=160*0.8,"★★☆",IF(SUM($G$14:$G$33)>=160*0.5,"★☆☆","☆☆☆")))} -> ☆☆☆ | D3: {=REPT("█",ROUND(10*SUM($G$14:$G$33)/160,0))&REPT("░",10-ROUND(10*SUM($G$14:$G$33)/160,0))&" "&TEXT(SUM($G$14:$G$33)/160,"0%")} -> ░░░░░░░░░░ 0%
A5: SPEEDRUN · stamp START, beat the Boss, stamp FINISH
B6: START · select C6 and press Ctrl+Shift+:
B7: FINISH · select C7 and press Ctrl+Shift+:
B8: TIME | C8: {=IF(OR(C6="",C7=""),"",ROUND(MOD(C7-C6,1)*1440,0))}
B9: PAR | C9: 10
B10: BOSS GATE | C10: {=IF(AND(SUM('S2-1 Quick Entry'!$G$15:$G$45)>=240*0.5,SUM('S2-2 Clone Machine'!$G$17:$G$50)>=270*0.5,SUM('S2-3 Stamps & Smart Fill'!$G$14:$G$42)>=220*0.5),"OPEN","LOCKED")} -> LOCKED | D10: {=IF(C10="OPEN","Gate open · go!","Earn ★ on every stage to open the gate")} -> Earn ★ on every stage to open the gate
A12: FLASHBACK · moves from earlier worlds
A13: # | B13: Mission | C13: Your answer | D13: Result | E13: Hint? | F13: Hint | G13: XP
A14: F1 | B14: {=IF($C$10="OPEN","Which keys type today's date as a fixed value? (from S2-3 Stamps & Smart Fill)","LOCKED · earn ★ on every stage to open the Boss gate")} -> LOCKED · earn ★ on every stage to open the Boss gate | D14: {=IF($C$10="OPEN",IFERROR(_xlfn.LET(_xlpm.a,Boss!$C$14,IF(TRIM(_xlpm.a&"")="","",IF(OR(SUBSTITUTE(SUBSTITUTE(SUBSTITUTE(SUBSTITUTE(SUBSTITUTE(SUBSTITUTE(SUBSTITUTE(SUBSTITUTE(SUBSTITUTE(SUBSTITUTE(SUBSTITUTE(SUBSTITUTE(SUBSTITUTE(SUBSTITUTE(SUBSTITUTE(SUBSTITUTE(SUBSTITUTE(SUBSTITUTE(SUBSTITUTE(SUBSTITUTE(SUBSTITUTE(SUBSTITUTE(SUBSTITUTE(SUBSTITUTE(SUBSTITUTE(SUBSTITUTE(SUBSTITUTE(UPPER(_xlpm.a)," ",""),"CONTROL","CTRL"),"CTL","CTRL"),"ESCAPE","ESC"),"RETURN","ENTER"),"PAGEDOWN","PGDN"),"PGDOWN","PGDN"),"PAGEUP","PGUP"),"ARROWKEYS","ARROW"),"ARROWKEY","ARROW"),"ARROWS","ARROW"),"DOWNARROW","DOWN"),"UPARROW","UP"),"LEFTARROW","LEFT"),"RIGHTARROW","RIGHT"),"ARROWDOWN","DOWN"),"ARROWUP","UP"),"ARROWLEFT","LEFT"),"ARROWRIGHT","RIGHT"),"↓","DOWN"),"↑","UP"),"←","LEFT"),"→","RIGHT"),"SPACEBAR","SPACE"),"−","-"),"MINUS","-"),"PLUS","+")=Key!$E$75:$F$75),"✔ CLEAR","✘ TRY AGAIN"))),"✘ TRY AGAIN"),"LOCKED")} -> LOCKED | F14: {=IF(E14="Show hint",Key!$B$75,"")} | G14: {=IF(LEFT(D14,1)="✔",IF(E14="Show hint",5,10),0)} -> 0
A15: F2 | B15: {=IF($C$10="OPEN","Which keys type the current time as a fixed value? (from S2-3 Stamps & Smart Fill)","LOCKED · earn ★ on every stage to open the Boss gate")} -> LOCKED · earn ★ on every stage to open the Boss gate | D15: {=IF($C$10="OPEN",IFERROR(_xlfn.LET(_xlpm.a,Boss!$C$15,IF(TRIM(_xlpm.a&"")="","",IF(OR(SUBSTITUTE(SUBSTITUTE(SUBSTITUTE(SUBSTITUTE(SUBSTITUTE(SUBSTITUTE(SUBSTITUTE(SUBSTITUTE(SUBSTITUTE(SUBSTITUTE(SUBSTITUTE(SUBSTITUTE(SUBSTITUTE(SUBSTITUTE(SUBSTITUTE(SUBSTITUTE(SUBSTITUTE(SUBSTITUTE(SUBSTITUTE(SUBSTITUTE(SUBSTITUTE(SUBSTITUTE(SUBSTITUTE(SUBSTITUTE(SUBSTITUTE(SUBSTITUTE(SUBSTITUTE(UPPER(_xlpm.a)," ",""),"CONTROL","CTRL"),"CTL","CTRL"),"ESCAPE","ESC"),"RETURN","ENTER"),"PAGEDOWN","PGDN"),"PGDOWN","PGDN"),"PAGEUP","PGUP"),"ARROWKEYS","ARROW"),"ARROWKEY","ARROW"),"ARROWS","ARROW"),"DOWNARROW","DOWN"),"UPARROW","UP"),"LEFTARROW","LEFT"),"RIGHTARROW","RIGHT"),"ARROWDOWN","DOWN"),"ARROWUP","UP"),"ARROWLEFT","LEFT"),"ARROWRIGHT","RIGHT"),"↓","DOWN"),"↑","UP"),"←","LEFT"),"→","RIGHT"),"SPACEBAR","SPACE"),"−","-"),"MINUS","-"),"PLUS","+")=Key!$E$76:$K$76),"✔ CLEAR","✘ TRY AGAIN"))),"✘ TRY AGAIN"),"LOCKED")} -> LOCKED | F15: {=IF(E15="Show hint",Key!$B$76,"")} | G15: {=IF(LEFT(D15,1)="✔",IF(E15="Show hint",5,10),0)} -> 0
A16: F3 | B16: {=IF($C$10="OPEN","Which keys run Flash Fill? (from S2-3 Stamps & Smart Fill)","LOCKED · earn ★ on every stage to open the Boss gate")} -> LOCKED · earn ★ on every stage to open the Boss gate | D16: {=IF($C$10="OPEN",IFERROR(_xlfn.LET(_xlpm.a,Boss!$C$16,IF(TRIM(_xlpm.a&"")="","",IF(OR(SUBSTITUTE(SUBSTITUTE(SUBSTITUTE(SUBSTITUTE(SUBSTITUTE(SUBSTITUTE(SUBSTITUTE(SUBSTITUTE(SUBSTITUTE(SUBSTITUTE(SUBSTITUTE(SUBSTITUTE(SUBSTITUTE(SUBSTITUTE(SUBSTITUTE(SUBSTITUTE(SUBSTITUTE(SUBSTITUTE(SUBSTITUTE(SUBSTITUTE(SUBSTITUTE(SUBSTITUTE(SUBSTITUTE(SUBSTITUTE(SUBSTITUTE(SUBSTITUTE(SUBSTITUTE(UPPER(_xlpm.a)," ",""),"CONTROL","CTRL"),"CTL","CTRL"),"ESCAPE","ESC"),"RETURN","ENTER"),"PAGEDOWN","PGDN"),"PGDOWN","PGDN"),"PAGEUP","PGUP"),"ARROWKEYS","ARROW"),"ARROWKEY","ARROW"),"ARROWS","ARROW"),"DOWNARROW","DOWN"),"UPARROW","UP"),"LEFTARROW","LEFT"),"RIGHTARROW","RIGHT"),"ARROWDOWN","DOWN"),"ARROWUP","UP"),"ARROWLEFT","LEFT"),"ARROWRIGHT","RIGHT"),"↓","DOWN"),"↑","UP"),"←","LEFT"),"→","RIGHT"),"SPACEBAR","SPACE"),"−","-"),"MINUS","-"),"PLUS","+")=Key!$E$77:$E$77),"✔ CLEAR","✘ TRY AGAIN"))),"✘ TRY AGAIN"),"LOCKED")} -> LOCKED | F16: {=IF(E16="Show hint",Key!$B$77,"")} | G16: {=IF(LEFT(D16,1)="✔",IF(E16="Show hint",5,10),0)} -> 0
A17: F4 | B17: {=IF($C$10="OPEN","Which keys open the dropdown list of a cell? (from S2-3 Stamps & Smart Fill)","LOCKED · earn ★ on every stage to open the Boss gate")} -> LOCKED · earn ★ on every stage to open the Boss gate | D17: {=IF($C$10="OPEN",IFERROR(_xlfn.LET(_xlpm.a,Boss!$C$17,IF(TRIM(_xlpm.a&"")="","",IF(OR(SUBSTITUTE(SUBSTITUTE(SUBSTITUTE(SUBSTITUTE(SUBSTITUTE(SUBSTITUTE(SUBSTITUTE(SUBSTITUTE(SUBSTITUTE(SUBSTITUTE(SUBSTITUTE(SUBSTITUTE(SUBSTITUTE(SUBSTITUTE(SUBSTITUTE(SUBSTITUTE(SUBSTITUTE(SUBSTITUTE(SUBSTITUTE(SUBSTITUTE(SUBSTITUTE(SUBSTITUTE(SUBSTITUTE(SUBSTITUTE(SUBSTITUTE(SUBSTITUTE(SUBSTITUTE(UPPER(_xlpm.a)," ",""),"CONTROL","CTRL"),"CTL","CTRL"),"ESCAPE","ESC"),"RETURN","ENTER"),"PAGEDOWN","PGDN"),"PGDOWN","PGDN"),"PAGEUP","PGUP"),"ARROWKEYS","ARROW"),"ARROWKEY","ARROW"),"ARROWS","ARROW"),"DOWNARROW","DOWN"),"UPARROW","UP"),"LEFTARROW","LEFT"),"RIGHTARROW","RIGHT"),"ARROWDOWN","DOWN"),"ARROWUP","UP"),"ARROWLEFT","LEFT"),"ARROWRIGHT","RIGHT"),"↓","DOWN"),"↑","UP"),"←","LEFT"),"→","RIGHT"),"SPACEBAR","SPACE"),"−","-"),"MINUS","-"),"PLUS","+")=Key!$E$78:$E$78),"✔ CLEAR","✘ TRY AGAIN"))),"✘ TRY AGAIN"),"LOCKED")} -> LOCKED | F17: {=IF(E17="Show hint",Key!$B$78,"")} | G17: {=IF(LEFT(D17,1)="✔",IF(E17="Show hint",5,10),0)} -> 0
A18: F5 | B18: {=IF($C$10="OPEN","Which keys insert a function's argument names after you type its name? (from F1-5 X-Ray)","LOCKED · earn ★ on every stage to open the Boss gate")} -> LOCKED · earn ★ on every stage to open the Boss gate | D18: {=IF($C$10="OPEN",IFERROR(_xlfn.LET(_xlpm.a,Boss!$C$18,IF(TRIM(_xlpm.a&"")="","",IF(OR(SUBSTITUTE(SUBSTITUTE(SUBSTITUTE(SUBSTITUTE(SUBSTITUTE(SUBSTITUTE(SUBSTITUTE(SUBSTITUTE(SUBSTITUTE(SUBSTITUTE(SUBSTITUTE(SUBSTITUTE(SUBSTITUTE(SUBSTITUTE(SUBSTITUTE(SUBSTITUTE(SUBSTITUTE(SUBSTITUTE(SUBSTITUTE(SUBSTITUTE(SUBSTITUTE(SUBSTITUTE(SUBSTITUTE(SUBSTITUTE(SUBSTITUTE(SUBSTITUTE(SUBSTITUTE(UPPER(_xlpm.a)," ",""),"CONTROL","CTRL"),"CTL","CTRL"),"ESCAPE","ESC"),"RETURN","ENTER"),"PAGEDOWN","PGDN"),"PGDOWN","PGDN"),"PAGEUP","PGUP"),"ARROWKEYS","ARROW"),"ARROWKEY","ARROW"),"ARROWS","ARROW"),"DOWNARROW","DOWN"),"UPARROW","UP"),"LEFTARROW","LEFT"),"RIGHTARROW","RIGHT"),"ARROWDOWN","DOWN"),"ARROWUP","UP"),"ARROWLEFT","LEFT"),"ARROWRIGHT","RIGHT"),"↓","DOWN"),"↑","UP"),"←","LEFT"),"→","RIGHT"),"SPACEBAR","SPACE"),"−","-"),"MINUS","-"),"PLUS","+")=Key!$E$79:$F$79),"✔ CLEAR","✘ TRY AGAIN"))),"✘ TRY AGAIN"),"LOCKED")} -> LOCKED | F18: {=IF(E18="Show hint",Key!$B$79,"")} | G18: {=IF(LEFT(D18,1)="✔",IF(E18="Show hint",5,10),0)} -> 0
A19: F6 | B19: {=IF($C$10="OPEN","Which keys open the Insert Function dialog? (from F1-5 X-Ray)","LOCKED · earn ★ on every stage to open the Boss gate")} -> LOCKED · earn ★ on every stage to open the Boss gate | D19: {=IF($C$10="OPEN",IFERROR(_xlfn.LET(_xlpm.a,Boss!$C$19,IF(TRIM(_xlpm.a&"")="","",IF(OR(SUBSTITUTE(SUBSTITUTE(SUBSTITUTE(SUBSTITUTE(SUBSTITUTE(SUBSTITUTE(SUBSTITUTE(SUBSTITUTE(SUBSTITUTE(SUBSTITUTE(SUBSTITUTE(SUBSTITUTE(SUBSTITUTE(SUBSTITUTE(SUBSTITUTE(SUBSTITUTE(SUBSTITUTE(SUBSTITUTE(SUBSTITUTE(SUBSTITUTE(SUBSTITUTE(SUBSTITUTE(SUBSTITUTE(SUBSTITUTE(SUBSTITUTE(SUBSTITUTE(SUBSTITUTE(UPPER(_xlpm.a)," ",""),"CONTROL","CTRL"),"CTL","CTRL"),"ESCAPE","ESC"),"RETURN","ENTER"),"PAGEDOWN","PGDN"),"PGDOWN","PGDN"),"PAGEUP","PGUP"),"ARROWKEYS","ARROW"),"ARROWKEY","ARROW"),"ARROWS","ARROW"),"DOWNARROW","DOWN"),"UPARROW","UP"),"LEFTARROW","LEFT"),"RIGHTARROW","RIGHT"),"ARROWDOWN","DOWN"),"ARROWUP","UP"),"ARROWLEFT","LEFT"),"ARROWRIGHT","RIGHT"),"↓","DOWN"),"↑","UP"),"←","LEFT"),"→","RIGHT"),"SPACEBAR","SPACE"),"−","-"),"MINUS","-"),"PLUS","+")=Key!$E$80:$E$80),"✔ CLEAR","✘ TRY AGAIN"))),"✘ TRY AGAIN"),"LOCKED")} -> LOCKED | F19: {=IF(E19="Show hint",Key!$B$80,"")} | G19: {=IF(LEFT(D19,1)="✔",IF(E19="Show hint",5,10),0)} -> 0
A20: F7 | B20: {=IF($C$10="OPEN","Which keys confirm an entry and move up one cell? (from S2-1 Quick Entry)","LOCKED · earn ★ on every stage to open the Boss gate")} -> LOCKED · earn ★ on every stage to open the Boss gate | D20: {=IF($C$10="OPEN",IFERROR(_xlfn.LET(_xlpm.a,Boss!$C$20,IF(TRIM(_xlpm.a&"")="","",IF(OR(SUBSTITUTE(SUBSTITUTE(SUBSTITUTE(SUBSTITUTE(SUBSTITUTE(SUBSTITUTE(SUBSTITUTE(SUBSTITUTE(SUBSTITUTE(SUBSTITUTE(SUBSTITUTE(SUBSTITUTE(SUBSTITUTE(SUBSTITUTE(SUBSTITUTE(SUBSTITUTE(SUBSTITUTE(SUBSTITUTE(SUBSTITUTE(SUBSTITUTE(SUBSTITUTE(SUBSTITUTE(SUBSTITUTE(SUBSTITUTE(SUBSTITUTE(SUBSTITUTE(SUBSTITUTE(UPPER(_xlpm.a)," ",""),"CONTROL","CTRL"),"CTL","CTRL"),"ESCAPE","ESC"),"RETURN","ENTER"),"PAGEDOWN","PGDN"),"PGDOWN","PGDN"),"PAGEUP","PGUP"),"ARROWKEYS","ARROW"),"ARROWKEY","ARROW"),"ARROWS","ARROW"),"DOWNARROW","DOWN"),"UPARROW","UP"),"LEFTARROW","LEFT"),"RIGHTARROW","RIGHT"),"ARROWDOWN","DOWN"),"ARROWUP","UP"),"ARROWLEFT","LEFT"),"ARROWRIGHT","RIGHT"),"↓","DOWN"),"↑","UP"),"←","LEFT"),"→","RIGHT"),"SPACEBAR","SPACE"),"−","-"),"MINUS","-"),"PLUS","+")=Key!$E$81:$E$81),"✔ CLEAR","✘ TRY AGAIN"))),"✘ TRY AGAIN"),"LOCKED")} -> LOCKED | F20: {=IF(E20="Show hint",Key!$B$81,"")} | G20: {=IF(LEFT(D20,1)="✔",IF(E20="Show hint",5,10),0)} -> 0
A21: F8 | B21: {=IF($C$10="OPEN","Which key confirms an entry and moves one cell to the right? (from S2-1 Quick Entry)","LOCKED · earn ★ on every stage to open the Boss gate")} -> LOCKED · earn ★ on every stage to open the Boss gate | D21: {=IF($C$10="OPEN",IFERROR(_xlfn.LET(_xlpm.a,Boss!$C$21,IF(TRIM(_xlpm.a&"")="","",IF(OR(SUBSTITUTE(SUBSTITUTE(SUBSTITUTE(SUBSTITUTE(SUBSTITUTE(SUBSTITUTE(SUBSTITUTE(SUBSTITUTE(SUBSTITUTE(SUBSTITUTE(SUBSTITUTE(SUBSTITUTE(SUBSTITUTE(SUBSTITUTE(SUBSTITUTE(SUBSTITUTE(SUBSTITUTE(SUBSTITUTE(SUBSTITUTE(SUBSTITUTE(SUBSTITUTE(SUBSTITUTE(SUBSTITUTE(SUBSTITUTE(SUBSTITUTE(SUBSTITUTE(SUBSTITUTE(UPPER(_xlpm.a)," ",""),"CONTROL","CTRL"),"CTL","CTRL"),"ESCAPE","ESC"),"RETURN","ENTER"),"PAGEDOWN","PGDN"),"PGDOWN","PGDN"),"PAGEUP","PGUP"),"ARROWKEYS","ARROW"),"ARROWKEY","ARROW"),"ARROWS","ARROW"),"DOWNARROW","DOWN"),"UPARROW","UP"),"LEFTARROW","LEFT"),"RIGHTARROW","RIGHT"),"ARROWDOWN","DOWN"),"ARROWUP","UP"),"ARROWLEFT","LEFT"),"ARROWRIGHT","RIGHT"),"↓","DOWN"),"↑","UP"),"←","LEFT"),"→","RIGHT"),"SPACEBAR","SPACE"),"−","-"),"MINUS","-"),"PLUS","+")=Key!$E$82:$E$82),"✔ CLEAR","✘ TRY AGAIN"))),"✘ TRY AGAIN"),"LOCKED")} -> LOCKED | F21: {=IF(E21="Show hint",Key!$B$82,"")} | G21: {=IF(LEFT(D21,1)="✔",IF(E21="Show hint",5,10),0)} -> 0
A23: BOSS MISSIONS
B24: ▶ Open Boss Arena (or press Ctrl+PgDn)
A25: # | B25: Mission | C25: Your answer | D25: Result | E25: Hint? | F25: Hint | G25: XP
A26: B1 | B26: {=IF($C$10="OPEN","In the Boss Arena select B6:B12, type READY and press Ctrl+Enter.","LOCKED · earn ★ on every stage to open the Boss gate")} -> LOCKED · earn ★ on every stage to open the Boss gate | C26: ▶ ARENA B1 (cell B6) | D26: {=IF($C$10="OPEN",IF(IFERROR(AND('Boss Arena'!$B$6="READY",'Boss Arena'!$B$7="READY",'Boss Arena'!$B$8="READY",'Boss Arena'!$B$9="READY",'Boss Arena'!$B$10="READY",'Boss Arena'!$B$11="READY",'Boss Arena'!$B$12="READY"),FALSE),"✔ CLEAR","· not yet"),"LOCKED")} -> LOCKED | F26: {=IF(E26="Show hint",Key!$B$83,"")} | G26: {=IF(LEFT(D26,1)="✔",IF(E26="Show hint",5,10),0)} -> 0
A27: B2 | B27: {=IF($C$10="OPEN","In D6 type Street, press Alt+Enter, type City, then press Enter.","LOCKED · earn ★ on every stage to open the Boss gate")} -> LOCKED · earn ★ on every stage to open the Boss gate | C27: ▶ ARENA B2 (cell D6) | D27: {=IF($C$10="OPEN",IF(IFERROR(EXACT('Boss Arena'!$D$6,"Street"&CHAR(10)&"City"),FALSE),"✔ CLEAR","· not yet"),"LOCKED")} -> LOCKED | F27: {=IF(E27="Show hint",Key!$B$84,"")} | G27: {=IF(LEFT(D27,1)="✔",IF(E27="Show hint",5,10),0)} -> 0
A28: B3 | B28: {=IF($C$10="OPEN","C15 sums the Q1 column. Select C15:F15 and press Ctrl+R.","LOCKED · earn ★ on every stage to open the Boss gate")} -> LOCKED · earn ★ on every stage to open the Boss gate | C28: ▶ ARENA B3 (cell D15) | D28: {=IF($C$10="OPEN",IF(COUNTA('Boss Arena'!$D$15,'Boss Arena'!$E$15,'Boss Arena'!$F$15)=0,"",IF(OR(NOT(_xlfn.ISFORMULA('Boss Arena'!$D$15)),NOT(_xlfn.ISFORMULA('Boss Arena'!$E$15)),NOT(_xlfn.ISFORMULA('Boss Arena'!$F$15))),"✘ Some cells aren't formulas yet",IF(OR(ISERROR('Boss Arena'!$D$15),ISERROR('Boss Arena'!$E$15),ISERROR('Boss Arena'!$F$15)),"✘ Some cells show an error",IF(NOT(AND(IFERROR(AND(ISNUMBER('Boss Arena'!$D$15),ABS('Boss Arena'!$D$15-Key!$E$85)<=1E-9*MAX(1,ABS(Key!$E$85))),FALSE),IFERROR(AND(ISNUMBER('Boss Arena'!$E$15),ABS('Boss Arena'!$E$15-Key!$F$85)<=1E-9*MAX(1,ABS(Key!$F$85))),FALSE),IFERROR(AND(ISNUMBER('Boss Arena'!$F$15),ABS('Boss Arena'!$F$15-Key!$G$85)<=1E-9*MAX(1,ABS(Key!$G$85))),FALSE))),"✘ TRY AGAIN",IF(AND(OR(ISNUMBER(FIND({"=","(",",","+","-","*","/","&"," ","<",">",":","@","^"}&"SUM"&"(",UPPER(_xlfn.FORMULATEXT('Boss Arena'!$D$15)))))),"✔ CLEAR","✘ CLOSE · right value, but use SUM"))))),"LOCKED")} -> LOCKED | F28: {=IF(E28="Show hint",Key!$B$85,"")} | G28: {=IF(LEFT(D28,1)="✔",IF(E28="Show hint",5,10),0)} -> 0
A29: B4 | B29: {=IF($C$10="OPEN","Copy LIVE (C23:F23) and paste only its values into SNAPSHOT (C21) with Ctrl+Alt+V, V.","LOCKED · earn ★ on every stage to open the Boss gate")} -> LOCKED · earn ★ on every stage to open the Boss gate | C29: ▶ ARENA B4 (cell C21) | D29: {=IF($C$10="OPEN",IF(IFERROR(AND(NOT(_xlfn.ISFORMULA('Boss Arena'!$C$21)),'Boss Arena'!$C$21=31,NOT(_xlfn.ISFORMULA('Boss Arena'!$D$21)),'Boss Arena'!$D$21=31,NOT(_xlfn.ISFORMULA('Boss Arena'!$E$21)),'Boss Arena'!$E$21=34,NOT(_xlfn.ISFORMULA('Boss Arena'!$F$21)),'Boss Arena'!$F$21=35),FALSE),"✔ CLEAR","· not yet"),"LOCKED")} -> LOCKED | F29: {=IF(E29="Show hint",Key!$B$86,"")} | G29: {=IF(LEFT(D29,1)="✔",IF(E29="Show hint",5,10),0)} -> 0
A30: B5 | B30: {=IF($C$10="OPEN","Select F6 and stamp today's date with Ctrl+;, then Enter.","LOCKED · earn ★ on every stage to open the Boss gate")} -> LOCKED · earn ★ on every stage to open the Boss gate | C30: ▶ ARENA B5 (cell F6) | D30: {=IF($C$10="OPEN",IF(IFERROR(AND(ISNUMBER('Boss Arena'!$F$6),NOT(_xlfn.ISFORMULA('Boss Arena'!$F$6)),INT('Boss Arena'!$F$6)=TODAY()),FALSE),"✔ CLEAR","· not yet"),"LOCKED")} -> LOCKED | F30: {=IF(E30="Show hint",Key!$B$87,"")} | G30: {=IF(LEFT(D30,1)="✔",IF(E30="Show hint",5,10),0)} -> 0
A31: B6 | B31: {=IF($C$10="OPEN","In J6 type Lovelace (the last name in I6), then select J7 and press Ctrl+E.","LOCKED · earn ★ on every stage to open the Boss gate")} -> LOCKED · earn ★ on every stage to open the Boss gate | C31: ▶ ARENA B6 (cell J6) | D31: {=IF($C$10="OPEN",IF(IFERROR(AND(NOT(_xlfn.ISFORMULA('Boss Arena'!$J$6)),'Boss Arena'!$J$6="Lovelace",NOT(_xlfn.ISFORMULA('Boss Arena'!$J$7)),'Boss Arena'!$J$7="Turing",NOT(_xlfn.ISFORMULA('Boss Arena'!$J$8)),'Boss Arena'!$J$8="Hopper",NOT(_xlfn.ISFORMULA('Boss Arena'!$J$9)),'Boss Arena'!$J$9="Lamarr",NOT(_xlfn.ISFORMULA('Boss Arena'!$J$10)),'Boss Arena'!$J$10="Torvalds",NOT(_xlfn.ISFORMULA('Boss Arena'!$J$11)),'Boss Arena'!$J$11="Easley"),FALSE),"✔ CLEAR","· not yet"),"LOCKED")} -> LOCKED | F31: {=IF(E31="Show hint",Key!$B$88,"")} | G31: {=IF(LEFT(D31,1)="✔",IF(E31="Show hint",5,10),0)} -> 0
A32: B7 | B32: {=IF($C$10="OPEN","Move Nova's row (L7:N7) up one row: select it, Ctrl+X, click L6, Ctrl+V.","LOCKED · earn ★ on every stage to open the Boss gate")} -> LOCKED · earn ★ on every stage to open the Boss gate | C32: ▶ ARENA B7 (cell L6) | D32: {=IF($C$10="OPEN",IF(IFERROR(AND(INDIRECT("'Boss Arena'!L6")="Nova",INDIRECT("'Boss Arena'!M6")=88,INDIRECT("'Boss Arena'!N6")=3,COUNTA(INDIRECT("'Boss Arena'!L7:N7"))=0),FALSE),"✔ CLEAR","· not yet"),"LOCKED")} -> LOCKED | F32: {=IF(E32="Show hint",Key!$B$89,"")} | G32: {=IF(LEFT(D32,1)="✔",IF(E32="Show hint",5,10),0)} -> 0
A33: B8 | B33: {=IF($C$10="OPEN","Select F9, press Alt+↓ and choose Platinum.","LOCKED · earn ★ on every stage to open the Boss gate")} -> LOCKED · earn ★ on every stage to open the Boss gate | C33: ▶ ARENA B8 (cell F9) | D33: {=IF($C$10="OPEN",IF(IFERROR(AND('Boss Arena'!$F$9="Platinum"),FALSE),"✔ CLEAR","· not yet"),"LOCKED")} -> LOCKED | F33: {=IF(E33="Show hint",Key!$B$90,"")} | G33: {=IF(LEFT(D33,1)="✔",IF(E33="Show hint",5,10),0)} -> 0

Sheet Boss Arena
A1: BOSS ARENA ▸ ENTER & EDIT
A2: Practice area · everything here is editable. Missions and their checks are on the stage sheet.
A3: PASS CODE | B3: EDITOR | D3: ◀ Back to Boss
B5: READY ▼ | D5: ADDRESS ▼ | F5: SIGNED ON ▼ | I5: Full name | J5: Last name | L5: Hero | M5: Power | N5: Level
I6: Ada Lovelace
I7: Alan Turing | L7: Nova | M7: 88 | N7: 3
F8: TIER ▼ | I8: Grace Hopper
I9: Hedy Lamarr
I10: Linus Torvalds
I11: Annie Easley
B14: Team | C14: Q1 | D14: Q2 | E14: Q3 | F14: Q4
B15: TOTAL | C15: {=SUM(C16:C18)} -> 31
B16: Red | C16: 10 | D16: 14 | E16: 9 | F16: 12
B17: Blue | C17: 8 | D17: 11 | E17: 15 | F17: 7
B18: Gold | C18: 13 | D18: 6 | E18: 10 | F18: 16
B21: SNAPSHOT
B23: LIVE | C23: {=SUM(C16:C18)} -> 31 | D23: {=SUM(D16:D18)} -> 31 | E23: {=SUM(E16:E18)} -> 34 | F23: {=SUM(F16:F18)} -> 35

Sheet Cheat Codes
A1: CHEAT CODES ▸ ENTER & EDIT
A2: Every move from this world on one page. Keep it open while you play, or print it (Ctrl+P).
A4: Stage | B4: Keys / Syntax | C4: What it does | D4: Pro tip
A5: S2-1 | B5: Shift+Enter | C5: Confirm the entry and move UP one cell. | D5: Enter alone moves down.
A6: S2-1 | B6: Tab / Shift+Tab | C6: Confirm the entry and move right (Shift+Tab moves left). | D6: On a protected sheet, Tab hops between input cells.
A7: S2-1 | B7: Ctrl+Enter | C7: Fill every selected cell with what you just typed. | D7: Select a range, type once, press Ctrl+Enter: done.
A8: S2-1 | B8: Alt+Enter | C8: Start a new line inside the same cell. | D8: Great for addresses and notes.
A9: S2-1 | B9: Esc | C9: Cancel what you are typing; the cell stays unchanged. | D9: Esc also closes menus and dialogs.
A10: S2-2 | B10: Ctrl+C | C10: Copy the selected cells. | D10: A moving border shows what's copied; Esc clears it.
A11: S2-2 | B11: Ctrl+X | C11: Cut the selected cells, ready to move them. | D11: Paste with Ctrl+V to finish the move.
A12: S2-2 | B12: Ctrl+V | C12: Paste what you copied or cut. | D12: Paste into the top-left destination cell.
A13: S2-2 | B13: Ctrl+Alt+V | C13: Open Paste Special: paste only values, formats and more. | D13: Ctrl+Alt+V, then V, then Enter pastes values only.
A14: S2-2 | B14: Ctrl+R | C14: Fill Right: copy the left cell into the selected cells to its right. | D14: The twin of Ctrl+D (Fill Down).
A15: S2-2 | B15: Ctrl+Z | C15: Undo the last action. | D15: Press again to undo further back.
... A20: S2-3 | B20: Alt+↓ | C20: Open a cell's dropdown list. | D20: Then choose with the arrows and Enter.

Sheet Key
A1: Challenge | B1: Hint | C1: Expected | E1: Lists / per-cell expectations →
A2: S2-1 Quick Entry W1 | B2: Short for minimum. | E2: =MIN | F2: =MIN( | G2: =MIN() | H2: MIN | I2: MIN( | J2: MIN()
A3: S2-1 Quick Entry W2 | B3: The plain counting function. | E3: =COUNT | F3: =COUNT( | G3: =COUNT() | H3: COUNT | I3: COUNT( | J3: COUNT()
A4: S2-1 Quick Entry W3 | B4: COUNT plus one letter. | E4: =COUNTA | F4: =COUNTA( | G4: =COUNTA() | H4: COUNTA | I4: COUNTA( | J4: COUNTA()
A5: S2-1 Quick Entry W4 | B5: Alt plus the equals key. | E5: ALT+=
A6: S2-1 Quick Entry W5 | B6: Put $ before the column and the row. | E6: $E$6
A7: S2-1 Quick Entry W6 | B7: The $ goes right before 16. | E7: C$16
A8: S2-1 Quick Entry W7 | B8: A function key between F3 and F5. | E8: F4
A9: S2-1 Quick Entry W8 | B9: D for Down. | E9: CTRL+D
A10: S2-1 Quick Entry W9 | B10: Hold Ctrl and tap an arrow key. | E10: CTRL+ARROW | F10: CTRL+DOWN | G10: CTRL+LEFT | H10: CTRL+RIGHT | I10: CTRL+UP
A11: S2-1 Quick Entry W10 | B11: Ctrl plus the key that means 'start'. | E11: CTRL+HOME
A12: S2-1 Quick Entry T1 | B12: Enter plus Shift. | C12: Shift+Enter | E12: Ctrl+V | F12: Tab / Shift+Tab | G12: Shift+Enter | H12: Ctrl+X
A13: S2-1 Quick Entry T2 | B13: The key above Caps Lock. | C13: Tab / Shift+Tab | E13: Tab / Shift+Tab | F13: Ctrl+R | G13: Ctrl+Shift+: | H13: Ctrl+E
A14: S2-1 Quick Entry T3 | B14: Enter plus Ctrl. | C14: Ctrl+Enter | E14: Ctrl+V | F14: Ctrl+R | G14: Tab / Shift+Tab | H14: Ctrl+Enter
A15: S2-1 Quick Entry T4 | B15: Enter plus Alt. | C15: Alt+Enter | E15: Ctrl+R | F15: Alt+Enter | G15: Ctrl+Shift+: | H15: Ctrl+;
A16: S2-1 Quick Entry T5 | B16: The top-left key. | C16: Esc | E16: Ctrl+Y | F16: Esc | G16: Ctrl+Shift+: | H16: Ctrl+X
A17: S2-1 Quick Entry C1 | B17: Enter plus Shift. | E17: SHIFT+ENTER
A18: S2-1 Quick Entry C2 | B18: The key above Caps Lock. | E18: TAB
A19: S2-1 Quick Entry C3 | B19: Enter plus Ctrl. | E19: CTRL+ENTER
A20: S2-1 Quick Entry C4 | B20: Enter plus Alt. | E20: ALT+ENTER
A21: S2-1 Quick Entry C5 | B21: The top-left key. | E21: ESC
A22: S2-1 Quick Entry C6 | B22: Ctrl+Enter instead of Enter.
A23: S2-1 Quick Entry C7 | B23: Alt+Enter adds the break.
A24: S2-1 Quick Entry C8 | B24: Tab moves one cell right.
A25: S2-1 Quick Entry C9 | B25: Shift+Enter goes up.
A26: S2-2 Clone Machine W1 | B26: Enter plus Shift. | E26: SHIFT+ENTER
A27: S2-2 Clone Machine W2 | B27: The key above Caps Lock. | E27: TAB
A28: S2-2 Clone Machine W3 | B28: Enter plus Ctrl. | E28: CTRL+ENTER
A29: S2-2 Clone Machine W4 | B29: Enter plus Alt. | E29: ALT+ENTER
A30: S2-2 Clone Machine W5 | B30: The top-left key. | E30: ESC
A31: S2-2 Clone Machine W6 | B31: The plain rounding function. | E31: =ROUND | F31: =ROUND( | G31: =ROUND() | H31: ROUND | I31: ROUND( | J31: ROUND()
A32: S2-2 Clone Machine W7 | B32: ROUND plus a direction. | E32: =ROUNDUP | F32: =ROUNDUP( | G32: =ROUNDUP() | H32: ROUNDUP | I32: ROUNDUP( | J32: ROUNDUP()
A33: S2-2 Clone Machine W8 | B33: ROUND plus the other direction. | E33: =ROUNDDOWN | F33: =ROUNDDOWN( | G33: =ROUNDDOWN() | H33: ROUNDDOWN | I33: ROUNDDOWN( | J33: ROUNDDOWN()
A34: S2-2 Clone Machine W9 | B34: Ctrl plus the opposite of Home. | E34: CTRL+END
A35: S2-2 Clone Machine W10 | B35: One key, no Ctrl. | E35: HOME
A36: S2-2 Clone Machine T1 | B36: C for Copy. | C36: Ctrl+C | E36: Ctrl+V | F36: Ctrl+Y | G36: Ctrl+C | H36: Shift+Enter
A37: S2-2 Clone Machine T2 | B37: X looks like scissors. | C37: Ctrl+X | E37: Ctrl+V | F37: Ctrl+X | G37: Ctrl+Shift+: | H37: Alt+↓
A38: S2-2 Clone Machine T3 | B38: Next to C on the keyboard. | C38: Ctrl+V | E38: Ctrl+V | F38: Alt+Enter | G38: Ctrl+Z | H38: Ctrl+Enter
A39: S2-2 Clone Machine T4 | B39: Paste plus Alt. | C39: Ctrl+Alt+V | E39: Shift+Enter | F39: Ctrl+Alt+V | G39: Ctrl+R | H39: Alt+↓
A40: S2-2 Clone Machine T5 | B40: R for Right. | C40: Ctrl+R | E40: Ctrl+Z | F40: Ctrl+C | G40: Ctrl+R | H40: Shift+Enter
A41: S2-2 Clone Machine T6 | B41: The bottom-left letter. | C41: Ctrl+Z | E41: Ctrl+Z | F41: Ctrl+Shift+: | G41: Ctrl+E | H41: Esc
A42: S2-2 Clone Machine T7 | B42: The letter after X. | C42: Ctrl+Y | E42: Ctrl+Alt+V | F42: Ctrl+X | G42: Ctrl+Y | H42: Ctrl+V
A43: S2-2 Clone Machine C1 | B43: C for Copy. | E43: CTRL+C
A44: S2-2 Clone Machine C2 | B44: X looks like scissors. | E44: CTRL+X
A45: S2-2 Clone Machine C3 | B45: Next to C on the keyboard. | E45: CTRL+V
A46: S2-2 Clone Machine C4 | B46: Paste plus Alt. | E46: ALT+CTRL+V | F46: CTRL+ALT+V
A47: S2-2 Clone Machine C5 | B47: R for Right. | E47: CTRL+R
A48: S2-2 Clone Machine C6 | B48: The bottom-left letter. | E48: CTRL+Z
A49: S2-2 Clone Machine C7 | B49: The letter after X. | E49: CTRL+Y
A50: S2-2 Clone Machine C8 | B50: Select first, then Ctrl+R. | E50: {=SUM('S2-2 Arena'!$D$7:$D$10)} -> 1020 | F50: {=SUM('S2-2 Arena'!$E$7:$E$10)} -> 1270 | G50: {=SUM('S2-2 Arena'!$F$7:$F$10)} -> 1030 | H50: {=SUM('S2-2 Arena'!$G$7:$G$10)} -> 1530 | I50: {=SUM('S2-2 Arena'!$H$7:$H$10)} -> 1035
A51: S2-2 Clone Machine C9 | B51: Paste Special, then Values.
A52: S2-2 Clone Machine C10 | B52: Cut, then paste on B21.
A53: S2-3 Stamps & Smart Fill W1 | B53: C for Copy. | E53: CTRL+C
A54: S2-3 Stamps & Smart Fill W2 | B54: X looks like scissors. | E54: CTRL+X
A55: S2-3 Stamps & Smart Fill W3 | B55: Next to C on the keyboard. | E55: CTRL+V
A56: S2-3 Stamps & Smart Fill W4 | B56: Paste plus Alt. | E56: ALT+CTRL+V | F56: CTRL+ALT+V
A57: S2-3 Stamps & Smart Fill W5 | B57: R for Right. | E57: CTRL+R
A58: S2-3 Stamps & Smart Fill W6 | B58: The bottom-left letter. | E58: CTRL+Z
A59: S2-3 Stamps & Smart Fill W7 | B59: The letter after X. | E59: CTRL+Y
A60: S2-3 Stamps & Smart Fill W8 | B60: Ctrl plus the key left of 1. | E60: CTRL+BACKTICK | F60: CTRL+GRAVE | G60: CTRL+GRAVEACCENT | H60: CTRL+`
A61: S2-3 Stamps & Smart Fill W9 | B61: The function key after F1. | E61: F2
A62: S2-3 Stamps & Smart Fill W10 | B62: The key above Caps Lock. | E62: TAB
A63: S2-3 Stamps & Smart Fill T1 | B63: Ctrl plus the semicolon key. | C63: Ctrl+; | E63: Ctrl+Z | F63: Ctrl+; | G63: Ctrl+C | H63: Ctrl+Y
A64: S2-3 Stamps & Smart Fill T2 | B64: The date keys plus Shift. | C64: Ctrl+Shift+: | E64: Ctrl+Alt+V | F64: Ctrl+Shift+: | G64: Ctrl+R | H64: Ctrl+Z
A65: S2-3 Stamps & Smart Fill T3 | B65: E for Example. | C65: Ctrl+E | E65: Shift+Enter | F65: Ctrl+E | G65: Ctrl+Z | H65: Tab / Shift+Tab
A66: S2-3 Stamps & Smart Fill T4 | B66: Alt plus an arrow. | C66: Alt+↓ | E66: Alt+↓ | F66: Ctrl+V | G66: Ctrl+Enter | H66: Ctrl+Alt+V
A67: S2-3 Stamps & Smart Fill C1 | B67: Ctrl plus the semicolon key. | E67: CTRL+; | F67: CTRL+SEMICOLON
A68: S2-3 Stamps & Smart Fill C2 | B68: The date keys plus Shift. | E68: CTRL+: | F68: CTRL+SHIFT+: | G68: CTRL+SHIFT+; | H68: CTRL+SHIFT+COLON | I68: SHIFT+CTRL+: | J68: SHIFT+CTRL+; | K68: SHIFT+CTRL+COLON
A69: S2-3 Stamps & Smart Fill C3 | B69: E for Example. | E69: CTRL+E
A70: S2-3 Stamps & Smart Fill C4 | B70: Alt plus an arrow. | E70: ALT+DOWN
A71: S2-3 Stamps & Smart Fill C5 | B71: Ctrl and the semicolon key.
A72: S2-3 Stamps & Smart Fill C6 | B72: The date keys plus Shift.
A73: S2-3 Stamps & Smart Fill C7 | B73: One example is enough.
A74: S2-3 Stamps & Smart Fill C8 | B74: Alt plus the down arrow.
A75: Boss F1 | B75: Ctrl plus the semicolon key. | E75: CTRL+; | F75: CTRL+SEMICOLON
A76: Boss F2 | B76: The date keys plus Shift. | E76: CTRL+: | F76: CTRL+SHIFT+: | G76: CTRL+SHIFT+; | H76: CTRL+SHIFT+COLON | I76: SHIFT+CTRL+: | J76: SHIFT+CTRL+; | K76: SHIFT+CTRL+COLON
A77: Boss F3 | B77: E for Example. | E77: CTRL+E
A78: Boss F4 | B78: Alt plus an arrow. | E78: ALT+DOWN
A79: Boss F5 | B79: Ctrl+Shift plus A for arguments. | E79: CTRL+SHIFT+A | F79: SHIFT+CTRL+A
A80: Boss F6 | B80: Shift plus F3. | E80: SHIFT+F3
A81: Boss F7 | B81: Enter plus Shift. | E81: SHIFT+ENTER
A82: Boss F8 | B82: The key above Caps Lock. | E82: TAB
A83: Boss B1 | B83: Ctrl+Enter fills the selection.
A84: Boss B2 | B84: Alt+Enter inside the cell.
A85: Boss B3 | B85: Fill Right. | E85: {=SUM('Boss Arena'!$D$16:$D$18)} -> 31 | F85: {=SUM('Boss Arena'!$E$16:$E$18)} -> 34 | G85: {=SUM('Boss Arena'!$F$16:$F$18)} -> 35
A86: Boss B4 | B86: Paste Special → Values.
A87: Boss B5 | B87: Ctrl+;
A88: Boss B6 | B88: Flash Fill.
A89: Boss B7 | B89: Cut and paste.
A90: Boss B8 | B90: Alt+↓ opens the list.
