Workbook

Sheet Start
A1: FORMULAS 2 ▸ LOGIC
A2: Make formulas decide: comparisons, IF, AND/OR/NOT, IFS and error shields.
A4: HOW TO PLAY
A5: 1 · Each stage: read the BRIEFING, then answer WARM-UP, TRAINING and CHALLENGES.
A6: 2 · Yellow cells are yours: type, pick from a list (Alt+↓), or follow a ▶ ARENA link and do the move there.
A7: 3 · ✔ CLEAR = right · ✘ = try again · · not yet = drill not done. Stuck? Pick 'Show hint' (5 XP instead of 10).
A8: 4 · Formatting or hiding drills: press F9 to refresh the check. Tab jumps between yellow cells.
A9: Needs Windows with Microsoft Excel 365 or 2021+ (English). In Protected View, click Enable Editing.
A11: STAGE SELECT
A12: Stage | B12: Name | C12: Score | D12: Stars | E12: Status | F12: Go
A13: F2-1 | B13: True or False | C13: {=SUM('F2-1 True or False'!$G$13:$G$38)&" / 190"} -> 0 / 190 | D13: {=IF(SUM('F2-1 True or False'!$G$13:$G$38)>=190,"★★★",IF(SUM('F2-1 True or False'!$G$13:$G$38)>=190*0.8,"★★☆",IF(SUM('F2-1 True or False'!$G$13:$G$38)>=190*0.5,"★☆☆","☆☆☆")))} -> ☆☆☆ | E13: {=IF(SUM('F2-1 True or False'!$G$13:$G$38)>=190,"PERFECT",IF(SUM('F2-1 True or False'!$G$13:$G$38)>=190*0.5,"CLEARED",IF(SUM('F2-1 True or False'!$G$13:$G$38)>0,"IN PROGRESS","NEW")))} -> NEW | F13: Go to F2-1 True or False
A14: F2-2 | B14: Fork in the Road | C14: {=SUM('F2-2 Fork in the Road'!$G$13:$G$38)&" / 190"} -> 0 / 190 | D14: {=IF(SUM('F2-2 Fork in the Road'!$G$13:$G$38)>=190,"★★★",IF(SUM('F2-2 Fork in the Road'!$G$13:$G$38)>=190*0.8,"★★☆",IF(SUM('F2-2 Fork in the Road'!$G$13:$G$38)>=190*0.5,"★☆☆","☆☆☆")))} -> ☆☆☆ | E14: {=IF(SUM('F2-2 Fork in the Road'!$G$13:$G$38)>=190,"PERFECT",IF(SUM('F2-2 Fork in the Road'!$G$13:$G$38)>=190*0.5,"CLEARED",IF(SUM('F2-2 Fork in the Road'!$G$13:$G$38)>0,"IN PROGRESS","NEW")))} -> NEW | F14: Go to F2-2 Fork in the Road
A15: F2-3 | B15: Combo Moves | C15: {=SUM('F2-3 Combo Moves'!$G$13:$G$38)&" / 190"} -> 0 / 190 | D15: {=IF(SUM('F2-3 Combo Moves'!$G$13:$G$38)>=190,"★★★",IF(SUM('F2-3 Combo Moves'!$G$13:$G$38)>=190*0.8,"★★☆",IF(SUM('F2-3 Combo Moves'!$G$13:$G$38)>=190*0.5,"★☆☆","☆☆☆")))} -> ☆☆☆ | E15: {=IF(SUM('F2-3 Combo Moves'!$G$13:$G$38)>=190,"PERFECT",IF(SUM('F2-3 Combo Moves'!$G$13:$G$38)>=190*0.5,"CLEARED",IF(SUM('F2-3 Combo Moves'!$G$13:$G$38)>0,"IN PROGRESS","NEW")))} -> NEW | F15: Go to F2-3 Combo Moves
A16: F2-4 | B16: Multi-Level | C16: {=SUM('F2-4 Multi-Level'!$G$13:$G$38)&" / 190"} -> 0 / 190 | D16: {=IF(SUM('F2-4 Multi-Level'!$G$13:$G$38)>=190,"★★★",IF(SUM('F2-4 Multi-Level'!$G$13:$G$38)>=190*0.8,"★★☆",IF(SUM('F2-4 Multi-Level'!$G$13:$G$38)>=190*0.5,"★☆☆","☆☆☆")))} -> ☆☆☆ | E16: {=IF(SUM('F2-4 Multi-Level'!$G$13:$G$38)>=190,"PERFECT",IF(SUM('F2-4 Multi-Level'!$G$13:$G$38)>=190*0.5,"CLEARED",IF(SUM('F2-4 Multi-Level'!$G$13:$G$38)>0,"IN PROGRESS","NEW")))} -> NEW | F16: Go to F2-4 Multi-Level
A17: F2-5 | B17: Error Shield | C17: {=SUM('F2-5 Error Shield'!$G$14:$G$42)&" / 220"} -> 0 / 220 | D17: {=IF(SUM('F2-5 Error Shield'!$G$14:$G$42)>=220,"★★★",IF(SUM('F2-5 Error Shield'!$G$14:$G$42)>=220*0.8,"★★☆",IF(SUM('F2-5 Error Shield'!$G$14:$G$42)>=220*0.5,"★☆☆","☆☆☆")))} -> ☆☆☆ | E17: {=IF(SUM('F2-5 Error Shield'!$G$14:$G$42)>=220,"PERFECT",IF(SUM('F2-5 Error Shield'!$G$14:$G$42)>=220*0.5,"CLEARED",IF(SUM('F2-5 Error Shield'!$G$14:$G$42)>0,"IN PROGRESS","NEW")))} -> NEW | F17: Go to F2-5 Error Shield
A18: BOSS | B18: Boss | C18: {=SUM(Boss!$G$14:$G$33)&" / 160"} -> 0 / 160 | D18: {=IF(SUM(Boss!$G$14:$G$33)>=160,"★★★",IF(SUM(Boss!$G$14:$G$33)>=160*0.8,"★★☆",IF(SUM(Boss!$G$14:$G$33)>=160*0.5,"★☆☆","☆☆☆")))} -> ☆☆☆ | E18: {=IF(Boss!$C$10="OPEN",IF(SUM(Boss!$G$14:$G$33)>=160*0.5,"DEFEATED","OPEN"),"LOCKED")} -> LOCKED | F18: Go to the Boss
A20: TOTAL SCORE | B20: {=(SUM('F2-1 True or False'!$G$13:$G$38)+SUM('F2-2 Fork in the Road'!$G$13:$G$38)+SUM('F2-3 Combo Moves'!$G$13:$G$38)+SUM('F2-4 Multi-Level'!$G$13:$G$38)+SUM('F2-5 Error Shield'!$G$14:$G$42)+SUM(Boss!$G$14:$G$33))&" / 1140"} -> 0 / 1140
A21: RANK | B21: {=_xlfn.LET(_xlpm.p,(SUM('F2-1 True or False'!$G$13:$G$38)+SUM('F2-2 Fork in the Road'!$G$13:$G$38)+SUM('F2-3 Combo Moves'!$G$13:$G$38)+SUM('F2-4 Multi-Level'!$G$13:$G$38)+SUM('F2-5 Error Shield'!$G$14:$G$42)+SUM(Boss!$G$14:$G$33))/1140,IF(AND(_xlpm.p>=1,ISNUMBER(Boss!$C$8),Boss!$C$8<=15),"S",IF(_xlpm.p>=0.9,"A",IF(_xlpm.p>=0.75,"B",IF(_xlpm.p>=0.5,"C","D")))))} -> D | C21: S = 100% and under par · A ≥ 90% · B ≥ 75% · C ≥ 50%
A22: BEST TIME | B22: {=IF(ISNUMBER(Boss!$C$8),Boss!$C$8&" min (par 15)","—")} -> —
A23: NEXT UP | B23: {=IFERROR(INDEX($A$13:$A$17,MATCH("☆☆☆",$D$13:$D$17,0))&" "&INDEX($B$13:$B$17,MATCH("☆☆☆",$D$13:$D$17,0)),IF(Boss!$C$10="OPEN","the Boss","All clear! Aim for rank S"))} -> F2-1 True or False
A25: Replay a stage: select its yellow answer cells and press Delete. Undo an arena drill with Ctrl+Z.

Sheet F2-1 True or False
A1: STAGE F2-1 ▸ TRUE OR FALSE
A2: Goal: ask Excel yes-or-no questions
A3: {="SCORE "&TEXT(SUM($G$13:$G$38),"0000")&" / 0190"} -> SCORE 0000 / 0190 | C3: {=IF(SUM($G$13:$G$38)>=190,"★★★",IF(SUM($G$13:$G$38)>=190*0.8,"★★☆",IF(SUM($G$13:$G$38)>=190*0.5,"★☆☆","☆☆☆")))} -> ☆☆☆ | D3: {=REPT("█",ROUND(10*SUM($G$13:$G$38)/190,0))&REPT("░",10-ROUND(10*SUM($G$13:$G$38)/190,0))&" "&TEXT(SUM($G$13:$G$38)/190,"0%")} -> ░░░░░░░░░░ 0% | F3: {=IF(SUM($G$13:$G$38)>=190*0.5,"STAGE CLEAR! ▶ Next: F2-2 Fork in the Road","")}
A5: BRIEFING · new moves in this stage
A6: # | B6: What it does · Pro tip | C6: Keys / Syntax
A7: 1 | B7: Compare two values: = < > <= >= give TRUE or FALSE. Tip: =B2>=50 is TRUE when B2 is 50 or more. | C7: >=
A8: 2 | B8: Not equal to. Tip: =A2<>"Closed" is TRUE for anything except Closed. | C8: <>
A9: 3 | B9: Text inside a formula goes in double quotes. Tip: Comparisons ignore case: ="YES"="yes" is TRUE. | C9: "text"
A11: WARM-UP · flashback to earlier stages
A12: # | B12: Mission | C12: Your answer | D12: Result | E12: Hint? | F12: Hint | G12: XP
A13: W1 | B13: Which keys confirm an entry and move up one cell? (from S2-1 Quick Entry) | D13: {=IFERROR(_xlfn.LET(_xlpm.a,'F2-1 True or False'!$C$13,IF(TRIM(_xlpm.a&"")="","",IF(OR(SUBSTITUTE(SUBSTITUTE(SUBSTITUTE(SUBSTITUTE(SUBSTITUTE(SUBSTITUTE(SUBSTITUTE(SUBSTITUTE(SUBSTITUTE(SUBSTITUTE(SUBSTITUTE(SUBSTITUTE(SUBSTITUTE(SUBSTITUTE(SUBSTITUTE(SUBSTITUTE(SUBSTITUTE(SUBSTITUTE(SUBSTITUTE(SUBSTITUTE(SUBSTITUTE(SUBSTITUTE(SUBSTITUTE(SUBSTITUTE(SUBSTITUTE(SUBSTITUTE(SUBSTITUTE(UPPER(_xlpm.a)," ",""),"CONTROL","CTRL"),"CTL","CTRL"),"ESCAPE","ESC"),"RETURN","ENTER"),"PAGEDOWN","PGDN"),"PGDOWN","PGDN"),"PAGEUP","PGUP"),"ARROWKEYS","ARROW"),"ARROWKEY","ARROW"),"ARROWS","ARROW"),"DOWNARROW","DOWN"),"UPARROW","UP"),"LEFTARROW","LEFT"),"RIGHTARROW","RIGHT"),"ARROWDOWN","DOWN"),"ARROWUP","UP"),"ARROWLEFT","LEFT"),"ARROWRIGHT","RIGHT"),"↓","DOWN"),"↑","UP"),"←","LEFT"),"→","RIGHT"),"SPACEBAR","SPACE"),"−","-"),"MINUS","-"),"PLUS","+")=Key!$E$2:$E$2),"✔ CLEAR","✘ TRY AGAIN"))),"✘ TRY AGAIN")} | F13: {=IF(E13="Show hint",Key!$B$2,"")} | G13: {=IF(LEFT(D13,1)="✔",IF(E13="Show hint",5,10),0)} -> 0
A14: W2 | B14: Which key confirms an entry and moves one cell to the right? (from S2-1 Quick Entry) | D14: {=IFERROR(_xlfn.LET(_xlpm.a,'F2-1 True or False'!$C$14,IF(TRIM(_xlpm.a&"")="","",IF(OR(SUBSTITUTE(SUBSTITUTE(SUBSTITUTE(SUBSTITUTE(SUBSTITUTE(SUBSTITUTE(SUBSTITUTE(SUBSTITUTE(SUBSTITUTE(SUBSTITUTE(SUBSTITUTE(SUBSTITUTE(SUBSTITUTE(SUBSTITUTE(SUBSTITUTE(SUBSTITUTE(SUBSTITUTE(SUBSTITUTE(SUBSTITUTE(SUBSTITUTE(SUBSTITUTE(SUBSTITUTE(SUBSTITUTE(SUBSTITUTE(SUBSTITUTE(SUBSTITUTE(SUBSTITUTE(UPPER(_xlpm.a)," ",""),"CONTROL","CTRL"),"CTL","CTRL"),"ESCAPE","ESC"),"RETURN","ENTER"),"PAGEDOWN","PGDN"),"PGDOWN","PGDN"),"PAGEUP","PGUP"),"ARROWKEYS","ARROW"),"ARROWKEY","ARROW"),"ARROWS","ARROW"),"DOWNARROW","DOWN"),"UPARROW","UP"),"LEFTARROW","LEFT"),"RIGHTARROW","RIGHT"),"ARROWDOWN","DOWN"),"ARROWUP","UP"),"ARROWLEFT","LEFT"),"ARROWRIGHT","RIGHT"),"↓","DOWN"),"↑","UP"),"←","LEFT"),"→","RIGHT"),"SPACEBAR","SPACE"),"−","-"),"MINUS","-"),"PLUS","+")=Key!$E$3:$E$3),"✔ CLEAR","✘ TRY AGAIN"))),"✘ TRY AGAIN")} | F14: {=IF(E14="Show hint",Key!$B$3,"")} | G14: {=IF(LEFT(D14,1)="✔",IF(E14="Show hint",5,10),0)} -> 0
A15: W3 | B15: Which keys fill every selected cell with what you typed? (from S2-1 Quick Entry) | D15: {=IFERROR(_xlfn.LET(_xlpm.a,'F2-1 True or False'!$C$15,IF(TRIM(_xlpm.a&"")="","",IF(OR(SUBSTITUTE(SUBSTITUTE(SUBSTITUTE(SUBSTITUTE(SUBSTITUTE(SUBSTITUTE(SUBSTITUTE(SUBSTITUTE(SUBSTITUTE(SUBSTITUTE(SUBSTITUTE(SUBSTITUTE(SUBSTITUTE(SUBSTITUTE(SUBSTITUTE(SUBSTITUTE(SUBSTITUTE(SUBSTITUTE(SUBSTITUTE(SUBSTITUTE(SUBSTITUTE(SUBSTITUTE(SUBSTITUTE(SUBSTITUTE(SUBSTITUTE(SUBSTITUTE(SUBSTITUTE(UPPER(_xlpm.a)," ",""),"CONTROL","CTRL"),"CTL","CTRL"),"ESCAPE","ESC"),"RETURN","ENTER"),"PAGEDOWN","PGDN"),"PGDOWN","PGDN"),"PAGEUP","PGUP"),"ARROWKEYS","ARROW"),"ARROWKEY","ARROW"),"ARROWS","ARROW"),"DOWNARROW","DOWN"),"UPARROW","UP"),"LEFTARROW","LEFT"),"RIGHTARROW","RIGHT"),"ARROWDOWN","DOWN"),"ARROWUP","UP"),"ARROWLEFT","LEFT"),"ARROWRIGHT","RIGHT"),"↓","DOWN"),"↑","UP"),"←","LEFT"),"→","RIGHT"),"SPACEBAR","SPACE"),"−","-"),"MINUS","-"),"PLUS","+")=Key!$E$4:$E$4),"✔ CLEAR","✘ TRY AGAIN"))),"✘ TRY AGAIN")} | F15: {=IF(E15="Show hint",Key!$B$4,"")} | G15: {=IF(LEFT(D15,1)="✔",IF(E15="Show hint",5,10),0)} -> 0
A16: W4 | B16: Which keys start a new line inside the same cell? (from S2-1 Quick Entry) | D16: {=IFERROR(_xlfn.LET(_xlpm.a,'F2-1 True or False'!$C$16,IF(TRIM(_xlpm.a&"")="","",IF(OR(SUBSTITUTE(SUBSTITUTE(SUBSTITUTE(SUBSTITUTE(SUBSTITUTE(SUBSTITUTE(SUBSTITUTE(SUBSTITUTE(SUBSTITUTE(SUBSTITUTE(SUBSTITUTE(SUBSTITUTE(SUBSTITUTE(SUBSTITUTE(SUBSTITUTE(SUBSTITUTE(SUBSTITUTE(SUBSTITUTE(SUBSTITUTE(SUBSTITUTE(SUBSTITUTE(SUBSTITUTE(SUBSTITUTE(SUBSTITUTE(SUBSTITUTE(SUBSTITUTE(SUBSTITUTE(UPPER(_xlpm.a)," ",""),"CONTROL","CTRL"),"CTL","CTRL"),"ESCAPE","ESC"),"RETURN","ENTER"),"PAGEDOWN","PGDN"),"PGDOWN","PGDN"),"PAGEUP","PGUP"),"ARROWKEYS","ARROW"),"ARROWKEY","ARROW"),"ARROWS","ARROW"),"DOWNARROW","DOWN"),"UPARROW","UP"),"LEFTARROW","LEFT"),"RIGHTARROW","RIGHT"),"ARROWDOWN","DOWN"),"ARROWUP","UP"),"ARROWLEFT","LEFT"),"ARROWRIGHT","RIGHT"),"↓","DOWN"),"↑","UP"),"←","LEFT"),"→","RIGHT"),"SPACEBAR","SPACE"),"−","-"),"MINUS","-"),"PLUS","+")=Key!$E$5:$E$5),"✔ CLEAR","✘ TRY AGAIN"))),"✘ TRY AGAIN")} | F16: {=IF(E16="Show hint",Key!$B$5,"")} | G16: {=IF(LEFT(D16,1)="✔",IF(E16="Show hint",5,10),0)} -> 0
A17: W5 | B17: Which key cancels an entry and leaves the cell unchanged? (from S2-1 Quick Entry) | D17: {=IFERROR(_xlfn.LET(_xlpm.a,'F2-1 True or False'!$C$17,IF(TRIM(_xlpm.a&"")="","",IF(OR(SUBSTITUTE(SUBSTITUTE(SUBSTITUTE(SUBSTITUTE(SUBSTITUTE(SUBSTITUTE(SUBSTITUTE(SUBSTITUTE(SUBSTITUTE(SUBSTITUTE(SUBSTITUTE(SUBSTITUTE(SUBSTITUTE(SUBSTITUTE(SUBSTITUTE(SUBSTITUTE(SUBSTITUTE(SUBSTITUTE(SUBSTITUTE(SUBSTITUTE(SUBSTITUTE(SUBSTITUTE(SUBSTITUTE(SUBSTITUTE(SUBSTITUTE(SUBSTITUTE(SUBSTITUTE(UPPER(_xlpm.a)," ",""),"CONTROL","CTRL"),"CTL","CTRL"),"ESCAPE","ESC"),"RETURN","ENTER"),"PAGEDOWN","PGDN"),"PGDOWN","PGDN"),"PAGEUP","PGUP"),"ARROWKEYS","ARROW"),"ARROWKEY","ARROW"),"ARROWS","ARROW"),"DOWNARROW","DOWN"),"UPARROW","UP"),"LEFTARROW","LEFT"),"RIGHTARROW","RIGHT"),"ARROWDOWN","DOWN"),"ARROWUP","UP"),"ARROWLEFT","LEFT"),"ARROWRIGHT","RIGHT"),"↓","DOWN"),"↑","UP"),"←","LEFT"),"→","RIGHT"),"SPACEBAR","SPACE"),"−","-"),"MINUS","-"),"PLUS","+")=Key!$E$6:$E$6),"✔ CLEAR","✘ TRY AGAIN"))),"✘ TRY AGAIN")} | F17: {=IF(E17="Show hint",Key!$B$6,"")} | G17: {=IF(LEFT(D17,1)="✔",IF(E17="Show hint",5,10),0)} -> 0
A18: W6 | B18: Which keys move to the previous sheet? (from S1-2 Teleport) | D18: {=IFERROR(_xlfn.LET(_xlpm.a,'F2-1 True or False'!$C$18,IF(TRIM(_xlpm.a&"")="","",IF(OR(SUBSTITUTE(SUBSTITUTE(SUBSTITUTE(SUBSTITUTE(SUBSTITUTE(SUBSTITUTE(SUBSTITUTE(SUBSTITUTE(SUBSTITUTE(SUBSTITUTE(SUBSTITUTE(SUBSTITUTE(SUBSTITUTE(SUBSTITUTE(SUBSTITUTE(SUBSTITUTE(SUBSTITUTE(SUBSTITUTE(SUBSTITUTE(SUBSTITUTE(SUBSTITUTE(SUBSTITUTE(SUBSTITUTE(SUBSTITUTE(SUBSTITUTE(SUBSTITUTE(SUBSTITUTE(UPPER(_xlpm.a)," ",""),"CONTROL","CTRL"),"CTL","CTRL"),"ESCAPE","ESC"),"RETURN","ENTER"),"PAGEDOWN","PGDN"),"PGDOWN","PGDN"),"PAGEUP","PGUP"),"ARROWKEYS","ARROW"),"ARROWKEY","ARROW"),"ARROWS","ARROW"),"DOWNARROW","DOWN"),"UPARROW","UP"),"LEFTARROW","LEFT"),"RIGHTARROW","RIGHT"),"ARROWDOWN","DOWN"),"ARROWUP","UP"),"ARROWLEFT","LEFT"),"ARROWRIGHT","RIGHT"),"↓","DOWN"),"↑","UP"),"←","LEFT"),"→","RIGHT"),"SPACEBAR","SPACE"),"−","-"),"MINUS","-"),"PLUS","+")=Key!$E$7:$E$7),"✔ CLEAR","✘ TRY AGAIN"))),"✘ TRY AGAIN")} | F18: {=IF(E18="Show hint",Key!$B$7,"")} | G18: {=IF(LEFT(D18,1)="✔",IF(E18="Show hint",5,10),0)} -> 0
A19: W7 | B19: Which key scrolls one screen down? (from S1-2 Teleport) | D19: {=IFERROR(_xlfn.LET(_xlpm.a,'F2-1 True or False'!$C$19,IF(TRIM(_xlpm.a&"")="","",IF(OR(SUBSTITUTE(SUBSTITUTE(SUBSTITUTE(SUBSTITUTE(SUBSTITUTE(SUBSTITUTE(SUBSTITUTE(SUBSTITUTE(SUBSTITUTE(SUBSTITUTE(SUBSTITUTE(SUBSTITUTE(SUBSTITUTE(SUBSTITUTE(SUBSTITUTE(SUBSTITUTE(SUBSTITUTE(SUBSTITUTE(SUBSTITUTE(SUBSTITUTE(SUBSTITUTE(SUBSTITUTE(SUBSTITUTE(SUBSTITUTE(SUBSTITUTE(SUBSTITUTE(SUBSTITUTE(UPPER(_xlpm.a)," ",""),"CONTROL","CTRL"),"CTL","CTRL"),"ESCAPE","ESC"),"RETURN","ENTER"),"PAGEDOWN","PGDN"),"PGDOWN","PGDN"),"PAGEUP","PGUP"),"ARROWKEYS","ARROW"),"ARROWKEY","ARROW"),"ARROWS","ARROW"),"DOWNARROW","DOWN"),"UPARROW","UP"),"LEFTARROW","LEFT"),"RIGHTARROW","RIGHT"),"ARROWDOWN","DOWN"),"ARROWUP","UP"),"ARROWLEFT","LEFT"),"ARROWRIGHT","RIGHT"),"↓","DOWN"),"↑","UP"),"←","LEFT"),"→","RIGHT"),"SPACEBAR","SPACE"),"−","-"),"MINUS","-"),"PLUS","+")=Key!$E$8:$E$8),"✔ CLEAR","✘ TRY AGAIN"))),"✘ TRY AGAIN")} | F19: {=IF(E19="Show hint",Key!$B$8,"")} | G19: {=IF(LEFT(D19,1)="✔",IF(E19="Show hint",5,10),0)} -> 0
A20: W8 | B20: Which keys scroll one screen to the right? (from S1-2 Teleport) | D20: {=IFERROR(_xlfn.LET(_xlpm.a,'F2-1 True or False'!$C$20,IF(TRIM(_xlpm.a&"")="","",IF(OR(SUBSTITUTE(SUBSTITUTE(SUBSTITUTE(SUBSTITUTE(SUBSTITUTE(SUBSTITUTE(SUBSTITUTE(SUBSTITUTE(SUBSTITUTE(SUBSTITUTE(SUBSTITUTE(SUBSTITUTE(SUBSTITUTE(SUBSTITUTE(SUBSTITUTE(SUBSTITUTE(SUBSTITUTE(SUBSTITUTE(SUBSTITUTE(SUBSTITUTE(SUBSTITUTE(SUBSTITUTE(SUBSTITUTE(SUBSTITUTE(SUBSTITUTE(SUBSTITUTE(SUBSTITUTE(UPPER(_xlpm.a)," ",""),"CONTROL","CTRL"),"CTL","CTRL"),"ESCAPE","ESC"),"RETURN","ENTER"),"PAGEDOWN","PGDN"),"PGDOWN","PGDN"),"PAGEUP","PGUP"),"ARROWKEYS","ARROW"),"ARROWKEY","ARROW"),"ARROWS","ARROW"),"DOWNARROW","DOWN"),"UPARROW","UP"),"LEFTARROW","LEFT"),"RIGHTARROW","RIGHT"),"ARROWDOWN","DOWN"),"ARROWUP","UP"),"ARROWLEFT","LEFT"),"ARROWRIGHT","RIGHT"),"↓","DOWN"),"↑","UP"),"←","LEFT"),"→","RIGHT"),"SPACEBAR","SPACE"),"−","-"),"MINUS","-"),"PLUS","+")=Key!$E$9:$E$9),"✔ CLEAR","✘ TRY AGAIN"))),"✘ TRY AGAIN")} | F20: {=IF(E20="Show hint",Key!$B$9,"")} | G20: {=IF(LEFT(D20,1)="✔",IF(E20="Show hint",5,10),0)} -> 0
A21: W9 | B21: Which keys grow the selection by one cell? (from S1-3 Lasso) | D21: {=IFERROR(_xlfn.LET(_xlpm.a,'F2-1 True or False'!$C$21,IF(TRIM(_xlpm.a&"")="","",IF(OR(SUBSTITUTE(SUBSTITUTE(SUBSTITUTE(SUBSTITUTE(SUBSTITUTE(SUBSTITUTE(SUBSTITUTE(SUBSTITUTE(SUBSTITUTE(SUBSTITUTE(SUBSTITUTE(SUBSTITUTE(SUBSTITUTE(SUBSTITUTE(SUBSTITUTE(SUBSTITUTE(SUBSTITUTE(SUBSTITUTE(SUBSTITUTE(SUBSTITUTE(SUBSTITUTE(SUBSTITUTE(SUBSTITUTE(SUBSTITUTE(SUBSTITUTE(SUBSTITUTE(SUBSTITUTE(UPPER(_xlpm.a)," ",""),"CONTROL","CTRL"),"CTL","CTRL"),"ESCAPE","ESC"),"RETURN","ENTER"),"PAGEDOWN","PGDN"),"PGDOWN","PGDN"),"PAGEUP","PGUP"),"ARROWKEYS","ARROW"),"ARROWKEY","ARROW"),"ARROWS","ARROW"),"DOWNARROW","DOWN"),"UPARROW","UP"),"LEFTARROW","LEFT"),"RIGHTARROW","RIGHT"),"ARROWDOWN","DOWN"),"ARROWUP","UP"),"ARROWLEFT","LEFT"),"ARROWRIGHT","RIGHT"),"↓","DOWN"),"↑","UP"),"←","LEFT"),"→","RIGHT"),"SPACEBAR","SPACE"),"−","-"),"MINUS","-"),"PLUS","+")=Key!$E$10:$I$10),"✔ CLEAR","✘ TRY AGAIN"))),"✘ TRY AGAIN")} | F21: {=IF(E21="Show hint",Key!$B$10,"")} | G21: {=IF(LEFT(D21,1)="✔",IF(E21="Show hint",5,10),0)} -> 0
A22: W10 | B22: Which keys extend the selection all the way to the edge of the data? (from S1-3 Lasso) | D22: {=IFERROR(_xlfn.LET(_xlpm.a,'F2-1 True or False'!$C$22,IF(TRIM(_xlpm.a&"")="","",IF(OR(SUBSTITUTE(SUBSTITUTE(SUBSTITUTE(SUBSTITUTE(SUBSTITUTE(SUBSTITUTE(SUBSTITUTE(SUBSTITUTE(SUBSTITUTE(SUBSTITUTE(SUBSTITUTE(SUBSTITUTE(SUBSTITUTE(SUBSTITUTE(SUBSTITUTE(SUBSTITUTE(SUBSTITUTE(SUBSTITUTE(SUBSTITUTE(SUBSTITUTE(SUBSTITUTE(SUBSTITUTE(SUBSTITUTE(SUBSTITUTE(SUBSTITUTE(SUBSTITUTE(SUBSTITUTE(UPPER(_xlpm.a)," ",""),"CONTROL","CTRL"),"CTL","CTRL"),"ESCAPE","ESC"),"RETURN","ENTER"),"PAGEDOWN","PGDN"),"PGDOWN","PGDN"),"PAGEUP","PGUP"),"ARROWKEYS","ARROW"),"ARROWKEY","ARROW"),"ARROWS","ARROW"),"DOWNARROW","DOWN"),"UPARROW","UP"),"LEFTARROW","LEFT"),"RIGHTARROW","RIGHT"),"ARROWDOWN","DOWN"),"ARROWUP","UP"),"ARROWLEFT","LEFT"),"ARROWRIGHT","RIGHT"),"↓","DOWN"),"↑","UP"),"←","LEFT"),"→","RIGHT"),"SPACEBAR","SPACE"),"−","-"),"MINUS","-"),"PLUS","+")=Key!$E$11:$N$11),"✔ CLEAR","✘ TRY AGAIN"))),"✘ TRY AGAIN")} | F22: {=IF(E22="Show hint",Key!$B$11,"")} | G22: {=IF(LEFT(D22,1)="✔",IF(E22="Show hint",5,10),0)} -> 0
A24: TRAINING · recognize the move (pick from the list)
A25: # | B25: Mission | C25: Your answer | D25: Result | E25: Hint? | F25: Hint | G25: XP
A26: T1 | B26: Which operator means 'greater than or equal to'? | D26: {=IFERROR(IF('F2-1 True or False'!$C$26&""="","",IF('F2-1 True or False'!$C$26&""=Key!$C$12&"","✔ CLEAR","✘ TRY AGAIN")),"✘ TRY AGAIN")} | F26: {=IF(E26="Show hint",Key!$B$12,"")} | G26: {=IF(LEFT(D26,1)="✔",IF(E26="Show hint",5,10),0)} -> 0
A27: T2 | B27: Which operator means 'not equal to'? | D27: {=IFERROR(IF('F2-1 True or False'!$C$27&""="","",IF('F2-1 True or False'!$C$27&""=Key!$C$13&"","✔ CLEAR","✘ TRY AGAIN")),"✘ TRY AGAIN")} | F27: {=IF(E27="Show hint",Key!$B$13,"")} | G27: {=IF(LEFT(D27,1)="✔",IF(E27="Show hint",5,10),0)} -> 0
A28: T3 | B28: What must surround text inside a formula? | D28: {=IFERROR(IF('F2-1 True or False'!$C$28&""="","",IF('F2-1 True or False'!$C$28&""=Key!$C$14&"","✔ CLEAR","✘ TRY AGAIN")),"✘ TRY AGAIN")} | F28: {=IF(E28="Show hint",Key!$B$14,"")} | G28: {=IF(LEFT(D28,1)="✔",IF(E28="Show hint",5,10),0)} -> 0
A30: CHALLENGES · recall it, then do it
B31: ▶ Open F2-1 Arena (or press Ctrl+PgDn)
A32: # | B32: Mission | C32: Your answer | D32: Result | E32: Hint? | F32: Hint | G32: XP
A33: C1 | B33: Which operator means 'greater than or equal to'? | D33: {=IFERROR(_xlfn.LET(_xlpm.a,'F2-1 True or False'!$C$33,IF(TRIM(_xlpm.a&"")="","",IF(OR(SUBSTITUTE(SUBSTITUTE(SUBSTITUTE(SUBSTITUTE(SUBSTITUTE(SUBSTITUTE(SUBSTITUTE(SUBSTITUTE(SUBSTITUTE(SUBSTITUTE(SUBSTITUTE(SUBSTITUTE(SUBSTITUTE(SUBSTITUTE(SUBSTITUTE(SUBSTITUTE(SUBSTITUTE(SUBSTITUTE(SUBSTITUTE(SUBSTITUTE(SUBSTITUTE(SUBSTITUTE(SUBSTITUTE(SUBSTITUTE(SUBSTITUTE(SUBSTITUTE(SUBSTITUTE(UPPER(_xlpm.a)," ",""),"CONTROL","CTRL"),"CTL","CTRL"),"ESCAPE","ESC"),"RETURN","ENTER"),"PAGEDOWN","PGDN"),"PGDOWN","PGDN"),"PAGEUP","PGUP"),"ARROWKEYS","ARROW"),"ARROWKEY","ARROW"),"ARROWS","ARROW"),"DOWNARROW","DOWN"),"UPARROW","UP"),"LEFTARROW","LEFT"),"RIGHTARROW","RIGHT"),"ARROWDOWN","DOWN"),"ARROWUP","UP"),"ARROWLEFT","LEFT"),"ARROWRIGHT","RIGHT"),"↓","DOWN"),"↑","UP"),"←","LEFT"),"→","RIGHT"),"SPACEBAR","SPACE"),"−","-"),"MINUS","-"),"PLUS","+")=Key!$E$15:$E$15),"✔ CLEAR","✘ TRY AGAIN"))),"✘ TRY AGAIN")} | F33: {=IF(E33="Show hint",Key!$B$15,"")} | G33: {=IF(LEFT(D33,1)="✔",IF(E33="Show hint",5,10),0)} -> 0
A34: C2 | B34: Which operator means 'not equal to'? | D34: {=IFERROR(_xlfn.LET(_xlpm.a,'F2-1 True or False'!$C$34,IF(TRIM(_xlpm.a&"")="","",IF(OR(SUBSTITUTE(SUBSTITUTE(SUBSTITUTE(SUBSTITUTE(SUBSTITUTE(SUBSTITUTE(SUBSTITUTE(SUBSTITUTE(SUBSTITUTE(SUBSTITUTE(SUBSTITUTE(SUBSTITUTE(SUBSTITUTE(SUBSTITUTE(SUBSTITUTE(SUBSTITUTE(SUBSTITUTE(SUBSTITUTE(SUBSTITUTE(SUBSTITUTE(SUBSTITUTE(SUBSTITUTE(SUBSTITUTE(SUBSTITUTE(SUBSTITUTE(SUBSTITUTE(SUBSTITUTE(UPPER(_xlpm.a)," ",""),"CONTROL","CTRL"),"CTL","CTRL"),"ESCAPE","ESC"),"RETURN","ENTER"),"PAGEDOWN","PGDN"),"PGDOWN","PGDN"),"PAGEUP","PGUP"),"ARROWKEYS","ARROW"),"ARROWKEY","ARROW"),"ARROWS","ARROW"),"DOWNARROW","DOWN"),"UPARROW","UP"),"LEFTARROW","LEFT"),"RIGHTARROW","RIGHT"),"ARROWDOWN","DOWN"),"ARROWUP","UP"),"ARROWLEFT","LEFT"),"ARROWRIGHT","RIGHT"),"↓","DOWN"),"↑","UP"),"←","LEFT"),"→","RIGHT"),"SPACEBAR","SPACE"),"−","-"),"MINUS","-"),"PLUS","+")=Key!$E$16:$E$16),"✔ CLEAR","✘ TRY AGAIN"))),"✘ TRY AGAIN")} | F34: {=IF(E34="Show hint",Key!$B$16,"")} | G34: {=IF(LEFT(D34,1)="✔",IF(E34="Show hint",5,10),0)} -> 0
A35: C3 | B35: What must surround text inside a formula? | D35: {=IFERROR(_xlfn.LET(_xlpm.a,'F2-1 True or False'!$C$35,IF(TRIM(_xlpm.a&"")="","",IF(OR(SUBSTITUTE(SUBSTITUTE(SUBSTITUTE(SUBSTITUTE(SUBSTITUTE(SUBSTITUTE(SUBSTITUTE(SUBSTITUTE(SUBSTITUTE(SUBSTITUTE(SUBSTITUTE(SUBSTITUTE(SUBSTITUTE(SUBSTITUTE(SUBSTITUTE(SUBSTITUTE(SUBSTITUTE(SUBSTITUTE(SUBSTITUTE(SUBSTITUTE(SUBSTITUTE(SUBSTITUTE(SUBSTITUTE(SUBSTITUTE(SUBSTITUTE(SUBSTITUTE(SUBSTITUTE(UPPER(_xlpm.a)," ",""),"CONTROL","CTRL"),"CTL","CTRL"),"ESCAPE","ESC"),"RETURN","ENTER"),"PAGEDOWN","PGDN"),"PGDOWN","PGDN"),"PAGEUP","PGUP"),"ARROWKEYS","ARROW"),"ARROWKEY","ARROW"),"ARROWS","ARROW"),"DOWNARROW","DOWN"),"UPARROW","UP"),"LEFTARROW","LEFT"),"RIGHTARROW","RIGHT"),"ARROWDOWN","DOWN"),"ARROWUP","UP"),"ARROWLEFT","LEFT"),"ARROWRIGHT","RIGHT"),"↓","DOWN"),"↑","UP"),"←","LEFT"),"→","RIGHT"),"SPACEBAR","SPACE"),"−","-"),"MINUS","-"),"PLUS","+")=Key!$E$17:$H$17),"✔ CLEAR","✘ TRY AGAIN"))),"✘ TRY AGAIN")} | F35: {=IF(E35="Show hint",Key!$B$17,"")} | G35: {=IF(LEFT(D35,1)="✔",IF(E35="Show hint",5,10),0)} -> 0
A36: C4 | B36: In G6 write a formula that tests whether Ava's Score (C6) is at least 50. The answer is TRUE or FALSE. | C36: ▶ ARENA C4 (cell G6) | D36: {=IF(ISBLANK('F2-1 Arena'!$G$6),"",IF(NOT(_xlfn.ISFORMULA('F2-1 Arena'!$G$6)),"✘ That's a typed value · enter a formula",IF(ISERROR('F2-1 Arena'!$G$6),"✘ Your formula returns "&IFERROR(CHOOSE(ERROR.TYPE('F2-1 Arena'!$G$6),"#NULL!","#DIV/0!","#VALUE!","#REF!","#NAME?","#NUM!","#N/A","#GETTING_DATA","#SPILL!","#CONNECT!","#BLOCKED!","#UNKNOWN!","#FIELD!","#CALC!"),"an error"),IF(NOT(AND(IFERROR(AND(ISLOGICAL('F2-1 Arena'!$G$6),'F2-1 Arena'!$G$6=(Key!$C$18="TRUE")),FALSE))),"✘ TRY AGAIN","✔ CLEAR"))))} | F36: {=IF(E36="Show hint",Key!$B$18,"")} | G36: {=IF(LEFT(D36,1)="✔",IF(E36="Show hint",5,10),0)} -> 0
A37: C5 | B37: In G7 test whether Ben's License (E7) is NOT equal to "No". Use <>. | C37: ▶ ARENA C5 (cell G7) | D37: {=IF(ISBLANK('F2-1 Arena'!$G$7),"",IF(NOT(_xlfn.ISFORMULA('F2-1 Arena'!$G$7)),"✘ That's a typed value · enter a formula",IF(ISERROR('F2-1 Arena'!$G$7),"✘ Your formula returns "&IFERROR(CHOOSE(ERROR.TYPE('F2-1 Arena'!$G$7),"#NULL!","#DIV/0!","#VALUE!","#REF!","#NAME?","#NUM!","#N/A","#GETTING_DATA","#SPILL!","#CONNECT!","#BLOCKED!","#UNKNOWN!","#FIELD!","#CALC!"),"an error"),IF(NOT(AND(IFERROR(AND(ISLOGICAL('F2-1 Arena'!$G$7),'F2-1 Arena'!$G$7=(Key!$C$19="TRUE")),FALSE))),"✘ TRY AGAIN",IF(ISNUMBER(FIND("<>",_xlfn.FORMULATEXT('F2-1 Arena'!$G$7))),"✔ CLEAR","✘ CLOSE · your formula needs <>")))))} | F37: {=IF(E37="Show hint",Key!$B$19,"")} | G37: {=IF(LEFT(D37,1)="✔",IF(E37="Show hint",5,10),0)} -> 0
A38: C6 | B38: In G8 test whether Cy's License (E8) equals "yes" (type yes in lowercase, inside quotes). Excel ignores case when it compares text. | C38: ▶ ARENA C6 (cell G8) | D38: {=IF(ISBLANK('F2-1 Arena'!$G$8),"",IF(NOT(_xlfn.ISFORMULA('F2-1 Arena'!$G$8)),"✘ That's a typed value · enter a formula",IF(ISERROR('F2-1 Arena'!$G$8),"✘ Your formula returns "&IFERROR(CHOOSE(ERROR.TYPE('F2-1 Arena'!$G$8),"#NULL!","#DIV/0!","#VALUE!","#REF!","#NAME?","#NUM!","#N/A","#GETTING_DATA","#SPILL!","#CONNECT!","#BLOCKED!","#UNKNOWN!","#FIELD!","#CALC!"),"an error"),IF(NOT(AND(IFERROR(AND(ISLOGICAL('F2-1 Arena'!$G$8),'F2-1 Arena'!$G$8=(Key!$C$20="TRUE")),FALSE))),"✘ TRY AGAIN","✔ CLEAR"))))} | F38: {=IF(E38="Show hint",Key!$B$20,"")} | G38: {=IF(LEFT(D38,1)="✔",IF(E38="Show hint",5,10),0)} -> 0

Sheet F2-1 Arena
A1: ARENA ▸ F2-1 TRUE OR FALSE
A2: Practice area · everything here is editable. Missions and their checks are on the stage sheet.
A3: PASS CODE | B3: VERDICT | D3: ◀ Back to F2-1 True or False
B5: Name | C5: Score | D5: Age | E5: License
B6: Ava | C6: 92 | D6: 17 | E6: No | F6: Ava ≥ 50?
B7: Ben | C7: 48 | D7: 22 | E7: Yes | F7: Ben not No?
B8: Cy | C8: 75 | D8: 19 | E8: Yes | F8: Cy = yes?
B9: Dee | C9: 60 | D9: 16 | E9: No
B10: Eli | C10: 88 | D10: 30 | E10: Yes
B11: Fay | C11: 50 | D11: 18 | E11: Yes
B12: Gus | C12: 39 | D12: 25 | E12: No
B13: Hal | C13: 81 | D13: 41 | E13: Yes
B14: Ivy | C14: 99 | D14: 15 | E14: No
B15: Jo | C15: 70 | D15: 20 | E15: No

Sheet F2-2 Fork in the Road
A1: STAGE F2-2 ▸ FORK IN THE ROAD
A2: Goal: return different results with IF
A3: {="SCORE "&TEXT(SUM($G$13:$G$38),"0000")&" / 0190"} -> SCORE 0000 / 0190 | C3: {=IF(SUM($G$13:$G$38)>=190,"★★★",IF(SUM($G$13:$G$38)>=190*0.8,"★★☆",IF(SUM($G$13:$G$38)>=190*0.5,"★☆☆","☆☆☆")))} -> ☆☆☆ | D3: {=REPT("█",ROUND(10*SUM($G$13:$G$38)/190,0))&REPT("░",10-ROUND(10*SUM($G$13:$G$38)/190,0))&" "&TEXT(SUM($G$13:$G$38)/190,"0%")} -> ░░░░░░░░░░ 0% | F3: {=IF(SUM($G$13:$G$38)>=190*0.5,"STAGE CLEAR! ▶ Next: F2-3 Combo Moves","")}
A5: BRIEFING · new moves in this stage
A6: # | B6: What it does · Pro tip | C6: Keys / Syntax
A7: 1 | B7: IF(test, value_if_true, value_if_false) picks one of two results. Tip: =IF(B2>=50,"Pass","Fail") | C7: IF
A8: 2 | B8: Each branch can be a calculation, not just text. Tip: =IF(B2>100,B2*0.9,B2) discounts only big orders. | C8: IF + math
A9: 3 | B9: Two quotes with nothing between = empty text, a blank-looking result. Tip: =IF(A2="","",A2*2) stays blank until A2 has a value. | C9: ""
A11: WARM-UP · flashback to earlier stages
A12: # | B12: Mission | C12: Your answer | D12: Result | E12: Hint? | F12: Hint | G12: XP
A13: W1 | B13: Which operator means 'greater than or equal to'? (from F2-1 True or False) | D13: {=IFERROR(_xlfn.LET(_xlpm.a,'F2-2 Fork in the Road'!$C$13,IF(TRIM(_xlpm.a&"")="","",IF(OR(SUBSTITUTE(SUBSTITUTE(SUBSTITUTE(SUBSTITUTE(SUBSTITUTE(SUBSTITUTE(SUBSTITUTE(SUBSTITUTE(SUBSTITUTE(SUBSTITUTE(SUBSTITUTE(SUBSTITUTE(SUBSTITUTE(SUBSTITUTE(SUBSTITUTE(SUBSTITUTE(SUBSTITUTE(SUBSTITUTE(SUBSTITUTE(SUBSTITUTE(SUBSTITUTE(SUBSTITUTE(SUBSTITUTE(SUBSTITUTE(SUBSTITUTE(SUBSTITUTE(SUBSTITUTE(UPPER(_xlpm.a)," ",""),"CONTROL","CTRL"),"CTL","CTRL"),"ESCAPE","ESC"),"RETURN","ENTER"),"PAGEDOWN","PGDN"),"PGDOWN","PGDN"),"PAGEUP","PGUP"),"ARROWKEYS","ARROW"),"ARROWKEY","ARROW"),"ARROWS","ARROW"),"DOWNARROW","DOWN"),"UPARROW","UP"),"LEFTARROW","LEFT"),"RIGHTARROW","RIGHT"),"ARROWDOWN","DOWN"),"ARROWUP","UP"),"ARROWLEFT","LEFT"),"ARROWRIGHT","RIGHT"),"↓","DOWN"),"↑","UP"),"←","LEFT"),"→","RIGHT"),"SPACEBAR","SPACE"),"−","-"),"MINUS","-"),"PLUS","+")=Key!$E$21:$E$21),"✔ CLEAR","✘ TRY AGAIN"))),"✘ TRY AGAIN")} | F13: {=IF(E13="Show hint",Key!$B$21,"")} | G13: {=IF(LEFT(D13,1)="✔",IF(E13="Show hint",5,10),0)} -> 0
A14: W2 | B14: Which operator means 'not equal to'? (from F2-1 True or False) | D14: {=IFERROR(_xlfn.LET(_xlpm.a,'F2-2 Fork in the Road'!$C$14,IF(TRIM(_xlpm.a&"")="","",IF(OR(SUBSTITUTE(SUBSTITUTE(SUBSTITUTE(SUBSTITUTE(SUBSTITUTE(SUBSTITUTE(SUBSTITUTE(SUBSTITUTE(SUBSTITUTE(SUBSTITUTE(SUBSTITUTE(SUBSTITUTE(SUBSTITUTE(SUBSTITUTE(SUBSTITUTE(SUBSTITUTE(SUBSTITUTE(SUBSTITUTE(SUBSTITUTE(SUBSTITUTE(SUBSTITUTE(SUBSTITUTE(SUBSTITUTE(SUBSTITUTE(SUBSTITUTE(SUBSTITUTE(SUBSTITUTE(UPPER(_xlpm.a)," ",""),"CONTROL","CTRL"),"CTL","CTRL"),"ESCAPE","ESC"),"RETURN","ENTER"),"PAGEDOWN","PGDN"),"PGDOWN","PGDN"),"PAGEUP","PGUP"),"ARROWKEYS","ARROW"),"ARROWKEY","ARROW"),"ARROWS","ARROW"),"DOWNARROW","DOWN"),"UPARROW","UP"),"LEFTARROW","LEFT"),"RIGHTARROW","RIGHT"),"ARROWDOWN","DOWN"),"ARROWUP","UP"),"ARROWLEFT","LEFT"),"ARROWRIGHT","RIGHT"),"↓","DOWN"),"↑","UP"),"←","LEFT"),"→","RIGHT"),"SPACEBAR","SPACE"),"−","-"),"MINUS","-"),"PLUS","+")=Key!$E$22:$E$22),"✔ CLEAR","✘ TRY AGAIN"))),"✘ TRY AGAIN")} | F14: {=IF(E14="Show hint",Key!$B$22,"")} | G14: {=IF(LEFT(D14,1)="✔",IF(E14="Show hint",5,10),0)} -> 0
A15: W3 | B15: What must surround text inside a formula? (from F2-1 True or False) | D15: {=IFERROR(_xlfn.LET(_xlpm.a,'F2-2 Fork in the Road'!$C$15,IF(TRIM(_xlpm.a&"")="","",IF(OR(SUBSTITUTE(SUBSTITUTE(SUBSTITUTE(SUBSTITUTE(SUBSTITUTE(SUBSTITUTE(SUBSTITUTE(SUBSTITUTE(SUBSTITUTE(SUBSTITUTE(SUBSTITUTE(SUBSTITUTE(SUBSTITUTE(SUBSTITUTE(SUBSTITUTE(SUBSTITUTE(SUBSTITUTE(SUBSTITUTE(SUBSTITUTE(SUBSTITUTE(SUBSTITUTE(SUBSTITUTE(SUBSTITUTE(SUBSTITUTE(SUBSTITUTE(SUBSTITUTE(SUBSTITUTE(UPPER(_xlpm.a)," ",""),"CONTROL","CTRL"),"CTL","CTRL"),"ESCAPE","ESC"),"RETURN","ENTER"),"PAGEDOWN","PGDN"),"PGDOWN","PGDN"),"PAGEUP","PGUP"),"ARROWKEYS","ARROW"),"ARROWKEY","ARROW"),"ARROWS","ARROW"),"DOWNARROW","DOWN"),"UPARROW","UP"),"LEFTARROW","LEFT"),"RIGHTARROW","RIGHT"),"ARROWDOWN","DOWN"),"ARROWUP","UP"),"ARROWLEFT","LEFT"),"ARROWRIGHT","RIGHT"),"↓","DOWN"),"↑","UP"),"←","LEFT"),"→","RIGHT"),"SPACEBAR","SPACE"),"−","-"),"MINUS","-"),"PLUS","+")=Key!$E$23:$H$23),"✔ CLEAR","✘ TRY AGAIN"))),"✘ TRY AGAIN")} | F15: {=IF(E15="Show hint",Key!$B$23,"")} | G15: {=IF(LEFT(D15,1)="✔",IF(E15="Show hint",5,10),0)} -> 0
A16: W4 | B16: Which keys copy the selection? (from S2-2 Clone Machine) | D16: {=IFERROR(_xlfn.LET(_xlpm.a,'F2-2 Fork in the Road'!$C$16,IF(TRIM(_xlpm.a&"")="","",IF(OR(SUBSTITUTE(SUBSTITUTE(SUBSTITUTE(SUBSTITUTE(SUBSTITUTE(SUBSTITUTE(SUBSTITUTE(SUBSTITUTE(SUBSTITUTE(SUBSTITUTE(SUBSTITUTE(SUBSTITUTE(SUBSTITUTE(SUBSTITUTE(SUBSTITUTE(SUBSTITUTE(SUBSTITUTE(SUBSTITUTE(SUBSTITUTE(SUBSTITUTE(SUBSTITUTE(SUBSTITUTE(SUBSTITUTE(SUBSTITUTE(SUBSTITUTE(SUBSTITUTE(SUBSTITUTE(UPPER(_xlpm.a)," ",""),"CONTROL","CTRL"),"CTL","CTRL"),"ESCAPE","ESC"),"RETURN","ENTER"),"PAGEDOWN","PGDN"),"PGDOWN","PGDN"),"PAGEUP","PGUP"),"ARROWKEYS","ARROW"),"ARROWKEY","ARROW"),"ARROWS","ARROW"),"DOWNARROW","DOWN"),"UPARROW","UP"),"LEFTARROW","LEFT"),"RIGHTARROW","RIGHT"),"ARROWDOWN","DOWN"),"ARROWUP","UP"),"ARROWLEFT","LEFT"),"ARROWRIGHT","RIGHT"),"↓","DOWN"),"↑","UP"),"←","LEFT"),"→","RIGHT"),"SPACEBAR","SPACE"),"−","-"),"MINUS","-"),"PLUS","+")=Key!$E$24:$E$24),"✔ CLEAR","✘ TRY AGAIN"))),"✘ TRY AGAIN")} | F16: {=IF(E16="Show hint",Key!$B$24,"")} | G16: {=IF(LEFT(D16,1)="✔",IF(E16="Show hint",5,10),0)} -> 0
A17: W5 | B17: Which keys cut the selection? (from S2-2 Clone Machine) | D17: {=IFERROR(_xlfn.LET(_xlpm.a,'F2-2 Fork in the Road'!$C$17,IF(TRIM(_xlpm.a&"")="","",IF(OR(SUBSTITUTE(SUBSTITUTE(SUBSTITUTE(SUBSTITUTE(SUBSTITUTE(SUBSTITUTE(SUBSTITUTE(SUBSTITUTE(SUBSTITUTE(SUBSTITUTE(SUBSTITUTE(SUBSTITUTE(SUBSTITUTE(SUBSTITUTE(SUBSTITUTE(SUBSTITUTE(SUBSTITUTE(SUBSTITUTE(SUBSTITUTE(SUBSTITUTE(SUBSTITUTE(SUBSTITUTE(SUBSTITUTE(SUBSTITUTE(SUBSTITUTE(SUBSTITUTE(SUBSTITUTE(UPPER(_xlpm.a)," ",""),"CONTROL","CTRL"),"CTL","CTRL"),"ESCAPE","ESC"),"RETURN","ENTER"),"PAGEDOWN","PGDN"),"PGDOWN","PGDN"),"PAGEUP","PGUP"),"ARROWKEYS","ARROW"),"ARROWKEY","ARROW"),"ARROWS","ARROW"),"DOWNARROW","DOWN"),"UPARROW","UP"),"LEFTARROW","LEFT"),"RIGHTARROW","RIGHT"),"ARROWDOWN","DOWN"),"ARROWUP","UP"),"ARROWLEFT","LEFT"),"ARROWRIGHT","RIGHT"),"↓","DOWN"),"↑","UP"),"←","LEFT"),"→","RIGHT"),"SPACEBAR","SPACE"),"−","-"),"MINUS","-"),"PLUS","+")=Key!$E$25:$E$25),"✔ CLEAR","✘ TRY AGAIN"))),"✘ TRY AGAIN")} | F17: {=IF(E17="Show hint",Key!$B$25,"")} | G17: {=IF(LEFT(D17,1)="✔",IF(E17="Show hint",5,10),0)} -> 0
A18: W6 | B18: Which keys paste? (from S2-2 Clone Machine) | D18: {=IFERROR(_xlfn.LET(_xlpm.a,'F2-2 Fork in the Road'!$C$18,IF(TRIM(_xlpm.a&"")="","",IF(OR(SUBSTITUTE(SUBSTITUTE(SUBSTITUTE(SUBSTITUTE(SUBSTITUTE(SUBSTITUTE(SUBSTITUTE(SUBSTITUTE(SUBSTITUTE(SUBSTITUTE(SUBSTITUTE(SUBSTITUTE(SUBSTITUTE(SUBSTITUTE(SUBSTITUTE(SUBSTITUTE(SUBSTITUTE(SUBSTITUTE(SUBSTITUTE(SUBSTITUTE(SUBSTITUTE(SUBSTITUTE(SUBSTITUTE(SUBSTITUTE(SUBSTITUTE(SUBSTITUTE(SUBSTITUTE(UPPER(_xlpm.a)," ",""),"CONTROL","CTRL"),"CTL","CTRL"),"ESCAPE","ESC"),"RETURN","ENTER"),"PAGEDOWN","PGDN"),"PGDOWN","PGDN"),"PAGEUP","PGUP"),"ARROWKEYS","ARROW"),"ARROWKEY","ARROW"),"ARROWS","ARROW"),"DOWNARROW","DOWN"),"UPARROW","UP"),"LEFTARROW","LEFT"),"RIGHTARROW","RIGHT"),"ARROWDOWN","DOWN"),"ARROWUP","UP"),"ARROWLEFT","LEFT"),"ARROWRIGHT","RIGHT"),"↓","DOWN"),"↑","UP"),"←","LEFT"),"→","RIGHT"),"SPACEBAR","SPACE"),"−","-"),"MINUS","-"),"PLUS","+")=Key!$E$26:$E$26),"✔ CLEAR","✘ TRY AGAIN"))),"✘ TRY AGAIN")} | F18: {=IF(E18="Show hint",Key!$B$26,"")} | G18: {=IF(LEFT(D18,1)="✔",IF(E18="Show hint",5,10),0)} -> 0
A19: W7 | B19: Which keys open Paste Special? (from S2-2 Clone Machine) | D19: {=IFERROR(_xlfn.LET(_xlpm.a,'F2-2 Fork in the Road'!$C$19,IF(TRIM(_xlpm.a&"")="","",IF(OR(SUBSTITUTE(SUBSTITUTE(SUBSTITUTE(SUBSTITUTE(SUBSTITUTE(SUBSTITUTE(SUBSTITUTE(SUBSTITUTE(SUBSTITUTE(SUBSTITUTE(SUBSTITUTE(SUBSTITUTE(SUBSTITUTE(SUBSTITUTE(SUBSTITUTE(SUBSTITUTE(SUBSTITUTE(SUBSTITUTE(SUBSTITUTE(SUBSTITUTE(SUBSTITUTE(SUBSTITUTE(SUBSTITUTE(SUBSTITUTE(SUBSTITUTE(SUBSTITUTE(SUBSTITUTE(UPPER(_xlpm.a)," ",""),"CONTROL","CTRL"),"CTL","CTRL"),"ESCAPE","ESC"),"RETURN","ENTER"),"PAGEDOWN","PGDN"),"PGDOWN","PGDN"),"PAGEUP","PGUP"),"ARROWKEYS","ARROW"),"ARROWKEY","ARROW"),"ARROWS","ARROW"),"DOWNARROW","DOWN"),"UPARROW","UP"),"LEFTARROW","LEFT"),"RIGHTARROW","RIGHT"),"ARROWDOWN","DOWN"),"ARROWUP","UP"),"ARROWLEFT","LEFT"),"ARROWRIGHT","RIGHT"),"↓","DOWN"),"↑","UP"),"←","LEFT"),"→","RIGHT"),"SPACEBAR","SPACE"),"−","-"),"MINUS","-"),"PLUS","+")=Key!$E$27:$F$27),"✔ CLEAR","✘ TRY AGAIN"))),"✘ TRY AGAIN")} | F19: {=IF(E19="Show hint",Key!$B$27,"")} | G19: {=IF(LEFT(D19,1)="✔",IF(E19="Show hint",5,10),0)} -> 0
A20: W8 | B20: Which keys copy the left cell into the selected cells to its right? (from S2-2 Clone Machine) | D20: {=IFERROR(_xlfn.LET(_xlpm.a,'F2-2 Fork in the Road'!$C$20,IF(TRIM(_xlpm.a&"")="","",IF(OR(SUBSTITUTE(SUBSTITUTE(SUBSTITUTE(SUBSTITUTE(SUBSTITUTE(SUBSTITUTE(SUBSTITUTE(SUBSTITUTE(SUBSTITUTE(SUBSTITUTE(SUBSTITUTE(SUBSTITUTE(SUBSTITUTE(SUBSTITUTE(SUBSTITUTE(SUBSTITUTE(SUBSTITUTE(SUBSTITUTE(SUBSTITUTE(SUBSTITUTE(SUBSTITUTE(SUBSTITUTE(SUBSTITUTE(SUBSTITUTE(SUBSTITUTE(SUBSTITUTE(SUBSTITUTE(UPPER(_xlpm.a)," ",""),"CONTROL","CTRL"),"CTL","CTRL"),"ESCAPE","ESC"),"RETURN","ENTER"),"PAGEDOWN","PGDN"),"PGDOWN","PGDN"),"PAGEUP","PGUP"),"ARROWKEYS","ARROW"),"ARROWKEY","ARROW"),"ARROWS","ARROW"),"DOWNARROW","DOWN"),"UPARROW","UP"),"LEFTARROW","LEFT"),"RIGHTARROW","RIGHT"),"ARROWDOWN","DOWN"),"ARROWUP","UP"),"ARROWLEFT","LEFT"),"ARROWRIGHT","RIGHT"),"↓","DOWN"),"↑","UP"),"←","LEFT"),"→","RIGHT"),"SPACEBAR","SPACE"),"−","-"),"MINUS","-"),"PLUS","+")=Key!$E$28:$E$28),"✔ CLEAR","✘ TRY AGAIN"))),"✘ TRY AGAIN")} | F20: {=IF(E20="Show hint",Key!$B$28,"")} | G20: {=IF(LEFT(D20,1)="✔",IF(E20="Show hint",5,10),0)} -> 0
A21: W9 | B21: Which keys undo the last action? (from S2-2 Clone Machine) | D21: {=IFERROR(_xlfn.LET(_xlpm.a,'F2-2 Fork in the Road'!$C$21,IF(TRIM(_xlpm.a&"")="","",IF(OR(SUBSTITUTE(SUBSTITUTE(SUBSTITUTE(SUBSTITUTE(SUBSTITUTE(SUBSTITUTE(SUBSTITUTE(SUBSTITUTE(SUBSTITUTE(SUBSTITUTE(SUBSTITUTE(SUBSTITUTE(SUBSTITUTE(SUBSTITUTE(SUBSTITUTE(SUBSTITUTE(SUBSTITUTE(SUBSTITUTE(SUBSTITUTE(SUBSTITUTE(SUBSTITUTE(SUBSTITUTE(SUBSTITUTE(SUBSTITUTE(SUBSTITUTE(SUBSTITUTE(SUBSTITUTE(UPPER(_xlpm.a)," ",""),"CONTROL","CTRL"),"CTL","CTRL"),"ESCAPE","ESC"),"RETURN","ENTER"),"PAGEDOWN","PGDN"),"PGDOWN","PGDN"),"PAGEUP","PGUP"),"ARROWKEYS","ARROW"),"ARROWKEY","ARROW"),"ARROWS","ARROW"),"DOWNARROW","DOWN"),"UPARROW","UP"),"LEFTARROW","LEFT"),"RIGHTARROW","RIGHT"),"ARROWDOWN","DOWN"),"ARROWUP","UP"),"ARROWLEFT","LEFT"),"ARROWRIGHT","RIGHT"),"↓","DOWN"),"↑","UP"),"←","LEFT"),"→","RIGHT"),"SPACEBAR","SPACE"),"−","-"),"MINUS","-"),"PLUS","+")=Key!$E$29:$E$29),"✔ CLEAR","✘ TRY AGAIN"))),"✘ TRY AGAIN")} | F21: {=IF(E21="Show hint",Key!$B$29,"")} | G21: {=IF(LEFT(D21,1)="✔",IF(E21="Show hint",5,10),0)} -> 0
A22: W10 | B22: Which keys redo or repeat the last action? (from S2-2 Clone Machine) | D22: {=IFERROR(_xlfn.LET(_xlpm.a,'F2-2 Fork in the Road'!$C$22,IF(TRIM(_xlpm.a&"")="","",IF(OR(SUBSTITUTE(SUBSTITUTE(SUBSTITUTE(SUBSTITUTE(SUBSTITUTE(SUBSTITUTE(SUBSTITUTE(SUBSTITUTE(SUBSTITUTE(SUBSTITUTE(SUBSTITUTE(SUBSTITUTE(SUBSTITUTE(SUBSTITUTE(SUBSTITUTE(SUBSTITUTE(SUBSTITUTE(SUBSTITUTE(SUBSTITUTE(SUBSTITUTE(SUBSTITUTE(SUBSTITUTE(SUBSTITUTE(SUBSTITUTE(SUBSTITUTE(SUBSTITUTE(SUBSTITUTE(UPPER(_xlpm.a)," ",""),"CONTROL","CTRL"),"CTL","CTRL"),"ESCAPE","ESC"),"RETURN","ENTER"),"PAGEDOWN","PGDN"),"PGDOWN","PGDN"),"PAGEUP","PGUP"),"ARROWKEYS","ARROW"),"ARROWKEY","ARROW"),"ARROWS","ARROW"),"DOWNARROW","DOWN"),"UPARROW","UP"),"LEFTARROW","LEFT"),"RIGHTARROW","RIGHT"),"ARROWDOWN","DOWN"),"ARROWUP","UP"),"ARROWLEFT","LEFT"),"ARROWRIGHT","RIGHT"),"↓","DOWN"),"↑","UP"),"←","LEFT"),"→","RIGHT"),"SPACEBAR","SPACE"),"−","-"),"MINUS","-"),"PLUS","+")=Key!$E$30:$E$30),"✔ CLEAR","✘ TRY AGAIN"))),"✘ TRY AGAIN")} | F22: {=IF(E22="Show hint",Key!$B$30,"")} | G22: {=IF(LEFT(D22,1)="✔",IF(E22="Show hint",5,10),0)} -> 0
A24: TRAINING · recognize the move (pick from the list)
A25: # | B25: Mission | C25: Your answer | D25: Result | E25: Hint? | F25: Hint | G25: XP
A26: T1 | B26: Which function returns one value when a test is TRUE and another when FALSE? | D26: {=IFERROR(IF('F2-2 Fork in the Road'!$C$26&""="","",IF('F2-2 Fork in the Road'!$C$26&""=Key!$C$31&"","✔ CLEAR","✘ TRY AGAIN")),"✘ TRY AGAIN")} | F26: {=IF(E26="Show hint",Key!$B$31,"")} | G26: {=IF(LEFT(D26,1)="✔",IF(E26="Show hint",5,10),0)} -> 0
A27: T2 | B27: In =IF(B2>100,B2*0.9,B2), what is returned when B2 is 50? | D27: {=IFERROR(IF('F2-2 Fork in the Road'!$C$27&""="","",IF('F2-2 Fork in the Road'!$C$27&""=Key!$C$32&"","✔ CLEAR","✘ TRY AGAIN")),"✘ TRY AGAIN")} | F27: {=IF(E27="Show hint",Key!$B$32,"")} | G27: {=IF(LEFT(D27,1)="✔",IF(E27="Show hint",5,10),0)} -> 0
A28: T3 | B28: What do you type in a formula for an empty, blank-looking result? | D28: {=IFERROR(IF('F2-2 Fork in the Road'!$C$28&""="","",IF('F2-2 Fork in the Road'!$C$28&""=Key!$C$33&"","✔ CLEAR","✘ TRY AGAIN")),"✘ TRY AGAIN")} | F28: {=IF(E28="Show hint",Key!$B$33,"")} | G28: {=IF(LEFT(D28,1)="✔",IF(E28="Show hint",5,10),0)} -> 0
A30: CHALLENGES · recall it, then do it
B31: ▶ Open F2-2 Arena (or press Ctrl+PgDn)
A32: # | B32: Mission | C32: Your answer | D32: Result | E32: Hint? | F32: Hint | G32: XP
A33: C1 | B33: Which function returns one value when a test is TRUE and another when FALSE? | D33: {=IFERROR(_xlfn.LET(_xlpm.a,'F2-2 Fork in the Road'!$C$33,IF(TRIM(_xlpm.a&"")="","",IF(OR(SUBSTITUTE(SUBSTITUTE(SUBSTITUTE(SUBSTITUTE(SUBSTITUTE(SUBSTITUTE(SUBSTITUTE(SUBSTITUTE(SUBSTITUTE(SUBSTITUTE(SUBSTITUTE(SUBSTITUTE(SUBSTITUTE(SUBSTITUTE(SUBSTITUTE(SUBSTITUTE(SUBSTITUTE(SUBSTITUTE(SUBSTITUTE(SUBSTITUTE(SUBSTITUTE(SUBSTITUTE(SUBSTITUTE(SUBSTITUTE(SUBSTITUTE(SUBSTITUTE(SUBSTITUTE(UPPER(_xlpm.a)," ",""),"CONTROL","CTRL"),"CTL","CTRL"),"ESCAPE","ESC"),"RETURN","ENTER"),"PAGEDOWN","PGDN"),"PGDOWN","PGDN"),"PAGEUP","PGUP"),"ARROWKEYS","ARROW"),"ARROWKEY","ARROW"),"ARROWS","ARROW"),"DOWNARROW","DOWN"),"UPARROW","UP"),"LEFTARROW","LEFT"),"RIGHTARROW","RIGHT"),"ARROWDOWN","DOWN"),"ARROWUP","UP"),"ARROWLEFT","LEFT"),"ARROWRIGHT","RIGHT"),"↓","DOWN"),"↑","UP"),"←","LEFT"),"→","RIGHT"),"SPACEBAR","SPACE"),"−","-"),"MINUS","-"),"PLUS","+")=Key!$E$34:$J$34),"✔ CLEAR","✘ TRY AGAIN"))),"✘ TRY AGAIN")} | F33: {=IF(E33="Show hint",Key!$B$34,"")} | G33: {=IF(LEFT(D33,1)="✔",IF(E33="Show hint",5,10),0)} -> 0
A34: C2 | B34: In =IF(B2>100,B2*0.9,B2), what is returned when B2 is 50? | D34: {=IFERROR(_xlfn.LET(_xlpm.a,'F2-2 Fork in the Road'!$C$34,IF(TRIM(_xlpm.a&"")="","",IF(OR(SUBSTITUTE(SUBSTITUTE(SUBSTITUTE(SUBSTITUTE(SUBSTITUTE(SUBSTITUTE(SUBSTITUTE(SUBSTITUTE(SUBSTITUTE(SUBSTITUTE(SUBSTITUTE(SUBSTITUTE(SUBSTITUTE(SUBSTITUTE(SUBSTITUTE(SUBSTITUTE(SUBSTITUTE(SUBSTITUTE(SUBSTITUTE(SUBSTITUTE(SUBSTITUTE(SUBSTITUTE(SUBSTITUTE(SUBSTITUTE(SUBSTITUTE(SUBSTITUTE(SUBSTITUTE(UPPER(_xlpm.a)," ",""),"CONTROL","CTRL"),"CTL","CTRL"),"ESCAPE","ESC"),"RETURN","ENTER"),"PAGEDOWN","PGDN"),"PGDOWN","PGDN"),"PAGEUP","PGUP"),"ARROWKEYS","ARROW"),"ARROWKEY","ARROW"),"ARROWS","ARROW"),"DOWNARROW","DOWN"),"UPARROW","UP"),"LEFTARROW","LEFT"),"RIGHTARROW","RIGHT"),"ARROWDOWN","DOWN"),"ARROWUP","UP"),"ARROWLEFT","LEFT"),"ARROWRIGHT","RIGHT"),"↓","DOWN"),"↑","UP"),"←","LEFT"),"→","RIGHT"),"SPACEBAR","SPACE"),"−","-"),"MINUS","-"),"PLUS","+")=Key!$E$35:$E$35),"✔ CLEAR","✘ TRY AGAIN"))),"✘ TRY AGAIN")} | F34: {=IF(E34="Show hint",Key!$B$35,"")} | G34: {=IF(LEFT(D34,1)="✔",IF(E34="Show hint",5,10),0)} -> 0
A35: C3 | B35: What do you type in a formula for an empty, blank-looking result? | D35: {=IFERROR(_xlfn.LET(_xlpm.a,'F2-2 Fork in the Road'!$C$35,IF(TRIM(_xlpm.a&"")="","",IF(OR(SUBSTITUTE(SUBSTITUTE(SUBSTITUTE(SUBSTITUTE(SUBSTITUTE(SUBSTITUTE(SUBSTITUTE(SUBSTITUTE(SUBSTITUTE(SUBSTITUTE(SUBSTITUTE(SUBSTITUTE(SUBSTITUTE(SUBSTITUTE(SUBSTITUTE(SUBSTITUTE(SUBSTITUTE(SUBSTITUTE(SUBSTITUTE(SUBSTITUTE(SUBSTITUTE(SUBSTITUTE(SUBSTITUTE(SUBSTITUTE(SUBSTITUTE(SUBSTITUTE(SUBSTITUTE(UPPER(_xlpm.a)," ",""),"CONTROL","CTRL"),"CTL","CTRL"),"ESCAPE","ESC"),"RETURN","ENTER"),"PAGEDOWN","PGDN"),"PGDOWN","PGDN"),"PAGEUP","PGUP"),"ARROWKEYS","ARROW"),"ARROWKEY","ARROW"),"ARROWS","ARROW"),"DOWNARROW","DOWN"),"UPARROW","UP"),"LEFTARROW","LEFT"),"RIGHTARROW","RIGHT"),"ARROWDOWN","DOWN"),"ARROWUP","UP"),"ARROWLEFT","LEFT"),"ARROWRIGHT","RIGHT"),"↓","DOWN"),"↑","UP"),"←","LEFT"),"→","RIGHT"),"SPACEBAR","SPACE"),"−","-"),"MINUS","-"),"PLUS","+")=Key!$E$36:$E$36),"✔ CLEAR","✘ TRY AGAIN"))),"✘ TRY AGAIN")} | F35: {=IF(E35="Show hint",Key!$B$36,"")} | G35: {=IF(LEFT(D35,1)="✔",IF(E35="Show hint",5,10),0)} -> 0
A36: C4 | B36: In F6 write =IF(C6>=50,"Pass","Fail"), then select F6:F15 and press Ctrl+D. | C36: ▶ ARENA C4 (cell F6) | D36: {=IF(COUNTA('F2-2 Arena'!$F$6,'F2-2 Arena'!$F$7,'F2-2 Arena'!$F$8,'F2-2 Arena'!$F$9,'F2-2 Arena'!$F$10,'F2-2 Arena'!$F$11,'F2-2 Arena'!$F$12,'F2-2 Arena'!$F$13,'F2-2 Arena'!$F$14,'F2-2 Arena'!$F$15)=0,"",IF(OR(NOT(_xlfn.ISFORMULA('F2-2 Arena'!$F$6)),NOT(_xlfn.ISFORMULA('F2-2 Arena'!$F$7)),NOT(_xlfn.ISFORMULA('F2-2 Arena'!$F$8)),NOT(_xlfn.ISFORMULA('F2-2 Arena'!$F$9)),NOT(_xlfn.ISFORMULA('F2-2 Arena'!$F$10)),NOT(_xlfn.ISFORMULA('F2-2 Arena'!$F$11)),NOT(_xlfn.ISFORMULA('F2-2 Arena'!$F$12)),NOT(_xlfn.ISFORMULA('F2-2 Arena'!$F$13)),NOT(_xlfn.ISFORMULA('F2-2 Arena'!$F$14)),NOT(_xlfn.ISFORMULA('F2-2 Arena'!$F$15))),"✘ Some cells aren't formulas yet",IF(OR(ISERROR('F2-2 Arena'!$F$6),ISERROR('F2-2 Arena'!$F$7),ISERROR('F2-2 Arena'!$F$8),ISERROR('F2-2 Arena'!$F$9),ISERROR('F2-2 Arena'!$F$10),ISERROR('F2-2 Arena'!$F$11),ISERROR('F2-2 Arena'!$F$12),ISERROR('F2-2 Arena'!$F$13),ISERROR('F2-2 Arena'!$F$14),ISERROR('F2-2 Arena'!$F$15)),"✘ Some cells show an error",IF(NOT(AND(IFERROR(AND(ISTEXT('F2-2 Arena'!$F$6),'F2-2 Arena'!$F$6=Key!$E$37),FALSE),IFERROR(AND(ISTEXT('F2-2 Arena'!$F$7),'F2-2 Arena'!$F$7=Key!$F$37),FALSE),IFERROR(AND(ISTEXT('F2-2 Arena'!$F$8),'F2-2 Arena'!$F$8=Key!$G$37),FALSE),IFERROR(AND(ISTEXT('F2-2 Arena'!$F$9),'F2-2 Arena'!$F$9=Key!$H$37),FALSE),IFERROR(AND(ISTEXT('F2-2 Arena'!$F$10),'F2-2 Arena'!$F$10=Key!$I$37),FALSE),IFERROR(AND(ISTEXT('F2-2 Arena'!$F$11),'F2-2 Arena'!$F$11=Key!$J$37),FALSE),IFERROR(AND(ISTEXT('F2-2 Arena'!$F$12),'F2-2 Arena'!$F$12=Key!$K$37),FALSE),IFERROR(AND(ISTEXT('F2-2 Arena'!$F$13),'F2-2 Arena'!$F$13=Key!$L$37),FALSE),IFERROR(AND(ISTEXT('F2-2 Arena'!$F$14),'F2-2 Arena'!$F$14=Key!$M$37),FALSE),IFERROR(AND(ISTEXT('F2-2 Arena'!$F$15),'F2-2 Arena'!$F$15=Key!$N$37),FALSE))),"✘ TRY AGAIN",IF(AND(OR(ISNUMBER(FIND({"=","(",",","+","-","*","/","&"," ","<",">",":","@","^"}&"IF"&"(",UPPER(_xlfn.FORMULATEXT('F2-2 Arena'!$F$6)))))),"✔ CLEAR","✘ CLOSE · right value, but use IF")))))} | F36: {=IF(E36="Show hint",Key!$B$37,"")} | G36: {=IF(LEFT(D36,1)="✔",IF(E36="Show hint",5,10),0)} -> 0
A37: C5 | B37: In G6: if the Score is 80 or more, the bonus is Score × 10, otherwise 0. Fill down to G15. | C37: ▶ ARENA C5 (cell G6) | D37: {=IF(COUNTA('F2-2 Arena'!$G$6,'F2-2 Arena'!$G$7,'F2-2 Arena'!$G$8,'F2-2 Arena'!$G$9,'F2-2 Arena'!$G$10,'F2-2 Arena'!$G$11,'F2-2 Arena'!$G$12,'F2-2 Arena'!$G$13,'F2-2 Arena'!$G$14,'F2-2 Arena'!$G$15)=0,"",IF(OR(NOT(_xlfn.ISFORMULA('F2-2 Arena'!$G$6)),NOT(_xlfn.ISFORMULA('F2-2 Arena'!$G$7)),NOT(_xlfn.ISFORMULA('F2-2 Arena'!$G$8)),NOT(_xlfn.ISFORMULA('F2-2 Arena'!$G$9)),NOT(_xlfn.ISFORMULA('F2-2 Arena'!$G$10)),NOT(_xlfn.ISFORMULA('F2-2 Arena'!$G$11)),NOT(_xlfn.ISFORMULA('F2-2 Arena'!$G$12)),NOT(_xlfn.ISFORMULA('F2-2 Arena'!$G$13)),NOT(_xlfn.ISFORMULA('F2-2 Arena'!$G$14)),NOT(_xlfn.ISFORMULA('F2-2 Arena'!$G$15))),"✘ Some cells aren't formulas yet",IF(OR(ISERROR('F2-2 Arena'!$G$6),ISERROR('F2-2 Arena'!$G$7),ISERROR('F2-2 Arena'!$G$8),ISERROR('F2-2 Arena'!$G$9),ISERROR('F2-2 Arena'!$G$10),ISERROR('F2-2 Arena'!$G$11),ISERROR('F2-2 Arena'!$G$12),ISERROR('F2-2 Arena'!$G$13),ISERROR('F2-2 Arena'!$G$14),ISERROR('F2-2 Arena'!$G$15)),"✘ Some cells show an error",IF(NOT(AND(IFERROR(AND(ISNUMBER('F2-2 Arena'!$G$6),ABS('F2-2 Arena'!$G$6-Key!$E$38)<=1E-9*MAX(1,ABS(Key!$E$38))),FALSE),IFERROR(AND(ISNUMBER('F2-2 Arena'!$G$7),ABS('F2-2 Arena'!$G$7-Key!$F$38)<=1E-9*MAX(1,ABS(Key!$F$38))),FALSE),IFERROR(AND(ISNUMBER('F2-2 Arena'!$G$8),ABS('F2-2 Arena'!$G$8-Key!$G$38)<=1E-9*MAX(1,ABS(Key!$G$38))),FALSE),IFERROR(AND(ISNUMBER('F2-2 Arena'!$G$9),ABS('F2-2 Arena'!$G$9-Key!$H$38)<=1E-9*MAX(1,ABS(Key!$H$38))),FALSE),IFERROR(AND(ISNUMBER('F2-2 Arena'!$G$10),ABS('F2-2 Arena'!$G$10-Key!$I$38)<=1E-9*MAX(1,ABS(Key!$I$38))),FALSE),IFERROR(AND(ISNUMBER('F2-2 Arena'!$G$11),ABS('F2-2 Arena'!$G$11-Key!$J$38)<=1E-9*MAX(1,ABS(Key!$J$38))),FALSE),IFERROR(AND(ISNUMBER('F2-2 Arena'!$G$12),ABS('F2-2 Arena'!$G$12-Key!$K$38)<=1E-9*MAX(1,ABS(Key!$K$38))),FALSE),IFERROR(AND(ISNUMBER('F2-2 Arena'!$G$13),ABS('F2-2 Arena'!$G$13-Key!$L$38)<=1E-9*MAX(1,ABS(Key!$L$38))),FALSE),IFERROR(AND(ISNUMBER('F2-2 Arena'!$G$14),ABS('F2-2 Arena'!$G$14-Key!$M$38)<=1E-9*MAX(1,ABS(Key!$M$38))),FALSE),IFERROR(AND(ISNUMBER('F2-2 Arena'!$G$15),ABS('F2-2 Arena'!$G$15-Key!$N$38)<=1E-9*MAX(1,ABS(Key!$N$38))),FALSE))),"✘ TRY AGAIN",IF(AND(OR(ISNUMBER(FIND({"=","(",",","+","-","*","/","&"," ","<",">",":","@","^"}&"IF"&"(",UPPER(_xlfn.FORMULATEXT('F2-2 Arena'!$G$6)))))),"✔ CLEAR","✘ CLOSE · right value, but use IF")))))} | F37: {=IF(E37="Show hint",Key!$B$38,"")} | G37: {=IF(LEFT(D37,1)="✔",IF(E37="Show hint",5,10),0)} -> 0
A38: C6 | B38: J6 is empty. In I6 write a formula that shows empty text ("") when J6 is empty, otherwise J6*2. | C38: ▶ ARENA C6 (cell I6) | D38: {=IF(ISBLANK('F2-2 Arena'!$I$6),"",IF(NOT(_xlfn.ISFORMULA('F2-2 Arena'!$I$6)),"✘ That's a typed value · enter a formula",IF(ISERROR('F2-2 Arena'!$I$6),"✘ Your formula returns "&IFERROR(CHOOSE(ERROR.TYPE('F2-2 Arena'!$I$6),"#NULL!","#DIV/0!","#VALUE!","#REF!","#NAME?","#NUM!","#N/A","#GETTING_DATA","#SPILL!","#CONNECT!","#BLOCKED!","#UNKNOWN!","#FIELD!","#CALC!"),"an error"),IF(NOT(AND(IFERROR(AND(ISTEXT('F2-2 Arena'!$I$6),'F2-2 Arena'!$I$6=Key!$C$39),FALSE))),"✘ TRY AGAIN",IF(AND(OR(ISNUMBER(FIND({"=","(",",","+","-","*","/","&"," ","<",">",":","@","^"}&"IF"&"(",UPPER(_xlfn.FORMULATEXT('F2-2 Arena'!$I$6)))))),"✔ CLEAR","✘ CLOSE · right value, but use IF")))))} | F38: {=IF(E38="Show hint",Key!$B$39,"")} | G38: {=IF(LEFT(D38,1)="✔",IF(E38="Show hint",5,10),0)} -> 0

Sheet F2-2 Arena
A1: ARENA ▸ F2-2 FORK IN THE ROAD
A2: Practice area · everything here is editable. Missions and their checks are on the stage sheet.
A3: PASS CODE | B3: CROSSROADS | D3: ◀ Back to F2-2 Fork in the Road
B5: Name | C5: Score | D5: Age | E5: License | F5: Result | G5: Bonus | I5: Blank-safe ×2 | J5: Empty cell ↓
B6: Ava | C6: 92 | D6: 17 | E6: No
B7: Ben | C7: 48 | D7: 22 | E7: Yes
B8: Cy | C8: 75 | D8: 19 | E8: Yes
B9: Dee | C9: 60 | D9: 16 | E9: No
B10: Eli | C10: 88 | D10: 30 | E10: Yes
B11: Fay | C11: 50 | D11: 18 | E11: Yes
B12: Gus | C12: 39 | D12: 25 | E12: No
B13: Hal | C13: 81 | D13: 41 | E13: Yes
B14: Ivy | C14: 99 | D14: 15 | E14: No
B15: Jo | C15: 70 | D15: 20 | E15: No

Sheet F2-3 Combo Moves
A1: STAGE F2-3 ▸ COMBO MOVES
A2: Goal: combine conditions with AND, OR and NOT
A3: {="SCORE "&TEXT(SUM($G$13:$G$38),"0000")&" / 0190"} -> SCORE 0000 / 0190 | C3: {=IF(SUM($G$13:$G$38)>=190,"★★★",IF(SUM($G$13:$G$38)>=190*0.8,"★★☆",IF(SUM($G$13:$G$38)>=190*0.5,"★☆☆","☆☆☆")))} -> ☆☆☆ | D3: {=REPT("█",ROUND(10*SUM($G$13:$G$38)/190,0))&REPT("░",10-ROUND(10*SUM($G$13:$G$38)/190,0))&" "&TEXT(SUM($G$13:$G$38)/190,"0%")} -> ░░░░░░░░░░ 0% | F3: {=IF(SUM($G$13:$G$38)>=190*0.5,"STAGE CLEAR! ▶ Next: F2-4 Multi-Level","")}
A5: BRIEFING · new moves in this stage
A6: # | B6: What it does · Pro tip | C6: Keys / Syntax
A7: 1 | B7: TRUE only when every condition is TRUE. Tip: =AND(B2>=18,C2="Yes") | C7: AND
A8: 2 | B8: TRUE when at least one condition is TRUE. Tip: =OR(B2>=90,C2<16) | C8: OR
A9: 3 | B9: Flip TRUE to FALSE and FALSE to TRUE. Tip: =NOT(B2="Yes") is TRUE for No. | C9: NOT
A11: WARM-UP · flashback to earlier stages
A12: # | B12: Mission | C12: Your answer | D12: Result | E12: Hint? | F12: Hint | G12: XP
A13: W1 | B13: Which function returns one value when a test is TRUE and another when FALSE? (from F2-2 Fork in the Road) | D13: {=IFERROR(_xlfn.LET(_xlpm.a,'F2-3 Combo Moves'!$C$13,IF(TRIM(_xlpm.a&"")="","",IF(OR(SUBSTITUTE(SUBSTITUTE(SUBSTITUTE(SUBSTITUTE(SUBSTITUTE(SUBSTITUTE(SUBSTITUTE(SUBSTITUTE(SUBSTITUTE(SUBSTITUTE(SUBSTITUTE(SUBSTITUTE(SUBSTITUTE(SUBSTITUTE(SUBSTITUTE(SUBSTITUTE(SUBSTITUTE(SUBSTITUTE(SUBSTITUTE(SUBSTITUTE(SUBSTITUTE(SUBSTITUTE(SUBSTITUTE(SUBSTITUTE(SUBSTITUTE(SUBSTITUTE(SUBSTITUTE(UPPER(_xlpm.a)," ",""),"CONTROL","CTRL"),"CTL","CTRL"),"ESCAPE","ESC"),"RETURN","ENTER"),"PAGEDOWN","PGDN"),"PGDOWN","PGDN"),"PAGEUP","PGUP"),"ARROWKEYS","ARROW"),"ARROWKEY","ARROW"),"ARROWS","ARROW"),"DOWNARROW","DOWN"),"UPARROW","UP"),"LEFTARROW","LEFT"),"RIGHTARROW","RIGHT"),"ARROWDOWN","DOWN"),"ARROWUP","UP"),"ARROWLEFT","LEFT"),"ARROWRIGHT","RIGHT"),"↓","DOWN"),"↑","UP"),"←","LEFT"),"→","RIGHT"),"SPACEBAR","SPACE"),"−","-"),"MINUS","-"),"PLUS","+")=Key!$E$40:$J$40),"✔ CLEAR","✘ TRY AGAIN"))),"✘ TRY AGAIN")} | F13: {=IF(E13="Show hint",Key!$B$40,"")} | G13: {=IF(LEFT(D13,1)="✔",IF(E13="Show hint",5,10),0)} -> 0
A14: W2 | B14: In =IF(B2>100,B2*0.9,B2), what is returned when B2 is 50? (from F2-2 Fork in the Road) | D14: {=IFERROR(_xlfn.LET(_xlpm.a,'F2-3 Combo Moves'!$C$14,IF(TRIM(_xlpm.a&"")="","",IF(OR(SUBSTITUTE(SUBSTITUTE(SUBSTITUTE(SUBSTITUTE(SUBSTITUTE(SUBSTITUTE(SUBSTITUTE(SUBSTITUTE(SUBSTITUTE(SUBSTITUTE(SUBSTITUTE(SUBSTITUTE(SUBSTITUTE(SUBSTITUTE(SUBSTITUTE(SUBSTITUTE(SUBSTITUTE(SUBSTITUTE(SUBSTITUTE(SUBSTITUTE(SUBSTITUTE(SUBSTITUTE(SUBSTITUTE(SUBSTITUTE(SUBSTITUTE(SUBSTITUTE(SUBSTITUTE(UPPER(_xlpm.a)," ",""),"CONTROL","CTRL"),"CTL","CTRL"),"ESCAPE","ESC"),"RETURN","ENTER"),"PAGEDOWN","PGDN"),"PGDOWN","PGDN"),"PAGEUP","PGUP"),"ARROWKEYS","ARROW"),"ARROWKEY","ARROW"),"ARROWS","ARROW"),"DOWNARROW","DOWN"),"UPARROW","UP"),"LEFTARROW","LEFT"),"RIGHTARROW","RIGHT"),"ARROWDOWN","DOWN"),"ARROWUP","UP"),"ARROWLEFT","LEFT"),"ARROWRIGHT","RIGHT"),"↓","DOWN"),"↑","UP"),"←","LEFT"),"→","RIGHT"),"SPACEBAR","SPACE"),"−","-"),"MINUS","-"),"PLUS","+")=Key!$E$41:$E$41),"✔ CLEAR","✘ TRY AGAIN"))),"✘ TRY AGAIN")} | F14: {=IF(E14="Show hint",Key!$B$41,"")} | G14: {=IF(LEFT(D14,1)="✔",IF(E14="Show hint",5,10),0)} -> 0
A15: W3 | B15: What do you type in a formula for an empty, blank-looking result? (from F2-2 Fork in the Road) | D15: {=IFERROR(_xlfn.LET(_xlpm.a,'F2-3 Combo Moves'!$C$15,IF(TRIM(_xlpm.a&"")="","",IF(OR(SUBSTITUTE(SUBSTITUTE(SUBSTITUTE(SUBSTITUTE(SUBSTITUTE(SUBSTITUTE(SUBSTITUTE(SUBSTITUTE(SUBSTITUTE(SUBSTITUTE(SUBSTITUTE(SUBSTITUTE(SUBSTITUTE(SUBSTITUTE(SUBSTITUTE(SUBSTITUTE(SUBSTITUTE(SUBSTITUTE(SUBSTITUTE(SUBSTITUTE(SUBSTITUTE(SUBSTITUTE(SUBSTITUTE(SUBSTITUTE(SUBSTITUTE(SUBSTITUTE(SUBSTITUTE(UPPER(_xlpm.a)," ",""),"CONTROL","CTRL"),"CTL","CTRL"),"ESCAPE","ESC"),"RETURN","ENTER"),"PAGEDOWN","PGDN"),"PGDOWN","PGDN"),"PAGEUP","PGUP"),"ARROWKEYS","ARROW"),"ARROWKEY","ARROW"),"ARROWS","ARROW"),"DOWNARROW","DOWN"),"UPARROW","UP"),"LEFTARROW","LEFT"),"RIGHTARROW","RIGHT"),"ARROWDOWN","DOWN"),"ARROWUP","UP"),"ARROWLEFT","LEFT"),"ARROWRIGHT","RIGHT"),"↓","DOWN"),"↑","UP"),"←","LEFT"),"→","RIGHT"),"SPACEBAR","SPACE"),"−","-"),"MINUS","-"),"PLUS","+")=Key!$E$42:$E$42),"✔ CLEAR","✘ TRY AGAIN"))),"✘ TRY AGAIN")} | F15: {=IF(E15="Show hint",Key!$B$42,"")} | G15: {=IF(LEFT(D15,1)="✔",IF(E15="Show hint",5,10),0)} -> 0
A16: W4 | B16: Which keys type today's date as a fixed value? (from S2-3 Stamps & Smart Fill) | D16: {=IFERROR(_xlfn.LET(_xlpm.a,'F2-3 Combo Moves'!$C$16,IF(TRIM(_xlpm.a&"")="","",IF(OR(SUBSTITUTE(SUBSTITUTE(SUBSTITUTE(SUBSTITUTE(SUBSTITUTE(SUBSTITUTE(SUBSTITUTE(SUBSTITUTE(SUBSTITUTE(SUBSTITUTE(SUBSTITUTE(SUBSTITUTE(SUBSTITUTE(SUBSTITUTE(SUBSTITUTE(SUBSTITUTE(SUBSTITUTE(SUBSTITUTE(SUBSTITUTE(SUBSTITUTE(SUBSTITUTE(SUBSTITUTE(SUBSTITUTE(SUBSTITUTE(SUBSTITUTE(SUBSTITUTE(SUBSTITUTE(UPPER(_xlpm.a)," ",""),"CONTROL","CTRL"),"CTL","CTRL"),"ESCAPE","ESC"),"RETURN","ENTER"),"PAGEDOWN","PGDN"),"PGDOWN","PGDN"),"PAGEUP","PGUP"),"ARROWKEYS","ARROW"),"ARROWKEY","ARROW"),"ARROWS","ARROW"),"DOWNARROW","DOWN"),"UPARROW","UP"),"LEFTARROW","LEFT"),"RIGHTARROW","RIGHT"),"ARROWDOWN","DOWN"),"ARROWUP","UP"),"ARROWLEFT","LEFT"),"ARROWRIGHT","RIGHT"),"↓","DOWN"),"↑","UP"),"←","LEFT"),"→","RIGHT"),"SPACEBAR","SPACE"),"−","-"),"MINUS","-"),"PLUS","+")=Key!$E$43:$F$43),"✔ CLEAR","✘ TRY AGAIN"))),"✘ TRY AGAIN")} | F16: {=IF(E16="Show hint",Key!$B$43,"")} | G16: {=IF(LEFT(D16,1)="✔",IF(E16="Show hint",5,10),0)} -> 0
A17: W5 | B17: Which keys type the current time as a fixed value? (from S2-3 Stamps & Smart Fill) | D17: {=IFERROR(_xlfn.LET(_xlpm.a,'F2-3 Combo Moves'!$C$17,IF(TRIM(_xlpm.a&"")="","",IF(OR(SUBSTITUTE(SUBSTITUTE(SUBSTITUTE(SUBSTITUTE(SUBSTITUTE(SUBSTITUTE(SUBSTITUTE(SUBSTITUTE(SUBSTITUTE(SUBSTITUTE(SUBSTITUTE(SUBSTITUTE(SUBSTITUTE(SUBSTITUTE(SUBSTITUTE(SUBSTITUTE(SUBSTITUTE(SUBSTITUTE(SUBSTITUTE(SUBSTITUTE(SUBSTITUTE(SUBSTITUTE(SUBSTITUTE(SUBSTITUTE(SUBSTITUTE(SUBSTITUTE(SUBSTITUTE(UPPER(_xlpm.a)," ",""),"CONTROL","CTRL"),"CTL","CTRL"),"ESCAPE","ESC"),"RETURN","ENTER"),"PAGEDOWN","PGDN"),"PGDOWN","PGDN"),"PAGEUP","PGUP"),"ARROWKEYS","ARROW"),"ARROWKEY","ARROW"),"ARROWS","ARROW"),"DOWNARROW","DOWN"),"UPARROW","UP"),"LEFTARROW","LEFT"),"RIGHTARROW","RIGHT"),"ARROWDOWN","DOWN"),"ARROWUP","UP"),"ARROWLEFT","LEFT"),"ARROWRIGHT","RIGHT"),"↓","DOWN"),"↑","UP"),"←","LEFT"),"→","RIGHT"),"SPACEBAR","SPACE"),"−","-"),"MINUS","-"),"PLUS","+")=Key!$E$44:$K$44),"✔ CLEAR","✘ TRY AGAIN"))),"✘ TRY AGAIN")} | F17: {=IF(E17="Show hint",Key!$B$44,"")} | G17: {=IF(LEFT(D17,1)="✔",IF(E17="Show hint",5,10),0)} -> 0
A18: W6 | B18: Which keys run Flash Fill? (from S2-3 Stamps & Smart Fill) | D18: {=IFERROR(_xlfn.LET(_xlpm.a,'F2-3 Combo Moves'!$C$18,IF(TRIM(_xlpm.a&"")="","",IF(OR(SUBSTITUTE(SUBSTITUTE(SUBSTITUTE(SUBSTITUTE(SUBSTITUTE(SUBSTITUTE(SUBSTITUTE(SUBSTITUTE(SUBSTITUTE(SUBSTITUTE(SUBSTITUTE(SUBSTITUTE(SUBSTITUTE(SUBSTITUTE(SUBSTITUTE(SUBSTITUTE(SUBSTITUTE(SUBSTITUTE(SUBSTITUTE(SUBSTITUTE(SUBSTITUTE(SUBSTITUTE(SUBSTITUTE(SUBSTITUTE(SUBSTITUTE(SUBSTITUTE(SUBSTITUTE(UPPER(_xlpm.a)," ",""),"CONTROL","CTRL"),"CTL","CTRL"),"ESCAPE","ESC"),"RETURN","ENTER"),"PAGEDOWN","PGDN"),"PGDOWN","PGDN"),"PAGEUP","PGUP"),"ARROWKEYS","ARROW"),"ARROWKEY","ARROW"),"ARROWS","ARROW"),"DOWNARROW","DOWN"),"UPARROW","UP"),"LEFTARROW","LEFT"),"RIGHTARROW","RIGHT"),"ARROWDOWN","DOWN"),"ARROWUP","UP"),"ARROWLEFT","LEFT"),"ARROWRIGHT","RIGHT"),"↓","DOWN"),"↑","UP"),"←","LEFT"),"→","RIGHT"),"SPACEBAR","SPACE"),"−","-"),"MINUS","-"),"PLUS","+")=Key!$E$45:$E$45),"✔ CLEAR","✘ TRY AGAIN"))),"✘ TRY AGAIN")} | F18: {=IF(E18="Show hint",Key!$B$45,"")} | G18: {=IF(LEFT(D18,1)="✔",IF(E18="Show hint",5,10),0)} -> 0
A19: W7 | B19: Which keys open the dropdown list of a cell? (from S2-3 Stamps & Smart Fill) | D19: {=IFERROR(_xlfn.LET(_xlpm.a,'F2-3 Combo Moves'!$C$19,IF(TRIM(_xlpm.a&"")="","",IF(OR(SUBSTITUTE(SUBSTITUTE(SUBSTITUTE(SUBSTITUTE(SUBSTITUTE(SUBSTITUTE(SUBSTITUTE(SUBSTITUTE(SUBSTITUTE(SUBSTITUTE(SUBSTITUTE(SUBSTITUTE(SUBSTITUTE(SUBSTITUTE(SUBSTITUTE(SUBSTITUTE(SUBSTITUTE(SUBSTITUTE(SUBSTITUTE(SUBSTITUTE(SUBSTITUTE(SUBSTITUTE(SUBSTITUTE(SUBSTITUTE(SUBSTITUTE(SUBSTITUTE(SUBSTITUTE(UPPER(_xlpm.a)," ",""),"CONTROL","CTRL"),"CTL","CTRL"),"ESCAPE","ESC"),"RETURN","ENTER"),"PAGEDOWN","PGDN"),"PGDOWN","PGDN"),"PAGEUP","PGUP"),"ARROWKEYS","ARROW"),"ARROWKEY","ARROW"),"ARROWS","ARROW"),"DOWNARROW","DOWN"),"UPARROW","UP"),"LEFTARROW","LEFT"),"RIGHTARROW","RIGHT"),"ARROWDOWN","DOWN"),"ARROWUP","UP"),"ARROWLEFT","LEFT"),"ARROWRIGHT","RIGHT"),"↓","DOWN"),"↑","UP"),"←","LEFT"),"→","RIGHT"),"SPACEBAR","SPACE"),"−","-"),"MINUS","-"),"PLUS","+")=Key!$E$46:$E$46),"✔ CLEAR","✘ TRY AGAIN"))),"✘ TRY AGAIN")} | F19: {=IF(E19="Show hint",Key!$B$46,"")} | G19: {=IF(LEFT(D19,1)="✔",IF(E19="Show hint",5,10),0)} -> 0
A20: W8 | B20: Which keys extend the selection to the last used cell? (from S1-3 Lasso) | D20: {=IFERROR(_xlfn.LET(_xlpm.a,'F2-3 Combo Moves'!$C$20,IF(TRIM(_xlpm.a&"")="","",IF(OR(SUBSTITUTE(SUBSTITUTE(SUBSTITUTE(SUBSTITUTE(SUBSTITUTE(SUBSTITUTE(SUBSTITUTE(SUBSTITUTE(SUBSTITUTE(SUBSTITUTE(SUBSTITUTE(SUBSTITUTE(SUBSTITUTE(SUBSTITUTE(SUBSTITUTE(SUBSTITUTE(SUBSTITUTE(SUBSTITUTE(SUBSTITUTE(SUBSTITUTE(SUBSTITUTE(SUBSTITUTE(SUBSTITUTE(SUBSTITUTE(SUBSTITUTE(SUBSTITUTE(SUBSTITUTE(UPPER(_xlpm.a)," ",""),"CONTROL","CTRL"),"CTL","CTRL"),"ESCAPE","ESC"),"RETURN","ENTER"),"PAGEDOWN","PGDN"),"PGDOWN","PGDN"),"PAGEUP","PGUP"),"ARROWKEYS","ARROW"),"ARROWKEY","ARROW"),"ARROWS","ARROW"),"DOWNARROW","DOWN"),"UPARROW","UP"),"LEFTARROW","LEFT"),"RIGHTARROW","RIGHT"),"ARROWDOWN","DOWN"),"ARROWUP","UP"),"ARROWLEFT","LEFT"),"ARROWRIGHT","RIGHT"),"↓","DOWN"),"↑","UP"),"←","LEFT"),"→","RIGHT"),"SPACEBAR","SPACE"),"−","-"),"MINUS","-"),"PLUS","+")=Key!$E$47:$F$47),"✔ CLEAR","✘ TRY AGAIN"))),"✘ TRY AGAIN")} | F20: {=IF(E20="Show hint",Key!$B$47,"")} | G20: {=IF(LEFT(D20,1)="✔",IF(E20="Show hint",5,10),0)} -> 0
A21: W9 | B21: Which keys extend the selection back to cell A1? (from S1-3 Lasso) | D21: {=IFERROR(_xlfn.LET(_xlpm.a,'F2-3 Combo Moves'!$C$21,IF(TRIM(_xlpm.a&"")="","",IF(OR(SUBSTITUTE(SUBSTITUTE(SUBSTITUTE(SUBSTITUTE(SUBSTITUTE(SUBSTITUTE(SUBSTITUTE(SUBSTITUTE(SUBSTITUTE(SUBSTITUTE(SUBSTITUTE(SUBSTITUTE(SUBSTITUTE(SUBSTITUTE(SUBSTITUTE(SUBSTITUTE(SUBSTITUTE(SUBSTITUTE(SUBSTITUTE(SUBSTITUTE(SUBSTITUTE(SUBSTITUTE(SUBSTITUTE(SUBSTITUTE(SUBSTITUTE(SUBSTITUTE(SUBSTITUTE(UPPER(_xlpm.a)," ",""),"CONTROL","CTRL"),"CTL","CTRL"),"ESCAPE","ESC"),"RETURN","ENTER"),"PAGEDOWN","PGDN"),"PGDOWN","PGDN"),"PAGEUP","PGUP"),"ARROWKEYS","ARROW"),"ARROWKEY","ARROW"),"ARROWS","ARROW"),"DOWNARROW","DOWN"),"UPARROW","UP"),"LEFTARROW","LEFT"),"RIGHTARROW","RIGHT"),"ARROWDOWN","DOWN"),"ARROWUP","UP"),"ARROWLEFT","LEFT"),"ARROWRIGHT","RIGHT"),"↓","DOWN"),"↑","UP"),"←","LEFT"),"→","RIGHT"),"SPACEBAR","SPACE"),"−","-"),"MINUS","-"),"PLUS","+")=Key!$E$48:$F$48),"✔ CLEAR","✘ TRY AGAIN"))),"✘ TRY AGAIN")} | F21: {=IF(E21="Show hint",Key!$B$48,"")} | G21: {=IF(LEFT(D21,1)="✔",IF(E21="Show hint",5,10),0)} -> 0
A22: W10 | B22: Which keys select the entire row? (from S1-4 Grab) | D22: {=IFERROR(_xlfn.LET(_xlpm.a,'F2-3 Combo Moves'!$C$22,IF(TRIM(_xlpm.a&"")="","",IF(OR(SUBSTITUTE(SUBSTITUTE(SUBSTITUTE(SUBSTITUTE(SUBSTITUTE(SUBSTITUTE(SUBSTITUTE(SUBSTITUTE(SUBSTITUTE(SUBSTITUTE(SUBSTITUTE(SUBSTITUTE(SUBSTITUTE(SUBSTITUTE(SUBSTITUTE(SUBSTITUTE(SUBSTITUTE(SUBSTITUTE(SUBSTITUTE(SUBSTITUTE(SUBSTITUTE(SUBSTITUTE(SUBSTITUTE(SUBSTITUTE(SUBSTITUTE(SUBSTITUTE(SUBSTITUTE(UPPER(_xlpm.a)," ",""),"CONTROL","CTRL"),"CTL","CTRL"),"ESCAPE","ESC"),"RETURN","ENTER"),"PAGEDOWN","PGDN"),"PGDOWN","PGDN"),"PAGEUP","PGUP"),"ARROWKEYS","ARROW"),"ARROWKEY","ARROW"),"ARROWS","ARROW"),"DOWNARROW","DOWN"),"UPARROW","UP"),"LEFTARROW","LEFT"),"RIGHTARROW","RIGHT"),"ARROWDOWN","DOWN"),"ARROWUP","UP"),"ARROWLEFT","LEFT"),"ARROWRIGHT","RIGHT"),"↓","DOWN"),"↑","UP"),"←","LEFT"),"→","RIGHT"),"SPACEBAR","SPACE"),"−","-"),"MINUS","-"),"PLUS","+")=Key!$E$49:$E$49),"✔ CLEAR","✘ TRY AGAIN"))),"✘ TRY AGAIN")} | F22: {=IF(E22="Show hint",Key!$B$49,"")} | G22: {=IF(LEFT(D22,1)="✔",IF(E22="Show hint",5,10),0)} -> 0
A24: TRAINING · recognize the move (pick from the list)
A25: # | B25: Mission | C25: Your answer | D25: Result | E25: Hint? | F25: Hint | G25: XP
A26: T1 | B26: Which function is TRUE only when all its conditions are TRUE? | D26: {=IFERROR(IF('F2-3 Combo Moves'!$C$26&""="","",IF('F2-3 Combo Moves'!$C$26&""=Key!$C$50&"","✔ CLEAR","✘ TRY AGAIN")),"✘ TRY AGAIN")} | F26: {=IF(E26="Show hint",Key!$B$50,"")} | G26: {=IF(LEFT(D26,1)="✔",IF(E26="Show hint",5,10),0)} -> 0
A27: T2 | B27: Which function is TRUE when at least one condition is TRUE? | D27: {=IFERROR(IF('F2-3 Combo Moves'!$C$27&""="","",IF('F2-3 Combo Moves'!$C$27&""=Key!$C$51&"","✔ CLEAR","✘ TRY AGAIN")),"✘ TRY AGAIN")} | F27: {=IF(E27="Show hint",Key!$B$51,"")} | G27: {=IF(LEFT(D27,1)="✔",IF(E27="Show hint",5,10),0)} -> 0
A28: T3 | B28: Which function flips TRUE and FALSE? | D28: {=IFERROR(IF('F2-3 Combo Moves'!$C$28&""="","",IF('F2-3 Combo Moves'!$C$28&""=Key!$C$52&"","✔ CLEAR","✘ TRY AGAIN")),"✘ TRY AGAIN")} | F28: {=IF(E28="Show hint",Key!$B$52,"")} | G28: {=IF(LEFT(D28,1)="✔",IF(E28="Show hint",5,10),0)} -> 0
A30: CHALLENGES · recall it, then do it
B31: ▶ Open F2-3 Arena (or press Ctrl+PgDn)
A32: # | B32: Mission | C32: Your answer | D32: Result | E32: Hint? | F32: Hint | G32: XP
A33: C1 | B33: Which function is TRUE only when all its conditions are TRUE? | D33: {=IFERROR(_xlfn.LET(_xlpm.a,'F2-3 Combo Moves'!$C$33,IF(TRIM(_xlpm.a&"")="","",IF(OR(SUBSTITUTE(SUBSTITUTE(SUBSTITUTE(SUBSTITUTE(SUBSTITUTE(SUBSTITUTE(SUBSTITUTE(SUBSTITUTE(SUBSTITUTE(SUBSTITUTE(SUBSTITUTE(SUBSTITUTE(SUBSTITUTE(SUBSTITUTE(SUBSTITUTE(SUBSTITUTE(SUBSTITUTE(SUBSTITUTE(SUBSTITUTE(SUBSTITUTE(SUBSTITUTE(SUBSTITUTE(SUBSTITUTE(SUBSTITUTE(SUBSTITUTE(SUBSTITUTE(SUBSTITUTE(UPPER(_xlpm.a)," ",""),"CONTROL","CTRL"),"CTL","CTRL"),"ESCAPE","ESC"),"RETURN","ENTER"),"PAGEDOWN","PGDN"),"PGDOWN","PGDN"),"PAGEUP","PGUP"),"ARROWKEYS","ARROW"),"ARROWKEY","ARROW"),"ARROWS","ARROW"),"DOWNARROW","DOWN"),"UPARROW","UP"),"LEFTARROW","LEFT"),"RIGHTARROW","RIGHT"),"ARROWDOWN","DOWN"),"ARROWUP","UP"),"ARROWLEFT","LEFT"),"ARROWRIGHT","RIGHT"),"↓","DOWN"),"↑","UP"),"←","LEFT"),"→","RIGHT"),"SPACEBAR","SPACE"),"−","-"),"MINUS","-"),"PLUS","+")=Key!$E$53:$J$53),"✔ CLEAR","✘ TRY AGAIN"))),"✘ TRY AGAIN")} | F33: {=IF(E33="Show hint",Key!$B$53,"")} | G33: {=IF(LEFT(D33,1)="✔",IF(E33="Show hint",5,10),0)} -> 0
A34: C2 | B34: Which function is TRUE when at least one condition is TRUE? | D34: {=IFERROR(_xlfn.LET(_xlpm.a,'F2-3 Combo Moves'!$C$34,IF(TRIM(_xlpm.a&"")="","",IF(OR(SUBSTITUTE(SUBSTITUTE(SUBSTITUTE(SUBSTITUTE(SUBSTITUTE(SUBSTITUTE(SUBSTITUTE(SUBSTITUTE(SUBSTITUTE(SUBSTITUTE(SUBSTITUTE(SUBSTITUTE(SUBSTITUTE(SUBSTITUTE(SUBSTITUTE(SUBSTITUTE(SUBSTITUTE(SUBSTITUTE(SUBSTITUTE(SUBSTITUTE(SUBSTITUTE(SUBSTITUTE(SUBSTITUTE(SUBSTITUTE(SUBSTITUTE(SUBSTITUTE(SUBSTITUTE(UPPER(_xlpm.a)," ",""),"CONTROL","CTRL"),"CTL","CTRL"),"ESCAPE","ESC"),"RETURN","ENTER"),"PAGEDOWN","PGDN"),"PGDOWN","PGDN"),"PAGEUP","PGUP"),"ARROWKEYS","ARROW"),"ARROWKEY","ARROW"),"ARROWS","ARROW"),"DOWNARROW","DOWN"),"UPARROW","UP"),"LEFTARROW","LEFT"),"RIGHTARROW","RIGHT"),"ARROWDOWN","DOWN"),"ARROWUP","UP"),"ARROWLEFT","LEFT"),"ARROWRIGHT","RIGHT"),"↓","DOWN"),"↑","UP"),"←","LEFT"),"→","RIGHT"),"SPACEBAR","SPACE"),"−","-"),"MINUS","-"),"PLUS","+")=Key!$E$54:$J$54),"✔ CLEAR","✘ TRY AGAIN"))),"✘ TRY AGAIN")} | F34: {=IF(E34="Show hint",Key!$B$54,"")} | G34: {=IF(LEFT(D34,1)="✔",IF(E34="Show hint",5,10),0)} -> 0
A35: C3 | B35: Which function flips TRUE and FALSE? | D35: {=IFERROR(_xlfn.LET(_xlpm.a,'F2-3 Combo Moves'!$C$35,IF(TRIM(_xlpm.a&"")="","",IF(OR(SUBSTITUTE(SUBSTITUTE(SUBSTITUTE(SUBSTITUTE(SUBSTITUTE(SUBSTITUTE(SUBSTITUTE(SUBSTITUTE(SUBSTITUTE(SUBSTITUTE(SUBSTITUTE(SUBSTITUTE(SUBSTITUTE(SUBSTITUTE(SUBSTITUTE(SUBSTITUTE(SUBSTITUTE(SUBSTITUTE(SUBSTITUTE(SUBSTITUTE(SUBSTITUTE(SUBSTITUTE(SUBSTITUTE(SUBSTITUTE(SUBSTITUTE(SUBSTITUTE(SUBSTITUTE(UPPER(_xlpm.a)," ",""),"CONTROL","CTRL"),"CTL","CTRL"),"ESCAPE","ESC"),"RETURN","ENTER"),"PAGEDOWN","PGDN"),"PGDOWN","PGDN"),"PAGEUP","PGUP"),"ARROWKEYS","ARROW"),"ARROWKEY","ARROW"),"ARROWS","ARROW"),"DOWNARROW","DOWN"),"UPARROW","UP"),"LEFTARROW","LEFT"),"RIGHTARROW","RIGHT"),"ARROWDOWN","DOWN"),"ARROWUP","UP"),"ARROWLEFT","LEFT"),"ARROWRIGHT","RIGHT"),"↓","DOWN"),"↑","UP"),"←","LEFT"),"→","RIGHT"),"SPACEBAR","SPACE"),"−","-"),"MINUS","-"),"PLUS","+")=Key!$E$55:$J$55),"✔ CLEAR","✘ TRY AGAIN"))),"✘ TRY AGAIN")} | F35: {=IF(E35="Show hint",Key!$B$55,"")} | G35: {=IF(LEFT(D35,1)="✔",IF(E35="Show hint",5,10),0)} -> 0
A36: C4 | B36: Can they drive? In F6: "Yes" if Age (D6) is at least 18 AND License (E6) is "Yes", otherwise "No". Fill down to F15. | C36: ▶ ARENA C4 (cell F6) | D36: {=IF(COUNTA('F2-3 Arena'!$F$6,'F2-3 Arena'!$F$7,'F2-3 Arena'!$F$8,'F2-3 Arena'!$F$9,'F2-3 Arena'!$F$10,'F2-3 Arena'!$F$11,'F2-3 Arena'!$F$12,'F2-3 Arena'!$F$13,'F2-3 Arena'!$F$14,'F2-3 Arena'!$F$15)=0,"",IF(OR(NOT(_xlfn.ISFORMULA('F2-3 Arena'!$F$6)),NOT(_xlfn.ISFORMULA('F2-3 Arena'!$F$7)),NOT(_xlfn.ISFORMULA('F2-3 Arena'!$F$8)),NOT(_xlfn.ISFORMULA('F2-3 Arena'!$F$9)),NOT(_xlfn.ISFORMULA('F2-3 Arena'!$F$10)),NOT(_xlfn.ISFORMULA('F2-3 Arena'!$F$11)),NOT(_xlfn.ISFORMULA('F2-3 Arena'!$F$12)),NOT(_xlfn.ISFORMULA('F2-3 Arena'!$F$13)),NOT(_xlfn.ISFORMULA('F2-3 Arena'!$F$14)),NOT(_xlfn.ISFORMULA('F2-3 Arena'!$F$15))),"✘ Some cells aren't formulas yet",IF(OR(ISERROR('F2-3 Arena'!$F$6),ISERROR('F2-3 Arena'!$F$7),ISERROR('F2-3 Arena'!$F$8),ISERROR('F2-3 Arena'!$F$9),ISERROR('F2-3 Arena'!$F$10),ISERROR('F2-3 Arena'!$F$11),ISERROR('F2-3 Arena'!$F$12),ISERROR('F2-3 Arena'!$F$13),ISERROR('F2-3 Arena'!$F$14),ISERROR('F2-3 Arena'!$F$15)),"✘ Some cells show an error",IF(NOT(AND(IFERROR(AND(ISTEXT('F2-3 Arena'!$F$6),'F2-3 Arena'!$F$6=Key!$E$56),FALSE),IFERROR(AND(ISTEXT('F2-3 Arena'!$F$7),'F2-3 Arena'!$F$7=Key!$F$56),FALSE),IFERROR(AND(ISTEXT('F2-3 Arena'!$F$8),'F2-3 Arena'!$F$8=Key!$G$56),FALSE),IFERROR(AND(ISTEXT('F2-3 Arena'!$F$9),'F2-3 Arena'!$F$9=Key!$H$56),FALSE),IFERROR(AND(ISTEXT('F2-3 Arena'!$F$10),'F2-3 Arena'!$F$10=Key!$I$56),FALSE),IFERROR(AND(ISTEXT('F2-3 Arena'!$F$11),'F2-3 Arena'!$F$11=Key!$J$56),FALSE),IFERROR(AND(ISTEXT('F2-3 Arena'!$F$12),'F2-3 Arena'!$F$12=Key!$K$56),FALSE),IFERROR(AND(ISTEXT('F2-3 Arena'!$F$13),'F2-3 Arena'!$F$13=Key!$L$56),FALSE),IFERROR(AND(ISTEXT('F2-3 Arena'!$F$14),'F2-3 Arena'!$F$14=Key!$M$56),FALSE),IFERROR(AND(ISTEXT('F2-3 Arena'!$F$15),'F2-3 Arena'!$F$15=Key!$N$56),FALSE))),"✘ TRY AGAIN",IF(AND(OR(ISNUMBER(FIND({"=","(",",","+","-","*","/","&"," ","<",">",":","@","^"}&"AND"&"(",UPPER(_xlfn.FORMULATEXT('F2-3 Arena'!$F$6)))))),"✔ CLEAR","✘ CLOSE · right value, but use AND")))))} | F36: {=IF(E36="Show hint",Key!$B$56,"")} | G36: {=IF(LEFT(D36,1)="✔",IF(E36="Show hint",5,10),0)} -> 0
A37: C5 | B37: Prize if Score is at least 90 OR Age is under 16. In G6 return "Prize" or "No prize"; fill down to G15. | C37: ▶ ARENA C5 (cell G6) | D37: {=IF(COUNTA('F2-3 Arena'!$G$6,'F2-3 Arena'!$G$7,'F2-3 Arena'!$G$8,'F2-3 Arena'!$G$9,'F2-3 Arena'!$G$10,'F2-3 Arena'!$G$11,'F2-3 Arena'!$G$12,'F2-3 Arena'!$G$13,'F2-3 Arena'!$G$14,'F2-3 Arena'!$G$15)=0,"",IF(OR(NOT(_xlfn.ISFORMULA('F2-3 Arena'!$G$6)),NOT(_xlfn.ISFORMULA('F2-3 Arena'!$G$7)),NOT(_xlfn.ISFORMULA('F2-3 Arena'!$G$8)),NOT(_xlfn.ISFORMULA('F2-3 Arena'!$G$9)),NOT(_xlfn.ISFORMULA('F2-3 Arena'!$G$10)),NOT(_xlfn.ISFORMULA('F2-3 Arena'!$G$11)),NOT(_xlfn.ISFORMULA('F2-3 Arena'!$G$12)),NOT(_xlfn.ISFORMULA('F2-3 Arena'!$G$13)),NOT(_xlfn.ISFORMULA('F2-3 Arena'!$G$14)),NOT(_xlfn.ISFORMULA('F2-3 Arena'!$G$15))),"✘ Some cells aren't formulas yet",IF(OR(ISERROR('F2-3 Arena'!$G$6),ISERROR('F2-3 Arena'!$G$7),ISERROR('F2-3 Arena'!$G$8),ISERROR('F2-3 Arena'!$G$9),ISERROR('F2-3 Arena'!$G$10),ISERROR('F2-3 Arena'!$G$11),ISERROR('F2-3 Arena'!$G$12),ISERROR('F2-3 Arena'!$G$13),ISERROR('F2-3 Arena'!$G$14),ISERROR('F2-3 Arena'!$G$15)),"✘ Some cells show an error",IF(NOT(AND(IFERROR(AND(ISTEXT('F2-3 Arena'!$G$6),'F2-3 Arena'!$G$6=Key!$E$57),FALSE),IFERROR(AND(ISTEXT('F2-3 Arena'!$G$7),'F2-3 Arena'!$G$7=Key!$F$57),FALSE),IFERROR(AND(ISTEXT('F2-3 Arena'!$G$8),'F2-3 Arena'!$G$8=Key!$G$57),FALSE),IFERROR(AND(ISTEXT('F2-3 Arena'!$G$9),'F2-3 Arena'!$G$9=Key!$H$57),FALSE),IFERROR(AND(ISTEXT('F2-3 Arena'!$G$10),'F2-3 Arena'!$G$10=Key!$I$57),FALSE),IFERROR(AND(ISTEXT('F2-3 Arena'!$G$11),'F2-3 Arena'!$G$11=Key!$J$57),FALSE),IFERROR(AND(ISTEXT('F2-3 Arena'!$G$12),'F2-3 Arena'!$G$12=Key!$K$57),FALSE),IFERROR(AND(ISTEXT('F2-3 Arena'!$G$13),'F2-3 Arena'!$G$13=Key!$L$57),FALSE),IFERROR(AND(ISTEXT('F2-3 Arena'!$G$14),'F2-3 Arena'!$G$14=Key!$M$57),FALSE),IFERROR(AND(ISTEXT('F2-3 Arena'!$G$15),'F2-3 Arena'!$G$15=Key!$N$57),FALSE))),"✘ TRY AGAIN",IF(AND(OR(ISNUMBER(FIND({"=","(",",","+","-","*","/","&"," ","<",">",":","@","^"}&"OR"&"(",UPPER(_xlfn.FORMULATEXT('F2-3 Arena'!$G$6)))))),"✔ CLEAR","✘ CLOSE · right value, but use OR")))))} | F37: {=IF(E37="Show hint",Key!$B$57,"")} | G37: {=IF(LEFT(D37,1)="✔",IF(E37="Show hint",5,10),0)} -> 0
A38: C6 | B38: In I6 return TRUE when Ava (row 6) does NOT have a License of "Yes". Use NOT. | C38: ▶ ARENA C6 (cell I6) | D38: {=IF(ISBLANK('F2-3 Arena'!$I$6),"",IF(NOT(_xlfn.ISFORMULA('F2-3 Arena'!$I$6)),"✘ That's a typed value · enter a formula",IF(ISERROR('F2-3 Arena'!$I$6),"✘ Your formula returns "&IFERROR(CHOOSE(ERROR.TYPE('F2-3 Arena'!$I$6),"#NULL!","#DIV/0!","#VALUE!","#REF!","#NAME?","#NUM!","#N/A","#GETTING_DATA","#SPILL!","#CONNECT!","#BLOCKED!","#UNKNOWN!","#FIELD!","#CALC!"),"an error"),IF(NOT(AND(IFERROR(AND(ISLOGICAL('F2-3 Arena'!$I$6),'F2-3 Arena'!$I$6=(Key!$C$58="TRUE")),FALSE))),"✘ TRY AGAIN",IF(AND(OR(ISNUMBER(FIND({"=","(",",","+","-","*","/","&"," ","<",">",":","@","^"}&"NOT"&"(",UPPER(_xlfn.FORMULATEXT('F2-3 Arena'!$I$6)))))),"✔ CLEAR","✘ CLOSE · right value, but use NOT")))))} | F38: {=IF(E38="Show hint",Key!$B$58,"")} | G38: {=IF(LEFT(D38,1)="✔",IF(E38="Show hint",5,10),0)} -> 0

Sheet F2-3 Arena
A1: ARENA ▸ F2-3 COMBO MOVES
A2: Practice area · everything here is editable. Missions and their checks are on the stage sheet.
A3: PASS CODE | B3: COMBO | D3: ◀ Back to F2-3 Combo Moves
B5: Name | C5: Score | D5: Age | E5: License | F5: Can drive | G5: Prize | I5: Ava unlicensed?
B6: Ava | C6: 92 | D6: 17 | E6: No
B7: Ben | C7: 48 | D7: 22 | E7: Yes
B8: Cy | C8: 75 | D8: 19 | E8: Yes
B9: Dee | C9: 60 | D9: 16 | E9: No
B10: Eli | C10: 88 | D10: 30 | E10: Yes
B11: Fay | C11: 50 | D11: 18 | E11: Yes
B12: Gus | C12: 39 | D12: 25 | E12: No
B13: Hal | C13: 81 | D13: 41 | E13: Yes
B14: Ivy | C14: 99 | D14: 15 | E14: No
B15: Jo | C15: 70 | D15: 20 | E15: No

Sheet F2-4 Multi-Level
A1: STAGE F2-4 ▸ MULTI-LEVEL
A2: Goal: handle three or more outcomes
A3: {="SCORE "&TEXT(SUM($G$13:$G$38),"0000")&" / 0190"} -> SCORE 0000 / 0190 | C3: {=IF(SUM($G$13:$G$38)>=190,"★★★",IF(SUM($G$13:$G$38)>=190*0.8,"★★☆",IF(SUM($G$13:$G$38)>=190*0.5,"★☆☆","☆☆☆")))} -> ☆☆☆ | D3: {=REPT("█",ROUND(10*SUM($G$13:$G$38)/190,0))&REPT("░",10-ROUND(10*SUM($G$13:$G$38)/190,0))&" "&TEXT(SUM($G$13:$G$38)/190,"0%")} -> ░░░░░░░░░░ 0% | F3: {=IF(SUM($G$13:$G$38)>=190*0.5,"STAGE CLEAR! ▶ Next: F2-5 Error Shield","")}
A5: BRIEFING · new moves in this stage
A6: # | B6: What it does · Pro tip | C6: Keys / Syntax
A7: 1 | B7: Put an IF in the 'false' slot to handle three or more outcomes. Tip: =IF(B2>=90,"A",IF(B2>=75,"B","C")) | C7: IF inside IF
A8: 2 | B8: Check conditions in order and return the first match. Tip: =IFS(B2>=90,"Gold",B2>=75,"Silver",TRUE,"Other") | C8: IFS
A9: 3 | B9: End IFS with TRUE and a fallback to catch everything else. Tip: Without it, unmatched values show #N/A. | C9: TRUE, …
A11: WARM-UP · flashback to earlier stages
A12: # | B12: Mission | C12: Your answer | D12: Result | E12: Hint? | F12: Hint | G12: XP
A13: W1 | B13: Which function is TRUE only when all its conditions are TRUE? (from F2-3 Combo Moves) | D13: {=IFERROR(_xlfn.LET(_xlpm.a,'F2-4 Multi-Level'!$C$13,IF(TRIM(_xlpm.a&"")="","",IF(OR(SUBSTITUTE(SUBSTITUTE(SUBSTITUTE(SUBSTITUTE(SUBSTITUTE(SUBSTITUTE(SUBSTITUTE(SUBSTITUTE(SUBSTITUTE(SUBSTITUTE(SUBSTITUTE(SUBSTITUTE(SUBSTITUTE(SUBSTITUTE(SUBSTITUTE(SUBSTITUTE(SUBSTITUTE(SUBSTITUTE(SUBSTITUTE(SUBSTITUTE(SUBSTITUTE(SUBSTITUTE(SUBSTITUTE(SUBSTITUTE(SUBSTITUTE(SUBSTITUTE(SUBSTITUTE(UPPER(_xlpm.a)," ",""),"CONTROL","CTRL"),"CTL","CTRL"),"ESCAPE","ESC"),"RETURN","ENTER"),"PAGEDOWN","PGDN"),"PGDOWN","PGDN"),"PAGEUP","PGUP"),"ARROWKEYS","ARROW"),"ARROWKEY","ARROW"),"ARROWS","ARROW"),"DOWNARROW","DOWN"),"UPARROW","UP"),"LEFTARROW","LEFT"),"RIGHTARROW","RIGHT"),"ARROWDOWN","DOWN"),"ARROWUP","UP"),"ARROWLEFT","LEFT"),"ARROWRIGHT","RIGHT"),"↓","DOWN"),"↑","UP"),"←","LEFT"),"→","RIGHT"),"SPACEBAR","SPACE"),"−","-"),"MINUS","-"),"PLUS","+")=Key!$E$59:$J$59),"✔ CLEAR","✘ TRY AGAIN"))),"✘ TRY AGAIN")} | F13: {=IF(E13="Show hint",Key!$B$59,"")} | G13: {=IF(LEFT(D13,1)="✔",IF(E13="Show hint",5,10),0)} -> 0
A14: W2 | B14: Which function is TRUE when at least one condition is TRUE? (from F2-3 Combo Moves) | D14: {=IFERROR(_xlfn.LET(_xlpm.a,'F2-4 Multi-Level'!$C$14,IF(TRIM(_xlpm.a&"")="","",IF(OR(SUBSTITUTE(SUBSTITUTE(SUBSTITUTE(SUBSTITUTE(SUBSTITUTE(SUBSTITUTE(SUBSTITUTE(SUBSTITUTE(SUBSTITUTE(SUBSTITUTE(SUBSTITUTE(SUBSTITUTE(SUBSTITUTE(SUBSTITUTE(SUBSTITUTE(SUBSTITUTE(SUBSTITUTE(SUBSTITUTE(SUBSTITUTE(SUBSTITUTE(SUBSTITUTE(SUBSTITUTE(SUBSTITUTE(SUBSTITUTE(SUBSTITUTE(SUBSTITUTE(SUBSTITUTE(UPPER(_xlpm.a)," ",""),"CONTROL","CTRL"),"CTL","CTRL"),"ESCAPE","ESC"),"RETURN","ENTER"),"PAGEDOWN","PGDN"),"PGDOWN","PGDN"),"PAGEUP","PGUP"),"ARROWKEYS","ARROW"),"ARROWKEY","ARROW"),"ARROWS","ARROW"),"DOWNARROW","DOWN"),"UPARROW","UP"),"LEFTARROW","LEFT"),"RIGHTARROW","RIGHT"),"ARROWDOWN","DOWN"),"ARROWUP","UP"),"ARROWLEFT","LEFT"),"ARROWRIGHT","RIGHT"),"↓","DOWN"),"↑","UP"),"←","LEFT"),"→","RIGHT"),"SPACEBAR","SPACE"),"−","-"),"MINUS","-"),"PLUS","+")=Key!$E$60:$J$60),"✔ CLEAR","✘ TRY AGAIN"))),"✘ TRY AGAIN")} | F14: {=IF(E14="Show hint",Key!$B$60,"")} | G14: {=IF(LEFT(D14,1)="✔",IF(E14="Show hint",5,10),0)} -> 0
A15: W3 | B15: Which function flips TRUE and FALSE? (from F2-3 Combo Moves) | D15: {=IFERROR(_xlfn.LET(_xlpm.a,'F2-4 Multi-Level'!$C$15,IF(TRIM(_xlpm.a&"")="","",IF(OR(SUBSTITUTE(SUBSTITUTE(SUBSTITUTE(SUBSTITUTE(SUBSTITUTE(SUBSTITUTE(SUBSTITUTE(SUBSTITUTE(SUBSTITUTE(SUBSTITUTE(SUBSTITUTE(SUBSTITUTE(SUBSTITUTE(SUBSTITUTE(SUBSTITUTE(SUBSTITUTE(SUBSTITUTE(SUBSTITUTE(SUBSTITUTE(SUBSTITUTE(SUBSTITUTE(SUBSTITUTE(SUBSTITUTE(SUBSTITUTE(SUBSTITUTE(SUBSTITUTE(SUBSTITUTE(UPPER(_xlpm.a)," ",""),"CONTROL","CTRL"),"CTL","CTRL"),"ESCAPE","ESC"),"RETURN","ENTER"),"PAGEDOWN","PGDN"),"PGDOWN","PGDN"),"PAGEUP","PGUP"),"ARROWKEYS","ARROW"),"ARROWKEY","ARROW"),"ARROWS","ARROW"),"DOWNARROW","DOWN"),"UPARROW","UP"),"LEFTARROW","LEFT"),"RIGHTARROW","RIGHT"),"ARROWDOWN","DOWN"),"ARROWUP","UP"),"ARROWLEFT","LEFT"),"ARROWRIGHT","RIGHT"),"↓","DOWN"),"↑","UP"),"←","LEFT"),"→","RIGHT"),"SPACEBAR","SPACE"),"−","-"),"MINUS","-"),"PLUS","+")=Key!$E$61:$J$61),"✔ CLEAR","✘ TRY AGAIN"))),"✘ TRY AGAIN")} | F15: {=IF(E15="Show hint",Key!$B$61,"")} | G15: {=IF(LEFT(D15,1)="✔",IF(E15="Show hint",5,10),0)} -> 0
A16: W4 | B16: Which keys select the entire column? (from S1-4 Grab) | D16: {=IFERROR(_xlfn.LET(_xlpm.a,'F2-4 Multi-Level'!$C$16,IF(TRIM(_xlpm.a&"")="","",IF(OR(SUBSTITUTE(SUBSTITUTE(SUBSTITUTE(SUBSTITUTE(SUBSTITUTE(SUBSTITUTE(SUBSTITUTE(SUBSTITUTE(SUBSTITUTE(SUBSTITUTE(SUBSTITUTE(SUBSTITUTE(SUBSTITUTE(SUBSTITUTE(SUBSTITUTE(SUBSTITUTE(SUBSTITUTE(SUBSTITUTE(SUBSTITUTE(SUBSTITUTE(SUBSTITUTE(SUBSTITUTE(SUBSTITUTE(SUBSTITUTE(SUBSTITUTE(SUBSTITUTE(SUBSTITUTE(UPPER(_xlpm.a)," ",""),"CONTROL","CTRL"),"CTL","CTRL"),"ESCAPE","ESC"),"RETURN","ENTER"),"PAGEDOWN","PGDN"),"PGDOWN","PGDN"),"PAGEUP","PGUP"),"ARROWKEYS","ARROW"),"ARROWKEY","ARROW"),"ARROWS","ARROW"),"DOWNARROW","DOWN"),"UPARROW","UP"),"LEFTARROW","LEFT"),"RIGHTARROW","RIGHT"),"ARROWDOWN","DOWN"),"ARROWUP","UP"),"ARROWLEFT","LEFT"),"ARROWRIGHT","RIGHT"),"↓","DOWN"),"↑","UP"),"←","LEFT"),"→","RIGHT"),"SPACEBAR","SPACE"),"−","-"),"MINUS","-"),"PLUS","+")=Key!$E$62:$E$62),"✔ CLEAR","✘ TRY AGAIN"))),"✘ TRY AGAIN")} | F16: {=IF(E16="Show hint",Key!$B$62,"")} | G16: {=IF(LEFT(D16,1)="✔",IF(E16="Show hint",5,10),0)} -> 0
A17: W5 | B17: Which keys select the current data block (and the whole sheet if you keep pressing)? (from S1-4 Grab) | D17: {=IFERROR(_xlfn.LET(_xlpm.a,'F2-4 Multi-Level'!$C$17,IF(TRIM(_xlpm.a&"")="","",IF(OR(SUBSTITUTE(SUBSTITUTE(SUBSTITUTE(SUBSTITUTE(SUBSTITUTE(SUBSTITUTE(SUBSTITUTE(SUBSTITUTE(SUBSTITUTE(SUBSTITUTE(SUBSTITUTE(SUBSTITUTE(SUBSTITUTE(SUBSTITUTE(SUBSTITUTE(SUBSTITUTE(SUBSTITUTE(SUBSTITUTE(SUBSTITUTE(SUBSTITUTE(SUBSTITUTE(SUBSTITUTE(SUBSTITUTE(SUBSTITUTE(SUBSTITUTE(SUBSTITUTE(SUBSTITUTE(UPPER(_xlpm.a)," ",""),"CONTROL","CTRL"),"CTL","CTRL"),"ESCAPE","ESC"),"RETURN","ENTER"),"PAGEDOWN","PGDN"),"PGDOWN","PGDN"),"PAGEUP","PGUP"),"ARROWKEYS","ARROW"),"ARROWKEY","ARROW"),"ARROWS","ARROW"),"DOWNARROW","DOWN"),"UPARROW","UP"),"LEFTARROW","LEFT"),"RIGHTARROW","RIGHT"),"ARROWDOWN","DOWN"),"ARROWUP","UP"),"ARROWLEFT","LEFT"),"ARROWRIGHT","RIGHT"),"↓","DOWN"),"↑","UP"),"←","LEFT"),"→","RIGHT"),"SPACEBAR","SPACE"),"−","-"),"MINUS","-"),"PLUS","+")=Key!$E$63:$G$63),"✔ CLEAR","✘ TRY AGAIN"))),"✘ TRY AGAIN")} | F17: {=IF(E17="Show hint",Key!$B$63,"")} | G17: {=IF(LEFT(D17,1)="✔",IF(E17="Show hint",5,10),0)} -> 0
A18: W6 | B18: Which character must every formula start with? (from F1-1 Power Up) | D18: {=IFERROR(_xlfn.LET(_xlpm.a,'F2-4 Multi-Level'!$C$18,IF(TRIM(_xlpm.a&"")="","",IF(OR(SUBSTITUTE(SUBSTITUTE(SUBSTITUTE(SUBSTITUTE(SUBSTITUTE(SUBSTITUTE(SUBSTITUTE(SUBSTITUTE(SUBSTITUTE(SUBSTITUTE(SUBSTITUTE(SUBSTITUTE(SUBSTITUTE(SUBSTITUTE(SUBSTITUTE(SUBSTITUTE(SUBSTITUTE(SUBSTITUTE(SUBSTITUTE(SUBSTITUTE(SUBSTITUTE(SUBSTITUTE(SUBSTITUTE(SUBSTITUTE(SUBSTITUTE(SUBSTITUTE(SUBSTITUTE(UPPER(_xlpm.a)," ",""),"CONTROL","CTRL"),"CTL","CTRL"),"ESCAPE","ESC"),"RETURN","ENTER"),"PAGEDOWN","PGDN"),"PGDOWN","PGDN"),"PAGEUP","PGUP"),"ARROWKEYS","ARROW"),"ARROWKEY","ARROW"),"ARROWS","ARROW"),"DOWNARROW","DOWN"),"UPARROW","UP"),"LEFTARROW","LEFT"),"RIGHTARROW","RIGHT"),"ARROWDOWN","DOWN"),"ARROWUP","UP"),"ARROWLEFT","LEFT"),"ARROWRIGHT","RIGHT"),"↓","DOWN"),"↑","UP"),"←","LEFT"),"→","RIGHT"),"SPACEBAR","SPACE"),"−","-"),"MINUS","-"),"PLUS","+")=Key!$E$64:$H$64),"✔ CLEAR","✘ TRY AGAIN"))),"✘ TRY AGAIN")} | F18: {=IF(E18="Show hint",Key!$B$64,"")} | G18: {=IF(LEFT(D18,1)="✔",IF(E18="Show hint",5,10),0)} -> 0
A19: W7 | B19: Which operator raises a number to a power? (from F1-1 Power Up) | D19: {=IFERROR(_xlfn.LET(_xlpm.a,'F2-4 Multi-Level'!$C$19,IF(TRIM(_xlpm.a&"")="","",IF(OR(SUBSTITUTE(SUBSTITUTE(SUBSTITUTE(SUBSTITUTE(SUBSTITUTE(SUBSTITUTE(SUBSTITUTE(SUBSTITUTE(SUBSTITUTE(SUBSTITUTE(SUBSTITUTE(SUBSTITUTE(SUBSTITUTE(SUBSTITUTE(SUBSTITUTE(SUBSTITUTE(SUBSTITUTE(SUBSTITUTE(SUBSTITUTE(SUBSTITUTE(SUBSTITUTE(SUBSTITUTE(SUBSTITUTE(SUBSTITUTE(SUBSTITUTE(SUBSTITUTE(SUBSTITUTE(UPPER(_xlpm.a)," ",""),"CONTROL","CTRL"),"CTL","CTRL"),"ESCAPE","ESC"),"RETURN","ENTER"),"PAGEDOWN","PGDN"),"PGDOWN","PGDN"),"PAGEUP","PGUP"),"ARROWKEYS","ARROW"),"ARROWKEY","ARROW"),"ARROWS","ARROW"),"DOWNARROW","DOWN"),"UPARROW","UP"),"LEFTARROW","LEFT"),"RIGHTARROW","RIGHT"),"ARROWDOWN","DOWN"),"ARROWUP","UP"),"ARROWLEFT","LEFT"),"ARROWRIGHT","RIGHT"),"↓","DOWN"),"↑","UP"),"←","LEFT"),"→","RIGHT"),"SPACEBAR","SPACE"),"−","-"),"MINUS","-"),"PLUS","+")=Key!$E$65:$F$65),"✔ CLEAR","✘ TRY AGAIN"))),"✘ TRY AGAIN")} | F19: {=IF(E19="Show hint",Key!$B$65,"")} | G19: {=IF(LEFT(D19,1)="✔",IF(E19="Show hint",5,10),0)} -> 0
A20: W8 | B20: What does =2+3*4 return? (from F1-1 Power Up) | D20: {=IFERROR(_xlfn.LET(_xlpm.a,'F2-4 Multi-Level'!$C$20,IF(TRIM(_xlpm.a&"")="","",IF(OR(SUBSTITUTE(SUBSTITUTE(SUBSTITUTE(SUBSTITUTE(SUBSTITUTE(SUBSTITUTE(SUBSTITUTE(SUBSTITUTE(SUBSTITUTE(SUBSTITUTE(SUBSTITUTE(SUBSTITUTE(SUBSTITUTE(SUBSTITUTE(SUBSTITUTE(SUBSTITUTE(SUBSTITUTE(SUBSTITUTE(SUBSTITUTE(SUBSTITUTE(SUBSTITUTE(SUBSTITUTE(SUBSTITUTE(SUBSTITUTE(SUBSTITUTE(SUBSTITUTE(SUBSTITUTE(UPPER(_xlpm.a)," ",""),"CONTROL","CTRL"),"CTL","CTRL"),"ESCAPE","ESC"),"RETURN","ENTER"),"PAGEDOWN","PGDN"),"PGDOWN","PGDN"),"PAGEUP","PGUP"),"ARROWKEYS","ARROW"),"ARROWKEY","ARROW"),"ARROWS","ARROW"),"DOWNARROW","DOWN"),"UPARROW","UP"),"LEFTARROW","LEFT"),"RIGHTARROW","RIGHT"),"ARROWDOWN","DOWN"),"ARROWUP","UP"),"ARROWLEFT","LEFT"),"ARROWRIGHT","RIGHT"),"↓","DOWN"),"↑","UP"),"←","LEFT"),"→","RIGHT"),"SPACEBAR","SPACE"),"−","-"),"MINUS","-"),"PLUS","+")=Key!$E$66:$E$66),"✔ CLEAR","✘ TRY AGAIN"))),"✘ TRY AGAIN")} | F20: {=IF(E20="Show hint",Key!$B$66,"")} | G20: {=IF(LEFT(D20,1)="✔",IF(E20="Show hint",5,10),0)} -> 0
A21: W9 | B21: Type the formula that multiplies cell B2 by cell C2. (from F1-1 Power Up) | D21: {=IFERROR(_xlfn.LET(_xlpm.a,'F2-4 Multi-Level'!$C$21,IF(TRIM(_xlpm.a&"")="","",IF(OR(SUBSTITUTE(SUBSTITUTE(SUBSTITUTE(SUBSTITUTE(SUBSTITUTE(SUBSTITUTE(SUBSTITUTE(SUBSTITUTE(SUBSTITUTE(SUBSTITUTE(SUBSTITUTE(SUBSTITUTE(SUBSTITUTE(SUBSTITUTE(SUBSTITUTE(SUBSTITUTE(SUBSTITUTE(SUBSTITUTE(SUBSTITUTE(SUBSTITUTE(SUBSTITUTE(SUBSTITUTE(SUBSTITUTE(SUBSTITUTE(SUBSTITUTE(SUBSTITUTE(SUBSTITUTE(UPPER(_xlpm.a)," ",""),"CONTROL","CTRL"),"CTL","CTRL"),"ESCAPE","ESC"),"RETURN","ENTER"),"PAGEDOWN","PGDN"),"PGDOWN","PGDN"),"PAGEUP","PGUP"),"ARROWKEYS","ARROW"),"ARROWKEY","ARROW"),"ARROWS","ARROW"),"DOWNARROW","DOWN"),"UPARROW","UP"),"LEFTARROW","LEFT"),"RIGHTARROW","RIGHT"),"ARROWDOWN","DOWN"),"ARROWUP","UP"),"ARROWLEFT","LEFT"),"ARROWRIGHT","RIGHT"),"↓","DOWN"),"↑","UP"),"←","LEFT"),"→","RIGHT"),"SPACEBAR","SPACE"),"−","-"),"MINUS","-"),"PLUS","+")=Key!$E$67:$H$67),"✔ CLEAR","✘ TRY AGAIN"))),"✘ TRY AGAIN")} | F21: {=IF(E21="Show hint",Key!$B$67,"")} | G21: {=IF(LEFT(D21,1)="✔",IF(E21="Show hint",5,10),0)} -> 0
A22: W10 | B22: Which function adds up a range of numbers? (from F1-2 Big Six) | D22: {=IFERROR(_xlfn.LET(_xlpm.a,'F2-4 Multi-Level'!$C$22,IF(TRIM(_xlpm.a&"")="","",IF(OR(SUBSTITUTE(SUBSTITUTE(SUBSTITUTE(SUBSTITUTE(SUBSTITUTE(SUBSTITUTE(SUBSTITUTE(SUBSTITUTE(SUBSTITUTE(SUBSTITUTE(SUBSTITUTE(SUBSTITUTE(SUBSTITUTE(SUBSTITUTE(SUBSTITUTE(SUBSTITUTE(SUBSTITUTE(SUBSTITUTE(SUBSTITUTE(SUBSTITUTE(SUBSTITUTE(SUBSTITUTE(SUBSTITUTE(SUBSTITUTE(SUBSTITUTE(SUBSTITUTE(SUBSTITUTE(UPPER(_xlpm.a)," ",""),"CONTROL","CTRL"),"CTL","CTRL"),"ESCAPE","ESC"),"RETURN","ENTER"),"PAGEDOWN","PGDN"),"PGDOWN","PGDN"),"PAGEUP","PGUP"),"ARROWKEYS","ARROW"),"ARROWKEY","ARROW"),"ARROWS","ARROW"),"DOWNARROW","DOWN"),"UPARROW","UP"),"LEFTARROW","LEFT"),"RIGHTARROW","RIGHT"),"ARROWDOWN","DOWN"),"ARROWUP","UP"),"ARROWLEFT","LEFT"),"ARROWRIGHT","RIGHT"),"↓","DOWN"),"↑","UP"),"←","LEFT"),"→","RIGHT"),"SPACEBAR","SPACE"),"−","-"),"MINUS","-"),"PLUS","+")=Key!$E$68:$J$68),"✔ CLEAR","✘ TRY AGAIN"))),"✘ TRY AGAIN")} | F22: {=IF(E22="Show hint",Key!$B$68,"")} | G22: {=IF(LEFT(D22,1)="✔",IF(E22="Show hint",5,10),0)} -> 0
A24: TRAINING · recognize the move (pick from the list)
A25: # | B25: Mission | C25: Your answer | D25: Result | E25: Hint? | F25: Hint | G25: XP
A26: T1 | B26: How many IF functions does a nested IF need for 3 outcomes? | D26: {=IFERROR(IF('F2-4 Multi-Level'!$C$26&""="","",IF('F2-4 Multi-Level'!$C$26&""=Key!$C$69&"","✔ CLEAR","✘ TRY AGAIN")),"✘ TRY AGAIN")} | F26: {=IF(E26="Show hint",Key!$B$69,"")} | G26: {=IF(LEFT(D26,1)="✔",IF(E26="Show hint",5,10),0)} -> 0
A27: T2 | B27: Which function tests several conditions in order without nesting? | D27: {=IFERROR(IF('F2-4 Multi-Level'!$C$27&""="","",IF('F2-4 Multi-Level'!$C$27&""=Key!$C$70&"","✔ CLEAR","✘ TRY AGAIN")),"✘ TRY AGAIN")} | F27: {=IF(E27="Show hint",Key!$B$70,"")} | G27: {=IF(LEFT(D27,1)="✔",IF(E27="Show hint",5,10),0)} -> 0
A28: T3 | B28: In IFS, what do you put as the last test to catch all remaining cases? | D28: {=IFERROR(IF('F2-4 Multi-Level'!$C$28&""="","",IF('F2-4 Multi-Level'!$C$28&""=Key!$C$71&"","✔ CLEAR","✘ TRY AGAIN")),"✘ TRY AGAIN")} | F28: {=IF(E28="Show hint",Key!$B$71,"")} | G28: {=IF(LEFT(D28,1)="✔",IF(E28="Show hint",5,10),0)} -> 0
A30: CHALLENGES · recall it, then do it
B31: ▶ Open F2-4 Arena (or press Ctrl+PgDn)
A32: # | B32: Mission | C32: Your answer | D32: Result | E32: Hint? | F32: Hint | G32: XP
A33: C1 | B33: How many IF functions does a nested IF need for 3 outcomes? | D33: {=IFERROR(_xlfn.LET(_xlpm.a,'F2-4 Multi-Level'!$C$33,IF(TRIM(_xlpm.a&"")="","",IF(OR(SUBSTITUTE(SUBSTITUTE(SUBSTITUTE(SUBSTITUTE(SUBSTITUTE(SUBSTITUTE(SUBSTITUTE(SUBSTITUTE(SUBSTITUTE(SUBSTITUTE(SUBSTITUTE(SUBSTITUTE(SUBSTITUTE(SUBSTITUTE(SUBSTITUTE(SUBSTITUTE(SUBSTITUTE(SUBSTITUTE(SUBSTITUTE(SUBSTITUTE(SUBSTITUTE(SUBSTITUTE(SUBSTITUTE(SUBSTITUTE(SUBSTITUTE(SUBSTITUTE(SUBSTITUTE(UPPER(_xlpm.a)," ",""),"CONTROL","CTRL"),"CTL","CTRL"),"ESCAPE","ESC"),"RETURN","ENTER"),"PAGEDOWN","PGDN"),"PGDOWN","PGDN"),"PAGEUP","PGUP"),"ARROWKEYS","ARROW"),"ARROWKEY","ARROW"),"ARROWS","ARROW"),"DOWNARROW","DOWN"),"UPARROW","UP"),"LEFTARROW","LEFT"),"RIGHTARROW","RIGHT"),"ARROWDOWN","DOWN"),"ARROWUP","UP"),"ARROWLEFT","LEFT"),"ARROWRIGHT","RIGHT"),"↓","DOWN"),"↑","UP"),"←","LEFT"),"→","RIGHT"),"SPACEBAR","SPACE"),"−","-"),"MINUS","-"),"PLUS","+")=Key!$E$72:$F$72),"✔ CLEAR","✘ TRY AGAIN"))),"✘ TRY AGAIN")} | F33: {=IF(E33="Show hint",Key!$B$72,"")} | G33: {=IF(LEFT(D33,1)="✔",IF(E33="Show hint",5,10),0)} -> 0
A34: C2 | B34: Which function tests several conditions in order without nesting? | D34: {=IFERROR(_xlfn.LET(_xlpm.a,'F2-4 Multi-Level'!$C$34,IF(TRIM(_xlpm.a&"")="","",IF(OR(SUBSTITUTE(SUBSTITUTE(SUBSTITUTE(SUBSTITUTE(SUBSTITUTE(SUBSTITUTE(SUBSTITUTE(SUBSTITUTE(SUBSTITUTE(SUBSTITUTE(SUBSTITUTE(SUBSTITUTE(SUBSTITUTE(SUBSTITUTE(SUBSTITUTE(SUBSTITUTE(SUBSTITUTE(SUBSTITUTE(SUBSTITUTE(SUBSTITUTE(SUBSTITUTE(SUBSTITUTE(SUBSTITUTE(SUBSTITUTE(SUBSTITUTE(SUBSTITUTE(SUBSTITUTE(UPPER(_xlpm.a)," ",""),"CONTROL","CTRL"),"CTL","CTRL"),"ESCAPE","ESC"),"RETURN","ENTER"),"PAGEDOWN","PGDN"),"PGDOWN","PGDN"),"PAGEUP","PGUP"),"ARROWKEYS","ARROW"),"ARROWKEY","ARROW"),"ARROWS","ARROW"),"DOWNARROW","DOWN"),"UPARROW","UP"),"LEFTARROW","LEFT"),"RIGHTARROW","RIGHT"),"ARROWDOWN","DOWN"),"ARROWUP","UP"),"ARROWLEFT","LEFT"),"ARROWRIGHT","RIGHT"),"↓","DOWN"),"↑","UP"),"←","LEFT"),"→","RIGHT"),"SPACEBAR","SPACE"),"−","-"),"MINUS","-"),"PLUS","+")=Key!$E$73:$J$73),"✔ CLEAR","✘ TRY AGAIN"))),"✘ TRY AGAIN")} | F34: {=IF(E34="Show hint",Key!$B$73,"")} | G34: {=IF(LEFT(D34,1)="✔",IF(E34="Show hint",5,10),0)} -> 0
A35: C3 | B35: In IFS, what do you put as the last test to catch all remaining cases? | D35: {=IFERROR(_xlfn.LET(_xlpm.a,'F2-4 Multi-Level'!$C$35,IF(TRIM(_xlpm.a&"")="","",IF(OR(SUBSTITUTE(SUBSTITUTE(SUBSTITUTE(SUBSTITUTE(SUBSTITUTE(SUBSTITUTE(SUBSTITUTE(SUBSTITUTE(SUBSTITUTE(SUBSTITUTE(SUBSTITUTE(SUBSTITUTE(SUBSTITUTE(SUBSTITUTE(SUBSTITUTE(SUBSTITUTE(SUBSTITUTE(SUBSTITUTE(SUBSTITUTE(SUBSTITUTE(SUBSTITUTE(SUBSTITUTE(SUBSTITUTE(SUBSTITUTE(SUBSTITUTE(SUBSTITUTE(SUBSTITUTE(UPPER(_xlpm.a)," ",""),"CONTROL","CTRL"),"CTL","CTRL"),"ESCAPE","ESC"),"RETURN","ENTER"),"PAGEDOWN","PGDN"),"PGDOWN","PGDN"),"PAGEUP","PGUP"),"ARROWKEYS","ARROW"),"ARROWKEY","ARROW"),"ARROWS","ARROW"),"DOWNARROW","DOWN"),"UPARROW","UP"),"LEFTARROW","LEFT"),"RIGHTARROW","RIGHT"),"ARROWDOWN","DOWN"),"ARROWUP","UP"),"ARROWLEFT","LEFT"),"ARROWRIGHT","RIGHT"),"↓","DOWN"),"↑","UP"),"←","LEFT"),"→","RIGHT"),"SPACEBAR","SPACE"),"−","-"),"MINUS","-"),"PLUS","+")=Key!$E$74:$E$74),"✔ CLEAR","✘ TRY AGAIN"))),"✘ TRY AGAIN")} | F35: {=IF(E35="Show hint",Key!$B$74,"")} | G35: {=IF(LEFT(D35,1)="✔",IF(E35="Show hint",5,10),0)} -> 0
A36: C4 | B36: Grades with nested IF: in F6 return "A" for a Score of 90+, "B" for 75+, otherwise "C". Fill down to F15. | C36: ▶ ARENA C4 (cell F6) | D36: {=IF(COUNTA('F2-4 Arena'!$F$6,'F2-4 Arena'!$F$7,'F2-4 Arena'!$F$8,'F2-4 Arena'!$F$9,'F2-4 Arena'!$F$10,'F2-4 Arena'!$F$11,'F2-4 Arena'!$F$12,'F2-4 Arena'!$F$13,'F2-4 Arena'!$F$14,'F2-4 Arena'!$F$15)=0,"",IF(OR(NOT(_xlfn.ISFORMULA('F2-4 Arena'!$F$6)),NOT(_xlfn.ISFORMULA('F2-4 Arena'!$F$7)),NOT(_xlfn.ISFORMULA('F2-4 Arena'!$F$8)),NOT(_xlfn.ISFORMULA('F2-4 Arena'!$F$9)),NOT(_xlfn.ISFORMULA('F2-4 Arena'!$F$10)),NOT(_xlfn.ISFORMULA('F2-4 Arena'!$F$11)),NOT(_xlfn.ISFORMULA('F2-4 Arena'!$F$12)),NOT(_xlfn.ISFORMULA('F2-4 Arena'!$F$13)),NOT(_xlfn.ISFORMULA('F2-4 Arena'!$F$14)),NOT(_xlfn.ISFORMULA('F2-4 Arena'!$F$15))),"✘ Some cells aren't formulas yet",IF(OR(ISERROR('F2-4 Arena'!$F$6),ISERROR('F2-4 Arena'!$F$7),ISERROR('F2-4 Arena'!$F$8),ISERROR('F2-4 Arena'!$F$9),ISERROR('F2-4 Arena'!$F$10),ISERROR('F2-4 Arena'!$F$11),ISERROR('F2-4 Arena'!$F$12),ISERROR('F2-4 Arena'!$F$13),ISERROR('F2-4 Arena'!$F$14),ISERROR('F2-4 Arena'!$F$15)),"✘ Some cells show an error",IF(NOT(AND(IFERROR(AND(ISTEXT('F2-4 Arena'!$F$6),'F2-4 Arena'!$F$6=Key!$E$75),FALSE),IFERROR(AND(ISTEXT('F2-4 Arena'!$F$7),'F2-4 Arena'!$F$7=Key!$F$75),FALSE),IFERROR(AND(ISTEXT('F2-4 Arena'!$F$8),'F2-4 Arena'!$F$8=Key!$G$75),FALSE),IFERROR(AND(ISTEXT('F2-4 Arena'!$F$9),'F2-4 Arena'!$F$9=Key!$H$75),FALSE),IFERROR(AND(ISTEXT('F2-4 Arena'!$F$10),'F2-4 Arena'!$F$10=Key!$I$75),FALSE),IFERROR(AND(ISTEXT('F2-4 Arena'!$F$11),'F2-4 Arena'!$F$11=Key!$J$75),FALSE),IFERROR(AND(ISTEXT('F2-4 Arena'!$F$12),'F2-4 Arena'!$F$12=Key!$K$75),FALSE),IFERROR(AND(ISTEXT('F2-4 Arena'!$F$13),'F2-4 Arena'!$F$13=Key!$L$75),FALSE),IFERROR(AND(ISTEXT('F2-4 Arena'!$F$14),'F2-4 Arena'!$F$14=Key!$M$75),FALSE),IFERROR(AND(ISTEXT('F2-4 Arena'!$F$15),'F2-4 Arena'!$F$15=Key!$N$75),FALSE))),"✘ TRY AGAIN",IF(AND(OR(ISNUMBER(FIND({"=","(",",","+","-","*","/","&"," ","<",">",":","@","^"}&"IF"&"(",UPPER(_xlfn.FORMULATEXT('F2-4 Arena'!$F$6)))))),"✔ CLEAR","✘ CLOSE · right value, but use IF")))))} | F36: {=IF(E36="Show hint",Key!$B$75,"")} | G36: {=IF(LEFT(D36,1)="✔",IF(E36="Show hint",5,10),0)} -> 0
A37: C5 | B37: Medals with IFS: in G6 return "Gold" for 90+, "Silver" for 75+, "Bronze" for 60+, and "None" otherwise (end with TRUE). Fill down to G15. | C37: ▶ ARENA C5 (cell G6) | D37: {=IF(COUNTA('F2-4 Arena'!$G$6,'F2-4 Arena'!$G$7,'F2-4 Arena'!$G$8,'F2-4 Arena'!$G$9,'F2-4 Arena'!$G$10,'F2-4 Arena'!$G$11,'F2-4 Arena'!$G$12,'F2-4 Arena'!$G$13,'F2-4 Arena'!$G$14,'F2-4 Arena'!$G$15)=0,"",IF(OR(NOT(_xlfn.ISFORMULA('F2-4 Arena'!$G$6)),NOT(_xlfn.ISFORMULA('F2-4 Arena'!$G$7)),NOT(_xlfn.ISFORMULA('F2-4 Arena'!$G$8)),NOT(_xlfn.ISFORMULA('F2-4 Arena'!$G$9)),NOT(_xlfn.ISFORMULA('F2-4 Arena'!$G$10)),NOT(_xlfn.ISFORMULA('F2-4 Arena'!$G$11)),NOT(_xlfn.ISFORMULA('F2-4 Arena'!$G$12)),NOT(_xlfn.ISFORMULA('F2-4 Arena'!$G$13)),NOT(_xlfn.ISFORMULA('F2-4 Arena'!$G$14)),NOT(_xlfn.ISFORMULA('F2-4 Arena'!$G$15))),"✘ Some cells aren't formulas yet",IF(OR(ISERROR('F2-4 Arena'!$G$6),ISERROR('F2-4 Arena'!$G$7),ISERROR('F2-4 Arena'!$G$8),ISERROR('F2-4 Arena'!$G$9),ISERROR('F2-4 Arena'!$G$10),ISERROR('F2-4 Arena'!$G$11),ISERROR('F2-4 Arena'!$G$12),ISERROR('F2-4 Arena'!$G$13),ISERROR('F2-4 Arena'!$G$14),ISERROR('F2-4 Arena'!$G$15)),"✘ Some cells show an error",IF(NOT(AND(IFERROR(AND(ISTEXT('F2-4 Arena'!$G$6),'F2-4 Arena'!$G$6=Key!$E$76),FALSE),IFERROR(AND(ISTEXT('F2-4 Arena'!$G$7),'F2-4 Arena'!$G$7=Key!$F$76),FALSE),IFERROR(AND(ISTEXT('F2-4 Arena'!$G$8),'F2-4 Arena'!$G$8=Key!$G$76),FALSE),IFERROR(AND(ISTEXT('F2-4 Arena'!$G$9),'F2-4 Arena'!$G$9=Key!$H$76),FALSE),IFERROR(AND(ISTEXT('F2-4 Arena'!$G$10),'F2-4 Arena'!$G$10=Key!$I$76),FALSE),IFERROR(AND(ISTEXT('F2-4 Arena'!$G$11),'F2-4 Arena'!$G$11=Key!$J$76),FALSE),IFERROR(AND(ISTEXT('F2-4 Arena'!$G$12),'F2-4 Arena'!$G$12=Key!$K$76),FALSE),IFERROR(AND(ISTEXT('F2-4 Arena'!$G$13),'F2-4 Arena'!$G$13=Key!$L$76),FALSE),IFERROR(AND(ISTEXT('F2-4 Arena'!$G$14),'F2-4 Arena'!$G$14=Key!$M$76),FALSE),IFERROR(AND(ISTEXT('F2-4 Arena'!$G$15),'F2-4 Arena'!$G$15=Key!$N$76),FALSE))),"✘ TRY AGAIN",IF(AND(OR(ISNUMBER(FIND({"=","(",",","+","-","*","/","&"," ","<",">",":","@","^"}&"IFS"&"(",UPPER(_xlfn.FORMULATEXT('F2-4 Arena'!$G$6)))))),"✔ CLEAR","✘ CLOSE · right value, but use IFS")))))} | F37: {=IF(E37="Show hint",Key!$B$76,"")} | G37: {=IF(LEFT(D37,1)="✔",IF(E37="Show hint",5,10),0)} -> 0
A38: C6 | B38: What does =IFS(5>9,"A",5>3,"B",TRUE,"C") return? (It is written as text in the arena's I6 if you want to try it.) Type the result. | D38: {=IFERROR(_xlfn.LET(_xlpm.a,'F2-4 Multi-Level'!$C$38,IF(TRIM(_xlpm.a&"")="","",IF(SUBSTITUTE(SUBSTITUTE(UPPER(_xlpm.a&"")," ",""),"$","")=Key!$C$77,"✔ CLEAR","✘ TRY AGAIN"))),"✘ TRY AGAIN")} | F38: {=IF(E38="Show hint",Key!$B$77,"")} | G38: {=IF(LEFT(D38,1)="✔",IF(E38="Show hint",5,10),0)} -> 0

Sheet F2-4 Arena
A1: ARENA ▸ F2-4 MULTI-LEVEL
A2: Practice area · everything here is editable. Missions and their checks are on the stage sheet.
A3: PASS CODE | B3: LADDER | D3: ◀ Back to F2-4 Multi-Level
B5: Name | C5: Score | D5: Age | E5: License | F5: Grade | G5: Medal | I5: Try this
B6: Ava | C6: 92 | D6: 17 | E6: No | I6: =IFS(5>9,"A",5>3,"B",TRUE,"C")
B7: Ben | C7: 48 | D7: 22 | E7: Yes
B8: Cy | C8: 75 | D8: 19 | E8: Yes
B9: Dee | C9: 60 | D9: 16 | E9: No
B10: Eli | C10: 88 | D10: 30 | E10: Yes
B11: Fay | C11: 50 | D11: 18 | E11: Yes
B12: Gus | C12: 39 | D12: 25 | E12: No
B13: Hal | C13: 81 | D13: 41 | E13: Yes
B14: Ivy | C14: 99 | D14: 15 | E14: No
B15: Jo | C15: 70 | D15: 20 | E15: No

Sheet F2-5 Error Shield
A1: STAGE F2-5 ▸ ERROR SHIELD
A2: Goal: keep errors and blanks from breaking your sheet
A3: {="SCORE "&TEXT(SUM($G$14:$G$42),"0000")&" / 0220"} -> SCORE 0000 / 0220 | C3: {=IF(SUM($G$14:$G$42)>=220,"★★★",IF(SUM($G$14:$G$42)>=220*0.8,"★★☆",IF(SUM($G$14:$G$42)>=220*0.5,"★☆☆","☆☆☆")))} -> ☆☆☆ | D3: {=REPT("█",ROUND(10*SUM($G$14:$G$42)/220,0))&REPT("░",10-ROUND(10*SUM($G$14:$G$42)/220,0))&" "&TEXT(SUM($G$14:$G$42)/220,"0%")} -> ░░░░░░░░░░ 0% | F3: {=IF(SUM($G$14:$G$42)>=220*0.5,"STAGE CLEAR! ▶ Next: Boss","")}
A5: BRIEFING · new moves in this stage
A6: # | B6: What it does · Pro tip | C6: Keys / Syntax
A7: 1 | B7: Replace any error with a value you choose. Tip: =IFERROR(A2/B2,0) shows 0 instead of #DIV/0!. | C7: IFERROR
A8: 2 | B8: Replace only #N/A, the 'not found' error. Tip: Ideal around lookups: other errors still show. | C8: IFNA
A9: 3 | B9: TRUE if a cell is empty. Tip: =IF(ISBLANK(A2),"Missing","OK") | C9: ISBLANK
A10: 4 | B10: TRUE if a value is a number (not text that looks like one). Tip: "12" typed as text is not a number. | C10: ISNUMBER
A12: WARM-UP · flashback to earlier stages
A13: # | B13: Mission | C13: Your answer | D13: Result | E13: Hint? | F13: Hint | G13: XP
A14: W1 | B14: How many IF functions does a nested IF need for 3 outcomes? (from F2-4 Multi-Level) | D14: {=IFERROR(_xlfn.LET(_xlpm.a,'F2-5 Error Shield'!$C$14,IF(TRIM(_xlpm.a&"")="","",IF(OR(SUBSTITUTE(SUBSTITUTE(SUBSTITUTE(SUBSTITUTE(SUBSTITUTE(SUBSTITUTE(SUBSTITUTE(SUBSTITUTE(SUBSTITUTE(SUBSTITUTE(SUBSTITUTE(SUBSTITUTE(SUBSTITUTE(SUBSTITUTE(SUBSTITUTE(SUBSTITUTE(SUBSTITUTE(SUBSTITUTE(SUBSTITUTE(SUBSTITUTE(SUBSTITUTE(SUBSTITUTE(SUBSTITUTE(SUBSTITUTE(SUBSTITUTE(SUBSTITUTE(SUBSTITUTE(UPPER(_xlpm.a)," ",""),"CONTROL","CTRL"),"CTL","CTRL"),"ESCAPE","ESC"),"RETURN","ENTER"),"PAGEDOWN","PGDN"),"PGDOWN","PGDN"),"PAGEUP","PGUP"),"ARROWKEYS","ARROW"),"ARROWKEY","ARROW"),"ARROWS","ARROW"),"DOWNARROW","DOWN"),"UPARROW","UP"),"LEFTARROW","LEFT"),"RIGHTARROW","RIGHT"),"ARROWDOWN","DOWN"),"ARROWUP","UP"),"ARROWLEFT","LEFT"),"ARROWRIGHT","RIGHT"),"↓","DOWN"),"↑","UP"),"←","LEFT"),"→","RIGHT"),"SPACEBAR","SPACE"),"−","-"),"MINUS","-"),"PLUS","+")=Key!$E$78:$F$78),"✔ CLEAR","✘ TRY AGAIN"))),"✘ TRY AGAIN")} | F14: {=IF(E14="Show hint",Key!$B$78,"")} | G14: {=IF(LEFT(D14,1)="✔",IF(E14="Show hint",5,10),0)} -> 0
A15: W2 | B15: Which function tests several conditions in order without nesting? (from F2-4 Multi-Level) | D15: {=IFERROR(_xlfn.LET(_xlpm.a,'F2-5 Error Shield'!$C$15,IF(TRIM(_xlpm.a&"")="","",IF(OR(SUBSTITUTE(SUBSTITUTE(SUBSTITUTE(SUBSTITUTE(SUBSTITUTE(SUBSTITUTE(SUBSTITUTE(SUBSTITUTE(SUBSTITUTE(SUBSTITUTE(SUBSTITUTE(SUBSTITUTE(SUBSTITUTE(SUBSTITUTE(SUBSTITUTE(SUBSTITUTE(SUBSTITUTE(SUBSTITUTE(SUBSTITUTE(SUBSTITUTE(SUBSTITUTE(SUBSTITUTE(SUBSTITUTE(SUBSTITUTE(SUBSTITUTE(SUBSTITUTE(SUBSTITUTE(UPPER(_xlpm.a)," ",""),"CONTROL","CTRL"),"CTL","CTRL"),"ESCAPE","ESC"),"RETURN","ENTER"),"PAGEDOWN","PGDN"),"PGDOWN","PGDN"),"PAGEUP","PGUP"),"ARROWKEYS","ARROW"),"ARROWKEY","ARROW"),"ARROWS","ARROW"),"DOWNARROW","DOWN"),"UPARROW","UP"),"LEFTARROW","LEFT"),"RIGHTARROW","RIGHT"),"ARROWDOWN","DOWN"),"ARROWUP","UP"),"ARROWLEFT","LEFT"),"ARROWRIGHT","RIGHT"),"↓","DOWN"),"↑","UP"),"←","LEFT"),"→","RIGHT"),"SPACEBAR","SPACE"),"−","-"),"MINUS","-"),"PLUS","+")=Key!$E$79:$J$79),"✔ CLEAR","✘ TRY AGAIN"))),"✘ TRY AGAIN")} | F15: {=IF(E15="Show hint",Key!$B$79,"")} | G15: {=IF(LEFT(D15,1)="✔",IF(E15="Show hint",5,10),0)} -> 0
A16: W3 | B16: In IFS, what do you put as the last test to catch all remaining cases? (from F2-4 Multi-Level) | D16: {=IFERROR(_xlfn.LET(_xlpm.a,'F2-5 Error Shield'!$C$16,IF(TRIM(_xlpm.a&"")="","",IF(OR(SUBSTITUTE(SUBSTITUTE(SUBSTITUTE(SUBSTITUTE(SUBSTITUTE(SUBSTITUTE(SUBSTITUTE(SUBSTITUTE(SUBSTITUTE(SUBSTITUTE(SUBSTITUTE(SUBSTITUTE(SUBSTITUTE(SUBSTITUTE(SUBSTITUTE(SUBSTITUTE(SUBSTITUTE(SUBSTITUTE(SUBSTITUTE(SUBSTITUTE(SUBSTITUTE(SUBSTITUTE(SUBSTITUTE(SUBSTITUTE(SUBSTITUTE(SUBSTITUTE(SUBSTITUTE(UPPER(_xlpm.a)," ",""),"CONTROL","CTRL"),"CTL","CTRL"),"ESCAPE","ESC"),"RETURN","ENTER"),"PAGEDOWN","PGDN"),"PGDOWN","PGDN"),"PAGEUP","PGUP"),"ARROWKEYS","ARROW"),"ARROWKEY","ARROW"),"ARROWS","ARROW"),"DOWNARROW","DOWN"),"UPARROW","UP"),"LEFTARROW","LEFT"),"RIGHTARROW","RIGHT"),"ARROWDOWN","DOWN"),"ARROWUP","UP"),"ARROWLEFT","LEFT"),"ARROWRIGHT","RIGHT"),"↓","DOWN"),"↑","UP"),"←","LEFT"),"→","RIGHT"),"SPACEBAR","SPACE"),"−","-"),"MINUS","-"),"PLUS","+")=Key!$E$80:$E$80),"✔ CLEAR","✘ TRY AGAIN"))),"✘ TRY AGAIN")} | F16: {=IF(E16="Show hint",Key!$B$80,"")} | G16: {=IF(LEFT(D16,1)="✔",IF(E16="Show hint",5,10),0)} -> 0
A17: W4 | B17: Which operator means 'greater than or equal to'? (from F2-1 True or False) | D17: {=IFERROR(_xlfn.LET(_xlpm.a,'F2-5 Error Shield'!$C$17,IF(TRIM(_xlpm.a&"")="","",IF(OR(SUBSTITUTE(SUBSTITUTE(SUBSTITUTE(SUBSTITUTE(SUBSTITUTE(SUBSTITUTE(SUBSTITUTE(SUBSTITUTE(SUBSTITUTE(SUBSTITUTE(SUBSTITUTE(SUBSTITUTE(SUBSTITUTE(SUBSTITUTE(SUBSTITUTE(SUBSTITUTE(SUBSTITUTE(SUBSTITUTE(SUBSTITUTE(SUBSTITUTE(SUBSTITUTE(SUBSTITUTE(SUBSTITUTE(SUBSTITUTE(SUBSTITUTE(SUBSTITUTE(SUBSTITUTE(UPPER(_xlpm.a)," ",""),"CONTROL","CTRL"),"CTL","CTRL"),"ESCAPE","ESC"),"RETURN","ENTER"),"PAGEDOWN","PGDN"),"PGDOWN","PGDN"),"PAGEUP","PGUP"),"ARROWKEYS","ARROW"),"ARROWKEY","ARROW"),"ARROWS","ARROW"),"DOWNARROW","DOWN"),"UPARROW","UP"),"LEFTARROW","LEFT"),"RIGHTARROW","RIGHT"),"ARROWDOWN","DOWN"),"ARROWUP","UP"),"ARROWLEFT","LEFT"),"ARROWRIGHT","RIGHT"),"↓","DOWN"),"↑","UP"),"←","LEFT"),"→","RIGHT"),"SPACEBAR","SPACE"),"−","-"),"MINUS","-"),"PLUS","+")=Key!$E$81:$E$81),"✔ CLEAR","✘ TRY AGAIN"))),"✘ TRY AGAIN")} | F17: {=IF(E17="Show hint",Key!$B$81,"")} | G17: {=IF(LEFT(D17,1)="✔",IF(E17="Show hint",5,10),0)} -> 0
A18: W5 | B18: Which operator means 'not equal to'? (from F2-1 True or False) | D18: {=IFERROR(_xlfn.LET(_xlpm.a,'F2-5 Error Shield'!$C$18,IF(TRIM(_xlpm.a&"")="","",IF(OR(SUBSTITUTE(SUBSTITUTE(SUBSTITUTE(SUBSTITUTE(SUBSTITUTE(SUBSTITUTE(SUBSTITUTE(SUBSTITUTE(SUBSTITUTE(SUBSTITUTE(SUBSTITUTE(SUBSTITUTE(SUBSTITUTE(SUBSTITUTE(SUBSTITUTE(SUBSTITUTE(SUBSTITUTE(SUBSTITUTE(SUBSTITUTE(SUBSTITUTE(SUBSTITUTE(SUBSTITUTE(SUBSTITUTE(SUBSTITUTE(SUBSTITUTE(SUBSTITUTE(SUBSTITUTE(UPPER(_xlpm.a)," ",""),"CONTROL","CTRL"),"CTL","CTRL"),"ESCAPE","ESC"),"RETURN","ENTER"),"PAGEDOWN","PGDN"),"PGDOWN","PGDN"),"PAGEUP","PGUP"),"ARROWKEYS","ARROW"),"ARROWKEY","ARROW"),"ARROWS","ARROW"),"DOWNARROW","DOWN"),"UPARROW","UP"),"LEFTARROW","LEFT"),"RIGHTARROW","RIGHT"),"ARROWDOWN","DOWN"),"ARROWUP","UP"),"ARROWLEFT","LEFT"),"ARROWRIGHT","RIGHT"),"↓","DOWN"),"↑","UP"),"←","LEFT"),"→","RIGHT"),"SPACEBAR","SPACE"),"−","-"),"MINUS","-"),"PLUS","+")=Key!$E$82:$E$82),"✔ CLEAR","✘ TRY AGAIN"))),"✘ TRY AGAIN")} | F18: {=IF(E18="Show hint",Key!$B$82,"")} | G18: {=IF(LEFT(D18,1)="✔",IF(E18="Show hint",5,10),0)} -> 0
A19: W6 | B19: What must surround text inside a formula? (from F2-1 True or False) | D19: {=IFERROR(_xlfn.LET(_xlpm.a,'F2-5 Error Shield'!$C$19,IF(TRIM(_xlpm.a&"")="","",IF(OR(SUBSTITUTE(SUBSTITUTE(SUBSTITUTE(SUBSTITUTE(SUBSTITUTE(SUBSTITUTE(SUBSTITUTE(SUBSTITUTE(SUBSTITUTE(SUBSTITUTE(SUBSTITUTE(SUBSTITUTE(SUBSTITUTE(SUBSTITUTE(SUBSTITUTE(SUBSTITUTE(SUBSTITUTE(SUBSTITUTE(SUBSTITUTE(SUBSTITUTE(SUBSTITUTE(SUBSTITUTE(SUBSTITUTE(SUBSTITUTE(SUBSTITUTE(SUBSTITUTE(SUBSTITUTE(UPPER(_xlpm.a)," ",""),"CONTROL","CTRL"),"CTL","CTRL"),"ESCAPE","ESC"),"RETURN","ENTER"),"PAGEDOWN","PGDN"),"PGDOWN","PGDN"),"PAGEUP","PGUP"),"ARROWKEYS","ARROW"),"ARROWKEY","ARROW"),"ARROWS","ARROW"),"DOWNARROW","DOWN"),"UPARROW","UP"),"LEFTARROW","LEFT"),"RIGHTARROW","RIGHT"),"ARROWDOWN","DOWN"),"ARROWUP","UP"),"ARROWLEFT","LEFT"),"ARROWRIGHT","RIGHT"),"↓","DOWN"),"↑","UP"),"←","LEFT"),"→","RIGHT"),"SPACEBAR","SPACE"),"−","-"),"MINUS","-"),"PLUS","+")=Key!$E$83:$H$83),"✔ CLEAR","✘ TRY AGAIN"))),"✘ TRY AGAIN")} | F19: {=IF(E19="Show hint",Key!$B$83,"")} | G19: {=IF(LEFT(D19,1)="✔",IF(E19="Show hint",5,10),0)} -> 0
A20: W7 | B20: Which function returns the mean of a range? (from F1-2 Big Six) | D20: {=IFERROR(_xlfn.LET(_xlpm.a,'F2-5 Error Shield'!$C$20,IF(TRIM(_xlpm.a&"")="","",IF(OR(SUBSTITUTE(SUBSTITUTE(SUBSTITUTE(SUBSTITUTE(SUBSTITUTE(SUBSTITUTE(SUBSTITUTE(SUBSTITUTE(SUBSTITUTE(SUBSTITUTE(SUBSTITUTE(SUBSTITUTE(SUBSTITUTE(SUBSTITUTE(SUBSTITUTE(SUBSTITUTE(SUBSTITUTE(SUBSTITUTE(SUBSTITUTE(SUBSTITUTE(SUBSTITUTE(SUBSTITUTE(SUBSTITUTE(SUBSTITUTE(SUBSTITUTE(SUBSTITUTE(SUBSTITUTE(UPPER(_xlpm.a)," ",""),"CONTROL","CTRL"),"CTL","CTRL"),"ESCAPE","ESC"),"RETURN","ENTER"),"PAGEDOWN","PGDN"),"PGDOWN","PGDN"),"PAGEUP","PGUP"),"ARROWKEYS","ARROW"),"ARROWKEY","ARROW"),"ARROWS","ARROW"),"DOWNARROW","DOWN"),"UPARROW","UP"),"LEFTARROW","LEFT"),"RIGHTARROW","RIGHT"),"ARROWDOWN","DOWN"),"ARROWUP","UP"),"ARROWLEFT","LEFT"),"ARROWRIGHT","RIGHT"),"↓","DOWN"),"↑","UP"),"←","LEFT"),"→","RIGHT"),"SPACEBAR","SPACE"),"−","-"),"MINUS","-"),"PLUS","+")=Key!$E$84:$J$84),"✔ CLEAR","✘ TRY AGAIN"))),"✘ TRY AGAIN")} | F20: {=IF(E20="Show hint",Key!$B$84,"")} | G20: {=IF(LEFT(D20,1)="✔",IF(E20="Show hint",5,10),0)} -> 0
A21: W8 | B21: Which function returns the largest number in a range? (from F1-2 Big Six) | D21: {=IFERROR(_xlfn.LET(_xlpm.a,'F2-5 Error Shield'!$C$21,IF(TRIM(_xlpm.a&"")="","",IF(OR(SUBSTITUTE(SUBSTITUTE(SUBSTITUTE(SUBSTITUTE(SUBSTITUTE(SUBSTITUTE(SUBSTITUTE(SUBSTITUTE(SUBSTITUTE(SUBSTITUTE(SUBSTITUTE(SUBSTITUTE(SUBSTITUTE(SUBSTITUTE(SUBSTITUTE(SUBSTITUTE(SUBSTITUTE(SUBSTITUTE(SUBSTITUTE(SUBSTITUTE(SUBSTITUTE(SUBSTITUTE(SUBSTITUTE(SUBSTITUTE(SUBSTITUTE(SUBSTITUTE(SUBSTITUTE(UPPER(_xlpm.a)," ",""),"CONTROL","CTRL"),"CTL","CTRL"),"ESCAPE","ESC"),"RETURN","ENTER"),"PAGEDOWN","PGDN"),"PGDOWN","PGDN"),"PAGEUP","PGUP"),"ARROWKEYS","ARROW"),"ARROWKEY","ARROW"),"ARROWS","ARROW"),"DOWNARROW","DOWN"),"UPARROW","UP"),"LEFTARROW","LEFT"),"RIGHTARROW","RIGHT"),"ARROWDOWN","DOWN"),"ARROWUP","UP"),"ARROWLEFT","LEFT"),"ARROWRIGHT","RIGHT"),"↓","DOWN"),"↑","UP"),"←","LEFT"),"→","RIGHT"),"SPACEBAR","SPACE"),"−","-"),"MINUS","-"),"PLUS","+")=Key!$E$85:$J$85),"✔ CLEAR","✘ TRY AGAIN"))),"✘ TRY AGAIN")} | F21: {=IF(E21="Show hint",Key!$B$85,"")} | G21: {=IF(LEFT(D21,1)="✔",IF(E21="Show hint",5,10),0)} -> 0
A22: W9 | B22: Which function returns the smallest number in a range? (from F1-2 Big Six) | D22: {=IFERROR(_xlfn.LET(_xlpm.a,'F2-5 Error Shield'!$C$22,IF(TRIM(_xlpm.a&"")="","",IF(OR(SUBSTITUTE(SUBSTITUTE(SUBSTITUTE(SUBSTITUTE(SUBSTITUTE(SUBSTITUTE(SUBSTITUTE(SUBSTITUTE(SUBSTITUTE(SUBSTITUTE(SUBSTITUTE(SUBSTITUTE(SUBSTITUTE(SUBSTITUTE(SUBSTITUTE(SUBSTITUTE(SUBSTITUTE(SUBSTITUTE(SUBSTITUTE(SUBSTITUTE(SUBSTITUTE(SUBSTITUTE(SUBSTITUTE(SUBSTITUTE(SUBSTITUTE(SUBSTITUTE(SUBSTITUTE(UPPER(_xlpm.a)," ",""),"CONTROL","CTRL"),"CTL","CTRL"),"ESCAPE","ESC"),"RETURN","ENTER"),"PAGEDOWN","PGDN"),"PGDOWN","PGDN"),"PAGEUP","PGUP"),"ARROWKEYS","ARROW"),"ARROWKEY","ARROW"),"ARROWS","ARROW"),"DOWNARROW","DOWN"),"UPARROW","UP"),"LEFTARROW","LEFT"),"RIGHTARROW","RIGHT"),"ARROWDOWN","DOWN"),"ARROWUP","UP"),"ARROWLEFT","LEFT"),"ARROWRIGHT","RIGHT"),"↓","DOWN"),"↑","UP"),"←","LEFT"),"→","RIGHT"),"SPACEBAR","SPACE"),"−","-"),"MINUS","-"),"PLUS","+")=Key!$E$86:$J$86),"✔ CLEAR","✘ TRY AGAIN"))),"✘ TRY AGAIN")} | F22: {=IF(E22="Show hint",Key!$B$86,"")} | G22: {=IF(LEFT(D22,1)="✔",IF(E22="Show hint",5,10),0)} -> 0
A23: W10 | B23: Which function counts only the cells that hold numbers? (from F1-2 Big Six) | D23: {=IFERROR(_xlfn.LET(_xlpm.a,'F2-5 Error Shield'!$C$23,IF(TRIM(_xlpm.a&"")="","",IF(OR(SUBSTITUTE(SUBSTITUTE(SUBSTITUTE(SUBSTITUTE(SUBSTITUTE(SUBSTITUTE(SUBSTITUTE(SUBSTITUTE(SUBSTITUTE(SUBSTITUTE(SUBSTITUTE(SUBSTITUTE(SUBSTITUTE(SUBSTITUTE(SUBSTITUTE(SUBSTITUTE(SUBSTITUTE(SUBSTITUTE(SUBSTITUTE(SUBSTITUTE(SUBSTITUTE(SUBSTITUTE(SUBSTITUTE(SUBSTITUTE(SUBSTITUTE(SUBSTITUTE(SUBSTITUTE(UPPER(_xlpm.a)," ",""),"CONTROL","CTRL"),"CTL","CTRL"),"ESCAPE","ESC"),"RETURN","ENTER"),"PAGEDOWN","PGDN"),"PGDOWN","PGDN"),"PAGEUP","PGUP"),"ARROWKEYS","ARROW"),"ARROWKEY","ARROW"),"ARROWS","ARROW"),"DOWNARROW","DOWN"),"UPARROW","UP"),"LEFTARROW","LEFT"),"RIGHTARROW","RIGHT"),"ARROWDOWN","DOWN"),"ARROWUP","UP"),"ARROWLEFT","LEFT"),"ARROWRIGHT","RIGHT"),"↓","DOWN"),"↑","UP"),"←","LEFT"),"→","RIGHT"),"SPACEBAR","SPACE"),"−","-"),"MINUS","-"),"PLUS","+")=Key!$E$87:$J$87),"✔ CLEAR","✘ TRY AGAIN"))),"✘ TRY AGAIN")} | F23: {=IF(E23="Show hint",Key!$B$87,"")} | G23: {=IF(LEFT(D23,1)="✔",IF(E23="Show hint",5,10),0)} -> 0
A25: TRAINING · recognize the move (pick from the list)
A26: # | B26: Mission | C26: Your answer | D26: Result | E26: Hint? | F26: Hint | G26: XP
A27: T1 | B27: Which function replaces any error with your own value? | D27: {=IFERROR(IF('F2-5 Error Shield'!$C$27&""="","",IF('F2-5 Error Shield'!$C$27&""=Key!$C$88&"","✔ CLEAR","✘ TRY AGAIN")),"✘ TRY AGAIN")} | F27: {=IF(E27="Show hint",Key!$B$88,"")} | G27: {=IF(LEFT(D27,1)="✔",IF(E27="Show hint",5,10),0)} -> 0
A28: T2 | B28: Which function replaces only the #N/A error? | D28: {=IFERROR(IF('F2-5 Error Shield'!$C$28&""="","",IF('F2-5 Error Shield'!$C$28&""=Key!$C$89&"","✔ CLEAR","✘ TRY AGAIN")),"✘ TRY AGAIN")} | F28: {=IF(E28="Show hint",Key!$B$89,"")} | G28: {=IF(LEFT(D28,1)="✔",IF(E28="Show hint",5,10),0)} -> 0
A29: T3 | B29: Which function is TRUE when a cell is empty? | D29: {=IFERROR(IF('F2-5 Error Shield'!$C$29&""="","",IF('F2-5 Error Shield'!$C$29&""=Key!$C$90&"","✔ CLEAR","✘ TRY AGAIN")),"✘ TRY AGAIN")} | F29: {=IF(E29="Show hint",Key!$B$90,"")} | G29: {=IF(LEFT(D29,1)="✔",IF(E29="Show hint",5,10),0)} -> 0
A30: T4 | B30: Which function is TRUE when a value is a number? | D30: {=IFERROR(IF('F2-5 Error Shield'!$C$30&""="","",IF('F2-5 Error Shield'!$C$30&""=Key!$C$91&"","✔ CLEAR","✘ TRY AGAIN")),"✘ TRY AGAIN")} | F30: {=IF(E30="Show hint",Key!$B$91,"")} | G30: {=IF(LEFT(D30,1)="✔",IF(E30="Show hint",5,10),0)} -> 0
A32: CHALLENGES · recall it, then do it
B33: ▶ Open F2-5 Arena (or press Ctrl+PgDn)
A34: # | B34: Mission | C34: Your answer | D34: Result | E34: Hint? | F34: Hint | G34: XP
A35: C1 | B35: Which function replaces any error with your own value? | D35: {=IFERROR(_xlfn.LET(_xlpm.a,'F2-5 Error Shield'!$C$35,IF(TRIM(_xlpm.a&"")="","",IF(OR(SUBSTITUTE(SUBSTITUTE(SUBSTITUTE(SUBSTITUTE(SUBSTITUTE(SUBSTITUTE(SUBSTITUTE(SUBSTITUTE(SUBSTITUTE(SUBSTITUTE(SUBSTITUTE(SUBSTITUTE(SUBSTITUTE(SUBSTITUTE(SUBSTITUTE(SUBSTITUTE(SUBSTITUTE(SUBSTITUTE(SUBSTITUTE(SUBSTITUTE(SUBSTITUTE(SUBSTITUTE(SUBSTITUTE(SUBSTITUTE(SUBSTITUTE(SUBSTITUTE(SUBSTITUTE(UPPER(_xlpm.a)," ",""),"CONTROL","CTRL"),"CTL","CTRL"),"ESCAPE","ESC"),"RETURN","ENTER"),"PAGEDOWN","PGDN"),"PGDOWN","PGDN"),"PAGEUP","PGUP"),"ARROWKEYS","ARROW"),"ARROWKEY","ARROW"),"ARROWS","ARROW"),"DOWNARROW","DOWN"),"UPARROW","UP"),"LEFTARROW","LEFT"),"RIGHTARROW","RIGHT"),"ARROWDOWN","DOWN"),"ARROWUP","UP"),"ARROWLEFT","LEFT"),"ARROWRIGHT","RIGHT"),"↓","DOWN"),"↑","UP"),"←","LEFT"),"→","RIGHT"),"SPACEBAR","SPACE"),"−","-"),"MINUS","-"),"PLUS","+")=Key!$E$92:$J$92),"✔ CLEAR","✘ TRY AGAIN"))),"✘ TRY AGAIN")} | F35: {=IF(E35="Show hint",Key!$B$92,"")} | G35: {=IF(LEFT(D35,1)="✔",IF(E35="Show hint",5,10),0)} -> 0
A36: C2 | B36: Which function replaces only the #N/A error? | D36: {=IFERROR(_xlfn.LET(_xlpm.a,'F2-5 Error Shield'!$C$36,IF(TRIM(_xlpm.a&"")="","",IF(OR(SUBSTITUTE(SUBSTITUTE(SUBSTITUTE(SUBSTITUTE(SUBSTITUTE(SUBSTITUTE(SUBSTITUTE(SUBSTITUTE(SUBSTITUTE(SUBSTITUTE(SUBSTITUTE(SUBSTITUTE(SUBSTITUTE(SUBSTITUTE(SUBSTITUTE(SUBSTITUTE(SUBSTITUTE(SUBSTITUTE(SUBSTITUTE(SUBSTITUTE(SUBSTITUTE(SUBSTITUTE(SUBSTITUTE(SUBSTITUTE(SUBSTITUTE(SUBSTITUTE(SUBSTITUTE(UPPER(_xlpm.a)," ",""),"CONTROL","CTRL"),"CTL","CTRL"),"ESCAPE","ESC"),"RETURN","ENTER"),"PAGEDOWN","PGDN"),"PGDOWN","PGDN"),"PAGEUP","PGUP"),"ARROWKEYS","ARROW"),"ARROWKEY","ARROW"),"ARROWS","ARROW"),"DOWNARROW","DOWN"),"UPARROW","UP"),"LEFTARROW","LEFT"),"RIGHTARROW","RIGHT"),"ARROWDOWN","DOWN"),"ARROWUP","UP"),"ARROWLEFT","LEFT"),"ARROWRIGHT","RIGHT"),"↓","DOWN"),"↑","UP"),"←","LEFT"),"→","RIGHT"),"SPACEBAR","SPACE"),"−","-"),"MINUS","-"),"PLUS","+")=Key!$E$93:$J$93),"✔ CLEAR","✘ TRY AGAIN"))),"✘ TRY AGAIN")} | F36: {=IF(E36="Show hint",Key!$B$93,"")} | G36: {=IF(LEFT(D36,1)="✔",IF(E36="Show hint",5,10),0)} -> 0
A37: C3 | B37: Which function is TRUE when a cell is empty? | D37: {=IFERROR(_xlfn.LET(_xlpm.a,'F2-5 Error Shield'!$C$37,IF(TRIM(_xlpm.a&"")="","",IF(OR(SUBSTITUTE(SUBSTITUTE(SUBSTITUTE(SUBSTITUTE(SUBSTITUTE(SUBSTITUTE(SUBSTITUTE(SUBSTITUTE(SUBSTITUTE(SUBSTITUTE(SUBSTITUTE(SUBSTITUTE(SUBSTITUTE(SUBSTITUTE(SUBSTITUTE(SUBSTITUTE(SUBSTITUTE(SUBSTITUTE(SUBSTITUTE(SUBSTITUTE(SUBSTITUTE(SUBSTITUTE(SUBSTITUTE(SUBSTITUTE(SUBSTITUTE(SUBSTITUTE(SUBSTITUTE(UPPER(_xlpm.a)," ",""),"CONTROL","CTRL"),"CTL","CTRL"),"ESCAPE","ESC"),"RETURN","ENTER"),"PAGEDOWN","PGDN"),"PGDOWN","PGDN"),"PAGEUP","PGUP"),"ARROWKEYS","ARROW"),"ARROWKEY","ARROW"),"ARROWS","ARROW"),"DOWNARROW","DOWN"),"UPARROW","UP"),"LEFTARROW","LEFT"),"RIGHTARROW","RIGHT"),"ARROWDOWN","DOWN"),"ARROWUP","UP"),"ARROWLEFT","LEFT"),"ARROWRIGHT","RIGHT"),"↓","DOWN"),"↑","UP"),"←","LEFT"),"→","RIGHT"),"SPACEBAR","SPACE"),"−","-"),"MINUS","-"),"PLUS","+")=Key!$E$94:$J$94),"✔ CLEAR","✘ TRY AGAIN"))),"✘ TRY AGAIN")} | F37: {=IF(E37="Show hint",Key!$B$94,"")} | G37: {=IF(LEFT(D37,1)="✔",IF(E37="Show hint",5,10),0)} -> 0
A38: C4 | B38: Which function is TRUE when a value is a number? | D38: {=IFERROR(_xlfn.LET(_xlpm.a,'F2-5 Error Shield'!$C$38,IF(TRIM(_xlpm.a&"")="","",IF(OR(SUBSTITUTE(SUBSTITUTE(SUBSTITUTE(SUBSTITUTE(SUBSTITUTE(SUBSTITUTE(SUBSTITUTE(SUBSTITUTE(SUBSTITUTE(SUBSTITUTE(SUBSTITUTE(SUBSTITUTE(SUBSTITUTE(SUBSTITUTE(SUBSTITUTE(SUBSTITUTE(SUBSTITUTE(SUBSTITUTE(SUBSTITUTE(SUBSTITUTE(SUBSTITUTE(SUBSTITUTE(SUBSTITUTE(SUBSTITUTE(SUBSTITUTE(SUBSTITUTE(SUBSTITUTE(UPPER(_xlpm.a)," ",""),"CONTROL","CTRL"),"CTL","CTRL"),"ESCAPE","ESC"),"RETURN","ENTER"),"PAGEDOWN","PGDN"),"PGDOWN","PGDN"),"PAGEUP","PGUP"),"ARROWKEYS","ARROW"),"ARROWKEY","ARROW"),"ARROWS","ARROW"),"DOWNARROW","DOWN"),"UPARROW","UP"),"LEFTARROW","LEFT"),"RIGHTARROW","RIGHT"),"ARROWDOWN","DOWN"),"ARROWUP","UP"),"ARROWLEFT","LEFT"),"ARROWRIGHT","RIGHT"),"↓","DOWN"),"↑","UP"),"←","LEFT"),"→","RIGHT"),"SPACEBAR","SPACE"),"−","-"),"MINUS","-"),"PLUS","+")=Key!$E$95:$J$95),"✔ CLEAR","✘ TRY AGAIN"))),"✘ TRY AGAIN")} | F38: {=IF(E38="Show hint",Key!$B$95,"")} | G38: {=IF(LEFT(D38,1)="✔",IF(E38="Show hint",5,10),0)} -> 0
A39: C5 | B39: Per unit = Total ÷ Units, but some Units are 0. In E6 write =IFERROR(C6/D6,0) and fill down to E11. | C39: ▶ ARENA C5 (cell E6) | D39: {=IF(COUNTA('F2-5 Arena'!$E$6,'F2-5 Arena'!$E$7,'F2-5 Arena'!$E$8,'F2-5 Arena'!$E$9,'F2-5 Arena'!$E$10,'F2-5 Arena'!$E$11)=0,"",IF(OR(NOT(_xlfn.ISFORMULA('F2-5 Arena'!$E$6)),NOT(_xlfn.ISFORMULA('F2-5 Arena'!$E$7)),NOT(_xlfn.ISFORMULA('F2-5 Arena'!$E$8)),NOT(_xlfn.ISFORMULA('F2-5 Arena'!$E$9)),NOT(_xlfn.ISFORMULA('F2-5 Arena'!$E$10)),NOT(_xlfn.ISFORMULA('F2-5 Arena'!$E$11))),"✘ Some cells aren't formulas yet",IF(OR(ISERROR('F2-5 Arena'!$E$6),ISERROR('F2-5 Arena'!$E$7),ISERROR('F2-5 Arena'!$E$8),ISERROR('F2-5 Arena'!$E$9),ISERROR('F2-5 Arena'!$E$10),ISERROR('F2-5 Arena'!$E$11)),"✘ Some cells show an error",IF(NOT(AND(IFERROR(AND(ISNUMBER('F2-5 Arena'!$E$6),ABS('F2-5 Arena'!$E$6-Key!$E$96)<=1E-9*MAX(1,ABS(Key!$E$96))),FALSE),IFERROR(AND(ISNUMBER('F2-5 Arena'!$E$7),ABS('F2-5 Arena'!$E$7-Key!$F$96)<=1E-9*MAX(1,ABS(Key!$F$96))),FALSE),IFERROR(AND(ISNUMBER('F2-5 Arena'!$E$8),ABS('F2-5 Arena'!$E$8-Key!$G$96)<=1E-9*MAX(1,ABS(Key!$G$96))),FALSE),IFERROR(AND(ISNUMBER('F2-5 Arena'!$E$9),ABS('F2-5 Arena'!$E$9-Key!$H$96)<=1E-9*MAX(1,ABS(Key!$H$96))),FALSE),IFERROR(AND(ISNUMBER('F2-5 Arena'!$E$10),ABS('F2-5 Arena'!$E$10-Key!$I$96)<=1E-9*MAX(1,ABS(Key!$I$96))),FALSE),IFERROR(AND(ISNUMBER('F2-5 Arena'!$E$11),ABS('F2-5 Arena'!$E$11-Key!$J$96)<=1E-9*MAX(1,ABS(Key!$J$96))),FALSE))),"✘ TRY AGAIN",IF(AND(OR(ISNUMBER(FIND({"=","(",",","+","-","*","/","&"," ","<",">",":","@","^"}&"IFERROR"&"(",UPPER(_xlfn.FORMULATEXT('F2-5 Arena'!$E$6)))))),"✔ CLEAR","✘ CLOSE · right value, but use IFERROR")))))} | F39: {=IF(E39="Show hint",Key!$B$96,"")} | G39: {=IF(LEFT(D39,1)="✔",IF(E39="Show hint",5,10),0)} -> 0
A40: C6 | B40: D14 shows #N/A (a failed lookup). In F14 write =IFNA(D14,"Missing"). | C40: ▶ ARENA C6 (cell F14) | D40: {=IF(ISBLANK('F2-5 Arena'!$F$14),"",IF(NOT(_xlfn.ISFORMULA('F2-5 Arena'!$F$14)),"✘ That's a typed value · enter a formula",IF(ISERROR('F2-5 Arena'!$F$14),"✘ Your formula returns "&IFERROR(CHOOSE(ERROR.TYPE('F2-5 Arena'!$F$14),"#NULL!","#DIV/0!","#VALUE!","#REF!","#NAME?","#NUM!","#N/A","#GETTING_DATA","#SPILL!","#CONNECT!","#BLOCKED!","#UNKNOWN!","#FIELD!","#CALC!"),"an error"),IF(NOT(AND(IFERROR(AND(ISTEXT('F2-5 Arena'!$F$14),'F2-5 Arena'!$F$14=Key!$C$97),FALSE))),"✘ TRY AGAIN",IF(AND(OR(ISNUMBER(FIND({"=","(",",","+","-","*","/","&"," ","<",">",":","@","^"}&"IFNA"&"(",UPPER(_xlfn.FORMULATEXT('F2-5 Arena'!$F$14)))))),"✔ CLEAR","✘ CLOSE · right value, but use IFNA")))))} | F40: {=IF(E40="Show hint",Key!$B$97,"")} | G40: {=IF(LEFT(D40,1)="✔",IF(E40="Show hint",5,10),0)} -> 0
A41: C7 | B41: In C17 show "Missing" when the Name (B17) is empty, otherwise "OK". Use ISBLANK, then fill down to C21. | C41: ▶ ARENA C7 (cell C17) | D41: {=IF(COUNTA('F2-5 Arena'!$C$17,'F2-5 Arena'!$C$18,'F2-5 Arena'!$C$19,'F2-5 Arena'!$C$20,'F2-5 Arena'!$C$21)=0,"",IF(OR(NOT(_xlfn.ISFORMULA('F2-5 Arena'!$C$17)),NOT(_xlfn.ISFORMULA('F2-5 Arena'!$C$18)),NOT(_xlfn.ISFORMULA('F2-5 Arena'!$C$19)),NOT(_xlfn.ISFORMULA('F2-5 Arena'!$C$20)),NOT(_xlfn.ISFORMULA('F2-5 Arena'!$C$21))),"✘ Some cells aren't formulas yet",IF(OR(ISERROR('F2-5 Arena'!$C$17),ISERROR('F2-5 Arena'!$C$18),ISERROR('F2-5 Arena'!$C$19),ISERROR('F2-5 Arena'!$C$20),ISERROR('F2-5 Arena'!$C$21)),"✘ Some cells show an error",IF(NOT(AND(IFERROR(AND(ISTEXT('F2-5 Arena'!$C$17),'F2-5 Arena'!$C$17=Key!$E$98),FALSE),IFERROR(AND(ISTEXT('F2-5 Arena'!$C$18),'F2-5 Arena'!$C$18=Key!$F$98),FALSE),IFERROR(AND(ISTEXT('F2-5 Arena'!$C$19),'F2-5 Arena'!$C$19=Key!$G$98),FALSE),IFERROR(AND(ISTEXT('F2-5 Arena'!$C$20),'F2-5 Arena'!$C$20=Key!$H$98),FALSE),IFERROR(AND(ISTEXT('F2-5 Arena'!$C$21),'F2-5 Arena'!$C$21=Key!$I$98),FALSE))),"✘ TRY AGAIN",IF(AND(OR(ISNUMBER(FIND({"=","(",",","+","-","*","/","&"," ","<",">",":","@","^"}&"ISBLANK"&"(",UPPER(_xlfn.FORMULATEXT('F2-5 Arena'!$C$17)))))),"✔ CLEAR","✘ CLOSE · right value, but use ISBLANK")))))} | F41: {=IF(E41="Show hint",Key!$B$98,"")} | G41: {=IF(LEFT(D41,1)="✔",IF(E41="Show hint",5,10),0)} -> 0
A42: C8 | B42: In E23 return "Number" when the Entry (D23) is a number, otherwise "Text". Use ISNUMBER, then fill down to E27. | C42: ▶ ARENA C8 (cell E23) | D42: {=IF(COUNTA('F2-5 Arena'!$E$23,'F2-5 Arena'!$E$24,'F2-5 Arena'!$E$25,'F2-5 Arena'!$E$26,'F2-5 Arena'!$E$27)=0,"",IF(OR(NOT(_xlfn.ISFORMULA('F2-5 Arena'!$E$23)),NOT(_xlfn.ISFORMULA('F2-5 Arena'!$E$24)),NOT(_xlfn.ISFORMULA('F2-5 Arena'!$E$25)),NOT(_xlfn.ISFORMULA('F2-5 Arena'!$E$26)),NOT(_xlfn.ISFORMULA('F2-5 Arena'!$E$27))),"✘ Some cells aren't formulas yet",IF(OR(ISERROR('F2-5 Arena'!$E$23),ISERROR('F2-5 Arena'!$E$24),ISERROR('F2-5 Arena'!$E$25),ISERROR('F2-5 Arena'!$E$26),ISERROR('F2-5 Arena'!$E$27)),"✘ Some cells show an error",IF(NOT(AND(IFERROR(AND(ISTEXT('F2-5 Arena'!$E$23),'F2-5 Arena'!$E$23=Key!$E$99),FALSE),IFERROR(AND(ISTEXT('F2-5 Arena'!$E$24),'F2-5 Arena'!$E$24=Key!$F$99),FALSE),IFERROR(AND(ISTEXT('F2-5 Arena'!$E$25),'F2-5 Arena'!$E$25=Key!$G$99),FALSE),IFERROR(AND(ISTEXT('F2-5 Arena'!$E$26),'F2-5 Arena'!$E$26=Key!$H$99),FALSE),IFERROR(AND(ISTEXT('F2-5 Arena'!$E$27),'F2-5 Arena'!$E$27=Key!$I$99),FALSE))),"✘ TRY AGAIN",IF(AND(OR(ISNUMBER(FIND({"=","(",",","+","-","*","/","&"," ","<",">",":","@","^"}&"ISNUMBER"&"(",UPPER(_xlfn.FORMULATEXT('F2-5 Arena'!$E$23)))))),"✔ CLEAR","✘ CLOSE · right value, but use ISNUMBER")))))} | F42: {=IF(E42="Show hint",Key!$B$99,"")} | G42: {=IF(LEFT(D42,1)="✔",IF(E42="Show hint",5,10),0)} -> 0

Sheet F2-5 Arena
A1: ARENA ▸ F2-5 ERROR SHIELD
A2: Practice area · everything here is editable. Missions and their checks are on the stage sheet.
A3: PASS CODE | B3: SHIELD | D3: ◀ Back to F2-5 Error Shield
B5: Product | C5: Total | D5: Units | E5: Per unit
B6: Pens | C6: 120 | D6: 10
B7: Ink | C7: 90 | D7: 0
B8: Pads | C8: 60 | D8: 4
B9: Tape | C9: 0 | D9: 0
B10: Glue | C10: 45 | D10: 9
B11: Clips | C11: 30 | D11: 0
B14: Lookup result → | D14: {=NA()} -> #N/A | E14: Shielded →
B16: Name | C16: Check
B17: Ava
B19: Cy
B21: Eli
D22: Entry | E22: Type
D23: 12
D24: 12
D25: 7.5
D26: n/a
D27: 3

Sheet Boss
A1: BOSS ▸ LOGIC
A2: Every move from this world in one gauntlet. Clear it under par for rank S.
A3: {="SCORE "&TEXT(SUM($G$14:$G$33),"0000")&" / 0160"} -> SCORE 0000 / 0160 | C3: {=IF(SUM($G$14:$G$33)>=160,"★★★",IF(SUM($G$14:$G$33)>=160*0.8,"★★☆",IF(SUM($G$14:$G$33)>=160*0.5,"★☆☆","☆☆☆")))} -> ☆☆☆ | D3: {=REPT("█",ROUND(10*SUM($G$14:$G$33)/160,0))&REPT("░",10-ROUND(10*SUM($G$14:$G$33)/160,0))&" "&TEXT(SUM($G$14:$G$33)/160,"0%")} -> ░░░░░░░░░░ 0%
A5: SPEEDRUN · stamp START, beat the Boss, stamp FINISH
B6: START · select C6 and press Ctrl+Shift+:
B7: FINISH · select C7 and press Ctrl+Shift+:
B8: TIME | C8: {=IF(OR(C6="",C7=""),"",ROUND(MOD(C7-C6,1)*1440,0))}
B9: PAR | C9: 15
B10: BOSS GATE | C10: {=IF(AND(SUM('F2-1 True or False'!$G$13:$G$38)>=190*0.5,SUM('F2-2 Fork in the Road'!$G$13:$G$38)>=190*0.5,SUM('F2-3 Combo Moves'!$G$13:$G$38)>=190*0.5,SUM('F2-4 Multi-Level'!$G$13:$G$38)>=190*0.5,SUM('F2-5 Error Shield'!$G$14:$G$42)>=220*0.5),"OPEN","LOCKED")} -> LOCKED | D10: {=IF(C10="OPEN","Gate open · go!","Earn ★ on every stage to open the gate")} -> Earn ★ on every stage to open the gate
A12: FLASHBACK · moves from earlier worlds
A13: # | B13: Mission | C13: Your answer | D13: Result | E13: Hint? | F13: Hint | G13: XP
A14: F1 | B14: {=IF($C$10="OPEN","Which function replaces any error with your own value? (from F2-5 Error Shield)","LOCKED · earn ★ on every stage to open the Boss gate")} -> LOCKED · earn ★ on every stage to open the Boss gate | D14: {=IF($C$10="OPEN",IFERROR(_xlfn.LET(_xlpm.a,Boss!$C$14,IF(TRIM(_xlpm.a&"")="","",IF(OR(SUBSTITUTE(SUBSTITUTE(SUBSTITUTE(SUBSTITUTE(SUBSTITUTE(SUBSTITUTE(SUBSTITUTE(SUBSTITUTE(SUBSTITUTE(SUBSTITUTE(SUBSTITUTE(SUBSTITUTE(SUBSTITUTE(SUBSTITUTE(SUBSTITUTE(SUBSTITUTE(SUBSTITUTE(SUBSTITUTE(SUBSTITUTE(SUBSTITUTE(SUBSTITUTE(SUBSTITUTE(SUBSTITUTE(SUBSTITUTE(SUBSTITUTE(SUBSTITUTE(SUBSTITUTE(UPPER(_xlpm.a)," ",""),"CONTROL","CTRL"),"CTL","CTRL"),"ESCAPE","ESC"),"RETURN","ENTER"),"PAGEDOWN","PGDN"),"PGDOWN","PGDN"),"PAGEUP","PGUP"),"ARROWKEYS","ARROW"),"ARROWKEY","ARROW"),"ARROWS","ARROW"),"DOWNARROW","DOWN"),"UPARROW","UP"),"LEFTARROW","LEFT"),"RIGHTARROW","RIGHT"),"ARROWDOWN","DOWN"),"ARROWUP","UP"),"ARROWLEFT","LEFT"),"ARROWRIGHT","RIGHT"),"↓","DOWN"),"↑","UP"),"←","LEFT"),"→","RIGHT"),"SPACEBAR","SPACE"),"−","-"),"MINUS","-"),"PLUS","+")=Key!$E$100:$J$100),"✔ CLEAR","✘ TRY AGAIN"))),"✘ TRY AGAIN"),"LOCKED")} -> LOCKED | F14: {=IF(E14="Show hint",Key!$B$100,"")} | G14: {=IF(LEFT(D14,1)="✔",IF(E14="Show hint",5,10),0)} -> 0
A15: F2 | B15: {=IF($C$10="OPEN","Which function replaces only the #N/A error? (from F2-5 Error Shield)","LOCKED · earn ★ on every stage to open the Boss gate")} -> LOCKED · earn ★ on every stage to open the Boss gate | D15: {=IF($C$10="OPEN",IFERROR(_xlfn.LET(_xlpm.a,Boss!$C$15,IF(TRIM(_xlpm.a&"")="","",IF(OR(SUBSTITUTE(SUBSTITUTE(SUBSTITUTE(SUBSTITUTE(SUBSTITUTE(SUBSTITUTE(SUBSTITUTE(SUBSTITUTE(SUBSTITUTE(SUBSTITUTE(SUBSTITUTE(SUBSTITUTE(SUBSTITUTE(SUBSTITUTE(SUBSTITUTE(SUBSTITUTE(SUBSTITUTE(SUBSTITUTE(SUBSTITUTE(SUBSTITUTE(SUBSTITUTE(SUBSTITUTE(SUBSTITUTE(SUBSTITUTE(SUBSTITUTE(SUBSTITUTE(SUBSTITUTE(UPPER(_xlpm.a)," ",""),"CONTROL","CTRL"),"CTL","CTRL"),"ESCAPE","ESC"),"RETURN","ENTER"),"PAGEDOWN","PGDN"),"PGDOWN","PGDN"),"PAGEUP","PGUP"),"ARROWKEYS","ARROW"),"ARROWKEY","ARROW"),"ARROWS","ARROW"),"DOWNARROW","DOWN"),"UPARROW","UP"),"LEFTARROW","LEFT"),"RIGHTARROW","RIGHT"),"ARROWDOWN","DOWN"),"ARROWUP","UP"),"ARROWLEFT","LEFT"),"ARROWRIGHT","RIGHT"),"↓","DOWN"),"↑","UP"),"←","LEFT"),"→","RIGHT"),"SPACEBAR","SPACE"),"−","-"),"MINUS","-"),"PLUS","+")=Key!$E$101:$J$101),"✔ CLEAR","✘ TRY AGAIN"))),"✘ TRY AGAIN"),"LOCKED")} -> LOCKED | F15: {=IF(E15="Show hint",Key!$B$101,"")} | G15: {=IF(LEFT(D15,1)="✔",IF(E15="Show hint",5,10),0)} -> 0
A16: F3 | B16: {=IF($C$10="OPEN","Which function is TRUE when a cell is empty? (from F2-5 Error Shield)","LOCKED · earn ★ on every stage to open the Boss gate")} -> LOCKED · earn ★ on every stage to open the Boss gate | D16: {=IF($C$10="OPEN",IFERROR(_xlfn.LET(_xlpm.a,Boss!$C$16,IF(TRIM(_xlpm.a&"")="","",IF(OR(SUBSTITUTE(SUBSTITUTE(SUBSTITUTE(SUBSTITUTE(SUBSTITUTE(SUBSTITUTE(SUBSTITUTE(SUBSTITUTE(SUBSTITUTE(SUBSTITUTE(SUBSTITUTE(SUBSTITUTE(SUBSTITUTE(SUBSTITUTE(SUBSTITUTE(SUBSTITUTE(SUBSTITUTE(SUBSTITUTE(SUBSTITUTE(SUBSTITUTE(SUBSTITUTE(SUBSTITUTE(SUBSTITUTE(SUBSTITUTE(SUBSTITUTE(SUBSTITUTE(SUBSTITUTE(UPPER(_xlpm.a)," ",""),"CONTROL","CTRL"),"CTL","CTRL"),"ESCAPE","ESC"),"RETURN","ENTER"),"PAGEDOWN","PGDN"),"PGDOWN","PGDN"),"PAGEUP","PGUP"),"ARROWKEYS","ARROW"),"ARROWKEY","ARROW"),"ARROWS","ARROW"),"DOWNARROW","DOWN"),"UPARROW","UP"),"LEFTARROW","LEFT"),"RIGHTARROW","RIGHT"),"ARROWDOWN","DOWN"),"ARROWUP","UP"),"ARROWLEFT","LEFT"),"ARROWRIGHT","RIGHT"),"↓","DOWN"),"↑","UP"),"←","LEFT"),"→","RIGHT"),"SPACEBAR","SPACE"),"−","-"),"MINUS","-"),"PLUS","+")=Key!$E$102:$J$102),"✔ CLEAR","✘ TRY AGAIN"))),"✘ TRY AGAIN"),"LOCKED")} -> LOCKED | F16: {=IF(E16="Show hint",Key!$B$102,"")} | G16: {=IF(LEFT(D16,1)="✔",IF(E16="Show hint",5,10),0)} -> 0
A17: F4 | B17: {=IF($C$10="OPEN","Which function is TRUE when a value is a number? (from F2-5 Error Shield)","LOCKED · earn ★ on every stage to open the Boss gate")} -> LOCKED · earn ★ on every stage to open the Boss gate | D17: {=IF($C$10="OPEN",IFERROR(_xlfn.LET(_xlpm.a,Boss!$C$17,IF(TRIM(_xlpm.a&"")="","",IF(OR(SUBSTITUTE(SUBSTITUTE(SUBSTITUTE(SUBSTITUTE(SUBSTITUTE(SUBSTITUTE(SUBSTITUTE(SUBSTITUTE(SUBSTITUTE(SUBSTITUTE(SUBSTITUTE(SUBSTITUTE(SUBSTITUTE(SUBSTITUTE(SUBSTITUTE(SUBSTITUTE(SUBSTITUTE(SUBSTITUTE(SUBSTITUTE(SUBSTITUTE(SUBSTITUTE(SUBSTITUTE(SUBSTITUTE(SUBSTITUTE(SUBSTITUTE(SUBSTITUTE(SUBSTITUTE(UPPER(_xlpm.a)," ",""),"CONTROL","CTRL"),"CTL","CTRL"),"ESCAPE","ESC"),"RETURN","ENTER"),"PAGEDOWN","PGDN"),"PGDOWN","PGDN"),"PAGEUP","PGUP"),"ARROWKEYS","ARROW"),"ARROWKEY","ARROW"),"ARROWS","ARROW"),"DOWNARROW","DOWN"),"UPARROW","UP"),"LEFTARROW","LEFT"),"RIGHTARROW","RIGHT"),"ARROWDOWN","DOWN"),"ARROWUP","UP"),"ARROWLEFT","LEFT"),"ARROWRIGHT","RIGHT"),"↓","DOWN"),"↑","UP"),"←","LEFT"),"→","RIGHT"),"SPACEBAR","SPACE"),"−","-"),"MINUS","-"),"PLUS","+")=Key!$E$103:$J$103),"✔ CLEAR","✘ TRY AGAIN"))),"✘ TRY AGAIN"),"LOCKED")} -> LOCKED | F17: {=IF(E17="Show hint",Key!$B$103,"")} | G17: {=IF(LEFT(D17,1)="✔",IF(E17="Show hint",5,10),0)} -> 0
A18: F5 | B18: {=IF($C$10="OPEN","Which function returns one value when a test is TRUE and another when FALSE? (from F2-2 Fork in the Road)","LOCKED · earn ★ on every stage to open the Boss gate")} -> LOCKED · earn ★ on every stage to open the Boss gate | D18: {=IF($C$10="OPEN",IFERROR(_xlfn.LET(_xlpm.a,Boss!$C$18,IF(TRIM(_xlpm.a&"")="","",IF(OR(SUBSTITUTE(SUBSTITUTE(SUBSTITUTE(SUBSTITUTE(SUBSTITUTE(SUBSTITUTE(SUBSTITUTE(SUBSTITUTE(SUBSTITUTE(SUBSTITUTE(SUBSTITUTE(SUBSTITUTE(SUBSTITUTE(SUBSTITUTE(SUBSTITUTE(SUBSTITUTE(SUBSTITUTE(SUBSTITUTE(SUBSTITUTE(SUBSTITUTE(SUBSTITUTE(SUBSTITUTE(SUBSTITUTE(SUBSTITUTE(SUBSTITUTE(SUBSTITUTE(SUBSTITUTE(UPPER(_xlpm.a)," ",""),"CONTROL","CTRL"),"CTL","CTRL"),"ESCAPE","ESC"),"RETURN","ENTER"),"PAGEDOWN","PGDN"),"PGDOWN","PGDN"),"PAGEUP","PGUP"),"ARROWKEYS","ARROW"),"ARROWKEY","ARROW"),"ARROWS","ARROW"),"DOWNARROW","DOWN"),"UPARROW","UP"),"LEFTARROW","LEFT"),"RIGHTARROW","RIGHT"),"ARROWDOWN","DOWN"),"ARROWUP","UP"),"ARROWLEFT","LEFT"),"ARROWRIGHT","RIGHT"),"↓","DOWN"),"↑","UP"),"←","LEFT"),"→","RIGHT"),"SPACEBAR","SPACE"),"−","-"),"MINUS","-"),"PLUS","+")=Key!$E$104:$J$104),"✔ CLEAR","✘ TRY AGAIN"))),"✘ TRY AGAIN"),"LOCKED")} -> LOCKED | F18: {=IF(E18="Show hint",Key!$B$104,"")} | G18: {=IF(LEFT(D18,1)="✔",IF(E18="Show hint",5,10),0)} -> 0
A19: F6 | B19: {=IF($C$10="OPEN","In =IF"&"(B2>100,B2*0.9,B2), what is returned when B2 is 50? (from F2-2 Fork in the Road)","LOCKED · earn ★ on every stage to open the Boss gate")} -> LOCKED · earn ★ on every stage to open the Boss gate | D19: {=IF($C$10="OPEN",IFERROR(_xlfn.LET(_xlpm.a,Boss!$C$19,IF(TRIM(_xlpm.a&"")="","",IF(OR(SUBSTITUTE(SUBSTITUTE(SUBSTITUTE(SUBSTITUTE(SUBSTITUTE(SUBSTITUTE(SUBSTITUTE(SUBSTITUTE(SUBSTITUTE(SUBSTITUTE(SUBSTITUTE(SUBSTITUTE(SUBSTITUTE(SUBSTITUTE(SUBSTITUTE(SUBSTITUTE(SUBSTITUTE(SUBSTITUTE(SUBSTITUTE(SUBSTITUTE(SUBSTITUTE(SUBSTITUTE(SUBSTITUTE(SUBSTITUTE(SUBSTITUTE(SUBSTITUTE(SUBSTITUTE(UPPER(_xlpm.a)," ",""),"CONTROL","CTRL"),"CTL","CTRL"),"ESCAPE","ESC"),"RETURN","ENTER"),"PAGEDOWN","PGDN"),"PGDOWN","PGDN"),"PAGEUP","PGUP"),"ARROWKEYS","ARROW"),"ARROWKEY","ARROW"),"ARROWS","ARROW"),"DOWNARROW","DOWN"),"UPARROW","UP"),"LEFTARROW","LEFT"),"RIGHTARROW","RIGHT"),"ARROWDOWN","DOWN"),"ARROWUP","UP"),"ARROWLEFT","LEFT"),"ARROWRIGHT","RIGHT"),"↓","DOWN"),"↑","UP"),"←","LEFT"),"→","RIGHT"),"SPACEBAR","SPACE"),"−","-"),"MINUS","-"),"PLUS","+")=Key!$E$105:$E$105),"✔ CLEAR","✘ TRY AGAIN"))),"✘ TRY AGAIN"),"LOCKED")} -> LOCKED | F19: {=IF(E19="Show hint",Key!$B$105,"")} | G19: {=IF(LEFT(D19,1)="✔",IF(E19="Show hint",5,10),0)} -> 0
A20: F7 | B20: {=IF($C$10="OPEN","What do you type in a formula for an empty, blank-looking result? (from F2-2 Fork in the Road)","LOCKED · earn ★ on every stage to open the Boss gate")} -> LOCKED · earn ★ on every stage to open the Boss gate | D20: {=IF($C$10="OPEN",IFERROR(_xlfn.LET(_xlpm.a,Boss!$C$20,IF(TRIM(_xlpm.a&"")="","",IF(OR(SUBSTITUTE(SUBSTITUTE(SUBSTITUTE(SUBSTITUTE(SUBSTITUTE(SUBSTITUTE(SUBSTITUTE(SUBSTITUTE(SUBSTITUTE(SUBSTITUTE(SUBSTITUTE(SUBSTITUTE(SUBSTITUTE(SUBSTITUTE(SUBSTITUTE(SUBSTITUTE(SUBSTITUTE(SUBSTITUTE(SUBSTITUTE(SUBSTITUTE(SUBSTITUTE(SUBSTITUTE(SUBSTITUTE(SUBSTITUTE(SUBSTITUTE(SUBSTITUTE(SUBSTITUTE(UPPER(_xlpm.a)," ",""),"CONTROL","CTRL"),"CTL","CTRL"),"ESCAPE","ESC"),"RETURN","ENTER"),"PAGEDOWN","PGDN"),"PGDOWN","PGDN"),"PAGEUP","PGUP"),"ARROWKEYS","ARROW"),"ARROWKEY","ARROW"),"ARROWS","ARROW"),"DOWNARROW","DOWN"),"UPARROW","UP"),"LEFTARROW","LEFT"),"RIGHTARROW","RIGHT"),"ARROWDOWN","DOWN"),"ARROWUP","UP"),"ARROWLEFT","LEFT"),"ARROWRIGHT","RIGHT"),"↓","DOWN"),"↑","UP"),"←","LEFT"),"→","RIGHT"),"SPACEBAR","SPACE"),"−","-"),"MINUS","-"),"PLUS","+")=Key!$E$106:$E$106),"✔ CLEAR","✘ TRY AGAIN"))),"✘ TRY AGAIN"),"LOCKED")} -> LOCKED | F20: {=IF(E20="Show hint",Key!$B$106,"")} | G20: {=IF(LEFT(D20,1)="✔",IF(E20="Show hint",5,10),0)} -> 0
A21: F8 | B21: {=IF($C$10="OPEN","Which function counts every non-empty cell? (from F1-2 Big Six)","LOCKED · earn ★ on every stage to open the Boss gate")} -> LOCKED · earn ★ on every stage to open the Boss gate | D21: {=IF($C$10="OPEN",IFERROR(_xlfn.LET(_xlpm.a,Boss!$C$21,IF(TRIM(_xlpm.a&"")="","",IF(OR(SUBSTITUTE(SUBSTITUTE(SUBSTITUTE(SUBSTITUTE(SUBSTITUTE(SUBSTITUTE(SUBSTITUTE(SUBSTITUTE(SUBSTITUTE(SUBSTITUTE(SUBSTITUTE(SUBSTITUTE(SUBSTITUTE(SUBSTITUTE(SUBSTITUTE(SUBSTITUTE(SUBSTITUTE(SUBSTITUTE(SUBSTITUTE(SUBSTITUTE(SUBSTITUTE(SUBSTITUTE(SUBSTITUTE(SUBSTITUTE(SUBSTITUTE(SUBSTITUTE(SUBSTITUTE(UPPER(_xlpm.a)," ",""),"CONTROL","CTRL"),"CTL","CTRL"),"ESCAPE","ESC"),"RETURN","ENTER"),"PAGEDOWN","PGDN"),"PGDOWN","PGDN"),"PAGEUP","PGUP"),"ARROWKEYS","ARROW"),"ARROWKEY","ARROW"),"ARROWS","ARROW"),"DOWNARROW","DOWN"),"UPARROW","UP"),"LEFTARROW","LEFT"),"RIGHTARROW","RIGHT"),"ARROWDOWN","DOWN"),"ARROWUP","UP"),"ARROWLEFT","LEFT"),"ARROWRIGHT","RIGHT"),"↓","DOWN"),"↑","UP"),"←","LEFT"),"→","RIGHT"),"SPACEBAR","SPACE"),"−","-"),"MINUS","-"),"PLUS","+")=Key!$E$107:$J$107),"✔ CLEAR","✘ TRY AGAIN"))),"✘ TRY AGAIN"),"LOCKED")} -> LOCKED | F21: {=IF(E21="Show hint",Key!$B$107,"")} | G21: {=IF(LEFT(D21,1)="✔",IF(E21="Show hint",5,10),0)} -> 0
A23: BOSS MISSIONS
B24: ▶ Open Boss Arena (or press Ctrl+PgDn)
A25: # | B25: Mission | C25: Your answer | D25: Result | E25: Hint? | F25: Hint | G25: XP
A26: B1 | B26: {=IF($C$10="OPEN","In F6 return ""Pass"" for a Score of 60 or more, otherwise ""Fail"". Fill down to F15.","LOCKED · earn ★ on every stage to open the Boss gate")} -> LOCKED · earn ★ on every stage to open the Boss gate | C26: ▶ ARENA B1 (cell F6) | D26: {=IF($C$10="OPEN",IF(COUNTA('Boss Arena'!$F$6,'Boss Arena'!$F$7,'Boss Arena'!$F$8,'Boss Arena'!$F$9,'Boss Arena'!$F$10,'Boss Arena'!$F$11,'Boss Arena'!$F$12,'Boss Arena'!$F$13,'Boss Arena'!$F$14,'Boss Arena'!$F$15)=0,"",IF(OR(NOT(_xlfn.ISFORMULA('Boss Arena'!$F$6)),NOT(_xlfn.ISFORMULA('Boss Arena'!$F$7)),NOT(_xlfn.ISFORMULA('Boss Arena'!$F$8)),NOT(_xlfn.ISFORMULA('Boss Arena'!$F$9)),NOT(_xlfn.ISFORMULA('Boss Arena'!$F$10)),NOT(_xlfn.ISFORMULA('Boss Arena'!$F$11)),NOT(_xlfn.ISFORMULA('Boss Arena'!$F$12)),NOT(_xlfn.ISFORMULA('Boss Arena'!$F$13)),NOT(_xlfn.ISFORMULA('Boss Arena'!$F$14)),NOT(_xlfn.ISFORMULA('Boss Arena'!$F$15))),"✘ Some cells aren't formulas yet",IF(OR(ISERROR('Boss Arena'!$F$6),ISERROR('Boss Arena'!$F$7),ISERROR('Boss Arena'!$F$8),ISERROR('Boss Arena'!$F$9),ISERROR('Boss Arena'!$F$10),ISERROR('Boss Arena'!$F$11),ISERROR('Boss Arena'!$F$12),ISERROR('Boss Arena'!$F$13),ISERROR('Boss Arena'!$F$14),ISERROR('Boss Arena'!$F$15)),"✘ Some cells show an error",IF(NOT(AND(IFERROR(AND(ISTEXT('Boss Arena'!$F$6),'Boss Arena'!$F$6=Key!$E$108),FALSE),IFERROR(AND(ISTEXT('Boss Arena'!$F$7),'Boss Arena'!$F$7=Key!$F$108),FALSE),IFERROR(AND(ISTEXT('Boss Arena'!$F$8),'Boss Arena'!$F$8=Key!$G$108),FALSE),IFERROR(AND(ISTEXT('Boss Arena'!$F$9),'Boss Arena'!$F$9=Key!$H$108),FALSE),IFERROR(AND(ISTEXT('Boss Arena'!$F$10),'Boss Arena'!$F$10=Key!$I$108),FALSE),IFERROR(AND(ISTEXT('Boss Arena'!$F$11),'Boss Arena'!$F$11=Key!$J$108),FALSE),IFERROR(AND(ISTEXT('Boss Arena'!$F$12),'Boss Arena'!$F$12=Key!$K$108),FALSE),IFERROR(AND(ISTEXT('Boss Arena'!$F$13),'Boss Arena'!$F$13=Key!$L$108),FALSE),IFERROR(AND(ISTEXT('Boss Arena'!$F$14),'Boss Arena'!$F$14=Key!$M$108),FALSE),IFERROR(AND(ISTEXT('Boss Arena'!$F$15),'Boss Arena'!$F$15=Key!$N$108),FALSE))),"✘ TRY AGAIN",IF(AND(OR(ISNUMBER(FIND({"=","(",",","+","-","*","/","&"," ","<",">",":","@","^"}&"IF"&"(",UPPER(_xlfn.FORMULATEXT('Boss Arena'!$F$6)))))),"✔ CLEAR","✘ CLOSE · right value, but use IF"))))),"LOCKED")} -> LOCKED | F26: {=IF(E26="Show hint",Key!$B$108,"")} | G26: {=IF(LEFT(D26,1)="✔",IF(E26="Show hint",5,10),0)} -> 0
A27: B2 | B27: {=IF($C$10="OPEN","In G6 return ""Yes"" when Age is 18+ AND Score is 70+, otherwise ""No"". Fill down to G15.","LOCKED · earn ★ on every stage to open the Boss gate")} -> LOCKED · earn ★ on every stage to open the Boss gate | C27: ▶ ARENA B2 (cell G6) | D27: {=IF($C$10="OPEN",IF(COUNTA('Boss Arena'!$G$6,'Boss Arena'!$G$7,'Boss Arena'!$G$8,'Boss Arena'!$G$9,'Boss Arena'!$G$10,'Boss Arena'!$G$11,'Boss Arena'!$G$12,'Boss Arena'!$G$13,'Boss Arena'!$G$14,'Boss Arena'!$G$15)=0,"",IF(OR(NOT(_xlfn.ISFORMULA('Boss Arena'!$G$6)),NOT(_xlfn.ISFORMULA('Boss Arena'!$G$7)),NOT(_xlfn.ISFORMULA('Boss Arena'!$G$8)),NOT(_xlfn.ISFORMULA('Boss Arena'!$G$9)),NOT(_xlfn.ISFORMULA('Boss Arena'!$G$10)),NOT(_xlfn.ISFORMULA('Boss Arena'!$G$11)),NOT(_xlfn.ISFORMULA('Boss Arena'!$G$12)),NOT(_xlfn.ISFORMULA('Boss Arena'!$G$13)),NOT(_xlfn.ISFORMULA('Boss Arena'!$G$14)),NOT(_xlfn.ISFORMULA('Boss Arena'!$G$15))),"✘ Some cells aren't formulas yet",IF(OR(ISERROR('Boss Arena'!$G$6),ISERROR('Boss Arena'!$G$7),ISERROR('Boss Arena'!$G$8),ISERROR('Boss Arena'!$G$9),ISERROR('Boss Arena'!$G$10),ISERROR('Boss Arena'!$G$11),ISERROR('Boss Arena'!$G$12),ISERROR('Boss Arena'!$G$13),ISERROR('Boss Arena'!$G$14),ISERROR('Boss Arena'!$G$15)),"✘ Some cells show an error",IF(NOT(AND(IFERROR(AND(ISTEXT('Boss Arena'!$G$6),'Boss Arena'!$G$6=Key!$E$109),FALSE),IFERROR(AND(ISTEXT('Boss Arena'!$G$7),'Boss Arena'!$G$7=Key!$F$109),FALSE),IFERROR(AND(ISTEXT('Boss Arena'!$G$8),'Boss Arena'!$G$8=Key!$G$109),FALSE),IFERROR(AND(ISTEXT('Boss Arena'!$G$9),'Boss Arena'!$G$9=Key!$H$109),FALSE),IFERROR(AND(ISTEXT('Boss Arena'!$G$10),'Boss Arena'!$G$10=Key!$I$109),FALSE),IFERROR(AND(ISTEXT('Boss Arena'!$G$11),'Boss Arena'!$G$11=Key!$J$109),FALSE),IFERROR(AND(ISTEXT('Boss Arena'!$G$12),'Boss Arena'!$G$12=Key!$K$109),FALSE),IFERROR(AND(ISTEXT('Boss Arena'!$G$13),'Boss Arena'!$G$13=Key!$L$109),FALSE),IFERROR(AND(ISTEXT('Boss Arena'!$G$14),'Boss Arena'!$G$14=Key!$M$109),FALSE),IFERROR(AND(ISTEXT('Boss Arena'!$G$15),'Boss Arena'!$G$15=Key!$N$109),FALSE))),"✘ TRY AGAIN",IF(AND(OR(ISNUMBER(FIND({"=","(",",","+","-","*","/","&"," ","<",">",":","@","^"}&"AND"&"(",UPPER(_xlfn.FORMULATEXT('Boss Arena'!$G$6)))))),"✔ CLEAR","✘ CLOSE · right value, but use AND"))))),"LOCKED")} -> LOCKED | F27: {=IF(E27="Show hint",Key!$B$109,"")} | G27: {=IF(LEFT(D27,1)="✔",IF(E27="Show hint",5,10),0)} -> 0
A28: B3 | B28: {=IF($C$10="OPEN","In H6 return ""Star"" when Score is 95+ OR Age is 40+, otherwise ""No"". Fill down to H15.","LOCKED · earn ★ on every stage to open the Boss gate")} -> LOCKED · earn ★ on every stage to open the Boss gate | C28: ▶ ARENA B3 (cell H6) | D28: {=IF($C$10="OPEN",IF(COUNTA('Boss Arena'!$H$6,'Boss Arena'!$H$7,'Boss Arena'!$H$8,'Boss Arena'!$H$9,'Boss Arena'!$H$10,'Boss Arena'!$H$11,'Boss Arena'!$H$12,'Boss Arena'!$H$13,'Boss Arena'!$H$14,'Boss Arena'!$H$15)=0,"",IF(OR(NOT(_xlfn.ISFORMULA('Boss Arena'!$H$6)),NOT(_xlfn.ISFORMULA('Boss Arena'!$H$7)),NOT(_xlfn.ISFORMULA('Boss Arena'!$H$8)),NOT(_xlfn.ISFORMULA('Boss Arena'!$H$9)),NOT(_xlfn.ISFORMULA('Boss Arena'!$H$10)),NOT(_xlfn.ISFORMULA('Boss Arena'!$H$11)),NOT(_xlfn.ISFORMULA('Boss Arena'!$H$12)),NOT(_xlfn.ISFORMULA('Boss Arena'!$H$13)),NOT(_xlfn.ISFORMULA('Boss Arena'!$H$14)),NOT(_xlfn.ISFORMULA('Boss Arena'!$H$15))),"✘ Some cells aren't formulas yet",IF(OR(ISERROR('Boss Arena'!$H$6),ISERROR('Boss Arena'!$H$7),ISERROR('Boss Arena'!$H$8),ISERROR('Boss Arena'!$H$9),ISERROR('Boss Arena'!$H$10),ISERROR('Boss Arena'!$H$11),ISERROR('Boss Arena'!$H$12),ISERROR('Boss Arena'!$H$13),ISERROR('Boss Arena'!$H$14),ISERROR('Boss Arena'!$H$15)),"✘ Some cells show an error",IF(NOT(AND(IFERROR(AND(ISTEXT('Boss Arena'!$H$6),'Boss Arena'!$H$6=Key!$E$110),FALSE),IFERROR(AND(ISTEXT('Boss Arena'!$H$7),'Boss Arena'!$H$7=Key!$F$110),FALSE),IFERROR(AND(ISTEXT('Boss Arena'!$H$8),'Boss Arena'!$H$8=Key!$G$110),FALSE),IFERROR(AND(ISTEXT('Boss Arena'!$H$9),'Boss Arena'!$H$9=Key!$H$110),FALSE),IFERROR(AND(ISTEXT('Boss Arena'!$H$10),'Boss Arena'!$H$10=Key!$I$110),FALSE),IFERROR(AND(ISTEXT('Boss Arena'!$H$11),'Boss Arena'!$H$11=Key!$J$110),FALSE),IFERROR(AND(ISTEXT('Boss Arena'!$H$12),'Boss Arena'!$H$12=Key!$K$110),FALSE),IFERROR(AND(ISTEXT('Boss Arena'!$H$13),'Boss Arena'!$H$13=Key!$L$110),FALSE),IFERROR(AND(ISTEXT('Boss Arena'!$H$14),'Boss Arena'!$H$14=Key!$M$110),FALSE),IFERROR(AND(ISTEXT('Boss Arena'!$H$15),'Boss Arena'!$H$15=Key!$N$110),FALSE))),"✘ TRY AGAIN",IF(AND(OR(ISNUMBER(FIND({"=","(",",","+","-","*","/","&"," ","<",">",":","@","^"}&"OR"&"(",UPPER(_xlfn.FORMULATEXT('Boss Arena'!$H$6)))))),"✔ CLEAR","✘ CLOSE · right value, but use OR"))))),"LOCKED")} -> LOCKED | F28: {=IF(E28="Show hint",Key!$B$110,"")} | G28: {=IF(LEFT(D28,1)="✔",IF(E28="Show hint",5,10),0)} -> 0
A29: B4 | B29: {=IF($C$10="OPEN","In I6 use IFS: ""Gold"" for 90+, ""Silver"" for 75+, ""Bronze"" for 60+, otherwise ""None"". Fill down.","LOCKED · earn ★ on every stage to open the Boss gate")} -> LOCKED · earn ★ on every stage to open the Boss gate | C29: ▶ ARENA B4 (cell I6) | D29: {=IF($C$10="OPEN",IF(COUNTA('Boss Arena'!$I$6,'Boss Arena'!$I$7,'Boss Arena'!$I$8,'Boss Arena'!$I$9,'Boss Arena'!$I$10,'Boss Arena'!$I$11,'Boss Arena'!$I$12,'Boss Arena'!$I$13,'Boss Arena'!$I$14,'Boss Arena'!$I$15)=0,"",IF(OR(NOT(_xlfn.ISFORMULA('Boss Arena'!$I$6)),NOT(_xlfn.ISFORMULA('Boss Arena'!$I$7)),NOT(_xlfn.ISFORMULA('Boss Arena'!$I$8)),NOT(_xlfn.ISFORMULA('Boss Arena'!$I$9)),NOT(_xlfn.ISFORMULA('Boss Arena'!$I$10)),NOT(_xlfn.ISFORMULA('Boss Arena'!$I$11)),NOT(_xlfn.ISFORMULA('Boss Arena'!$I$12)),NOT(_xlfn.ISFORMULA('Boss Arena'!$I$13)),NOT(_xlfn.ISFORMULA('Boss Arena'!$I$14)),NOT(_xlfn.ISFORMULA('Boss Arena'!$I$15))),"✘ Some cells aren't formulas yet",IF(OR(ISERROR('Boss Arena'!$I$6),ISERROR('Boss Arena'!$I$7),ISERROR('Boss Arena'!$I$8),ISERROR('Boss Arena'!$I$9),ISERROR('Boss Arena'!$I$10),ISERROR('Boss Arena'!$I$11),ISERROR('Boss Arena'!$I$12),ISERROR('Boss Arena'!$I$13),ISERROR('Boss Arena'!$I$14),ISERROR('Boss Arena'!$I$15)),"✘ Some cells show an error",IF(NOT(AND(IFERROR(AND(ISTEXT('Boss Arena'!$I$6),'Boss Arena'!$I$6=Key!$E$111),FALSE),IFERROR(AND(ISTEXT('Boss Arena'!$I$7),'Boss Arena'!$I$7=Key!$F$111),FALSE),IFERROR(AND(ISTEXT('Boss Arena'!$I$8),'Boss Arena'!$I$8=Key!$G$111),FALSE),IFERROR(AND(ISTEXT('Boss Arena'!$I$9),'Boss Arena'!$I$9=Key!$H$111),FALSE),IFERROR(AND(ISTEXT('Boss Arena'!$I$10),'Boss Arena'!$I$10=Key!$I$111),FALSE),IFERROR(AND(ISTEXT('Boss Arena'!$I$11),'Boss Arena'!$I$11=Key!$J$111),FALSE),IFERROR(AND(ISTEXT('Boss Arena'!$I$12),'Boss Arena'!$I$12=Key!$K$111),FALSE),IFERROR(AND(ISTEXT('Boss Arena'!$I$13),'Boss Arena'!$I$13=Key!$L$111),FALSE),IFERROR(AND(ISTEXT('Boss Arena'!$I$14),'Boss Arena'!$I$14=Key!$M$111),FALSE),IFERROR(AND(ISTEXT('Boss Arena'!$I$15),'Boss Arena'!$I$15=Key!$N$111),FALSE))),"✘ TRY AGAIN",IF(AND(OR(ISNUMBER(FIND({"=","(",",","+","-","*","/","&"," ","<",">",":","@","^"}&"IFS"&"(",UPPER(_xlfn.FORMULATEXT('Boss Arena'!$I$6)))))),"✔ CLEAR","✘ CLOSE · right value, but use IFS"))))),"LOCKED")} -> LOCKED | F29: {=IF(E29="Show hint",Key!$B$111,"")} | G29: {=IF(LEFT(D29,1)="✔",IF(E29="Show hint",5,10),0)} -> 0
A30: B5 | B30: {=IF($C$10="OPEN","In J6 return ""VIP"" for Score 80+ AND Age 18+, otherwise ""Member"" for Score 60+, otherwise ""Guest"". Fill down to J15.","LOCKED · earn ★ on every stage to open the Boss gate")} -> LOCKED · earn ★ on every stage to open the Boss gate | C30: ▶ ARENA B5 (cell J6) | D30: {=IF($C$10="OPEN",IF(COUNTA('Boss Arena'!$J$6,'Boss Arena'!$J$7,'Boss Arena'!$J$8,'Boss Arena'!$J$9,'Boss Arena'!$J$10,'Boss Arena'!$J$11,'Boss Arena'!$J$12,'Boss Arena'!$J$13,'Boss Arena'!$J$14,'Boss Arena'!$J$15)=0,"",IF(OR(NOT(_xlfn.ISFORMULA('Boss Arena'!$J$6)),NOT(_xlfn.ISFORMULA('Boss Arena'!$J$7)),NOT(_xlfn.ISFORMULA('Boss Arena'!$J$8)),NOT(_xlfn.ISFORMULA('Boss Arena'!$J$9)),NOT(_xlfn.ISFORMULA('Boss Arena'!$J$10)),NOT(_xlfn.ISFORMULA('Boss Arena'!$J$11)),NOT(_xlfn.ISFORMULA('Boss Arena'!$J$12)),NOT(_xlfn.ISFORMULA('Boss Arena'!$J$13)),NOT(_xlfn.ISFORMULA('Boss Arena'!$J$14)),NOT(_xlfn.ISFORMULA('Boss Arena'!$J$15))),"✘ Some cells aren't formulas yet",IF(OR(ISERROR('Boss Arena'!$J$6),ISERROR('Boss Arena'!$J$7),ISERROR('Boss Arena'!$J$8),ISERROR('Boss Arena'!$J$9),ISERROR('Boss Arena'!$J$10),ISERROR('Boss Arena'!$J$11),ISERROR('Boss Arena'!$J$12),ISERROR('Boss Arena'!$J$13),ISERROR('Boss Arena'!$J$14),ISERROR('Boss Arena'!$J$15)),"✘ Some cells show an error",IF(NOT(AND(IFERROR(AND(ISTEXT('Boss Arena'!$J$6),'Boss Arena'!$J$6=Key!$E$112),FALSE),IFERROR(AND(ISTEXT('Boss Arena'!$J$7),'Boss Arena'!$J$7=Key!$F$112),FALSE),IFERROR(AND(ISTEXT('Boss Arena'!$J$8),'Boss Arena'!$J$8=Key!$G$112),FALSE),IFERROR(AND(ISTEXT('Boss Arena'!$J$9),'Boss Arena'!$J$9=Key!$H$112),FALSE),IFERROR(AND(ISTEXT('Boss Arena'!$J$10),'Boss Arena'!$J$10=Key!$I$112),FALSE),IFERROR(AND(ISTEXT('Boss Arena'!$J$11),'Boss Arena'!$J$11=Key!$J$112),FALSE),IFERROR(AND(ISTEXT('Boss Arena'!$J$12),'Boss Arena'!$J$12=Key!$K$112),FALSE),IFERROR(AND(ISTEXT('Boss Arena'!$J$13),'Boss Arena'!$J$13=Key!$L$112),FALSE),IFERROR(AND(ISTEXT('Boss Arena'!$J$14),'Boss Arena'!$J$14=Key!$M$112),FALSE),IFERROR(AND(ISTEXT('Boss Arena'!$J$15),'Boss Arena'!$J$15=Key!$N$112),FALSE))),"✘ TRY AGAIN",IF(AND(OR(ISNUMBER(FIND({"=","(",",","+","-","*","/","&"," ","<",">",":","@","^"}&"IF"&"(",UPPER(_xlfn.FORMULATEXT('Boss Arena'!$J$6))))),OR(ISNUMBER(FIND({"=","(",",","+","-","*","/","&"," ","<",">",":","@","^"}&"AND"&"(",UPPER(_xlfn.FORMULATEXT('Boss Arena'!$J$6)))))),"✔ CLEAR","✘ CLOSE · right value, but use IF and AND"))))),"LOCKED")} -> LOCKED | F30: {=IF(E30="Show hint",Key!$B$112,"")} | G30: {=IF(LEFT(D30,1)="✔",IF(E30="Show hint",5,10),0)} -> 0
A31: B6 | B31: {=IF($C$10="OPEN","In L6 return TRUE when Ava (row 6) is NOT licensed (E6 is not ""Yes""). Use NOT.","LOCKED · earn ★ on every stage to open the Boss gate")} -> LOCKED · earn ★ on every stage to open the Boss gate | C31: ▶ ARENA B6 (cell L6) | D31: {=IF($C$10="OPEN",IF(ISBLANK('Boss Arena'!$L$6),"",IF(NOT(_xlfn.ISFORMULA('Boss Arena'!$L$6)),"✘ That's a typed value · enter a formula",IF(ISERROR('Boss Arena'!$L$6),"✘ Your formula returns "&IFERROR(CHOOSE(ERROR.TYPE('Boss Arena'!$L$6),"#NULL!","#DIV/0!","#VALUE!","#REF!","#NAME?","#NUM!","#N/A","#GETTING_DATA","#SPILL!","#CONNECT!","#BLOCKED!","#UNKNOWN!","#FIELD!","#CALC!"),"an error"),IF(NOT(AND(IFERROR(AND(ISLOGICAL('Boss Arena'!$L$6),'Boss Arena'!$L$6=(Key!$C$113="TRUE")),FALSE))),"✘ TRY AGAIN",IF(AND(OR(ISNUMBER(FIND({"=","(",",","+","-","*","/","&"," ","<",">",":","@","^"}&"NOT"&"(",UPPER(_xlfn.FORMULATEXT('Boss Arena'!$L$6)))))),"✔ CLEAR","✘ CLOSE · right value, but use NOT"))))),"LOCKED")} -> LOCKED | F31: {=IF(E31="Show hint",Key!$B$113,"")} | G31: {=IF(LEFT(D31,1)="✔",IF(E31="Show hint",5,10),0)} -> 0
A32: B7 | B32: {=IF($C$10="OPEN","In E21 divide Total by Units with an IFERROR shield (0 on errors). Fill down to E26.","LOCKED · earn ★ on every stage to open the Boss gate")} -> LOCKED · earn ★ on every stage to open the Boss gate | C32: ▶ ARENA B7 (cell E21) | D32: {=IF($C$10="OPEN",IF(COUNTA('Boss Arena'!$E$21,'Boss Arena'!$E$22,'Boss Arena'!$E$23,'Boss Arena'!$E$24,'Boss Arena'!$E$25,'Boss Arena'!$E$26)=0,"",IF(OR(NOT(_xlfn.ISFORMULA('Boss Arena'!$E$21)),NOT(_xlfn.ISFORMULA('Boss Arena'!$E$22)),NOT(_xlfn.ISFORMULA('Boss Arena'!$E$23)),NOT(_xlfn.ISFORMULA('Boss Arena'!$E$24)),NOT(_xlfn.ISFORMULA('Boss Arena'!$E$25)),NOT(_xlfn.ISFORMULA('Boss Arena'!$E$26))),"✘ Some cells aren't formulas yet",IF(OR(ISERROR('Boss Arena'!$E$21),ISERROR('Boss Arena'!$E$22),ISERROR('Boss Arena'!$E$23),ISERROR('Boss Arena'!$E$24),ISERROR('Boss Arena'!$E$25),ISERROR('Boss Arena'!$E$26)),"✘ Some cells show an error",IF(NOT(AND(IFERROR(AND(ISNUMBER('Boss Arena'!$E$21),ABS('Boss Arena'!$E$21-Key!$E$114)<=1E-9*MAX(1,ABS(Key!$E$114))),FALSE),IFERROR(AND(ISNUMBER('Boss Arena'!$E$22),ABS('Boss Arena'!$E$22-Key!$F$114)<=1E-9*MAX(1,ABS(Key!$F$114))),FALSE),IFERROR(AND(ISNUMBER('Boss Arena'!$E$23),ABS('Boss Arena'!$E$23-Key!$G$114)<=1E-9*MAX(1,ABS(Key!$G$114))),FALSE),IFERROR(AND(ISNUMBER('Boss Arena'!$E$24),ABS('Boss Arena'!$E$24-Key!$H$114)<=1E-9*MAX(1,ABS(Key!$H$114))),FALSE),IFERROR(AND(ISNUMBER('Boss Arena'!$E$25),ABS('Boss Arena'!$E$25-Key!$I$114)<=1E-9*MAX(1,ABS(Key!$I$114))),FALSE),IFERROR(AND(ISNUMBER('Boss Arena'!$E$26),ABS('Boss Arena'!$E$26-Key!$J$114)<=1E-9*MAX(1,ABS(Key!$J$114))),FALSE))),"✘ TRY AGAIN",IF(AND(OR(ISNUMBER(FIND({"=","(",",","+","-","*","/","&"," ","<",">",":","@","^"}&"IFERROR"&"(",UPPER(_xlfn.FORMULATEXT('Boss Arena'!$E$21)))))),"✔ CLEAR","✘ CLOSE · right value, but use IFERROR"))))),"LOCKED")} -> LOCKED | F32: {=IF(E32="Show hint",Key!$B$114,"")} | G32: {=IF(LEFT(D32,1)="✔",IF(E32="Show hint",5,10),0)} -> 0
A33: B8 | B33: {=IF($C$10="OPEN","In H21 show ""Missing"" when the Name (G21) is empty, otherwise ""OK"" (use ISBLANK). Fill down to H25.","LOCKED · earn ★ on every stage to open the Boss gate")} -> LOCKED · earn ★ on every stage to open the Boss gate | C33: ▶ ARENA B8 (cell H21) | D33: {=IF($C$10="OPEN",IF(COUNTA('Boss Arena'!$H$21,'Boss Arena'!$H$22,'Boss Arena'!$H$23,'Boss Arena'!$H$24,'Boss Arena'!$H$25)=0,"",IF(OR(NOT(_xlfn.ISFORMULA('Boss Arena'!$H$21)),NOT(_xlfn.ISFORMULA('Boss Arena'!$H$22)),NOT(_xlfn.ISFORMULA('Boss Arena'!$H$23)),NOT(_xlfn.ISFORMULA('Boss Arena'!$H$24)),NOT(_xlfn.ISFORMULA('Boss Arena'!$H$25))),"✘ Some cells aren't formulas yet",IF(OR(ISERROR('Boss Arena'!$H$21),ISERROR('Boss Arena'!$H$22),ISERROR('Boss Arena'!$H$23),ISERROR('Boss Arena'!$H$24),ISERROR('Boss Arena'!$H$25)),"✘ Some cells show an error",IF(NOT(AND(IFERROR(AND(ISTEXT('Boss Arena'!$H$21),'Boss Arena'!$H$21=Key!$E$115),FALSE),IFERROR(AND(ISTEXT('Boss Arena'!$H$22),'Boss Arena'!$H$22=Key!$F$115),FALSE),IFERROR(AND(ISTEXT('Boss Arena'!$H$23),'Boss Arena'!$H$23=Key!$G$115),FALSE),IFERROR(AND(ISTEXT('Boss Arena'!$H$24),'Boss Arena'!$H$24=Key!$H$115),FALSE),IFERROR(AND(ISTEXT('Boss Arena'!$H$25),'Boss Arena'!$H$25=Key!$I$115),FALSE))),"✘ TRY AGAIN",IF(AND(OR(ISNUMBER(FIND({"=","(",",","+","-","*","/","&"," ","<",">",":","@","^"}&"ISBLANK"&"(",UPPER(_xlfn.FORMULATEXT('Boss Arena'!$H$21)))))),"✔ CLEAR","✘ CLOSE · right value, but use ISBLANK"))))),"LOCKED")} -> LOCKED | F33: {=IF(E33="Show hint",Key!$B$115,"")} | G33: {=IF(LEFT(D33,1)="✔",IF(E33="Show hint",5,10),0)} -> 0

Sheet Boss Arena
A1: BOSS ARENA ▸ LOGIC
A2: Practice area · everything here is editable. Missions and their checks are on the stage sheet.
A3: PASS CODE | B3: LOGICLORD | D3: ◀ Back to Boss
B5: Name | C5: Score | D5: Age | E5: License | F5: Pass? | G5: Eligible | H5: Star | I5: Tier | J5: Status | L5: Not licensed?
B6: Ava | C6: 92 | D6: 17 | E6: No
B7: Ben | C7: 48 | D7: 22 | E7: Yes
B8: Cy | C8: 75 | D8: 19 | E8: Yes
B9: Dee | C9: 60 | D9: 16 | E9: No
B10: Eli | C10: 88 | D10: 30 | E10: Yes
B11: Fay | C11: 50 | D11: 18 | E11: Yes
B12: Gus | C12: 39 | D12: 25 | E12: No
B13: Hal | C13: 81 | D13: 41 | E13: Yes
B14: Ivy | C14: 99 | D14: 15 | E14: No
B15: Jo | C15: 70 | D15: 20 | E15: No
B20: Product | C20: Total | D20: Units | E20: Per unit | G20: Name | H20: Check
B21: Pens | C21: 120 | D21: 10 | G21: Ava
B22: Ink | C22: 90 | D22: 0
B23: Pads | C23: 60 | D23: 4 | G23: Cy
B24: Tape | C24: 0 | D24: 0
B25: Glue | C25: 45 | D25: 9 | G25: Eli
B26: Clips | C26: 30 | D26: 0

Sheet Cheat Codes
A1: CHEAT CODES ▸ LOGIC
A2: Every move from this world on one page. Keep it open while you play, or print it (Ctrl+P).
A4: Stage | B4: Keys / Syntax | C4: What it does | D4: Pro tip
A5: F2-1 | B5: >= | C5: Compare two values: = < > <= >= give TRUE or FALSE. | D5: =B2>=50 is TRUE when B2 is 50 or more.
A6: F2-1 | B6: <> | C6: Not equal to. | D6: =A2<>"Closed" is TRUE for anything except Closed.
A7: F2-1 | B7: "text" | C7: Text inside a formula goes in double quotes. | D7: Comparisons ignore case: ="YES"="yes" is TRUE.
A8: F2-2 | B8: IF | C8: IF(test, value_if_true, value_if_false) picks one of two results. | D8: =IF(B2>=50,"Pass","Fail")
A9: F2-2 | B9: IF + math | C9: Each branch can be a calculation, not just text. | D9: =IF(B2>100,B2*0.9,B2) discounts only big orders.
A10: F2-2 | B10: "" | C10: Two quotes with nothing between = empty text, a blank-looking result. | D10: =IF(A2="","",A2*2) stays blank until A2 has a value.
A11: F2-3 | B11: AND | C11: TRUE only when every condition is TRUE. | D11: =AND(B2>=18,C2="Yes")
A12: F2-3 | B12: OR | C12: TRUE when at least one condition is TRUE. | D12: =OR(B2>=90,C2<16)
A13: F2-3 | B13: NOT | C13: Flip TRUE to FALSE and FALSE to TRUE. | D13: =NOT(B2="Yes") is TRUE for No.
A14: F2-4 | B14: IF inside IF | C14: Put an IF in the 'false' slot to handle three or more outcomes. | D14: =IF(B2>=90,"A",IF(B2>=75,"B","C"))
A15: F2-4 | B15: IFS | C15: Check conditions in order and return the first match. | D15: =IFS(B2>=90,"Gold",B2>=75,"Silver",TRUE,"Other")
... A20: F2-5 | B20: ISNUMBER | C20: TRUE if a value is a number (not text that looks like one). | D20: "12" typed as text is not a number.

Sheet Key
A1: Challenge | B1: Hint | C1: Expected | E1: Lists / per-cell expectations →
A2: F2-1 True or False W1 | B2: Enter plus Shift. | E2: SHIFT+ENTER
A3: F2-1 True or False W2 | B3: The key above Caps Lock. | E3: TAB
A4: F2-1 True or False W3 | B4: Enter plus Ctrl. | E4: CTRL+ENTER
A5: F2-1 True or False W4 | B5: Enter plus Alt. | E5: ALT+ENTER
A6: F2-1 True or False W5 | B6: The top-left key. | E6: ESC
A7: F2-1 True or False W6 | B7: Ctrl plus Page Up. | E7: CTRL+PGUP
A8: F2-1 True or False W7 | B8: Page Down. | E8: PGDN
A9: F2-1 True or False W8 | B9: Alt plus Page Down. | E9: ALT+PGDN
A10: F2-1 True or False W9 | B10: Hold Shift and tap an arrow. | E10: SHIFT+ARROW | F10: SHIFT+DOWN | G10: SHIFT+LEFT | H10: SHIFT+RIGHT | I10: SHIFT+UP
A11: F2-1 True or False W10 | B11: The warp-zone keys plus Shift. | E11: CTRL+SHIFT+ARROW | F11: CTRL+SHIFT+DOWN | G11: CTRL+SHIFT+LEFT | H11: CTRL+SHIFT+RIGHT | I11: CTRL+SHIFT+UP | J11: SHIFT+CTRL+ARROW | K11: SHIFT+CTRL+DOWN | L11: SHIFT+CTRL+LEFT | M11: SHIFT+CTRL+RIGHT | N11: SHIFT+CTRL+UP
A12: F2-1 True or False T1 | B12: Two characters: > then =. | C12: >= | E12: TRUE, … | F12: "text" | G12: <> | H12: >=
A13: F2-1 True or False T2 | B13: Less-than then greater-than. | C13: <> | E13: IF + math | F13: >= | G13: IF inside IF | H13: <>
A14: F2-1 True or False T3 | B14: Shift plus the apostrophe key. | C14: "text" | E14: "" | F14: "text" | G14: IF inside IF | H14: IF + math
A15: F2-1 True or False C1 | B15: Two characters: > then =. | E15: >=
A16: F2-1 True or False C2 | B16: Less-than then greater-than. | E16: <>
A17: F2-1 True or False C3 | B17: Shift plus the apostrophe key. | E17: " | F17: DOUBLEQUOTES | G17: QUOTATIONMARKS | H17: QUOTES
A18: F2-1 True or False C4 | B18: Use >=. | C18: {=IF('F2-1 Arena'!$C$6>=50,"TRUE","FALSE")} -> TRUE
A19: F2-1 True or False C5 | B19: Type =E7<>"No". | C19: {=IF('F2-1 Arena'!$E$7<>"No","TRUE","FALSE")} -> TRUE
A20: F2-1 True or False C6 | B20: Text needs quotes. | C20: {=IF('F2-1 Arena'!$E$8="yes","TRUE","FALSE")} -> TRUE
A21: F2-2 Fork in the Road W1 | B21: Two characters: > then =. | E21: >=
A22: F2-2 Fork in the Road W2 | B22: Less-than then greater-than. | E22: <>
A23: F2-2 Fork in the Road W3 | B23: Shift plus the apostrophe key. | E23: " | F23: DOUBLEQUOTES | G23: QUOTATIONMARKS | H23: QUOTES
A24: F2-2 Fork in the Road W4 | B24: C for Copy. | E24: CTRL+C
A25: F2-2 Fork in the Road W5 | B25: X looks like scissors. | E25: CTRL+X
A26: F2-2 Fork in the Road W6 | B26: Next to C on the keyboard. | E26: CTRL+V
A27: F2-2 Fork in the Road W7 | B27: Paste plus Alt. | E27: ALT+CTRL+V | F27: CTRL+ALT+V
A28: F2-2 Fork in the Road W8 | B28: R for Right. | E28: CTRL+R
A29: F2-2 Fork in the Road W9 | B29: The bottom-left letter. | E29: CTRL+Z
A30: F2-2 Fork in the Road W10 | B30: The letter after X. | E30: CTRL+Y
A31: F2-2 Fork in the Road T1 | B31: Two letters. | C31: IF | E31: IF | F31: NOT | G31: ISBLANK | H31: AND
A32: F2-2 Fork in the Road T2 | B32: 50 is not more than 100. | C32: IF + math | E32: >= | F32: IF + math | G32: TRUE, … | H32: ""
A33: F2-2 Fork in the Road T3 | B33: Two double quotes, nothing inside. | C33: "" | E33: TRUE, … | F33: IF inside IF | G33: "" | H33: "text"
A34: F2-2 Fork in the Road C1 | B34: Two letters. | E34: =IF | F34: =IF( | G34: =IF() | H34: IF | I34: IF( | J34: IF()
A35: F2-2 Fork in the Road C2 | B35: 50 is not more than 100. | E35: 50
A36: F2-2 Fork in the Road C3 | B36: Two double quotes, nothing inside. | E36: ""
A37: F2-2 Fork in the Road C4 | B37: Text results need quotes. | E37: {=IF('F2-2 Arena'!$C$6>=50,"Pass","Fail")} -> Pass | F37: {=IF('F2-2 Arena'!$C$7>=50,"Pass","Fail")} -> Fail | G37: {=IF('F2-2 Arena'!$C$8>=50,"Pass","Fail")} -> Pass | H37: {=IF('F2-2 Arena'!$C$9>=50,"Pass","Fail")} -> Pass | I37: {=IF('F2-2 Arena'!$C$10>=50,"Pass","Fail")} -> Pass | J37: {=IF('F2-2 Arena'!$C$11>=50,"Pass","Fail")} -> Pass | K37: {=IF('F2-2 Arena'!$C$12>=50,"Pass","Fail")} -> Fail | L37: {=IF('F2-2 Arena'!$C$13>=50,"Pass","Fail")} -> Pass | M37: {=IF('F2-2 Arena'!$C$14>=50,"Pass","Fail")} -> Pass | N37: {=IF('F2-2 Arena'!$C$15>=50,"Pass","Fail")} -> Pass
A38: F2-2 Fork in the Road C5 | B38: =IF(C6>=80,C6*10,0) | E38: {=IF('F2-2 Arena'!$C$6>=80,'F2-2 Arena'!$C$6*10,0)} -> 920 | F38: {=IF('F2-2 Arena'!$C$7>=80,'F2-2 Arena'!$C$7*10,0)} -> 0 | G38: {=IF('F2-2 Arena'!$C$8>=80,'F2-2 Arena'!$C$8*10,0)} -> 0 | H38: {=IF('F2-2 Arena'!$C$9>=80,'F2-2 Arena'!$C$9*10,0)} -> 0 | I38: {=IF('F2-2 Arena'!$C$10>=80,'F2-2 Arena'!$C$10*10,0)} -> 880 | J38: {=IF('F2-2 Arena'!$C$11>=80,'F2-2 Arena'!$C$11*10,0)} -> 0 | K38: {=IF('F2-2 Arena'!$C$12>=80,'F2-2 Arena'!$C$12*10,0)} -> 0 | L38: {=IF('F2-2 Arena'!$C$13>=80,'F2-2 Arena'!$C$13*10,0)} -> 810 | M38: {=IF('F2-2 Arena'!$C$14>=80,'F2-2 Arena'!$C$14*10,0)} -> 990 | N38: {=IF('F2-2 Arena'!$C$15>=80,'F2-2 Arena'!$C$15*10,0)} -> 0
A39: F2-2 Fork in the Road C6 | B39: =IF(J6="","",J6*2) | C39: {=IF('F2-2 Arena'!$J$6="","",'F2-2 Arena'!$J$6*2)}
A40: F2-3 Combo Moves W1 | B40: Two letters. | E40: =IF | F40: =IF( | G40: =IF() | H40: IF | I40: IF( | J40: IF()
A41: F2-3 Combo Moves W2 | B41: 50 is not more than 100. | E41: 50
A42: F2-3 Combo Moves W3 | B42: Two double quotes, nothing inside. | E42: ""
A43: F2-3 Combo Moves W4 | B43: Ctrl plus the semicolon key. | E43: CTRL+; | F43: CTRL+SEMICOLON
A44: F2-3 Combo Moves W5 | B44: The date keys plus Shift. | E44: CTRL+: | F44: CTRL+SHIFT+: | G44: CTRL+SHIFT+; | H44: CTRL+SHIFT+COLON | I44: SHIFT+CTRL+: | J44: SHIFT+CTRL+; | K44: SHIFT+CTRL+COLON
A45: F2-3 Combo Moves W6 | B45: E for Example. | E45: CTRL+E
A46: F2-3 Combo Moves W7 | B46: Alt plus an arrow. | E46: ALT+DOWN
A47: F2-3 Combo Moves W8 | B47: Ctrl+End plus Shift. | E47: CTRL+SHIFT+END | F47: SHIFT+CTRL+END
A48: F2-3 Combo Moves W9 | B48: Ctrl+Home plus Shift. | E48: CTRL+SHIFT+HOME | F48: SHIFT+CTRL+HOME
A49: F2-3 Combo Moves W10 | B49: The long key plus Shift. | E49: SHIFT+SPACE
A50: F2-3 Combo Moves T1 | B50: Three letters: all must pass. | C50: AND | E50: AND | F50: IFNA | G50: ISBLANK | H50: IFS
A51: F2-3 Combo Moves T2 | B51: Two letters: any can pass. | C51: OR | E51: OR | F51: IFNA | G51: ISBLANK | H51: IF
A52: F2-3 Combo Moves T3 | B52: Three letters: the opposite. | C52: NOT | E52: IFS | F52: IF | G52: NOT | H52: AND
A53: F2-3 Combo Moves C1 | B53: Three letters: all must pass. | E53: =AND | F53: =AND( | G53: =AND() | H53: AND | I53: AND( | J53: AND()
A54: F2-3 Combo Moves C2 | B54: Two letters: any can pass. | E54: =OR | F54: =OR( | G54: =OR() | H54: OR | I54: OR( | J54: OR()
A55: F2-3 Combo Moves C3 | B55: Three letters: the opposite. | E55: =NOT | F55: =NOT( | G55: =NOT() | H55: NOT | I55: NOT( | J55: NOT()
A56: F2-3 Combo Moves C4 | B56: IF(AND(D6>=18,E6="Yes"),"Yes","No") | E56: {=IF(AND('F2-3 Arena'!$D$6>=18,'F2-3 Arena'!$E$6="Yes"),"Yes","No")} -> No | F56: {=IF(AND('F2-3 Arena'!$D$7>=18,'F2-3 Arena'!$E$7="Yes"),"Yes","No")} -> Yes | G56: {=IF(AND('F2-3 Arena'!$D$8>=18,'F2-3 Arena'!$E$8="Yes"),"Yes","No")} -> Yes | H56: {=IF(AND('F2-3 Arena'!$D$9>=18,'F2-3 Arena'!$E$9="Yes"),"Yes","No")} -> No | I56: {=IF(AND('F2-3 Arena'!$D$10>=18,'F2-3 Arena'!$E$10="Yes"),"Yes","No")} -> Yes | J56: {=IF(AND('F2-3 Arena'!$D$11>=18,'F2-3 Arena'!$E$11="Yes"),"Yes","No")} -> Yes | K56: {=IF(AND('F2-3 Arena'!$D$12>=18,'F2-3 Arena'!$E$12="Yes"),"Yes","No")} -> No | L56: {=IF(AND('F2-3 Arena'!$D$13>=18,'F2-3 Arena'!$E$13="Yes"),"Yes","No")} -> Yes | M56: {=IF(AND('F2-3 Arena'!$D$14>=18,'F2-3 Arena'!$E$14="Yes"),"Yes","No")} -> No | N56: {=IF(AND('F2-3 Arena'!$D$15>=18,'F2-3 Arena'!$E$15="Yes"),"Yes","No")} -> No
A57: F2-3 Combo Moves C5 | B57: OR inside IF. | E57: {=IF(OR('F2-3 Arena'!$C$6>=90,'F2-3 Arena'!$D$6<16),"Prize","No prize")} -> Prize | F57: {=IF(OR('F2-3 Arena'!$C$7>=90,'F2-3 Arena'!$D$7<16),"Prize","No prize")} -> No prize | G57: {=IF(OR('F2-3 Arena'!$C$8>=90,'F2-3 Arena'!$D$8<16),"Prize","No prize")} -> No prize | H57: {=IF(OR('F2-3 Arena'!$C$9>=90,'F2-3 Arena'!$D$9<16),"Prize","No prize")} -> No prize | I57: {=IF(OR('F2-3 Arena'!$C$10>=90,'F2-3 Arena'!$D$10<16),"Prize","No prize")} -> No prize | J57: {=IF(OR('F2-3 Arena'!$C$11>=90,'F2-3 Arena'!$D$11<16),"Prize","No prize")} -> No prize | K57: {=IF(OR('F2-3 Arena'!$C$12>=90,'F2-3 Arena'!$D$12<16),"Prize","No prize")} -> No prize | L57: {=IF(OR('F2-3 Arena'!$C$13>=90,'F2-3 Arena'!$D$13<16),"Prize","No prize")} -> No prize | M57: {=IF(OR('F2-3 Arena'!$C$14>=90,'F2-3 Arena'!$D$14<16),"Prize","No prize")} -> Prize | N57: {=IF(OR('F2-3 Arena'!$C$15>=90,'F2-3 Arena'!$D$15<16),"Prize","No prize")} -> No prize
A58: F2-3 Combo Moves C6 | B58: NOT(E6="Yes") | C58: {=IF(NOT('F2-3 Arena'!$E$6="Yes"),"TRUE","FALSE")} -> TRUE
A59: F2-4 Multi-Level W1 | B59: Three letters: all must pass. | E59: =AND | F59: =AND( | G59: =AND() | H59: AND | I59: AND( | J59: AND()
A60: F2-4 Multi-Level W2 | B60: Two letters: any can pass. | E60: =OR | F60: =OR( | G60: =OR() | H60: OR | I60: OR( | J60: OR()
A61: F2-4 Multi-Level W3 | B61: Three letters: the opposite. | E61: =NOT | F61: =NOT( | G61: =NOT() | H61: NOT | I61: NOT( | J61: NOT()
A62: F2-4 Multi-Level W4 | B62: The long key plus Ctrl. | E62: CTRL+SPACE
A63: F2-4 Multi-Level W5 | B63: Think 'A' for All. | E63: CTRL+A | F63: CTRL+SHIFT+SPACE | G63: SHIFT+CTRL+SPACE
A64: F2-4 Multi-Level W6 | B64: The key left of Backspace. | E64: = | F64: EQUALS | G64: EQUALSIGN | H64: EQUALSSIGN
A65: F2-4 Multi-Level W7 | B65: Shift+6 on a US keyboard. | E65: CARET | F65: ^
A66: F2-4 Multi-Level W8 | B66: Multiply before you add. | E66: 14
A67: F2-4 Multi-Level W9 | B67: Start with = then the two cell addresses. | E67: =B2*C2 | F67: =C2*B2 | G67: B2*C2 | H67: C2*B2
A68: F2-4 Multi-Level W10 | B68: Three letters. | E68: =SUM | F68: =SUM( | G68: =SUM() | H68: SUM | I68: SUM( | J68: SUM()
A69: F2-4 Multi-Level T1 | B69: One fewer than the outcomes. | C69: IF inside IF | E69: "" | F69: >= | G69: <> | H69: IF inside IF
A70: F2-4 Multi-Level T2 | B70: IF plus one letter. | C70: IFS | E70: IFS | F70: ISBLANK | G70: AND | H70: OR
A71: F2-4 Multi-Level T3 | B71: A test that is always true. | C71: TRUE, … | E71: <> | F71: IF inside IF | G71: IF + math | H71: TRUE, …
A72: F2-4 Multi-Level C1 | B72: One fewer than the outcomes. | E72: 2 | F72: TWO
A73: F2-4 Multi-Level C2 | B73: IF plus one letter. | E73: =IFS | F73: =IFS( | G73: =IFS() | H73: IFS | I73: IFS( | J73: IFS()
A74: F2-4 Multi-Level C3 | B74: A test that is always true. | E74: TRUE
A75: F2-4 Multi-Level C4 | B75: IF inside the second IF slot. | E75: {=IF('F2-4 Arena'!$C$6>=90,"A",IF('F2-4 Arena'!$C$6>=75,"B","C"))} -> A | F75: {=IF('F2-4 Arena'!$C$7>=90,"A",IF('F2-4 Arena'!$C$7>=75,"B","C"))} -> C | G75: {=IF('F2-4 Arena'!$C$8>=90,"A",IF('F2-4 Arena'!$C$8>=75,"B","C"))} -> B | H75: {=IF('F2-4 Arena'!$C$9>=90,"A",IF('F2-4 Arena'!$C$9>=75,"B","C"))} -> C | I75: {=IF('F2-4 Arena'!$C$10>=90,"A",IF('F2-4 Arena'!$C$10>=75,"B","C"))} -> B | J75: {=IF('F2-4 Arena'!$C$11>=90,"A",IF('F2-4 Arena'!$C$11>=75,"B","C"))} -> C | K75: {=IF('F2-4 Arena'!$C$12>=90,"A",IF('F2-4 Arena'!$C$12>=75,"B","C"))} -> C | L75: {=IF('F2-4 Arena'!$C$13>=90,"A",IF('F2-4 Arena'!$C$13>=75,"B","C"))} -> B | M75: {=IF('F2-4 Arena'!$C$14>=90,"A",IF('F2-4 Arena'!$C$14>=75,"B","C"))} -> A | N75: {=IF('F2-4 Arena'!$C$15>=90,"A",IF('F2-4 Arena'!$C$15>=75,"B","C"))} -> C
A76: F2-4 Multi-Level C5 | B76: TRUE catches the rest. | E76: {=_xlfn.IFS('F2-4 Arena'!$C$6>=90,"Gold",'F2-4 Arena'!$C$6>=75,"Silver",'F2-4 Arena'!$C$6>=60,"Bronze",TRUE,"None")} -> Gold | F76: {=_xlfn.IFS('F2-4 Arena'!$C$7>=90,"Gold",'F2-4 Arena'!$C$7>=75,"Silver",'F2-4 Arena'!$C$7>=60,"Bronze",TRUE,"None")} -> None | G76: {=_xlfn.IFS('F2-4 Arena'!$C$8>=90,"Gold",'F2-4 Arena'!$C$8>=75,"Silver",'F2-4 Arena'!$C$8>=60,"Bronze",TRUE,"None")} -> Silver | H76: {=_xlfn.IFS('F2-4 Arena'!$C$9>=90,"Gold",'F2-4 Arena'!$C$9>=75,"Silver",'F2-4 Arena'!$C$9>=60,"Bronze",TRUE,"None")} -> Bronze | I76: {=_xlfn.IFS('F2-4 Arena'!$C$10>=90,"Gold",'F2-4 Arena'!$C$10>=75,"Silver",'F2-4 Arena'!$C$10>=60,"Bronze",TRUE,"None")} -> Silver | J76: {=_xlfn.IFS('F2-4 Arena'!$C$11>=90,"Gold",'F2-4 Arena'!$C$11>=75,"Silver",'F2-4 Arena'!$C$11>=60,"Bronze",TRUE,"None")} -> None | K76: {=_xlfn.IFS('F2-4 Arena'!$C$12>=90,"Gold",'F2-4 Arena'!$C$12>=75,"Silver",'F2-4 Arena'!$C$12>=60,"Bronze",TRUE,"None")} -> None | L76: {=_xlfn.IFS('F2-4 Arena'!$C$13>=90,"Gold",'F2-4 Arena'!$C$13>=75,"Silver",'F2-4 Arena'!$C$13>=60,"Bronze",TRUE,"None")} -> Silver | M76: {=_xlfn.IFS('F2-4 Arena'!$C$14>=90,"Gold",'F2-4 Arena'!$C$14>=75,"Silver",'F2-4 Arena'!$C$14>=60,"Bronze",TRUE,"None")} -> Gold | N76: {=_xlfn.IFS('F2-4 Arena'!$C$15>=90,"Gold",'F2-4 Arena'!$C$15>=75,"Silver",'F2-4 Arena'!$C$15>=60,"Bronze",TRUE,"None")} -> Bronze
A77: F2-4 Multi-Level C6 | B77: IFS stops at the first TRUE test. | C77: B
A78: F2-5 Error Shield W1 | B78: One fewer than the outcomes. | E78: 2 | F78: TWO
A79: F2-5 Error Shield W2 | B79: IF plus one letter. | E79: =IFS | F79: =IFS( | G79: =IFS() | H79: IFS | I79: IFS( | J79: IFS()
A80: F2-5 Error Shield W3 | B80: A test that is always true. | E80: TRUE
A81: F2-5 Error Shield W4 | B81: Two characters: > then =. | E81: >=
A82: F2-5 Error Shield W5 | B82: Less-than then greater-than. | E82: <>
A83: F2-5 Error Shield W6 | B83: Shift plus the apostrophe key. | E83: " | F83: DOUBLEQUOTES | G83: QUOTATIONMARKS | H83: QUOTES
A84: F2-5 Error Shield W7 | B84: Starts with AVER. | E84: =AVERAGE | F84: =AVERAGE( | G84: =AVERAGE() | H84: AVERAGE | I84: AVERAGE( | J84: AVERAGE()
A85: F2-5 Error Shield W8 | B85: Short for maximum. | E85: =MAX | F85: =MAX( | G85: =MAX() | H85: MAX | I85: MAX( | J85: MAX()
A86: F2-5 Error Shield W9 | B86: Short for minimum. | E86: =MIN | F86: =MIN( | G86: =MIN() | H86: MIN | I86: MIN( | J86: MIN()
A87: F2-5 Error Shield W10 | B87: The plain counting function. | E87: =COUNT | F87: =COUNT( | G87: =COUNT() | H87: COUNT | I87: COUNT( | J87: COUNT()
A88: F2-5 Error Shield T1 | B88: IF plus ERROR. | C88: IFERROR | E88: IFERROR | F88: OR | G88: IF | H88: IFS
A89: F2-5 Error Shield T2 | B89: IF plus NA. | C89: IFNA | E89: IFERROR | F89: IFNA | G89: OR | H89: ISBLANK
A90: F2-5 Error Shield T3 | B90: IS plus BLANK. | C90: ISBLANK | E90: IFS | F90: OR | G90: ISBLANK | H90: ISNUMBER
A91: F2-5 Error Shield T4 | B91: IS plus NUMBER. | C91: ISNUMBER | E91: OR | F91: NOT | G91: ISNUMBER | H91: ISBLANK
A92: F2-5 Error Shield C1 | B92: IF plus ERROR. | E92: =IFERROR | F92: =IFERROR( | G92: =IFERROR() | H92: IFERROR | I92: IFERROR( | J92: IFERROR()
A93: F2-5 Error Shield C2 | B93: IF plus NA. | E93: =IFNA | F93: =IFNA( | G93: =IFNA() | H93: IFNA | I93: IFNA( | J93: IFNA()
A94: F2-5 Error Shield C3 | B94: IS plus BLANK. | E94: =ISBLANK | F94: =ISBLANK( | G94: =ISBLANK() | H94: ISBLANK | I94: ISBLANK( | J94: ISBLANK()
A95: F2-5 Error Shield C4 | B95: IS plus NUMBER. | E95: =ISNUMBER | F95: =ISNUMBER( | G95: =ISNUMBER() | H95: ISNUMBER | I95: ISNUMBER( | J95: ISNUMBER()
A96: F2-5 Error Shield C5 | B96: Wrap the division in IFERROR. | E96: {=IFERROR('F2-5 Arena'!$C$6/'F2-5 Arena'!$D$6,0)} -> 12 | F96: {=IFERROR('F2-5 Arena'!$C$7/'F2-5 Arena'!$D$7,0)} -> 0 | G96: {=IFERROR('F2-5 Arena'!$C$8/'F2-5 Arena'!$D$8,0)} -> 15 | H96: {=IFERROR('F2-5 Arena'!$C$9/'F2-5 Arena'!$D$9,0)} -> 0 | I96: {=IFERROR('F2-5 Arena'!$C$10/'F2-5 Arena'!$D$10,0)} -> 5 | J96: {=IFERROR('F2-5 Arena'!$C$11/'F2-5 Arena'!$D$11,0)} -> 0
A97: F2-5 Error Shield C6 | B97: Only #N/A is replaced. | C97: {=_xlfn.IFNA('F2-5 Arena'!$D$14,"Missing")} -> Missing
A98: F2-5 Error Shield C7 | B98: ISBLANK inside IF. | E98: {=IF(ISBLANK('F2-5 Arena'!$B$17),"Missing","OK")} -> OK | F98: {=IF(ISBLANK('F2-5 Arena'!$B$18),"Missing","OK")} -> Missing | G98: {=IF(ISBLANK('F2-5 Arena'!$B$19),"Missing","OK")} -> OK | H98: {=IF(ISBLANK('F2-5 Arena'!$B$20),"Missing","OK")} -> Missing | I98: {=IF(ISBLANK('F2-5 Arena'!$B$21),"Missing","OK")} -> OK
A99: F2-5 Error Shield C8 | B99: "12" in quotes is text. | E99: {=IF(ISNUMBER('F2-5 Arena'!$D$23),"Number","Text")} -> Number | F99: {=IF(ISNUMBER('F2-5 Arena'!$D$24),"Number","Text")} -> Text | G99: {=IF(ISNUMBER('F2-5 Arena'!$D$25),"Number","Text")} -> Number | H99: {=IF(ISNUMBER('F2-5 Arena'!$D$26),"Number","Text")} -> Text | I99: {=IF(ISNUMBER('F2-5 Arena'!$D$27),"Number","Text")} -> Number
A100: Boss F1 | B100: IF plus ERROR. | E100: =IFERROR | F100: =IFERROR( | G100: =IFERROR() | H100: IFERROR | I100: IFERROR( | J100: IFERROR()
...
