Workbook

Sheet Start
A1: SHORTCUTS 3 ▸ FORMAT
A2: Dress numbers, text and cells from the keyboard.
A4: HOW TO PLAY
A5: 1 · Each stage: read the BRIEFING, then answer WARM-UP, TRAINING and CHALLENGES.
A6: 2 · Yellow cells are yours: type, pick from a list (Alt+↓), or follow a ▶ ARENA link and do the move there.
A7: 3 · ✔ CLEAR = right · ✘ = try again · · not yet = drill not done. Stuck? Pick 'Show hint' (5 XP instead of 10).
A8: 4 · Formatting or hiding drills: press F9 to refresh the check. Tab jumps between yellow cells.
A9: Needs Windows with Microsoft Excel 365 or 2021+ (English). In Protected View, click Enable Editing.
A11: STAGE SELECT
A12: Stage | B12: Name | C12: Score | D12: Stars | E12: Status | F12: Go
A13: S3-1 | B13: Number Skins | C13: {=SUM('S3-1 Number Skins'!$G$16:$G$50)&" / 280"} -> 0 / 280 | D13: {=IF(SUM('S3-1 Number Skins'!$G$16:$G$50)>=280,"★★★",IF(SUM('S3-1 Number Skins'!$G$16:$G$50)>=280*0.8,"★★☆",IF(SUM('S3-1 Number Skins'!$G$16:$G$50)>=280*0.5,"★☆☆","☆☆☆")))} -> ☆☆☆ | E13: {=IF(SUM('S3-1 Number Skins'!$G$16:$G$50)>=280,"PERFECT",IF(SUM('S3-1 Number Skins'!$G$16:$G$50)>=280*0.5,"CLEARED",IF(SUM('S3-1 Number Skins'!$G$16:$G$50)>0,"IN PROGRESS","NEW")))} -> NEW | F13: Go to S3-1 Number Skins
A14: S3-2 | B14: Text Style | C14: {=SUM('S3-2 Text Style'!$G$14:$G$39)&" / 190"} -> 0 / 190 | D14: {=IF(SUM('S3-2 Text Style'!$G$14:$G$39)>=190,"★★★",IF(SUM('S3-2 Text Style'!$G$14:$G$39)>=190*0.8,"★★☆",IF(SUM('S3-2 Text Style'!$G$14:$G$39)>=190*0.5,"★☆☆","☆☆☆")))} -> ☆☆☆ | E14: {=IF(SUM('S3-2 Text Style'!$G$14:$G$39)>=190,"PERFECT",IF(SUM('S3-2 Text Style'!$G$14:$G$39)>=190*0.5,"CLEARED",IF(SUM('S3-2 Text Style'!$G$14:$G$39)>0,"IN PROGRESS","NEW")))} -> NEW | F14: Go to S3-2 Text Style
A15: S3-3 | B15: Format Power | C15: {=SUM('S3-3 Format Power'!$G$17:$G$51)&" / 280"} -> 0 / 280 | D15: {=IF(SUM('S3-3 Format Power'!$G$17:$G$51)>=280,"★★★",IF(SUM('S3-3 Format Power'!$G$17:$G$51)>=280*0.8,"★★☆",IF(SUM('S3-3 Format Power'!$G$17:$G$51)>=280*0.5,"★☆☆","☆☆☆")))} -> ☆☆☆ | E15: {=IF(SUM('S3-3 Format Power'!$G$17:$G$51)>=280,"PERFECT",IF(SUM('S3-3 Format Power'!$G$17:$G$51)>=280*0.5,"CLEARED",IF(SUM('S3-3 Format Power'!$G$17:$G$51)>0,"IN PROGRESS","NEW")))} -> NEW | F15: Go to S3-3 Format Power
A16: BOSS | B16: Boss | C16: {=SUM(Boss!$G$14:$G$33)&" / 160"} -> 0 / 160 | D16: {=IF(SUM(Boss!$G$14:$G$33)>=160,"★★★",IF(SUM(Boss!$G$14:$G$33)>=160*0.8,"★★☆",IF(SUM(Boss!$G$14:$G$33)>=160*0.5,"★☆☆","☆☆☆")))} -> ☆☆☆ | E16: {=IF(Boss!$C$10="OPEN",IF(SUM(Boss!$G$14:$G$33)>=160*0.5,"DEFEATED","OPEN"),"LOCKED")} -> LOCKED | F16: Go to the Boss
A18: TOTAL SCORE | B18: {=(SUM('S3-1 Number Skins'!$G$16:$G$50)+SUM('S3-2 Text Style'!$G$14:$G$39)+SUM('S3-3 Format Power'!$G$17:$G$51)+SUM(Boss!$G$14:$G$33))&" / 910"} -> 0 / 910
A19: RANK | B19: {=_xlfn.LET(_xlpm.p,(SUM('S3-1 Number Skins'!$G$16:$G$50)+SUM('S3-2 Text Style'!$G$14:$G$39)+SUM('S3-3 Format Power'!$G$17:$G$51)+SUM(Boss!$G$14:$G$33))/910,IF(AND(_xlpm.p>=1,ISNUMBER(Boss!$C$8),Boss!$C$8<=8),"S",IF(_xlpm.p>=0.9,"A",IF(_xlpm.p>=0.75,"B",IF(_xlpm.p>=0.5,"C","D")))))} -> D | C19: S = 100% and under par · A ≥ 90% · B ≥ 75% · C ≥ 50%
A20: BEST TIME | B20: {=IF(ISNUMBER(Boss!$C$8),Boss!$C$8&" min (par 8)","—")} -> —
A21: NEXT UP | B21: {=IFERROR(INDEX($A$13:$A$15,MATCH("☆☆☆",$D$13:$D$15,0))&" "&INDEX($B$13:$B$15,MATCH("☆☆☆",$D$13:$D$15,0)),IF(Boss!$C$10="OPEN","the Boss","All clear! Aim for rank S"))} -> S3-1 Number Skins
A23: Replay a stage: select its yellow answer cells and press Delete. Undo an arena drill with Ctrl+Z.

Sheet S3-1 Number Skins
A1: STAGE S3-1 ▸ NUMBER SKINS
A2: Goal: change how numbers look in one keystroke
A3: {="SCORE "&TEXT(SUM($G$16:$G$50),"0000")&" / 0280"} -> SCORE 0000 / 0280 | C3: {=IF(SUM($G$16:$G$50)>=280,"★★★",IF(SUM($G$16:$G$50)>=280*0.8,"★★☆",IF(SUM($G$16:$G$50)>=280*0.5,"★☆☆","☆☆☆")))} -> ☆☆☆ | D3: {=REPT("█",ROUND(10*SUM($G$16:$G$50)/280,0))&REPT("░",10-ROUND(10*SUM($G$16:$G$50)/280,0))&" "&TEXT(SUM($G$16:$G$50)/280,"0%")} -> ░░░░░░░░░░ 0% | F3: {=IF(SUM($G$16:$G$50)>=280*0.5,"STAGE CLEAR! ▶ Next: S3-2 Text Style","")}
A5: BRIEFING · new moves in this stage
A6: # | B6: What it does · Pro tip | C6: Keys / Syntax
A7: 1 | B7: Currency format with two decimals. Tip: Negative amounts show in parentheses. | C7: Ctrl+Shift+$
A8: 2 | B8: Percent format with no decimals. Tip: 0.25 shows as 25%. | C8: Ctrl+Shift+%
A9: 3 | B9: Number format: two decimals and a thousands separator. Tip: 1234567.891 shows as 1,234,567.89. | C9: Ctrl+Shift+!
A10: 4 | B10: Date format with day, month and year. Tip: Turns a serial number like 46100 into a readable date. | C10: Ctrl+Shift+#
A11: 5 | B11: Time format with hours, minutes and AM/PM. Tip: 0.75 shows as 6:00 PM. | C11: Ctrl+Shift+@
A12: 6 | B12: Back to the General format (no special formatting). Tip: Use it to see the raw number behind any format. | C12: Ctrl+Shift+~
A14: WARM-UP · flashback to earlier stages
A15: # | B15: Mission | C15: Your answer | D15: Result | E15: Hint? | F15: Hint | G15: XP
A16: W1 | B16: Which function is TRUE only when all its conditions are TRUE? (from F2-3 Combo Moves) | D16: {=IFERROR(_xlfn.LET(_xlpm.a,'S3-1 Number Skins'!$C$16,IF(TRIM(_xlpm.a&"")="","",IF(OR(SUBSTITUTE(SUBSTITUTE(SUBSTITUTE(SUBSTITUTE(SUBSTITUTE(SUBSTITUTE(SUBSTITUTE(SUBSTITUTE(SUBSTITUTE(SUBSTITUTE(SUBSTITUTE(SUBSTITUTE(SUBSTITUTE(SUBSTITUTE(SUBSTITUTE(SUBSTITUTE(SUBSTITUTE(SUBSTITUTE(SUBSTITUTE(SUBSTITUTE(SUBSTITUTE(SUBSTITUTE(SUBSTITUTE(SUBSTITUTE(SUBSTITUTE(SUBSTITUTE(SUBSTITUTE(UPPER(_xlpm.a)," ",""),"CONTROL","CTRL"),"CTL","CTRL"),"ESCAPE","ESC"),"RETURN","ENTER"),"PAGEDOWN","PGDN"),"PGDOWN","PGDN"),"PAGEUP","PGUP"),"ARROWKEYS","ARROW"),"ARROWKEY","ARROW"),"ARROWS","ARROW"),"DOWNARROW","DOWN"),"UPARROW","UP"),"LEFTARROW","LEFT"),"RIGHTARROW","RIGHT"),"ARROWDOWN","DOWN"),"ARROWUP","UP"),"ARROWLEFT","LEFT"),"ARROWRIGHT","RIGHT"),"↓","DOWN"),"↑","UP"),"←","LEFT"),"→","RIGHT"),"SPACEBAR","SPACE"),"−","-"),"MINUS","-"),"PLUS","+")=Key!$E$2:$J$2),"✔ CLEAR","✘ TRY AGAIN"))),"✘ TRY AGAIN")} | F16: {=IF(E16="Show hint",Key!$B$2,"")} | G16: {=IF(LEFT(D16,1)="✔",IF(E16="Show hint",5,10),0)} -> 0
A17: W2 | B17: Which function is TRUE when at least one condition is TRUE? (from F2-3 Combo Moves) | D17: {=IFERROR(_xlfn.LET(_xlpm.a,'S3-1 Number Skins'!$C$17,IF(TRIM(_xlpm.a&"")="","",IF(OR(SUBSTITUTE(SUBSTITUTE(SUBSTITUTE(SUBSTITUTE(SUBSTITUTE(SUBSTITUTE(SUBSTITUTE(SUBSTITUTE(SUBSTITUTE(SUBSTITUTE(SUBSTITUTE(SUBSTITUTE(SUBSTITUTE(SUBSTITUTE(SUBSTITUTE(SUBSTITUTE(SUBSTITUTE(SUBSTITUTE(SUBSTITUTE(SUBSTITUTE(SUBSTITUTE(SUBSTITUTE(SUBSTITUTE(SUBSTITUTE(SUBSTITUTE(SUBSTITUTE(SUBSTITUTE(UPPER(_xlpm.a)," ",""),"CONTROL","CTRL"),"CTL","CTRL"),"ESCAPE","ESC"),"RETURN","ENTER"),"PAGEDOWN","PGDN"),"PGDOWN","PGDN"),"PAGEUP","PGUP"),"ARROWKEYS","ARROW"),"ARROWKEY","ARROW"),"ARROWS","ARROW"),"DOWNARROW","DOWN"),"UPARROW","UP"),"LEFTARROW","LEFT"),"RIGHTARROW","RIGHT"),"ARROWDOWN","DOWN"),"ARROWUP","UP"),"ARROWLEFT","LEFT"),"ARROWRIGHT","RIGHT"),"↓","DOWN"),"↑","UP"),"←","LEFT"),"→","RIGHT"),"SPACEBAR","SPACE"),"−","-"),"MINUS","-"),"PLUS","+")=Key!$E$3:$J$3),"✔ CLEAR","✘ TRY AGAIN"))),"✘ TRY AGAIN")} | F17: {=IF(E17="Show hint",Key!$B$3,"")} | G17: {=IF(LEFT(D17,1)="✔",IF(E17="Show hint",5,10),0)} -> 0
A18: W3 | B18: Which function flips TRUE and FALSE? (from F2-3 Combo Moves) | D18: {=IFERROR(_xlfn.LET(_xlpm.a,'S3-1 Number Skins'!$C$18,IF(TRIM(_xlpm.a&"")="","",IF(OR(SUBSTITUTE(SUBSTITUTE(SUBSTITUTE(SUBSTITUTE(SUBSTITUTE(SUBSTITUTE(SUBSTITUTE(SUBSTITUTE(SUBSTITUTE(SUBSTITUTE(SUBSTITUTE(SUBSTITUTE(SUBSTITUTE(SUBSTITUTE(SUBSTITUTE(SUBSTITUTE(SUBSTITUTE(SUBSTITUTE(SUBSTITUTE(SUBSTITUTE(SUBSTITUTE(SUBSTITUTE(SUBSTITUTE(SUBSTITUTE(SUBSTITUTE(SUBSTITUTE(SUBSTITUTE(UPPER(_xlpm.a)," ",""),"CONTROL","CTRL"),"CTL","CTRL"),"ESCAPE","ESC"),"RETURN","ENTER"),"PAGEDOWN","PGDN"),"PGDOWN","PGDN"),"PAGEUP","PGUP"),"ARROWKEYS","ARROW"),"ARROWKEY","ARROW"),"ARROWS","ARROW"),"DOWNARROW","DOWN"),"UPARROW","UP"),"LEFTARROW","LEFT"),"RIGHTARROW","RIGHT"),"ARROWDOWN","DOWN"),"ARROWUP","UP"),"ARROWLEFT","LEFT"),"ARROWRIGHT","RIGHT"),"↓","DOWN"),"↑","UP"),"←","LEFT"),"→","RIGHT"),"SPACEBAR","SPACE"),"−","-"),"MINUS","-"),"PLUS","+")=Key!$E$4:$J$4),"✔ CLEAR","✘ TRY AGAIN"))),"✘ TRY AGAIN")} | F18: {=IF(E18="Show hint",Key!$B$4,"")} | G18: {=IF(LEFT(D18,1)="✔",IF(E18="Show hint",5,10),0)} -> 0
A19: W4 | B19: Which keys insert an AutoSum formula? (from F1-2 Big Six) | D19: {=IFERROR(_xlfn.LET(_xlpm.a,'S3-1 Number Skins'!$C$19,IF(TRIM(_xlpm.a&"")="","",IF(OR(SUBSTITUTE(SUBSTITUTE(SUBSTITUTE(SUBSTITUTE(SUBSTITUTE(SUBSTITUTE(SUBSTITUTE(SUBSTITUTE(SUBSTITUTE(SUBSTITUTE(SUBSTITUTE(SUBSTITUTE(SUBSTITUTE(SUBSTITUTE(SUBSTITUTE(SUBSTITUTE(SUBSTITUTE(SUBSTITUTE(SUBSTITUTE(SUBSTITUTE(SUBSTITUTE(SUBSTITUTE(SUBSTITUTE(SUBSTITUTE(SUBSTITUTE(SUBSTITUTE(SUBSTITUTE(UPPER(_xlpm.a)," ",""),"CONTROL","CTRL"),"CTL","CTRL"),"ESCAPE","ESC"),"RETURN","ENTER"),"PAGEDOWN","PGDN"),"PGDOWN","PGDN"),"PAGEUP","PGUP"),"ARROWKEYS","ARROW"),"ARROWKEY","ARROW"),"ARROWS","ARROW"),"DOWNARROW","DOWN"),"UPARROW","UP"),"LEFTARROW","LEFT"),"RIGHTARROW","RIGHT"),"ARROWDOWN","DOWN"),"ARROWUP","UP"),"ARROWLEFT","LEFT"),"ARROWRIGHT","RIGHT"),"↓","DOWN"),"↑","UP"),"←","LEFT"),"→","RIGHT"),"SPACEBAR","SPACE"),"−","-"),"MINUS","-"),"PLUS","+")=Key!$E$5:$E$5),"✔ CLEAR","✘ TRY AGAIN"))),"✘ TRY AGAIN")} | F19: {=IF(E19="Show hint",Key!$B$5,"")} | G19: {=IF(LEFT(D19,1)="✔",IF(E19="Show hint",5,10),0)} -> 0
A20: W5 | B20: Type the absolute version of the reference E6. (from F1-3 Anchors) | D20: {=IFERROR(_xlfn.LET(_xlpm.a,'S3-1 Number Skins'!$C$20,IF(TRIM(_xlpm.a&"")="","",IF(OR(SUBSTITUTE(SUBSTITUTE(SUBSTITUTE(SUBSTITUTE(SUBSTITUTE(SUBSTITUTE(SUBSTITUTE(SUBSTITUTE(SUBSTITUTE(SUBSTITUTE(SUBSTITUTE(SUBSTITUTE(SUBSTITUTE(SUBSTITUTE(SUBSTITUTE(SUBSTITUTE(SUBSTITUTE(SUBSTITUTE(SUBSTITUTE(SUBSTITUTE(SUBSTITUTE(SUBSTITUTE(SUBSTITUTE(SUBSTITUTE(SUBSTITUTE(SUBSTITUTE(SUBSTITUTE(UPPER(_xlpm.a)," ",""),"CONTROL","CTRL"),"CTL","CTRL"),"ESCAPE","ESC"),"RETURN","ENTER"),"PAGEDOWN","PGDN"),"PGDOWN","PGDN"),"PAGEUP","PGUP"),"ARROWKEYS","ARROW"),"ARROWKEY","ARROW"),"ARROWS","ARROW"),"DOWNARROW","DOWN"),"UPARROW","UP"),"LEFTARROW","LEFT"),"RIGHTARROW","RIGHT"),"ARROWDOWN","DOWN"),"ARROWUP","UP"),"ARROWLEFT","LEFT"),"ARROWRIGHT","RIGHT"),"↓","DOWN"),"↑","UP"),"←","LEFT"),"→","RIGHT"),"SPACEBAR","SPACE"),"−","-"),"MINUS","-"),"PLUS","+")=Key!$E$6:$E$6),"✔ CLEAR","✘ TRY AGAIN"))),"✘ TRY AGAIN")} | F20: {=IF(E20="Show hint",Key!$B$6,"")} | G20: {=IF(LEFT(D20,1)="✔",IF(E20="Show hint",5,10),0)} -> 0
A21: W6 | B21: Type a reference to C16 that locks only the row. (from F1-3 Anchors) | D21: {=IFERROR(_xlfn.LET(_xlpm.a,'S3-1 Number Skins'!$C$21,IF(TRIM(_xlpm.a&"")="","",IF(OR(SUBSTITUTE(SUBSTITUTE(SUBSTITUTE(SUBSTITUTE(SUBSTITUTE(SUBSTITUTE(SUBSTITUTE(SUBSTITUTE(SUBSTITUTE(SUBSTITUTE(SUBSTITUTE(SUBSTITUTE(SUBSTITUTE(SUBSTITUTE(SUBSTITUTE(SUBSTITUTE(SUBSTITUTE(SUBSTITUTE(SUBSTITUTE(SUBSTITUTE(SUBSTITUTE(SUBSTITUTE(SUBSTITUTE(SUBSTITUTE(SUBSTITUTE(SUBSTITUTE(SUBSTITUTE(UPPER(_xlpm.a)," ",""),"CONTROL","CTRL"),"CTL","CTRL"),"ESCAPE","ESC"),"RETURN","ENTER"),"PAGEDOWN","PGDN"),"PGDOWN","PGDN"),"PAGEUP","PGUP"),"ARROWKEYS","ARROW"),"ARROWKEY","ARROW"),"ARROWS","ARROW"),"DOWNARROW","DOWN"),"UPARROW","UP"),"LEFTARROW","LEFT"),"RIGHTARROW","RIGHT"),"ARROWDOWN","DOWN"),"ARROWUP","UP"),"ARROWLEFT","LEFT"),"ARROWRIGHT","RIGHT"),"↓","DOWN"),"↑","UP"),"←","LEFT"),"→","RIGHT"),"SPACEBAR","SPACE"),"−","-"),"MINUS","-"),"PLUS","+")=Key!$E$7:$E$7),"✔ CLEAR","✘ TRY AGAIN"))),"✘ TRY AGAIN")} | F21: {=IF(E21="Show hint",Key!$B$7,"")} | G21: {=IF(LEFT(D21,1)="✔",IF(E21="Show hint",5,10),0)} -> 0
A22: W7 | B22: Which key adds or cycles the $ signs on a reference you are editing? (from F1-3 Anchors) | D22: {=IFERROR(_xlfn.LET(_xlpm.a,'S3-1 Number Skins'!$C$22,IF(TRIM(_xlpm.a&"")="","",IF(OR(SUBSTITUTE(SUBSTITUTE(SUBSTITUTE(SUBSTITUTE(SUBSTITUTE(SUBSTITUTE(SUBSTITUTE(SUBSTITUTE(SUBSTITUTE(SUBSTITUTE(SUBSTITUTE(SUBSTITUTE(SUBSTITUTE(SUBSTITUTE(SUBSTITUTE(SUBSTITUTE(SUBSTITUTE(SUBSTITUTE(SUBSTITUTE(SUBSTITUTE(SUBSTITUTE(SUBSTITUTE(SUBSTITUTE(SUBSTITUTE(SUBSTITUTE(SUBSTITUTE(SUBSTITUTE(UPPER(_xlpm.a)," ",""),"CONTROL","CTRL"),"CTL","CTRL"),"ESCAPE","ESC"),"RETURN","ENTER"),"PAGEDOWN","PGDN"),"PGDOWN","PGDN"),"PAGEUP","PGUP"),"ARROWKEYS","ARROW"),"ARROWKEY","ARROW"),"ARROWS","ARROW"),"DOWNARROW","DOWN"),"UPARROW","UP"),"LEFTARROW","LEFT"),"RIGHTARROW","RIGHT"),"ARROWDOWN","DOWN"),"ARROWUP","UP"),"ARROWLEFT","LEFT"),"ARROWRIGHT","RIGHT"),"↓","DOWN"),"↑","UP"),"←","LEFT"),"→","RIGHT"),"SPACEBAR","SPACE"),"−","-"),"MINUS","-"),"PLUS","+")=Key!$E$8:$E$8),"✔ CLEAR","✘ TRY AGAIN"))),"✘ TRY AGAIN")} | F22: {=IF(E22="Show hint",Key!$B$8,"")} | G22: {=IF(LEFT(D22,1)="✔",IF(E22="Show hint",5,10),0)} -> 0
A23: W8 | B23: Which keys copy the top cell down into the selected cells? (from F1-3 Anchors) | D23: {=IFERROR(_xlfn.LET(_xlpm.a,'S3-1 Number Skins'!$C$23,IF(TRIM(_xlpm.a&"")="","",IF(OR(SUBSTITUTE(SUBSTITUTE(SUBSTITUTE(SUBSTITUTE(SUBSTITUTE(SUBSTITUTE(SUBSTITUTE(SUBSTITUTE(SUBSTITUTE(SUBSTITUTE(SUBSTITUTE(SUBSTITUTE(SUBSTITUTE(SUBSTITUTE(SUBSTITUTE(SUBSTITUTE(SUBSTITUTE(SUBSTITUTE(SUBSTITUTE(SUBSTITUTE(SUBSTITUTE(SUBSTITUTE(SUBSTITUTE(SUBSTITUTE(SUBSTITUTE(SUBSTITUTE(SUBSTITUTE(UPPER(_xlpm.a)," ",""),"CONTROL","CTRL"),"CTL","CTRL"),"ESCAPE","ESC"),"RETURN","ENTER"),"PAGEDOWN","PGDN"),"PGDOWN","PGDN"),"PAGEUP","PGUP"),"ARROWKEYS","ARROW"),"ARROWKEY","ARROW"),"ARROWS","ARROW"),"DOWNARROW","DOWN"),"UPARROW","UP"),"LEFTARROW","LEFT"),"RIGHTARROW","RIGHT"),"ARROWDOWN","DOWN"),"ARROWUP","UP"),"ARROWLEFT","LEFT"),"ARROWRIGHT","RIGHT"),"↓","DOWN"),"↑","UP"),"←","LEFT"),"→","RIGHT"),"SPACEBAR","SPACE"),"−","-"),"MINUS","-"),"PLUS","+")=Key!$E$9:$E$9),"✔ CLEAR","✘ TRY AGAIN"))),"✘ TRY AGAIN")} | F23: {=IF(E23="Show hint",Key!$B$9,"")} | G23: {=IF(LEFT(D23,1)="✔",IF(E23="Show hint",5,10),0)} -> 0
A24: W9 | B24: Which function rounds a number to a chosen number of digits? (from F1-4 Precision) | D24: {=IFERROR(_xlfn.LET(_xlpm.a,'S3-1 Number Skins'!$C$24,IF(TRIM(_xlpm.a&"")="","",IF(OR(SUBSTITUTE(SUBSTITUTE(SUBSTITUTE(SUBSTITUTE(SUBSTITUTE(SUBSTITUTE(SUBSTITUTE(SUBSTITUTE(SUBSTITUTE(SUBSTITUTE(SUBSTITUTE(SUBSTITUTE(SUBSTITUTE(SUBSTITUTE(SUBSTITUTE(SUBSTITUTE(SUBSTITUTE(SUBSTITUTE(SUBSTITUTE(SUBSTITUTE(SUBSTITUTE(SUBSTITUTE(SUBSTITUTE(SUBSTITUTE(SUBSTITUTE(SUBSTITUTE(SUBSTITUTE(UPPER(_xlpm.a)," ",""),"CONTROL","CTRL"),"CTL","CTRL"),"ESCAPE","ESC"),"RETURN","ENTER"),"PAGEDOWN","PGDN"),"PGDOWN","PGDN"),"PAGEUP","PGUP"),"ARROWKEYS","ARROW"),"ARROWKEY","ARROW"),"ARROWS","ARROW"),"DOWNARROW","DOWN"),"UPARROW","UP"),"LEFTARROW","LEFT"),"RIGHTARROW","RIGHT"),"ARROWDOWN","DOWN"),"ARROWUP","UP"),"ARROWLEFT","LEFT"),"ARROWRIGHT","RIGHT"),"↓","DOWN"),"↑","UP"),"←","LEFT"),"→","RIGHT"),"SPACEBAR","SPACE"),"−","-"),"MINUS","-"),"PLUS","+")=Key!$E$10:$J$10),"✔ CLEAR","✘ TRY AGAIN"))),"✘ TRY AGAIN")} | F24: {=IF(E24="Show hint",Key!$B$10,"")} | G24: {=IF(LEFT(D24,1)="✔",IF(E24="Show hint",5,10),0)} -> 0
A25: W10 | B25: Which function always rounds up, away from zero? (from F1-4 Precision) | D25: {=IFERROR(_xlfn.LET(_xlpm.a,'S3-1 Number Skins'!$C$25,IF(TRIM(_xlpm.a&"")="","",IF(OR(SUBSTITUTE(SUBSTITUTE(SUBSTITUTE(SUBSTITUTE(SUBSTITUTE(SUBSTITUTE(SUBSTITUTE(SUBSTITUTE(SUBSTITUTE(SUBSTITUTE(SUBSTITUTE(SUBSTITUTE(SUBSTITUTE(SUBSTITUTE(SUBSTITUTE(SUBSTITUTE(SUBSTITUTE(SUBSTITUTE(SUBSTITUTE(SUBSTITUTE(SUBSTITUTE(SUBSTITUTE(SUBSTITUTE(SUBSTITUTE(SUBSTITUTE(SUBSTITUTE(SUBSTITUTE(UPPER(_xlpm.a)," ",""),"CONTROL","CTRL"),"CTL","CTRL"),"ESCAPE","ESC"),"RETURN","ENTER"),"PAGEDOWN","PGDN"),"PGDOWN","PGDN"),"PAGEUP","PGUP"),"ARROWKEYS","ARROW"),"ARROWKEY","ARROW"),"ARROWS","ARROW"),"DOWNARROW","DOWN"),"UPARROW","UP"),"LEFTARROW","LEFT"),"RIGHTARROW","RIGHT"),"ARROWDOWN","DOWN"),"ARROWUP","UP"),"ARROWLEFT","LEFT"),"ARROWRIGHT","RIGHT"),"↓","DOWN"),"↑","UP"),"←","LEFT"),"→","RIGHT"),"SPACEBAR","SPACE"),"−","-"),"MINUS","-"),"PLUS","+")=Key!$E$11:$J$11),"✔ CLEAR","✘ TRY AGAIN"))),"✘ TRY AGAIN")} | F25: {=IF(E25="Show hint",Key!$B$11,"")} | G25: {=IF(LEFT(D25,1)="✔",IF(E25="Show hint",5,10),0)} -> 0
A27: TRAINING · recognize the move (pick from the list)
A28: # | B28: Mission | C28: Your answer | D28: Result | E28: Hint? | F28: Hint | G28: XP
A29: T1 | B29: Which keys apply the Currency format? | D29: {=IFERROR(IF('S3-1 Number Skins'!$C$29&""="","",IF('S3-1 Number Skins'!$C$29&""=Key!$C$12&"","✔ CLEAR","✘ TRY AGAIN")),"✘ TRY AGAIN")} | F29: {=IF(E29="Show hint",Key!$B$12,"")} | G29: {=IF(LEFT(D29,1)="✔",IF(E29="Show hint",5,10),0)} -> 0
A30: T2 | B30: Which keys apply the Percent format? | D30: {=IFERROR(IF('S3-1 Number Skins'!$C$30&""="","",IF('S3-1 Number Skins'!$C$30&""=Key!$C$13&"","✔ CLEAR","✘ TRY AGAIN")),"✘ TRY AGAIN")} | F30: {=IF(E30="Show hint",Key!$B$13,"")} | G30: {=IF(LEFT(D30,1)="✔",IF(E30="Show hint",5,10),0)} -> 0
A31: T3 | B31: Which keys apply the Number format with a thousands separator? | D31: {=IFERROR(IF('S3-1 Number Skins'!$C$31&""="","",IF('S3-1 Number Skins'!$C$31&""=Key!$C$14&"","✔ CLEAR","✘ TRY AGAIN")),"✘ TRY AGAIN")} | F31: {=IF(E31="Show hint",Key!$B$14,"")} | G31: {=IF(LEFT(D31,1)="✔",IF(E31="Show hint",5,10),0)} -> 0
A32: T4 | B32: Which keys apply the Date format? | D32: {=IFERROR(IF('S3-1 Number Skins'!$C$32&""="","",IF('S3-1 Number Skins'!$C$32&""=Key!$C$15&"","✔ CLEAR","✘ TRY AGAIN")),"✘ TRY AGAIN")} | F32: {=IF(E32="Show hint",Key!$B$15,"")} | G32: {=IF(LEFT(D32,1)="✔",IF(E32="Show hint",5,10),0)} -> 0
A33: T5 | B33: Which keys apply the Time format? | D33: {=IFERROR(IF('S3-1 Number Skins'!$C$33&""="","",IF('S3-1 Number Skins'!$C$33&""=Key!$C$16&"","✔ CLEAR","✘ TRY AGAIN")),"✘ TRY AGAIN")} | F33: {=IF(E33="Show hint",Key!$B$16,"")} | G33: {=IF(LEFT(D33,1)="✔",IF(E33="Show hint",5,10),0)} -> 0
A34: T6 | B34: Which keys reset a cell to the General format? | D34: {=IFERROR(IF('S3-1 Number Skins'!$C$34&""="","",IF('S3-1 Number Skins'!$C$34&""=Key!$C$17&"","✔ CLEAR","✘ TRY AGAIN")),"✘ TRY AGAIN")} | F34: {=IF(E34="Show hint",Key!$B$17,"")} | G34: {=IF(LEFT(D34,1)="✔",IF(E34="Show hint",5,10),0)} -> 0
A36: CHALLENGES · recall it, then do it
B37: ▶ Open S3-1 Arena (or press Ctrl+PgDn)
A38: # | B38: Mission | C38: Your answer | D38: Result | E38: Hint? | F38: Hint | G38: XP
A39: C1 | B39: Which keys apply the Currency format? | D39: {=IFERROR(_xlfn.LET(_xlpm.a,'S3-1 Number Skins'!$C$39,IF(TRIM(_xlpm.a&"")="","",IF(OR(SUBSTITUTE(SUBSTITUTE(SUBSTITUTE(SUBSTITUTE(SUBSTITUTE(SUBSTITUTE(SUBSTITUTE(SUBSTITUTE(SUBSTITUTE(SUBSTITUTE(SUBSTITUTE(SUBSTITUTE(SUBSTITUTE(SUBSTITUTE(SUBSTITUTE(SUBSTITUTE(SUBSTITUTE(SUBSTITUTE(SUBSTITUTE(SUBSTITUTE(SUBSTITUTE(SUBSTITUTE(SUBSTITUTE(SUBSTITUTE(SUBSTITUTE(SUBSTITUTE(SUBSTITUTE(UPPER(_xlpm.a)," ",""),"CONTROL","CTRL"),"CTL","CTRL"),"ESCAPE","ESC"),"RETURN","ENTER"),"PAGEDOWN","PGDN"),"PGDOWN","PGDN"),"PAGEUP","PGUP"),"ARROWKEYS","ARROW"),"ARROWKEY","ARROW"),"ARROWS","ARROW"),"DOWNARROW","DOWN"),"UPARROW","UP"),"LEFTARROW","LEFT"),"RIGHTARROW","RIGHT"),"ARROWDOWN","DOWN"),"ARROWUP","UP"),"ARROWLEFT","LEFT"),"ARROWRIGHT","RIGHT"),"↓","DOWN"),"↑","UP"),"←","LEFT"),"→","RIGHT"),"SPACEBAR","SPACE"),"−","-"),"MINUS","-"),"PLUS","+")=Key!$E$18:$H$18),"✔ CLEAR","✘ TRY AGAIN"))),"✘ TRY AGAIN")} | F39: {=IF(E39="Show hint",Key!$B$18,"")} | G39: {=IF(LEFT(D39,1)="✔",IF(E39="Show hint",5,10),0)} -> 0
A40: C2 | B40: Which keys apply the Percent format? | D40: {=IFERROR(_xlfn.LET(_xlpm.a,'S3-1 Number Skins'!$C$40,IF(TRIM(_xlpm.a&"")="","",IF(OR(SUBSTITUTE(SUBSTITUTE(SUBSTITUTE(SUBSTITUTE(SUBSTITUTE(SUBSTITUTE(SUBSTITUTE(SUBSTITUTE(SUBSTITUTE(SUBSTITUTE(SUBSTITUTE(SUBSTITUTE(SUBSTITUTE(SUBSTITUTE(SUBSTITUTE(SUBSTITUTE(SUBSTITUTE(SUBSTITUTE(SUBSTITUTE(SUBSTITUTE(SUBSTITUTE(SUBSTITUTE(SUBSTITUTE(SUBSTITUTE(SUBSTITUTE(SUBSTITUTE(SUBSTITUTE(UPPER(_xlpm.a)," ",""),"CONTROL","CTRL"),"CTL","CTRL"),"ESCAPE","ESC"),"RETURN","ENTER"),"PAGEDOWN","PGDN"),"PGDOWN","PGDN"),"PAGEUP","PGUP"),"ARROWKEYS","ARROW"),"ARROWKEY","ARROW"),"ARROWS","ARROW"),"DOWNARROW","DOWN"),"UPARROW","UP"),"LEFTARROW","LEFT"),"RIGHTARROW","RIGHT"),"ARROWDOWN","DOWN"),"ARROWUP","UP"),"ARROWLEFT","LEFT"),"ARROWRIGHT","RIGHT"),"↓","DOWN"),"↑","UP"),"←","LEFT"),"→","RIGHT"),"SPACEBAR","SPACE"),"−","-"),"MINUS","-"),"PLUS","+")=Key!$E$19:$H$19),"✔ CLEAR","✘ TRY AGAIN"))),"✘ TRY AGAIN")} | F40: {=IF(E40="Show hint",Key!$B$19,"")} | G40: {=IF(LEFT(D40,1)="✔",IF(E40="Show hint",5,10),0)} -> 0
A41: C3 | B41: Which keys apply the Number format with a thousands separator? | D41: {=IFERROR(_xlfn.LET(_xlpm.a,'S3-1 Number Skins'!$C$41,IF(TRIM(_xlpm.a&"")="","",IF(OR(SUBSTITUTE(SUBSTITUTE(SUBSTITUTE(SUBSTITUTE(SUBSTITUTE(SUBSTITUTE(SUBSTITUTE(SUBSTITUTE(SUBSTITUTE(SUBSTITUTE(SUBSTITUTE(SUBSTITUTE(SUBSTITUTE(SUBSTITUTE(SUBSTITUTE(SUBSTITUTE(SUBSTITUTE(SUBSTITUTE(SUBSTITUTE(SUBSTITUTE(SUBSTITUTE(SUBSTITUTE(SUBSTITUTE(SUBSTITUTE(SUBSTITUTE(SUBSTITUTE(SUBSTITUTE(UPPER(_xlpm.a)," ",""),"CONTROL","CTRL"),"CTL","CTRL"),"ESCAPE","ESC"),"RETURN","ENTER"),"PAGEDOWN","PGDN"),"PGDOWN","PGDN"),"PAGEUP","PGUP"),"ARROWKEYS","ARROW"),"ARROWKEY","ARROW"),"ARROWS","ARROW"),"DOWNARROW","DOWN"),"UPARROW","UP"),"LEFTARROW","LEFT"),"RIGHTARROW","RIGHT"),"ARROWDOWN","DOWN"),"ARROWUP","UP"),"ARROWLEFT","LEFT"),"ARROWRIGHT","RIGHT"),"↓","DOWN"),"↑","UP"),"←","LEFT"),"→","RIGHT"),"SPACEBAR","SPACE"),"−","-"),"MINUS","-"),"PLUS","+")=Key!$E$20:$H$20),"✔ CLEAR","✘ TRY AGAIN"))),"✘ TRY AGAIN")} | F41: {=IF(E41="Show hint",Key!$B$20,"")} | G41: {=IF(LEFT(D41,1)="✔",IF(E41="Show hint",5,10),0)} -> 0
A42: C4 | B42: Which keys apply the Date format? | D42: {=IFERROR(_xlfn.LET(_xlpm.a,'S3-1 Number Skins'!$C$42,IF(TRIM(_xlpm.a&"")="","",IF(OR(SUBSTITUTE(SUBSTITUTE(SUBSTITUTE(SUBSTITUTE(SUBSTITUTE(SUBSTITUTE(SUBSTITUTE(SUBSTITUTE(SUBSTITUTE(SUBSTITUTE(SUBSTITUTE(SUBSTITUTE(SUBSTITUTE(SUBSTITUTE(SUBSTITUTE(SUBSTITUTE(SUBSTITUTE(SUBSTITUTE(SUBSTITUTE(SUBSTITUTE(SUBSTITUTE(SUBSTITUTE(SUBSTITUTE(SUBSTITUTE(SUBSTITUTE(SUBSTITUTE(SUBSTITUTE(UPPER(_xlpm.a)," ",""),"CONTROL","CTRL"),"CTL","CTRL"),"ESCAPE","ESC"),"RETURN","ENTER"),"PAGEDOWN","PGDN"),"PGDOWN","PGDN"),"PAGEUP","PGUP"),"ARROWKEYS","ARROW"),"ARROWKEY","ARROW"),"ARROWS","ARROW"),"DOWNARROW","DOWN"),"UPARROW","UP"),"LEFTARROW","LEFT"),"RIGHTARROW","RIGHT"),"ARROWDOWN","DOWN"),"ARROWUP","UP"),"ARROWLEFT","LEFT"),"ARROWRIGHT","RIGHT"),"↓","DOWN"),"↑","UP"),"←","LEFT"),"→","RIGHT"),"SPACEBAR","SPACE"),"−","-"),"MINUS","-"),"PLUS","+")=Key!$E$21:$H$21),"✔ CLEAR","✘ TRY AGAIN"))),"✘ TRY AGAIN")} | F42: {=IF(E42="Show hint",Key!$B$21,"")} | G42: {=IF(LEFT(D42,1)="✔",IF(E42="Show hint",5,10),0)} -> 0
A43: C5 | B43: Which keys apply the Time format? | D43: {=IFERROR(_xlfn.LET(_xlpm.a,'S3-1 Number Skins'!$C$43,IF(TRIM(_xlpm.a&"")="","",IF(OR(SUBSTITUTE(SUBSTITUTE(SUBSTITUTE(SUBSTITUTE(SUBSTITUTE(SUBSTITUTE(SUBSTITUTE(SUBSTITUTE(SUBSTITUTE(SUBSTITUTE(SUBSTITUTE(SUBSTITUTE(SUBSTITUTE(SUBSTITUTE(SUBSTITUTE(SUBSTITUTE(SUBSTITUTE(SUBSTITUTE(SUBSTITUTE(SUBSTITUTE(SUBSTITUTE(SUBSTITUTE(SUBSTITUTE(SUBSTITUTE(SUBSTITUTE(SUBSTITUTE(SUBSTITUTE(UPPER(_xlpm.a)," ",""),"CONTROL","CTRL"),"CTL","CTRL"),"ESCAPE","ESC"),"RETURN","ENTER"),"PAGEDOWN","PGDN"),"PGDOWN","PGDN"),"PAGEUP","PGUP"),"ARROWKEYS","ARROW"),"ARROWKEY","ARROW"),"ARROWS","ARROW"),"DOWNARROW","DOWN"),"UPARROW","UP"),"LEFTARROW","LEFT"),"RIGHTARROW","RIGHT"),"ARROWDOWN","DOWN"),"ARROWUP","UP"),"ARROWLEFT","LEFT"),"ARROWRIGHT","RIGHT"),"↓","DOWN"),"↑","UP"),"←","LEFT"),"→","RIGHT"),"SPACEBAR","SPACE"),"−","-"),"MINUS","-"),"PLUS","+")=Key!$E$22:$H$22),"✔ CLEAR","✘ TRY AGAIN"))),"✘ TRY AGAIN")} | F43: {=IF(E43="Show hint",Key!$B$22,"")} | G43: {=IF(LEFT(D43,1)="✔",IF(E43="Show hint",5,10),0)} -> 0
A44: C6 | B44: Which keys reset a cell to the General format? | D44: {=IFERROR(_xlfn.LET(_xlpm.a,'S3-1 Number Skins'!$C$44,IF(TRIM(_xlpm.a&"")="","",IF(OR(SUBSTITUTE(SUBSTITUTE(SUBSTITUTE(SUBSTITUTE(SUBSTITUTE(SUBSTITUTE(SUBSTITUTE(SUBSTITUTE(SUBSTITUTE(SUBSTITUTE(SUBSTITUTE(SUBSTITUTE(SUBSTITUTE(SUBSTITUTE(SUBSTITUTE(SUBSTITUTE(SUBSTITUTE(SUBSTITUTE(SUBSTITUTE(SUBSTITUTE(SUBSTITUTE(SUBSTITUTE(SUBSTITUTE(SUBSTITUTE(SUBSTITUTE(SUBSTITUTE(SUBSTITUTE(UPPER(_xlpm.a)," ",""),"CONTROL","CTRL"),"CTL","CTRL"),"ESCAPE","ESC"),"RETURN","ENTER"),"PAGEDOWN","PGDN"),"PGDOWN","PGDN"),"PAGEUP","PGUP"),"ARROWKEYS","ARROW"),"ARROWKEY","ARROW"),"ARROWS","ARROW"),"DOWNARROW","DOWN"),"UPARROW","UP"),"LEFTARROW","LEFT"),"RIGHTARROW","RIGHT"),"ARROWDOWN","DOWN"),"ARROWUP","UP"),"ARROWLEFT","LEFT"),"ARROWRIGHT","RIGHT"),"↓","DOWN"),"↑","UP"),"←","LEFT"),"→","RIGHT"),"SPACEBAR","SPACE"),"−","-"),"MINUS","-"),"PLUS","+")=Key!$E$23:$H$23),"✔ CLEAR","✘ TRY AGAIN"))),"✘ TRY AGAIN")} | F44: {=IF(E44="Show hint",Key!$B$23,"")} | G44: {=IF(LEFT(D44,1)="✔",IF(E44="Show hint",5,10),0)} -> 0
A45: C7 | B45: In the arena select B6:B10 and press Ctrl+Shift+$. Then press F9 to check. | C45: ▶ ARENA C7 (cell B6) | D45: {=IF(IFERROR(AND(OR(CELL("format",'S3-1 Arena'!$B$6)="C2",CELL("format",'S3-1 Arena'!$B$6)="C2-"),OR(CELL("format",'S3-1 Arena'!$B$7)="C2",CELL("format",'S3-1 Arena'!$B$7)="C2-"),OR(CELL("format",'S3-1 Arena'!$B$8)="C2",CELL("format",'S3-1 Arena'!$B$8)="C2-"),OR(CELL("format",'S3-1 Arena'!$B$9)="C2",CELL("format",'S3-1 Arena'!$B$9)="C2-"),OR(CELL("format",'S3-1 Arena'!$B$10)="C2",CELL("format",'S3-1 Arena'!$B$10)="C2-")),FALSE),"✔ CLEAR","· not yet · press F9")} -> · not yet · press F9 | F45: {=IF(E45="Show hint",Key!$B$24,"")} | G45: {=IF(LEFT(D45,1)="✔",IF(E45="Show hint",5,10),0)} -> 0
A46: C8 | B46: Select C6:C10 and press Ctrl+Shift+%. Then press F9. | C46: ▶ ARENA C8 (cell C6) | D46: {=IF(IFERROR(AND(OR(CELL("format",'S3-1 Arena'!$C$6)="P0"),OR(CELL("format",'S3-1 Arena'!$C$7)="P0"),OR(CELL("format",'S3-1 Arena'!$C$8)="P0"),OR(CELL("format",'S3-1 Arena'!$C$9)="P0"),OR(CELL("format",'S3-1 Arena'!$C$10)="P0")),FALSE),"✔ CLEAR","· not yet · press F9")} -> · not yet · press F9 | F46: {=IF(E46="Show hint",Key!$B$25,"")} | G46: {=IF(LEFT(D46,1)="✔",IF(E46="Show hint",5,10),0)} -> 0
A47: C9 | B47: Select D6:D10 and press Ctrl+Shift+!. Then press F9. | C47: ▶ ARENA C9 (cell D6) | D47: {=IF(IFERROR(AND(OR(CELL("format",'S3-1 Arena'!$D$6)=",2"),OR(CELL("format",'S3-1 Arena'!$D$7)=",2"),OR(CELL("format",'S3-1 Arena'!$D$8)=",2"),OR(CELL("format",'S3-1 Arena'!$D$9)=",2"),OR(CELL("format",'S3-1 Arena'!$D$10)=",2")),FALSE),"✔ CLEAR","· not yet · press F9")} -> · not yet · press F9 | F47: {=IF(E47="Show hint",Key!$B$26,"")} | G47: {=IF(LEFT(D47,1)="✔",IF(E47="Show hint",5,10),0)} -> 0
A48: C10 | B48: Select E6:E10 and press Ctrl+Shift+#: the numbers become dates. Then press F9. | C48: ▶ ARENA C10 (cell E6) | D48: {=IF(IFERROR(AND(OR(CELL("format",'S3-1 Arena'!$E$6)="D1",CELL("format",'S3-1 Arena'!$E$6)="D4"),OR(CELL("format",'S3-1 Arena'!$E$7)="D1",CELL("format",'S3-1 Arena'!$E$7)="D4"),OR(CELL("format",'S3-1 Arena'!$E$8)="D1",CELL("format",'S3-1 Arena'!$E$8)="D4"),OR(CELL("format",'S3-1 Arena'!$E$9)="D1",CELL("format",'S3-1 Arena'!$E$9)="D4"),OR(CELL("format",'S3-1 Arena'!$E$10)="D1",CELL("format",'S3-1 Arena'!$E$10)="D4")),FALSE),"✔ CLEAR","· not yet · press F9")} -> · not yet · press F9 | F48: {=IF(E48="Show hint",Key!$B$27,"")} | G48: {=IF(LEFT(D48,1)="✔",IF(E48="Show hint",5,10),0)} -> 0
A49: C11 | B49: Select F6:F10 and press Ctrl+Shift+@: the fractions become times. Then press F9. | C49: ▶ ARENA C11 (cell F6) | D49: {=IF(IFERROR(AND(OR(CELL("format",'S3-1 Arena'!$F$6)="D7",CELL("format",'S3-1 Arena'!$F$6)="D6",CELL("format",'S3-1 Arena'!$F$6)="D9",CELL("format",'S3-1 Arena'!$F$6)="D8"),OR(CELL("format",'S3-1 Arena'!$F$7)="D7",CELL("format",'S3-1 Arena'!$F$7)="D6",CELL("format",'S3-1 Arena'!$F$7)="D9",CELL("format",'S3-1 Arena'!$F$7)="D8"),OR(CELL("format",'S3-1 Arena'!$F$8)="D7",CELL("format",'S3-1 Arena'!$F$8)="D6",CELL("format",'S3-1 Arena'!$F$8)="D9",CELL("format",'S3-1 Arena'!$F$8)="D8"),OR(CELL("format",'S3-1 Arena'!$F$9)="D7",CELL("format",'S3-1 Arena'!$F$9)="D6",CELL("format",'S3-1 Arena'!$F$9)="D9",CELL("format",'S3-1 Arena'!$F$9)="D8"),OR(CELL("format",'S3-1 Arena'!$F$10)="D7",CELL("format",'S3-1 Arena'!$F$10)="D6",CELL("format",'S3-1 Arena'!$F$10)="D9",CELL("format",'S3-1 Arena'!$F$10)="D8")),FALSE),"✔ CLEAR","· not yet · press F9")} -> · not yet · press F9 | F49: {=IF(E49="Show hint",Key!$B$28,"")} | G49: {=IF(LEFT(D49,1)="✔",IF(E49="Show hint",5,10),0)} -> 0
A50: C12 | B50: G6:G10 are dressed as currency. Select them and press Ctrl+Shift+~ to strip the format. Then press F9. | C50: ▶ ARENA C12 (cell G6) | D50: {=IF(IFERROR(AND(OR(CELL("format",'S3-1 Arena'!$G$6)="G"),OR(CELL("format",'S3-1 Arena'!$G$7)="G"),OR(CELL("format",'S3-1 Arena'!$G$8)="G"),OR(CELL("format",'S3-1 Arena'!$G$9)="G"),OR(CELL("format",'S3-1 Arena'!$G$10)="G")),FALSE),"✔ CLEAR","· not yet · press F9")} -> · not yet · press F9 | F50: {=IF(E50="Show hint",Key!$B$29,"")} | G50: {=IF(LEFT(D50,1)="✔",IF(E50="Show hint",5,10),0)} -> 0

Sheet S3-1 Arena
A1: ARENA ▸ S3-1 NUMBER SKINS
A2: Practice area · everything here is editable. Missions and their checks are on the stage sheet.
A3: PASS CODE | B3: SKINS | D3: ◀ Back to S3-1 Number Skins
B5: Price | C5: Share | D5: Big number | E5: Date | F5: Time | G5: Reset me
B6: 19.99 | C6: 0.25 | D6: 1234567.9 | E6: 46023 | F6: 0.25 | G6: 10
B7: 5 | C7: 0.5 | D7: 98765.4 | E7: 46100 | F7: 0.5 | G7: 20
B8: 120.5 | C8: 0.125 | D8: 1000 | E8: 46200 | F8: 0.75 | G8: 30
B9: 0.75 | C9: 0.9 | D9: 42 | E9: 46300 | F9: 0.3333 | G9: 40
B10: 1499 | C10: 0.05 | D10: 7 | E10: 46388 | F10: 0.9 | G10: 50

Sheet S3-2 Text Style
A1: STAGE S3-2 ▸ TEXT STYLE
A2: Goal: emphasize text without the ribbon
A3: {="SCORE "&TEXT(SUM($G$14:$G$39),"0000")&" / 0190"} -> SCORE 0000 / 0190 | C3: {=IF(SUM($G$14:$G$39)>=190,"★★★",IF(SUM($G$14:$G$39)>=190*0.8,"★★☆",IF(SUM($G$14:$G$39)>=190*0.5,"★☆☆","☆☆☆")))} -> ☆☆☆ | D3: {=REPT("█",ROUND(10*SUM($G$14:$G$39)/190,0))&REPT("░",10-ROUND(10*SUM($G$14:$G$39)/190,0))&" "&TEXT(SUM($G$14:$G$39)/190,"0%")} -> ░░░░░░░░░░ 0% | F3: {=IF(SUM($G$14:$G$39)>=190*0.5,"STAGE CLEAR! ▶ Next: S3-3 Format Power","")}
A5: BRIEFING · new moves in this stage
A6: # | B6: What it does · Pro tip | C6: Keys / Syntax
A7: 1 | B7: Bold on or off. Tip: Ctrl+2 does the same. | C7: Ctrl+B
A8: 2 | B8: Italic on or off. Tip: Ctrl+3 does the same. | C8: Ctrl+I
A9: 3 | B9: Underline on or off. Tip: Ctrl+4 does the same. | C9: Ctrl+U
A10: 4 | B10: Strikethrough on or off. Tip: Handy for crossing off done tasks. | C10: Ctrl+5
A12: WARM-UP · flashback to earlier stages
A13: # | B13: Mission | C13: Your answer | D13: Result | E13: Hint? | F13: Hint | G13: XP
A14: W1 | B14: Which keys apply the Currency format? (from S3-1 Number Skins) | D14: {=IFERROR(_xlfn.LET(_xlpm.a,'S3-2 Text Style'!$C$14,IF(TRIM(_xlpm.a&"")="","",IF(OR(SUBSTITUTE(SUBSTITUTE(SUBSTITUTE(SUBSTITUTE(SUBSTITUTE(SUBSTITUTE(SUBSTITUTE(SUBSTITUTE(SUBSTITUTE(SUBSTITUTE(SUBSTITUTE(SUBSTITUTE(SUBSTITUTE(SUBSTITUTE(SUBSTITUTE(SUBSTITUTE(SUBSTITUTE(SUBSTITUTE(SUBSTITUTE(SUBSTITUTE(SUBSTITUTE(SUBSTITUTE(SUBSTITUTE(SUBSTITUTE(SUBSTITUTE(SUBSTITUTE(SUBSTITUTE(UPPER(_xlpm.a)," ",""),"CONTROL","CTRL"),"CTL","CTRL"),"ESCAPE","ESC"),"RETURN","ENTER"),"PAGEDOWN","PGDN"),"PGDOWN","PGDN"),"PAGEUP","PGUP"),"ARROWKEYS","ARROW"),"ARROWKEY","ARROW"),"ARROWS","ARROW"),"DOWNARROW","DOWN"),"UPARROW","UP"),"LEFTARROW","LEFT"),"RIGHTARROW","RIGHT"),"ARROWDOWN","DOWN"),"ARROWUP","UP"),"ARROWLEFT","LEFT"),"ARROWRIGHT","RIGHT"),"↓","DOWN"),"↑","UP"),"←","LEFT"),"→","RIGHT"),"SPACEBAR","SPACE"),"−","-"),"MINUS","-"),"PLUS","+")=Key!$E$30:$H$30),"✔ CLEAR","✘ TRY AGAIN"))),"✘ TRY AGAIN")} | F14: {=IF(E14="Show hint",Key!$B$30,"")} | G14: {=IF(LEFT(D14,1)="✔",IF(E14="Show hint",5,10),0)} -> 0
A15: W2 | B15: Which keys apply the Percent format? (from S3-1 Number Skins) | D15: {=IFERROR(_xlfn.LET(_xlpm.a,'S3-2 Text Style'!$C$15,IF(TRIM(_xlpm.a&"")="","",IF(OR(SUBSTITUTE(SUBSTITUTE(SUBSTITUTE(SUBSTITUTE(SUBSTITUTE(SUBSTITUTE(SUBSTITUTE(SUBSTITUTE(SUBSTITUTE(SUBSTITUTE(SUBSTITUTE(SUBSTITUTE(SUBSTITUTE(SUBSTITUTE(SUBSTITUTE(SUBSTITUTE(SUBSTITUTE(SUBSTITUTE(SUBSTITUTE(SUBSTITUTE(SUBSTITUTE(SUBSTITUTE(SUBSTITUTE(SUBSTITUTE(SUBSTITUTE(SUBSTITUTE(SUBSTITUTE(UPPER(_xlpm.a)," ",""),"CONTROL","CTRL"),"CTL","CTRL"),"ESCAPE","ESC"),"RETURN","ENTER"),"PAGEDOWN","PGDN"),"PGDOWN","PGDN"),"PAGEUP","PGUP"),"ARROWKEYS","ARROW"),"ARROWKEY","ARROW"),"ARROWS","ARROW"),"DOWNARROW","DOWN"),"UPARROW","UP"),"LEFTARROW","LEFT"),"RIGHTARROW","RIGHT"),"ARROWDOWN","DOWN"),"ARROWUP","UP"),"ARROWLEFT","LEFT"),"ARROWRIGHT","RIGHT"),"↓","DOWN"),"↑","UP"),"←","LEFT"),"→","RIGHT"),"SPACEBAR","SPACE"),"−","-"),"MINUS","-"),"PLUS","+")=Key!$E$31:$H$31),"✔ CLEAR","✘ TRY AGAIN"))),"✘ TRY AGAIN")} | F15: {=IF(E15="Show hint",Key!$B$31,"")} | G15: {=IF(LEFT(D15,1)="✔",IF(E15="Show hint",5,10),0)} -> 0
A16: W3 | B16: Which keys apply the Number format with a thousands separator? (from S3-1 Number Skins) | D16: {=IFERROR(_xlfn.LET(_xlpm.a,'S3-2 Text Style'!$C$16,IF(TRIM(_xlpm.a&"")="","",IF(OR(SUBSTITUTE(SUBSTITUTE(SUBSTITUTE(SUBSTITUTE(SUBSTITUTE(SUBSTITUTE(SUBSTITUTE(SUBSTITUTE(SUBSTITUTE(SUBSTITUTE(SUBSTITUTE(SUBSTITUTE(SUBSTITUTE(SUBSTITUTE(SUBSTITUTE(SUBSTITUTE(SUBSTITUTE(SUBSTITUTE(SUBSTITUTE(SUBSTITUTE(SUBSTITUTE(SUBSTITUTE(SUBSTITUTE(SUBSTITUTE(SUBSTITUTE(SUBSTITUTE(SUBSTITUTE(UPPER(_xlpm.a)," ",""),"CONTROL","CTRL"),"CTL","CTRL"),"ESCAPE","ESC"),"RETURN","ENTER"),"PAGEDOWN","PGDN"),"PGDOWN","PGDN"),"PAGEUP","PGUP"),"ARROWKEYS","ARROW"),"ARROWKEY","ARROW"),"ARROWS","ARROW"),"DOWNARROW","DOWN"),"UPARROW","UP"),"LEFTARROW","LEFT"),"RIGHTARROW","RIGHT"),"ARROWDOWN","DOWN"),"ARROWUP","UP"),"ARROWLEFT","LEFT"),"ARROWRIGHT","RIGHT"),"↓","DOWN"),"↑","UP"),"←","LEFT"),"→","RIGHT"),"SPACEBAR","SPACE"),"−","-"),"MINUS","-"),"PLUS","+")=Key!$E$32:$H$32),"✔ CLEAR","✘ TRY AGAIN"))),"✘ TRY AGAIN")} | F16: {=IF(E16="Show hint",Key!$B$32,"")} | G16: {=IF(LEFT(D16,1)="✔",IF(E16="Show hint",5,10),0)} -> 0
A17: W4 | B17: Which keys apply the Date format? (from S3-1 Number Skins) | D17: {=IFERROR(_xlfn.LET(_xlpm.a,'S3-2 Text Style'!$C$17,IF(TRIM(_xlpm.a&"")="","",IF(OR(SUBSTITUTE(SUBSTITUTE(SUBSTITUTE(SUBSTITUTE(SUBSTITUTE(SUBSTITUTE(SUBSTITUTE(SUBSTITUTE(SUBSTITUTE(SUBSTITUTE(SUBSTITUTE(SUBSTITUTE(SUBSTITUTE(SUBSTITUTE(SUBSTITUTE(SUBSTITUTE(SUBSTITUTE(SUBSTITUTE(SUBSTITUTE(SUBSTITUTE(SUBSTITUTE(SUBSTITUTE(SUBSTITUTE(SUBSTITUTE(SUBSTITUTE(SUBSTITUTE(SUBSTITUTE(UPPER(_xlpm.a)," ",""),"CONTROL","CTRL"),"CTL","CTRL"),"ESCAPE","ESC"),"RETURN","ENTER"),"PAGEDOWN","PGDN"),"PGDOWN","PGDN"),"PAGEUP","PGUP"),"ARROWKEYS","ARROW"),"ARROWKEY","ARROW"),"ARROWS","ARROW"),"DOWNARROW","DOWN"),"UPARROW","UP"),"LEFTARROW","LEFT"),"RIGHTARROW","RIGHT"),"ARROWDOWN","DOWN"),"ARROWUP","UP"),"ARROWLEFT","LEFT"),"ARROWRIGHT","RIGHT"),"↓","DOWN"),"↑","UP"),"←","LEFT"),"→","RIGHT"),"SPACEBAR","SPACE"),"−","-"),"MINUS","-"),"PLUS","+")=Key!$E$33:$H$33),"✔ CLEAR","✘ TRY AGAIN"))),"✘ TRY AGAIN")} | F17: {=IF(E17="Show hint",Key!$B$33,"")} | G17: {=IF(LEFT(D17,1)="✔",IF(E17="Show hint",5,10),0)} -> 0
A18: W5 | B18: Which keys apply the Time format? (from S3-1 Number Skins) | D18: {=IFERROR(_xlfn.LET(_xlpm.a,'S3-2 Text Style'!$C$18,IF(TRIM(_xlpm.a&"")="","",IF(OR(SUBSTITUTE(SUBSTITUTE(SUBSTITUTE(SUBSTITUTE(SUBSTITUTE(SUBSTITUTE(SUBSTITUTE(SUBSTITUTE(SUBSTITUTE(SUBSTITUTE(SUBSTITUTE(SUBSTITUTE(SUBSTITUTE(SUBSTITUTE(SUBSTITUTE(SUBSTITUTE(SUBSTITUTE(SUBSTITUTE(SUBSTITUTE(SUBSTITUTE(SUBSTITUTE(SUBSTITUTE(SUBSTITUTE(SUBSTITUTE(SUBSTITUTE(SUBSTITUTE(SUBSTITUTE(UPPER(_xlpm.a)," ",""),"CONTROL","CTRL"),"CTL","CTRL"),"ESCAPE","ESC"),"RETURN","ENTER"),"PAGEDOWN","PGDN"),"PGDOWN","PGDN"),"PAGEUP","PGUP"),"ARROWKEYS","ARROW"),"ARROWKEY","ARROW"),"ARROWS","ARROW"),"DOWNARROW","DOWN"),"UPARROW","UP"),"LEFTARROW","LEFT"),"RIGHTARROW","RIGHT"),"ARROWDOWN","DOWN"),"ARROWUP","UP"),"ARROWLEFT","LEFT"),"ARROWRIGHT","RIGHT"),"↓","DOWN"),"↑","UP"),"←","LEFT"),"→","RIGHT"),"SPACEBAR","SPACE"),"−","-"),"MINUS","-"),"PLUS","+")=Key!$E$34:$H$34),"✔ CLEAR","✘ TRY AGAIN"))),"✘ TRY AGAIN")} | F18: {=IF(E18="Show hint",Key!$B$34,"")} | G18: {=IF(LEFT(D18,1)="✔",IF(E18="Show hint",5,10),0)} -> 0
A19: W6 | B19: Which keys reset a cell to the General format? (from S3-1 Number Skins) | D19: {=IFERROR(_xlfn.LET(_xlpm.a,'S3-2 Text Style'!$C$19,IF(TRIM(_xlpm.a&"")="","",IF(OR(SUBSTITUTE(SUBSTITUTE(SUBSTITUTE(SUBSTITUTE(SUBSTITUTE(SUBSTITUTE(SUBSTITUTE(SUBSTITUTE(SUBSTITUTE(SUBSTITUTE(SUBSTITUTE(SUBSTITUTE(SUBSTITUTE(SUBSTITUTE(SUBSTITUTE(SUBSTITUTE(SUBSTITUTE(SUBSTITUTE(SUBSTITUTE(SUBSTITUTE(SUBSTITUTE(SUBSTITUTE(SUBSTITUTE(SUBSTITUTE(SUBSTITUTE(SUBSTITUTE(SUBSTITUTE(UPPER(_xlpm.a)," ",""),"CONTROL","CTRL"),"CTL","CTRL"),"ESCAPE","ESC"),"RETURN","ENTER"),"PAGEDOWN","PGDN"),"PGDOWN","PGDN"),"PAGEUP","PGUP"),"ARROWKEYS","ARROW"),"ARROWKEY","ARROW"),"ARROWS","ARROW"),"DOWNARROW","DOWN"),"UPARROW","UP"),"LEFTARROW","LEFT"),"RIGHTARROW","RIGHT"),"ARROWDOWN","DOWN"),"ARROWUP","UP"),"ARROWLEFT","LEFT"),"ARROWRIGHT","RIGHT"),"↓","DOWN"),"↑","UP"),"←","LEFT"),"→","RIGHT"),"SPACEBAR","SPACE"),"−","-"),"MINUS","-"),"PLUS","+")=Key!$E$35:$H$35),"✔ CLEAR","✘ TRY AGAIN"))),"✘ TRY AGAIN")} | F19: {=IF(E19="Show hint",Key!$B$35,"")} | G19: {=IF(LEFT(D19,1)="✔",IF(E19="Show hint",5,10),0)} -> 0
A20: W7 | B20: How many IF functions does a nested IF need for 3 outcomes? (from F2-4 Multi-Level) | D20: {=IFERROR(_xlfn.LET(_xlpm.a,'S3-2 Text Style'!$C$20,IF(TRIM(_xlpm.a&"")="","",IF(OR(SUBSTITUTE(SUBSTITUTE(SUBSTITUTE(SUBSTITUTE(SUBSTITUTE(SUBSTITUTE(SUBSTITUTE(SUBSTITUTE(SUBSTITUTE(SUBSTITUTE(SUBSTITUTE(SUBSTITUTE(SUBSTITUTE(SUBSTITUTE(SUBSTITUTE(SUBSTITUTE(SUBSTITUTE(SUBSTITUTE(SUBSTITUTE(SUBSTITUTE(SUBSTITUTE(SUBSTITUTE(SUBSTITUTE(SUBSTITUTE(SUBSTITUTE(SUBSTITUTE(SUBSTITUTE(UPPER(_xlpm.a)," ",""),"CONTROL","CTRL"),"CTL","CTRL"),"ESCAPE","ESC"),"RETURN","ENTER"),"PAGEDOWN","PGDN"),"PGDOWN","PGDN"),"PAGEUP","PGUP"),"ARROWKEYS","ARROW"),"ARROWKEY","ARROW"),"ARROWS","ARROW"),"DOWNARROW","DOWN"),"UPARROW","UP"),"LEFTARROW","LEFT"),"RIGHTARROW","RIGHT"),"ARROWDOWN","DOWN"),"ARROWUP","UP"),"ARROWLEFT","LEFT"),"ARROWRIGHT","RIGHT"),"↓","DOWN"),"↑","UP"),"←","LEFT"),"→","RIGHT"),"SPACEBAR","SPACE"),"−","-"),"MINUS","-"),"PLUS","+")=Key!$E$36:$F$36),"✔ CLEAR","✘ TRY AGAIN"))),"✘ TRY AGAIN")} | F20: {=IF(E20="Show hint",Key!$B$36,"")} | G20: {=IF(LEFT(D20,1)="✔",IF(E20="Show hint",5,10),0)} -> 0
A21: W8 | B21: Which function tests several conditions in order without nesting? (from F2-4 Multi-Level) | D21: {=IFERROR(_xlfn.LET(_xlpm.a,'S3-2 Text Style'!$C$21,IF(TRIM(_xlpm.a&"")="","",IF(OR(SUBSTITUTE(SUBSTITUTE(SUBSTITUTE(SUBSTITUTE(SUBSTITUTE(SUBSTITUTE(SUBSTITUTE(SUBSTITUTE(SUBSTITUTE(SUBSTITUTE(SUBSTITUTE(SUBSTITUTE(SUBSTITUTE(SUBSTITUTE(SUBSTITUTE(SUBSTITUTE(SUBSTITUTE(SUBSTITUTE(SUBSTITUTE(SUBSTITUTE(SUBSTITUTE(SUBSTITUTE(SUBSTITUTE(SUBSTITUTE(SUBSTITUTE(SUBSTITUTE(SUBSTITUTE(UPPER(_xlpm.a)," ",""),"CONTROL","CTRL"),"CTL","CTRL"),"ESCAPE","ESC"),"RETURN","ENTER"),"PAGEDOWN","PGDN"),"PGDOWN","PGDN"),"PAGEUP","PGUP"),"ARROWKEYS","ARROW"),"ARROWKEY","ARROW"),"ARROWS","ARROW"),"DOWNARROW","DOWN"),"UPARROW","UP"),"LEFTARROW","LEFT"),"RIGHTARROW","RIGHT"),"ARROWDOWN","DOWN"),"ARROWUP","UP"),"ARROWLEFT","LEFT"),"ARROWRIGHT","RIGHT"),"↓","DOWN"),"↑","UP"),"←","LEFT"),"→","RIGHT"),"SPACEBAR","SPACE"),"−","-"),"MINUS","-"),"PLUS","+")=Key!$E$37:$J$37),"✔ CLEAR","✘ TRY AGAIN"))),"✘ TRY AGAIN")} | F21: {=IF(E21="Show hint",Key!$B$37,"")} | G21: {=IF(LEFT(D21,1)="✔",IF(E21="Show hint",5,10),0)} -> 0
A22: W9 | B22: In IFS, what do you put as the last test to catch all remaining cases? (from F2-4 Multi-Level) | D22: {=IFERROR(_xlfn.LET(_xlpm.a,'S3-2 Text Style'!$C$22,IF(TRIM(_xlpm.a&"")="","",IF(OR(SUBSTITUTE(SUBSTITUTE(SUBSTITUTE(SUBSTITUTE(SUBSTITUTE(SUBSTITUTE(SUBSTITUTE(SUBSTITUTE(SUBSTITUTE(SUBSTITUTE(SUBSTITUTE(SUBSTITUTE(SUBSTITUTE(SUBSTITUTE(SUBSTITUTE(SUBSTITUTE(SUBSTITUTE(SUBSTITUTE(SUBSTITUTE(SUBSTITUTE(SUBSTITUTE(SUBSTITUTE(SUBSTITUTE(SUBSTITUTE(SUBSTITUTE(SUBSTITUTE(SUBSTITUTE(UPPER(_xlpm.a)," ",""),"CONTROL","CTRL"),"CTL","CTRL"),"ESCAPE","ESC"),"RETURN","ENTER"),"PAGEDOWN","PGDN"),"PGDOWN","PGDN"),"PAGEUP","PGUP"),"ARROWKEYS","ARROW"),"ARROWKEY","ARROW"),"ARROWS","ARROW"),"DOWNARROW","DOWN"),"UPARROW","UP"),"LEFTARROW","LEFT"),"RIGHTARROW","RIGHT"),"ARROWDOWN","DOWN"),"ARROWUP","UP"),"ARROWLEFT","LEFT"),"ARROWRIGHT","RIGHT"),"↓","DOWN"),"↑","UP"),"←","LEFT"),"→","RIGHT"),"SPACEBAR","SPACE"),"−","-"),"MINUS","-"),"PLUS","+")=Key!$E$38:$E$38),"✔ CLEAR","✘ TRY AGAIN"))),"✘ TRY AGAIN")} | F22: {=IF(E22="Show hint",Key!$B$38,"")} | G22: {=IF(LEFT(D22,1)="✔",IF(E22="Show hint",5,10),0)} -> 0
A23: W10 | B23: Which function always rounds down, toward zero? (from F1-4 Precision) | D23: {=IFERROR(_xlfn.LET(_xlpm.a,'S3-2 Text Style'!$C$23,IF(TRIM(_xlpm.a&"")="","",IF(OR(SUBSTITUTE(SUBSTITUTE(SUBSTITUTE(SUBSTITUTE(SUBSTITUTE(SUBSTITUTE(SUBSTITUTE(SUBSTITUTE(SUBSTITUTE(SUBSTITUTE(SUBSTITUTE(SUBSTITUTE(SUBSTITUTE(SUBSTITUTE(SUBSTITUTE(SUBSTITUTE(SUBSTITUTE(SUBSTITUTE(SUBSTITUTE(SUBSTITUTE(SUBSTITUTE(SUBSTITUTE(SUBSTITUTE(SUBSTITUTE(SUBSTITUTE(SUBSTITUTE(SUBSTITUTE(UPPER(_xlpm.a)," ",""),"CONTROL","CTRL"),"CTL","CTRL"),"ESCAPE","ESC"),"RETURN","ENTER"),"PAGEDOWN","PGDN"),"PGDOWN","PGDN"),"PAGEUP","PGUP"),"ARROWKEYS","ARROW"),"ARROWKEY","ARROW"),"ARROWS","ARROW"),"DOWNARROW","DOWN"),"UPARROW","UP"),"LEFTARROW","LEFT"),"RIGHTARROW","RIGHT"),"ARROWDOWN","DOWN"),"ARROWUP","UP"),"ARROWLEFT","LEFT"),"ARROWRIGHT","RIGHT"),"↓","DOWN"),"↑","UP"),"←","LEFT"),"→","RIGHT"),"SPACEBAR","SPACE"),"−","-"),"MINUS","-"),"PLUS","+")=Key!$E$39:$J$39),"✔ CLEAR","✘ TRY AGAIN"))),"✘ TRY AGAIN")} | F23: {=IF(E23="Show hint",Key!$B$39,"")} | G23: {=IF(LEFT(D23,1)="✔",IF(E23="Show hint",5,10),0)} -> 0
A25: TRAINING · recognize the move (pick from the list)
A26: # | B26: Mission | C26: Your answer | D26: Result | E26: Hint? | F26: Hint | G26: XP
A27: T1 | B27: Which keys toggle bold? | D27: {=IFERROR(IF('S3-2 Text Style'!$C$27&""="","",IF('S3-2 Text Style'!$C$27&""=Key!$C$40&"","✔ CLEAR","✘ TRY AGAIN")),"✘ TRY AGAIN")} | F27: {=IF(E27="Show hint",Key!$B$40,"")} | G27: {=IF(LEFT(D27,1)="✔",IF(E27="Show hint",5,10),0)} -> 0
A28: T2 | B28: Which keys toggle italic? | D28: {=IFERROR(IF('S3-2 Text Style'!$C$28&""="","",IF('S3-2 Text Style'!$C$28&""=Key!$C$41&"","✔ CLEAR","✘ TRY AGAIN")),"✘ TRY AGAIN")} | F28: {=IF(E28="Show hint",Key!$B$41,"")} | G28: {=IF(LEFT(D28,1)="✔",IF(E28="Show hint",5,10),0)} -> 0
A29: T3 | B29: Which keys toggle underline? | D29: {=IFERROR(IF('S3-2 Text Style'!$C$29&""="","",IF('S3-2 Text Style'!$C$29&""=Key!$C$42&"","✔ CLEAR","✘ TRY AGAIN")),"✘ TRY AGAIN")} | F29: {=IF(E29="Show hint",Key!$B$42,"")} | G29: {=IF(LEFT(D29,1)="✔",IF(E29="Show hint",5,10),0)} -> 0
A30: T4 | B30: Which keys toggle strikethrough? | D30: {=IFERROR(IF('S3-2 Text Style'!$C$30&""="","",IF('S3-2 Text Style'!$C$30&""=Key!$C$43&"","✔ CLEAR","✘ TRY AGAIN")),"✘ TRY AGAIN")} | F30: {=IF(E30="Show hint",Key!$B$43,"")} | G30: {=IF(LEFT(D30,1)="✔",IF(E30="Show hint",5,10),0)} -> 0
A32: CHALLENGES · recall it, then do it
B33: ▶ Open S3-2 Arena (or press Ctrl+PgDn)
A34: # | B34: Mission | C34: Your answer | D34: Result | E34: Hint? | F34: Hint | G34: XP
A35: C1 | B35: Which keys toggle bold? | D35: {=IFERROR(_xlfn.LET(_xlpm.a,'S3-2 Text Style'!$C$35,IF(TRIM(_xlpm.a&"")="","",IF(OR(SUBSTITUTE(SUBSTITUTE(SUBSTITUTE(SUBSTITUTE(SUBSTITUTE(SUBSTITUTE(SUBSTITUTE(SUBSTITUTE(SUBSTITUTE(SUBSTITUTE(SUBSTITUTE(SUBSTITUTE(SUBSTITUTE(SUBSTITUTE(SUBSTITUTE(SUBSTITUTE(SUBSTITUTE(SUBSTITUTE(SUBSTITUTE(SUBSTITUTE(SUBSTITUTE(SUBSTITUTE(SUBSTITUTE(SUBSTITUTE(SUBSTITUTE(SUBSTITUTE(SUBSTITUTE(UPPER(_xlpm.a)," ",""),"CONTROL","CTRL"),"CTL","CTRL"),"ESCAPE","ESC"),"RETURN","ENTER"),"PAGEDOWN","PGDN"),"PGDOWN","PGDN"),"PAGEUP","PGUP"),"ARROWKEYS","ARROW"),"ARROWKEY","ARROW"),"ARROWS","ARROW"),"DOWNARROW","DOWN"),"UPARROW","UP"),"LEFTARROW","LEFT"),"RIGHTARROW","RIGHT"),"ARROWDOWN","DOWN"),"ARROWUP","UP"),"ARROWLEFT","LEFT"),"ARROWRIGHT","RIGHT"),"↓","DOWN"),"↑","UP"),"←","LEFT"),"→","RIGHT"),"SPACEBAR","SPACE"),"−","-"),"MINUS","-"),"PLUS","+")=Key!$E$44:$F$44),"✔ CLEAR","✘ TRY AGAIN"))),"✘ TRY AGAIN")} | F35: {=IF(E35="Show hint",Key!$B$44,"")} | G35: {=IF(LEFT(D35,1)="✔",IF(E35="Show hint",5,10),0)} -> 0
A36: C2 | B36: Which keys toggle italic? | D36: {=IFERROR(_xlfn.LET(_xlpm.a,'S3-2 Text Style'!$C$36,IF(TRIM(_xlpm.a&"")="","",IF(OR(SUBSTITUTE(SUBSTITUTE(SUBSTITUTE(SUBSTITUTE(SUBSTITUTE(SUBSTITUTE(SUBSTITUTE(SUBSTITUTE(SUBSTITUTE(SUBSTITUTE(SUBSTITUTE(SUBSTITUTE(SUBSTITUTE(SUBSTITUTE(SUBSTITUTE(SUBSTITUTE(SUBSTITUTE(SUBSTITUTE(SUBSTITUTE(SUBSTITUTE(SUBSTITUTE(SUBSTITUTE(SUBSTITUTE(SUBSTITUTE(SUBSTITUTE(SUBSTITUTE(SUBSTITUTE(UPPER(_xlpm.a)," ",""),"CONTROL","CTRL"),"CTL","CTRL"),"ESCAPE","ESC"),"RETURN","ENTER"),"PAGEDOWN","PGDN"),"PGDOWN","PGDN"),"PAGEUP","PGUP"),"ARROWKEYS","ARROW"),"ARROWKEY","ARROW"),"ARROWS","ARROW"),"DOWNARROW","DOWN"),"UPARROW","UP"),"LEFTARROW","LEFT"),"RIGHTARROW","RIGHT"),"ARROWDOWN","DOWN"),"ARROWUP","UP"),"ARROWLEFT","LEFT"),"ARROWRIGHT","RIGHT"),"↓","DOWN"),"↑","UP"),"←","LEFT"),"→","RIGHT"),"SPACEBAR","SPACE"),"−","-"),"MINUS","-"),"PLUS","+")=Key!$E$45:$F$45),"✔ CLEAR","✘ TRY AGAIN"))),"✘ TRY AGAIN")} | F36: {=IF(E36="Show hint",Key!$B$45,"")} | G36: {=IF(LEFT(D36,1)="✔",IF(E36="Show hint",5,10),0)} -> 0
A37: C3 | B37: Which keys toggle underline? | D37: {=IFERROR(_xlfn.LET(_xlpm.a,'S3-2 Text Style'!$C$37,IF(TRIM(_xlpm.a&"")="","",IF(OR(SUBSTITUTE(SUBSTITUTE(SUBSTITUTE(SUBSTITUTE(SUBSTITUTE(SUBSTITUTE(SUBSTITUTE(SUBSTITUTE(SUBSTITUTE(SUBSTITUTE(SUBSTITUTE(SUBSTITUTE(SUBSTITUTE(SUBSTITUTE(SUBSTITUTE(SUBSTITUTE(SUBSTITUTE(SUBSTITUTE(SUBSTITUTE(SUBSTITUTE(SUBSTITUTE(SUBSTITUTE(SUBSTITUTE(SUBSTITUTE(SUBSTITUTE(SUBSTITUTE(SUBSTITUTE(UPPER(_xlpm.a)," ",""),"CONTROL","CTRL"),"CTL","CTRL"),"ESCAPE","ESC"),"RETURN","ENTER"),"PAGEDOWN","PGDN"),"PGDOWN","PGDN"),"PAGEUP","PGUP"),"ARROWKEYS","ARROW"),"ARROWKEY","ARROW"),"ARROWS","ARROW"),"DOWNARROW","DOWN"),"UPARROW","UP"),"LEFTARROW","LEFT"),"RIGHTARROW","RIGHT"),"ARROWDOWN","DOWN"),"ARROWUP","UP"),"ARROWLEFT","LEFT"),"ARROWRIGHT","RIGHT"),"↓","DOWN"),"↑","UP"),"←","LEFT"),"→","RIGHT"),"SPACEBAR","SPACE"),"−","-"),"MINUS","-"),"PLUS","+")=Key!$E$46:$F$46),"✔ CLEAR","✘ TRY AGAIN"))),"✘ TRY AGAIN")} | F37: {=IF(E37="Show hint",Key!$B$46,"")} | G37: {=IF(LEFT(D37,1)="✔",IF(E37="Show hint",5,10),0)} -> 0
A38: C4 | B38: Which keys toggle strikethrough? | D38: {=IFERROR(_xlfn.LET(_xlpm.a,'S3-2 Text Style'!$C$38,IF(TRIM(_xlpm.a&"")="","",IF(OR(SUBSTITUTE(SUBSTITUTE(SUBSTITUTE(SUBSTITUTE(SUBSTITUTE(SUBSTITUTE(SUBSTITUTE(SUBSTITUTE(SUBSTITUTE(SUBSTITUTE(SUBSTITUTE(SUBSTITUTE(SUBSTITUTE(SUBSTITUTE(SUBSTITUTE(SUBSTITUTE(SUBSTITUTE(SUBSTITUTE(SUBSTITUTE(SUBSTITUTE(SUBSTITUTE(SUBSTITUTE(SUBSTITUTE(SUBSTITUTE(SUBSTITUTE(SUBSTITUTE(SUBSTITUTE(UPPER(_xlpm.a)," ",""),"CONTROL","CTRL"),"CTL","CTRL"),"ESCAPE","ESC"),"RETURN","ENTER"),"PAGEDOWN","PGDN"),"PGDOWN","PGDN"),"PAGEUP","PGUP"),"ARROWKEYS","ARROW"),"ARROWKEY","ARROW"),"ARROWS","ARROW"),"DOWNARROW","DOWN"),"UPARROW","UP"),"LEFTARROW","LEFT"),"RIGHTARROW","RIGHT"),"ARROWDOWN","DOWN"),"ARROWUP","UP"),"ARROWLEFT","LEFT"),"ARROWRIGHT","RIGHT"),"↓","DOWN"),"↑","UP"),"←","LEFT"),"→","RIGHT"),"SPACEBAR","SPACE"),"−","-"),"MINUS","-"),"PLUS","+")=Key!$E$47:$E$47),"✔ CLEAR","✘ TRY AGAIN"))),"✘ TRY AGAIN")} | F38: {=IF(E38="Show hint",Key!$B$47,"")} | G38: {=IF(LEFT(D38,1)="✔",IF(E38="Show hint",5,10),0)} -> 0
A39: C5 | B39: In the arena: make B6 bold (Ctrl+B), B7 italic (Ctrl+I), B8 underlined (Ctrl+U) and B9 struck through (Ctrl+5). Then pick Done here. | D39: {=IF('S3-2 Text Style'!$C$39="Done","✔ CLEAR · self-check","")} | F39: {=IF(E39="Show hint",Key!$B$48,"")} | G39: {=IF(LEFT(D39,1)="✔",IF(E39="Show hint",5,10),0)} -> 0

Sheet S3-2 Arena
A1: ARENA ▸ S3-2 TEXT STYLE
A2: Practice area · everything here is editable. Missions and their checks are on the stage sheet.
A3: PASS CODE | B3: STYLE | D3: ◀ Back to S3-2 Text Style
B6: Make me bold
B7: Make me italic
B8: Underline me
B9: Strike me out

Sheet S3-3 Format Power
A1: STAGE S3-3 ▸ FORMAT POWER
A2: Goal: reach every format option from the keyboard
A3: {="SCORE "&TEXT(SUM($G$17:$G$51),"0000")&" / 0280"} -> SCORE 0000 / 0280 | C3: {=IF(SUM($G$17:$G$51)>=280,"★★★",IF(SUM($G$17:$G$51)>=280*0.8,"★★☆",IF(SUM($G$17:$G$51)>=280*0.5,"★☆☆","☆☆☆")))} -> ☆☆☆ | D3: {=REPT("█",ROUND(10*SUM($G$17:$G$51)/280,0))&REPT("░",10-ROUND(10*SUM($G$17:$G$51)/280,0))&" "&TEXT(SUM($G$17:$G$51)/280,"0%")} -> ░░░░░░░░░░ 0% | F3: {=IF(SUM($G$17:$G$51)>=280*0.5,"STAGE CLEAR! ▶ Next: Boss","")}
A5: BRIEFING · new moves in this stage
A6: # | B6: What it does · Pro tip | C6: Keys / Syntax
A7: 1 | B7: Open Format Cells: every number, alignment, font and border option. Tip: Ctrl+1 then Tab through the choices. | C7: Ctrl+1
A8: 2 | B8: Add an outline border around the selection. Tip: Ctrl+Shift+_ removes it again. | C8: Ctrl+Shift+&
A9: 3 | B9: Remove the outline border from the selection. Tip: Pairs with Ctrl+Shift+&. | C9: Ctrl+Shift+_
A10: 4 | B10: Show KeyTips: a letter for every ribbon command. Tip: Alt, H opens the Home tab; follow the letters from there. | C10: Alt
A11: 5 | B11: Center the cell contents (KeyTips: Home, Align, Center). Tip: Press the keys one after another, not together. | C11: Alt+H, A, C
A12: 6 | B12: Open the Fill Color menu (KeyTips: Home, Fill). Tip: Use the arrow keys to pick a color, then Enter. | C12: Alt+H, H
A13: 7 | B13: Repeat your last action, like the same format on another cell. Tip: Ctrl+Y repeats too. | C13: F4
A15: WARM-UP · flashback to earlier stages
A16: # | B16: Mission | C16: Your answer | D16: Result | E16: Hint? | F16: Hint | G16: XP
A17: W1 | B17: Which keys toggle bold? (from S3-2 Text Style) | D17: {=IFERROR(_xlfn.LET(_xlpm.a,'S3-3 Format Power'!$C$17,IF(TRIM(_xlpm.a&"")="","",IF(OR(SUBSTITUTE(SUBSTITUTE(SUBSTITUTE(SUBSTITUTE(SUBSTITUTE(SUBSTITUTE(SUBSTITUTE(SUBSTITUTE(SUBSTITUTE(SUBSTITUTE(SUBSTITUTE(SUBSTITUTE(SUBSTITUTE(SUBSTITUTE(SUBSTITUTE(SUBSTITUTE(SUBSTITUTE(SUBSTITUTE(SUBSTITUTE(SUBSTITUTE(SUBSTITUTE(SUBSTITUTE(SUBSTITUTE(SUBSTITUTE(SUBSTITUTE(SUBSTITUTE(SUBSTITUTE(UPPER(_xlpm.a)," ",""),"CONTROL","CTRL"),"CTL","CTRL"),"ESCAPE","ESC"),"RETURN","ENTER"),"PAGEDOWN","PGDN"),"PGDOWN","PGDN"),"PAGEUP","PGUP"),"ARROWKEYS","ARROW"),"ARROWKEY","ARROW"),"ARROWS","ARROW"),"DOWNARROW","DOWN"),"UPARROW","UP"),"LEFTARROW","LEFT"),"RIGHTARROW","RIGHT"),"ARROWDOWN","DOWN"),"ARROWUP","UP"),"ARROWLEFT","LEFT"),"ARROWRIGHT","RIGHT"),"↓","DOWN"),"↑","UP"),"←","LEFT"),"→","RIGHT"),"SPACEBAR","SPACE"),"−","-"),"MINUS","-"),"PLUS","+")=Key!$E$49:$F$49),"✔ CLEAR","✘ TRY AGAIN"))),"✘ TRY AGAIN")} | F17: {=IF(E17="Show hint",Key!$B$49,"")} | G17: {=IF(LEFT(D17,1)="✔",IF(E17="Show hint",5,10),0)} -> 0
A18: W2 | B18: Which keys toggle italic? (from S3-2 Text Style) | D18: {=IFERROR(_xlfn.LET(_xlpm.a,'S3-3 Format Power'!$C$18,IF(TRIM(_xlpm.a&"")="","",IF(OR(SUBSTITUTE(SUBSTITUTE(SUBSTITUTE(SUBSTITUTE(SUBSTITUTE(SUBSTITUTE(SUBSTITUTE(SUBSTITUTE(SUBSTITUTE(SUBSTITUTE(SUBSTITUTE(SUBSTITUTE(SUBSTITUTE(SUBSTITUTE(SUBSTITUTE(SUBSTITUTE(SUBSTITUTE(SUBSTITUTE(SUBSTITUTE(SUBSTITUTE(SUBSTITUTE(SUBSTITUTE(SUBSTITUTE(SUBSTITUTE(SUBSTITUTE(SUBSTITUTE(SUBSTITUTE(UPPER(_xlpm.a)," ",""),"CONTROL","CTRL"),"CTL","CTRL"),"ESCAPE","ESC"),"RETURN","ENTER"),"PAGEDOWN","PGDN"),"PGDOWN","PGDN"),"PAGEUP","PGUP"),"ARROWKEYS","ARROW"),"ARROWKEY","ARROW"),"ARROWS","ARROW"),"DOWNARROW","DOWN"),"UPARROW","UP"),"LEFTARROW","LEFT"),"RIGHTARROW","RIGHT"),"ARROWDOWN","DOWN"),"ARROWUP","UP"),"ARROWLEFT","LEFT"),"ARROWRIGHT","RIGHT"),"↓","DOWN"),"↑","UP"),"←","LEFT"),"→","RIGHT"),"SPACEBAR","SPACE"),"−","-"),"MINUS","-"),"PLUS","+")=Key!$E$50:$F$50),"✔ CLEAR","✘ TRY AGAIN"))),"✘ TRY AGAIN")} | F18: {=IF(E18="Show hint",Key!$B$50,"")} | G18: {=IF(LEFT(D18,1)="✔",IF(E18="Show hint",5,10),0)} -> 0
A19: W3 | B19: Which keys toggle underline? (from S3-2 Text Style) | D19: {=IFERROR(_xlfn.LET(_xlpm.a,'S3-3 Format Power'!$C$19,IF(TRIM(_xlpm.a&"")="","",IF(OR(SUBSTITUTE(SUBSTITUTE(SUBSTITUTE(SUBSTITUTE(SUBSTITUTE(SUBSTITUTE(SUBSTITUTE(SUBSTITUTE(SUBSTITUTE(SUBSTITUTE(SUBSTITUTE(SUBSTITUTE(SUBSTITUTE(SUBSTITUTE(SUBSTITUTE(SUBSTITUTE(SUBSTITUTE(SUBSTITUTE(SUBSTITUTE(SUBSTITUTE(SUBSTITUTE(SUBSTITUTE(SUBSTITUTE(SUBSTITUTE(SUBSTITUTE(SUBSTITUTE(SUBSTITUTE(UPPER(_xlpm.a)," ",""),"CONTROL","CTRL"),"CTL","CTRL"),"ESCAPE","ESC"),"RETURN","ENTER"),"PAGEDOWN","PGDN"),"PGDOWN","PGDN"),"PAGEUP","PGUP"),"ARROWKEYS","ARROW"),"ARROWKEY","ARROW"),"ARROWS","ARROW"),"DOWNARROW","DOWN"),"UPARROW","UP"),"LEFTARROW","LEFT"),"RIGHTARROW","RIGHT"),"ARROWDOWN","DOWN"),"ARROWUP","UP"),"ARROWLEFT","LEFT"),"ARROWRIGHT","RIGHT"),"↓","DOWN"),"↑","UP"),"←","LEFT"),"→","RIGHT"),"SPACEBAR","SPACE"),"−","-"),"MINUS","-"),"PLUS","+")=Key!$E$51:$F$51),"✔ CLEAR","✘ TRY AGAIN"))),"✘ TRY AGAIN")} | F19: {=IF(E19="Show hint",Key!$B$51,"")} | G19: {=IF(LEFT(D19,1)="✔",IF(E19="Show hint",5,10),0)} -> 0
A20: W4 | B20: Which keys toggle strikethrough? (from S3-2 Text Style) | D20: {=IFERROR(_xlfn.LET(_xlpm.a,'S3-3 Format Power'!$C$20,IF(TRIM(_xlpm.a&"")="","",IF(OR(SUBSTITUTE(SUBSTITUTE(SUBSTITUTE(SUBSTITUTE(SUBSTITUTE(SUBSTITUTE(SUBSTITUTE(SUBSTITUTE(SUBSTITUTE(SUBSTITUTE(SUBSTITUTE(SUBSTITUTE(SUBSTITUTE(SUBSTITUTE(SUBSTITUTE(SUBSTITUTE(SUBSTITUTE(SUBSTITUTE(SUBSTITUTE(SUBSTITUTE(SUBSTITUTE(SUBSTITUTE(SUBSTITUTE(SUBSTITUTE(SUBSTITUTE(SUBSTITUTE(SUBSTITUTE(UPPER(_xlpm.a)," ",""),"CONTROL","CTRL"),"CTL","CTRL"),"ESCAPE","ESC"),"RETURN","ENTER"),"PAGEDOWN","PGDN"),"PGDOWN","PGDN"),"PAGEUP","PGUP"),"ARROWKEYS","ARROW"),"ARROWKEY","ARROW"),"ARROWS","ARROW"),"DOWNARROW","DOWN"),"UPARROW","UP"),"LEFTARROW","LEFT"),"RIGHTARROW","RIGHT"),"ARROWDOWN","DOWN"),"ARROWUP","UP"),"ARROWLEFT","LEFT"),"ARROWRIGHT","RIGHT"),"↓","DOWN"),"↑","UP"),"←","LEFT"),"→","RIGHT"),"SPACEBAR","SPACE"),"−","-"),"MINUS","-"),"PLUS","+")=Key!$E$52:$E$52),"✔ CLEAR","✘ TRY AGAIN"))),"✘ TRY AGAIN")} | F20: {=IF(E20="Show hint",Key!$B$52,"")} | G20: {=IF(LEFT(D20,1)="✔",IF(E20="Show hint",5,10),0)} -> 0
A21: W5 | B21: Which function replaces any error with your own value? (from F2-5 Error Shield) | D21: {=IFERROR(_xlfn.LET(_xlpm.a,'S3-3 Format Power'!$C$21,IF(TRIM(_xlpm.a&"")="","",IF(OR(SUBSTITUTE(SUBSTITUTE(SUBSTITUTE(SUBSTITUTE(SUBSTITUTE(SUBSTITUTE(SUBSTITUTE(SUBSTITUTE(SUBSTITUTE(SUBSTITUTE(SUBSTITUTE(SUBSTITUTE(SUBSTITUTE(SUBSTITUTE(SUBSTITUTE(SUBSTITUTE(SUBSTITUTE(SUBSTITUTE(SUBSTITUTE(SUBSTITUTE(SUBSTITUTE(SUBSTITUTE(SUBSTITUTE(SUBSTITUTE(SUBSTITUTE(SUBSTITUTE(SUBSTITUTE(UPPER(_xlpm.a)," ",""),"CONTROL","CTRL"),"CTL","CTRL"),"ESCAPE","ESC"),"RETURN","ENTER"),"PAGEDOWN","PGDN"),"PGDOWN","PGDN"),"PAGEUP","PGUP"),"ARROWKEYS","ARROW"),"ARROWKEY","ARROW"),"ARROWS","ARROW"),"DOWNARROW","DOWN"),"UPARROW","UP"),"LEFTARROW","LEFT"),"RIGHTARROW","RIGHT"),"ARROWDOWN","DOWN"),"ARROWUP","UP"),"ARROWLEFT","LEFT"),"ARROWRIGHT","RIGHT"),"↓","DOWN"),"↑","UP"),"←","LEFT"),"→","RIGHT"),"SPACEBAR","SPACE"),"−","-"),"MINUS","-"),"PLUS","+")=Key!$E$53:$J$53),"✔ CLEAR","✘ TRY AGAIN"))),"✘ TRY AGAIN")} | F21: {=IF(E21="Show hint",Key!$B$53,"")} | G21: {=IF(LEFT(D21,1)="✔",IF(E21="Show hint",5,10),0)} -> 0
A22: W6 | B22: Which function replaces only the #N/A error? (from F2-5 Error Shield) | D22: {=IFERROR(_xlfn.LET(_xlpm.a,'S3-3 Format Power'!$C$22,IF(TRIM(_xlpm.a&"")="","",IF(OR(SUBSTITUTE(SUBSTITUTE(SUBSTITUTE(SUBSTITUTE(SUBSTITUTE(SUBSTITUTE(SUBSTITUTE(SUBSTITUTE(SUBSTITUTE(SUBSTITUTE(SUBSTITUTE(SUBSTITUTE(SUBSTITUTE(SUBSTITUTE(SUBSTITUTE(SUBSTITUTE(SUBSTITUTE(SUBSTITUTE(SUBSTITUTE(SUBSTITUTE(SUBSTITUTE(SUBSTITUTE(SUBSTITUTE(SUBSTITUTE(SUBSTITUTE(SUBSTITUTE(SUBSTITUTE(UPPER(_xlpm.a)," ",""),"CONTROL","CTRL"),"CTL","CTRL"),"ESCAPE","ESC"),"RETURN","ENTER"),"PAGEDOWN","PGDN"),"PGDOWN","PGDN"),"PAGEUP","PGUP"),"ARROWKEYS","ARROW"),"ARROWKEY","ARROW"),"ARROWS","ARROW"),"DOWNARROW","DOWN"),"UPARROW","UP"),"LEFTARROW","LEFT"),"RIGHTARROW","RIGHT"),"ARROWDOWN","DOWN"),"ARROWUP","UP"),"ARROWLEFT","LEFT"),"ARROWRIGHT","RIGHT"),"↓","DOWN"),"↑","UP"),"←","LEFT"),"→","RIGHT"),"SPACEBAR","SPACE"),"−","-"),"MINUS","-"),"PLUS","+")=Key!$E$54:$J$54),"✔ CLEAR","✘ TRY AGAIN"))),"✘ TRY AGAIN")} | F22: {=IF(E22="Show hint",Key!$B$54,"")} | G22: {=IF(LEFT(D22,1)="✔",IF(E22="Show hint",5,10),0)} -> 0
A23: W7 | B23: Which function is TRUE when a cell is empty? (from F2-5 Error Shield) | D23: {=IFERROR(_xlfn.LET(_xlpm.a,'S3-3 Format Power'!$C$23,IF(TRIM(_xlpm.a&"")="","",IF(OR(SUBSTITUTE(SUBSTITUTE(SUBSTITUTE(SUBSTITUTE(SUBSTITUTE(SUBSTITUTE(SUBSTITUTE(SUBSTITUTE(SUBSTITUTE(SUBSTITUTE(SUBSTITUTE(SUBSTITUTE(SUBSTITUTE(SUBSTITUTE(SUBSTITUTE(SUBSTITUTE(SUBSTITUTE(SUBSTITUTE(SUBSTITUTE(SUBSTITUTE(SUBSTITUTE(SUBSTITUTE(SUBSTITUTE(SUBSTITUTE(SUBSTITUTE(SUBSTITUTE(SUBSTITUTE(UPPER(_xlpm.a)," ",""),"CONTROL","CTRL"),"CTL","CTRL"),"ESCAPE","ESC"),"RETURN","ENTER"),"PAGEDOWN","PGDN"),"PGDOWN","PGDN"),"PAGEUP","PGUP"),"ARROWKEYS","ARROW"),"ARROWKEY","ARROW"),"ARROWS","ARROW"),"DOWNARROW","DOWN"),"UPARROW","UP"),"LEFTARROW","LEFT"),"RIGHTARROW","RIGHT"),"ARROWDOWN","DOWN"),"ARROWUP","UP"),"ARROWLEFT","LEFT"),"ARROWRIGHT","RIGHT"),"↓","DOWN"),"↑","UP"),"←","LEFT"),"→","RIGHT"),"SPACEBAR","SPACE"),"−","-"),"MINUS","-"),"PLUS","+")=Key!$E$55:$J$55),"✔ CLEAR","✘ TRY AGAIN"))),"✘ TRY AGAIN")} | F23: {=IF(E23="Show hint",Key!$B$55,"")} | G23: {=IF(LEFT(D23,1)="✔",IF(E23="Show hint",5,10),0)} -> 0
A24: W8 | B24: Which function is TRUE when a value is a number? (from F2-5 Error Shield) | D24: {=IFERROR(_xlfn.LET(_xlpm.a,'S3-3 Format Power'!$C$24,IF(TRIM(_xlpm.a&"")="","",IF(OR(SUBSTITUTE(SUBSTITUTE(SUBSTITUTE(SUBSTITUTE(SUBSTITUTE(SUBSTITUTE(SUBSTITUTE(SUBSTITUTE(SUBSTITUTE(SUBSTITUTE(SUBSTITUTE(SUBSTITUTE(SUBSTITUTE(SUBSTITUTE(SUBSTITUTE(SUBSTITUTE(SUBSTITUTE(SUBSTITUTE(SUBSTITUTE(SUBSTITUTE(SUBSTITUTE(SUBSTITUTE(SUBSTITUTE(SUBSTITUTE(SUBSTITUTE(SUBSTITUTE(SUBSTITUTE(UPPER(_xlpm.a)," ",""),"CONTROL","CTRL"),"CTL","CTRL"),"ESCAPE","ESC"),"RETURN","ENTER"),"PAGEDOWN","PGDN"),"PGDOWN","PGDN"),"PAGEUP","PGUP"),"ARROWKEYS","ARROW"),"ARROWKEY","ARROW"),"ARROWS","ARROW"),"DOWNARROW","DOWN"),"UPARROW","UP"),"LEFTARROW","LEFT"),"RIGHTARROW","RIGHT"),"ARROWDOWN","DOWN"),"ARROWUP","UP"),"ARROWLEFT","LEFT"),"ARROWRIGHT","RIGHT"),"↓","DOWN"),"↑","UP"),"←","LEFT"),"→","RIGHT"),"SPACEBAR","SPACE"),"−","-"),"MINUS","-"),"PLUS","+")=Key!$E$56:$J$56),"✔ CLEAR","✘ TRY AGAIN"))),"✘ TRY AGAIN")} | F24: {=IF(E24="Show hint",Key!$B$56,"")} | G24: {=IF(LEFT(D24,1)="✔",IF(E24="Show hint",5,10),0)} -> 0
A25: W9 | B25: Which keys switch between showing results and showing formulas? (from F1-5 X-Ray) | D25: {=IFERROR(_xlfn.LET(_xlpm.a,'S3-3 Format Power'!$C$25,IF(TRIM(_xlpm.a&"")="","",IF(OR(SUBSTITUTE(SUBSTITUTE(SUBSTITUTE(SUBSTITUTE(SUBSTITUTE(SUBSTITUTE(SUBSTITUTE(SUBSTITUTE(SUBSTITUTE(SUBSTITUTE(SUBSTITUTE(SUBSTITUTE(SUBSTITUTE(SUBSTITUTE(SUBSTITUTE(SUBSTITUTE(SUBSTITUTE(SUBSTITUTE(SUBSTITUTE(SUBSTITUTE(SUBSTITUTE(SUBSTITUTE(SUBSTITUTE(SUBSTITUTE(SUBSTITUTE(SUBSTITUTE(SUBSTITUTE(UPPER(_xlpm.a)," ",""),"CONTROL","CTRL"),"CTL","CTRL"),"ESCAPE","ESC"),"RETURN","ENTER"),"PAGEDOWN","PGDN"),"PGDOWN","PGDN"),"PAGEUP","PGUP"),"ARROWKEYS","ARROW"),"ARROWKEY","ARROW"),"ARROWS","ARROW"),"DOWNARROW","DOWN"),"UPARROW","UP"),"LEFTARROW","LEFT"),"RIGHTARROW","RIGHT"),"ARROWDOWN","DOWN"),"ARROWUP","UP"),"ARROWLEFT","LEFT"),"ARROWRIGHT","RIGHT"),"↓","DOWN"),"↑","UP"),"←","LEFT"),"→","RIGHT"),"SPACEBAR","SPACE"),"−","-"),"MINUS","-"),"PLUS","+")=Key!$E$57:$H$57),"✔ CLEAR","✘ TRY AGAIN"))),"✘ TRY AGAIN")} | F25: {=IF(E25="Show hint",Key!$B$57,"")} | G25: {=IF(LEFT(D25,1)="✔",IF(E25="Show hint",5,10),0)} -> 0
A26: W10 | B26: Which key edits the active cell and color-codes its references? (from F1-5 X-Ray) | D26: {=IFERROR(_xlfn.LET(_xlpm.a,'S3-3 Format Power'!$C$26,IF(TRIM(_xlpm.a&"")="","",IF(OR(SUBSTITUTE(SUBSTITUTE(SUBSTITUTE(SUBSTITUTE(SUBSTITUTE(SUBSTITUTE(SUBSTITUTE(SUBSTITUTE(SUBSTITUTE(SUBSTITUTE(SUBSTITUTE(SUBSTITUTE(SUBSTITUTE(SUBSTITUTE(SUBSTITUTE(SUBSTITUTE(SUBSTITUTE(SUBSTITUTE(SUBSTITUTE(SUBSTITUTE(SUBSTITUTE(SUBSTITUTE(SUBSTITUTE(SUBSTITUTE(SUBSTITUTE(SUBSTITUTE(SUBSTITUTE(UPPER(_xlpm.a)," ",""),"CONTROL","CTRL"),"CTL","CTRL"),"ESCAPE","ESC"),"RETURN","ENTER"),"PAGEDOWN","PGDN"),"PGDOWN","PGDN"),"PAGEUP","PGUP"),"ARROWKEYS","ARROW"),"ARROWKEY","ARROW"),"ARROWS","ARROW"),"DOWNARROW","DOWN"),"UPARROW","UP"),"LEFTARROW","LEFT"),"RIGHTARROW","RIGHT"),"ARROWDOWN","DOWN"),"ARROWUP","UP"),"ARROWLEFT","LEFT"),"ARROWRIGHT","RIGHT"),"↓","DOWN"),"↑","UP"),"←","LEFT"),"→","RIGHT"),"SPACEBAR","SPACE"),"−","-"),"MINUS","-"),"PLUS","+")=Key!$E$58:$E$58),"✔ CLEAR","✘ TRY AGAIN"))),"✘ TRY AGAIN")} | F26: {=IF(E26="Show hint",Key!$B$58,"")} | G26: {=IF(LEFT(D26,1)="✔",IF(E26="Show hint",5,10),0)} -> 0
A28: TRAINING · recognize the move (pick from the list)
A29: # | B29: Mission | C29: Your answer | D29: Result | E29: Hint? | F29: Hint | G29: XP
A30: T1 | B30: Which keys open the Format Cells dialog? | D30: {=IFERROR(IF('S3-3 Format Power'!$C$30&""="","",IF('S3-3 Format Power'!$C$30&""=Key!$C$59&"","✔ CLEAR","✘ TRY AGAIN")),"✘ TRY AGAIN")} | F30: {=IF(E30="Show hint",Key!$B$59,"")} | G30: {=IF(LEFT(D30,1)="✔",IF(E30="Show hint",5,10),0)} -> 0
A31: T2 | B31: Which keys add an outline border? | D31: {=IFERROR(IF('S3-3 Format Power'!$C$31&""="","",IF('S3-3 Format Power'!$C$31&""=Key!$C$60&"","✔ CLEAR","✘ TRY AGAIN")),"✘ TRY AGAIN")} | F31: {=IF(E31="Show hint",Key!$B$60,"")} | G31: {=IF(LEFT(D31,1)="✔",IF(E31="Show hint",5,10),0)} -> 0
A32: T3 | B32: Which keys remove the outline border? | D32: {=IFERROR(IF('S3-3 Format Power'!$C$32&""="","",IF('S3-3 Format Power'!$C$32&""=Key!$C$61&"","✔ CLEAR","✘ TRY AGAIN")),"✘ TRY AGAIN")} | F32: {=IF(E32="Show hint",Key!$B$61,"")} | G32: {=IF(LEFT(D32,1)="✔",IF(E32="Show hint",5,10),0)} -> 0
A33: T4 | B33: Which key shows the ribbon KeyTips? | D33: {=IFERROR(IF('S3-3 Format Power'!$C$33&""="","",IF('S3-3 Format Power'!$C$33&""=Key!$C$62&"","✔ CLEAR","✘ TRY AGAIN")),"✘ TRY AGAIN")} | F33: {=IF(E33="Show hint",Key!$B$62,"")} | G33: {=IF(LEFT(D33,1)="✔",IF(E33="Show hint",5,10),0)} -> 0
A34: T5 | B34: Which KeyTips center the selected cells? | D34: {=IFERROR(IF('S3-3 Format Power'!$C$34&""="","",IF('S3-3 Format Power'!$C$34&""=Key!$C$63&"","✔ CLEAR","✘ TRY AGAIN")),"✘ TRY AGAIN")} | F34: {=IF(E34="Show hint",Key!$B$63,"")} | G34: {=IF(LEFT(D34,1)="✔",IF(E34="Show hint",5,10),0)} -> 0
A35: T6 | B35: Which KeyTips open the Fill Color menu? | D35: {=IFERROR(IF('S3-3 Format Power'!$C$35&""="","",IF('S3-3 Format Power'!$C$35&""=Key!$C$64&"","✔ CLEAR","✘ TRY AGAIN")),"✘ TRY AGAIN")} | F35: {=IF(E35="Show hint",Key!$B$64,"")} | G35: {=IF(LEFT(D35,1)="✔",IF(E35="Show hint",5,10),0)} -> 0
A36: T7 | B36: Which key repeats your last action? | D36: {=IFERROR(IF('S3-3 Format Power'!$C$36&""="","",IF('S3-3 Format Power'!$C$36&""=Key!$C$65&"","✔ CLEAR","✘ TRY AGAIN")),"✘ TRY AGAIN")} | F36: {=IF(E36="Show hint",Key!$B$65,"")} | G36: {=IF(LEFT(D36,1)="✔",IF(E36="Show hint",5,10),0)} -> 0
A38: CHALLENGES · recall it, then do it
B39: ▶ Open S3-3 Arena (or press Ctrl+PgDn)
A40: # | B40: Mission | C40: Your answer | D40: Result | E40: Hint? | F40: Hint | G40: XP
A41: C1 | B41: Which keys open the Format Cells dialog? | D41: {=IFERROR(_xlfn.LET(_xlpm.a,'S3-3 Format Power'!$C$41,IF(TRIM(_xlpm.a&"")="","",IF(OR(SUBSTITUTE(SUBSTITUTE(SUBSTITUTE(SUBSTITUTE(SUBSTITUTE(SUBSTITUTE(SUBSTITUTE(SUBSTITUTE(SUBSTITUTE(SUBSTITUTE(SUBSTITUTE(SUBSTITUTE(SUBSTITUTE(SUBSTITUTE(SUBSTITUTE(SUBSTITUTE(SUBSTITUTE(SUBSTITUTE(SUBSTITUTE(SUBSTITUTE(SUBSTITUTE(SUBSTITUTE(SUBSTITUTE(SUBSTITUTE(SUBSTITUTE(SUBSTITUTE(SUBSTITUTE(UPPER(_xlpm.a)," ",""),"CONTROL","CTRL"),"CTL","CTRL"),"ESCAPE","ESC"),"RETURN","ENTER"),"PAGEDOWN","PGDN"),"PGDOWN","PGDN"),"PAGEUP","PGUP"),"ARROWKEYS","ARROW"),"ARROWKEY","ARROW"),"ARROWS","ARROW"),"DOWNARROW","DOWN"),"UPARROW","UP"),"LEFTARROW","LEFT"),"RIGHTARROW","RIGHT"),"ARROWDOWN","DOWN"),"ARROWUP","UP"),"ARROWLEFT","LEFT"),"ARROWRIGHT","RIGHT"),"↓","DOWN"),"↑","UP"),"←","LEFT"),"→","RIGHT"),"SPACEBAR","SPACE"),"−","-"),"MINUS","-"),"PLUS","+")=Key!$E$66:$E$66),"✔ CLEAR","✘ TRY AGAIN"))),"✘ TRY AGAIN")} | F41: {=IF(E41="Show hint",Key!$B$66,"")} | G41: {=IF(LEFT(D41,1)="✔",IF(E41="Show hint",5,10),0)} -> 0
A42: C2 | B42: Which keys add an outline border? | D42: {=IFERROR(_xlfn.LET(_xlpm.a,'S3-3 Format Power'!$C$42,IF(TRIM(_xlpm.a&"")="","",IF(OR(SUBSTITUTE(SUBSTITUTE(SUBSTITUTE(SUBSTITUTE(SUBSTITUTE(SUBSTITUTE(SUBSTITUTE(SUBSTITUTE(SUBSTITUTE(SUBSTITUTE(SUBSTITUTE(SUBSTITUTE(SUBSTITUTE(SUBSTITUTE(SUBSTITUTE(SUBSTITUTE(SUBSTITUTE(SUBSTITUTE(SUBSTITUTE(SUBSTITUTE(SUBSTITUTE(SUBSTITUTE(SUBSTITUTE(SUBSTITUTE(SUBSTITUTE(SUBSTITUTE(SUBSTITUTE(UPPER(_xlpm.a)," ",""),"CONTROL","CTRL"),"CTL","CTRL"),"ESCAPE","ESC"),"RETURN","ENTER"),"PAGEDOWN","PGDN"),"PGDOWN","PGDN"),"PAGEUP","PGUP"),"ARROWKEYS","ARROW"),"ARROWKEY","ARROW"),"ARROWS","ARROW"),"DOWNARROW","DOWN"),"UPARROW","UP"),"LEFTARROW","LEFT"),"RIGHTARROW","RIGHT"),"ARROWDOWN","DOWN"),"ARROWUP","UP"),"ARROWLEFT","LEFT"),"ARROWRIGHT","RIGHT"),"↓","DOWN"),"↑","UP"),"←","LEFT"),"→","RIGHT"),"SPACEBAR","SPACE"),"−","-"),"MINUS","-"),"PLUS","+")=Key!$E$67:$H$67),"✔ CLEAR","✘ TRY AGAIN"))),"✘ TRY AGAIN")} | F42: {=IF(E42="Show hint",Key!$B$67,"")} | G42: {=IF(LEFT(D42,1)="✔",IF(E42="Show hint",5,10),0)} -> 0
A43: C3 | B43: Which keys remove the outline border? | D43: {=IFERROR(_xlfn.LET(_xlpm.a,'S3-3 Format Power'!$C$43,IF(TRIM(_xlpm.a&"")="","",IF(OR(SUBSTITUTE(SUBSTITUTE(SUBSTITUTE(SUBSTITUTE(SUBSTITUTE(SUBSTITUTE(SUBSTITUTE(SUBSTITUTE(SUBSTITUTE(SUBSTITUTE(SUBSTITUTE(SUBSTITUTE(SUBSTITUTE(SUBSTITUTE(SUBSTITUTE(SUBSTITUTE(SUBSTITUTE(SUBSTITUTE(SUBSTITUTE(SUBSTITUTE(SUBSTITUTE(SUBSTITUTE(SUBSTITUTE(SUBSTITUTE(SUBSTITUTE(SUBSTITUTE(SUBSTITUTE(UPPER(_xlpm.a)," ",""),"CONTROL","CTRL"),"CTL","CTRL"),"ESCAPE","ESC"),"RETURN","ENTER"),"PAGEDOWN","PGDN"),"PGDOWN","PGDN"),"PAGEUP","PGUP"),"ARROWKEYS","ARROW"),"ARROWKEY","ARROW"),"ARROWS","ARROW"),"DOWNARROW","DOWN"),"UPARROW","UP"),"LEFTARROW","LEFT"),"RIGHTARROW","RIGHT"),"ARROWDOWN","DOWN"),"ARROWUP","UP"),"ARROWLEFT","LEFT"),"ARROWRIGHT","RIGHT"),"↓","DOWN"),"↑","UP"),"←","LEFT"),"→","RIGHT"),"SPACEBAR","SPACE"),"−","-"),"MINUS","-"),"PLUS","+")=Key!$E$68:$H$68),"✔ CLEAR","✘ TRY AGAIN"))),"✘ TRY AGAIN")} | F43: {=IF(E43="Show hint",Key!$B$68,"")} | G43: {=IF(LEFT(D43,1)="✔",IF(E43="Show hint",5,10),0)} -> 0
A44: C4 | B44: Which key shows the ribbon KeyTips? | D44: {=IFERROR(_xlfn.LET(_xlpm.a,'S3-3 Format Power'!$C$44,IF(TRIM(_xlpm.a&"")="","",IF(OR(SUBSTITUTE(SUBSTITUTE(SUBSTITUTE(SUBSTITUTE(SUBSTITUTE(SUBSTITUTE(SUBSTITUTE(SUBSTITUTE(SUBSTITUTE(SUBSTITUTE(SUBSTITUTE(SUBSTITUTE(SUBSTITUTE(SUBSTITUTE(SUBSTITUTE(SUBSTITUTE(SUBSTITUTE(SUBSTITUTE(SUBSTITUTE(SUBSTITUTE(SUBSTITUTE(SUBSTITUTE(SUBSTITUTE(SUBSTITUTE(SUBSTITUTE(SUBSTITUTE(SUBSTITUTE(UPPER(_xlpm.a)," ",""),"CONTROL","CTRL"),"CTL","CTRL"),"ESCAPE","ESC"),"RETURN","ENTER"),"PAGEDOWN","PGDN"),"PGDOWN","PGDN"),"PAGEUP","PGUP"),"ARROWKEYS","ARROW"),"ARROWKEY","ARROW"),"ARROWS","ARROW"),"DOWNARROW","DOWN"),"UPARROW","UP"),"LEFTARROW","LEFT"),"RIGHTARROW","RIGHT"),"ARROWDOWN","DOWN"),"ARROWUP","UP"),"ARROWLEFT","LEFT"),"ARROWRIGHT","RIGHT"),"↓","DOWN"),"↑","UP"),"←","LEFT"),"→","RIGHT"),"SPACEBAR","SPACE"),"−","-"),"MINUS","-"),"PLUS","+")=Key!$E$69:$F$69),"✔ CLEAR","✘ TRY AGAIN"))),"✘ TRY AGAIN")} | F44: {=IF(E44="Show hint",Key!$B$69,"")} | G44: {=IF(LEFT(D44,1)="✔",IF(E44="Show hint",5,10),0)} -> 0
A45: C5 | B45: Which KeyTips center the selected cells? | D45: {=IFERROR(_xlfn.LET(_xlpm.a,'S3-3 Format Power'!$C$45,IF(TRIM(_xlpm.a&"")="","",IF(OR(SUBSTITUTE(SUBSTITUTE(SUBSTITUTE(SUBSTITUTE(SUBSTITUTE(SUBSTITUTE(SUBSTITUTE(SUBSTITUTE(SUBSTITUTE(SUBSTITUTE(SUBSTITUTE(SUBSTITUTE(SUBSTITUTE(SUBSTITUTE(SUBSTITUTE(SUBSTITUTE(SUBSTITUTE(SUBSTITUTE(SUBSTITUTE(SUBSTITUTE(SUBSTITUTE(SUBSTITUTE(SUBSTITUTE(SUBSTITUTE(SUBSTITUTE(SUBSTITUTE(SUBSTITUTE(UPPER(_xlpm.a)," ",""),"CONTROL","CTRL"),"CTL","CTRL"),"ESCAPE","ESC"),"RETURN","ENTER"),"PAGEDOWN","PGDN"),"PGDOWN","PGDN"),"PAGEUP","PGUP"),"ARROWKEYS","ARROW"),"ARROWKEY","ARROW"),"ARROWS","ARROW"),"DOWNARROW","DOWN"),"UPARROW","UP"),"LEFTARROW","LEFT"),"RIGHTARROW","RIGHT"),"ARROWDOWN","DOWN"),"ARROWUP","UP"),"ARROWLEFT","LEFT"),"ARROWRIGHT","RIGHT"),"↓","DOWN"),"↑","UP"),"←","LEFT"),"→","RIGHT"),"SPACEBAR","SPACE"),"−","-"),"MINUS","-"),"PLUS","+")=Key!$E$70:$T$70),"✔ CLEAR","✘ TRY AGAIN"))),"✘ TRY AGAIN")} | F45: {=IF(E45="Show hint",Key!$B$70,"")} | G45: {=IF(LEFT(D45,1)="✔",IF(E45="Show hint",5,10),0)} -> 0
A46: C6 | B46: Which KeyTips open the Fill Color menu? | D46: {=IFERROR(_xlfn.LET(_xlpm.a,'S3-3 Format Power'!$C$46,IF(TRIM(_xlpm.a&"")="","",IF(OR(SUBSTITUTE(SUBSTITUTE(SUBSTITUTE(SUBSTITUTE(SUBSTITUTE(SUBSTITUTE(SUBSTITUTE(SUBSTITUTE(SUBSTITUTE(SUBSTITUTE(SUBSTITUTE(SUBSTITUTE(SUBSTITUTE(SUBSTITUTE(SUBSTITUTE(SUBSTITUTE(SUBSTITUTE(SUBSTITUTE(SUBSTITUTE(SUBSTITUTE(SUBSTITUTE(SUBSTITUTE(SUBSTITUTE(SUBSTITUTE(SUBSTITUTE(SUBSTITUTE(SUBSTITUTE(UPPER(_xlpm.a)," ",""),"CONTROL","CTRL"),"CTL","CTRL"),"ESCAPE","ESC"),"RETURN","ENTER"),"PAGEDOWN","PGDN"),"PGDOWN","PGDN"),"PAGEUP","PGUP"),"ARROWKEYS","ARROW"),"ARROWKEY","ARROW"),"ARROWS","ARROW"),"DOWNARROW","DOWN"),"UPARROW","UP"),"LEFTARROW","LEFT"),"RIGHTARROW","RIGHT"),"ARROWDOWN","DOWN"),"ARROWUP","UP"),"ARROWLEFT","LEFT"),"ARROWRIGHT","RIGHT"),"↓","DOWN"),"↑","UP"),"←","LEFT"),"→","RIGHT"),"SPACEBAR","SPACE"),"−","-"),"MINUS","-"),"PLUS","+")=Key!$E$71:$T$71),"✔ CLEAR","✘ TRY AGAIN"))),"✘ TRY AGAIN")} | F46: {=IF(E46="Show hint",Key!$B$71,"")} | G46: {=IF(LEFT(D46,1)="✔",IF(E46="Show hint",5,10),0)} -> 0
A47: C7 | B47: Which key repeats your last action? | D47: {=IFERROR(_xlfn.LET(_xlpm.a,'S3-3 Format Power'!$C$47,IF(TRIM(_xlpm.a&"")="","",IF(OR(SUBSTITUTE(SUBSTITUTE(SUBSTITUTE(SUBSTITUTE(SUBSTITUTE(SUBSTITUTE(SUBSTITUTE(SUBSTITUTE(SUBSTITUTE(SUBSTITUTE(SUBSTITUTE(SUBSTITUTE(SUBSTITUTE(SUBSTITUTE(SUBSTITUTE(SUBSTITUTE(SUBSTITUTE(SUBSTITUTE(SUBSTITUTE(SUBSTITUTE(SUBSTITUTE(SUBSTITUTE(SUBSTITUTE(SUBSTITUTE(SUBSTITUTE(SUBSTITUTE(SUBSTITUTE(UPPER(_xlpm.a)," ",""),"CONTROL","CTRL"),"CTL","CTRL"),"ESCAPE","ESC"),"RETURN","ENTER"),"PAGEDOWN","PGDN"),"PGDOWN","PGDN"),"PAGEUP","PGUP"),"ARROWKEYS","ARROW"),"ARROWKEY","ARROW"),"ARROWS","ARROW"),"DOWNARROW","DOWN"),"UPARROW","UP"),"LEFTARROW","LEFT"),"RIGHTARROW","RIGHT"),"ARROWDOWN","DOWN"),"ARROWUP","UP"),"ARROWLEFT","LEFT"),"ARROWRIGHT","RIGHT"),"↓","DOWN"),"↑","UP"),"←","LEFT"),"→","RIGHT"),"SPACEBAR","SPACE"),"−","-"),"MINUS","-"),"PLUS","+")=Key!$E$72:$F$72),"✔ CLEAR","✘ TRY AGAIN"))),"✘ TRY AGAIN")} | F47: {=IF(E47="Show hint",Key!$B$72,"")} | G47: {=IF(LEFT(D47,1)="✔",IF(E47="Show hint",5,10),0)} -> 0
A48: C8 | B48: In the arena select B6:B9, press Ctrl+1, choose Number with 1 decimal place and press Enter. Then press F9. | C48: ▶ ARENA C8 (cell B6) | D48: {=IF(IFERROR(AND(OR(CELL("format",'S3-3 Arena'!$B$6)="F1",CELL("format",'S3-3 Arena'!$B$6)=",1"),OR(CELL("format",'S3-3 Arena'!$B$7)="F1",CELL("format",'S3-3 Arena'!$B$7)=",1"),OR(CELL("format",'S3-3 Arena'!$B$8)="F1",CELL("format",'S3-3 Arena'!$B$8)=",1"),OR(CELL("format",'S3-3 Arena'!$B$9)="F1",CELL("format",'S3-3 Arena'!$B$9)=",1")),FALSE),"✔ CLEAR","· not yet · press F9")} -> · not yet · press F9 | F48: {=IF(E48="Show hint",Key!$B$73,"")} | G48: {=IF(LEFT(D48,1)="✔",IF(E48="Show hint",5,10),0)} -> 0
A49: C9 | B49: Select C6:C9 and press Alt, H, A, C (one after another) to center the text. Then press F9. | C49: ▶ ARENA C9 (cell C6) | D49: {=IF(IFERROR(AND(CELL("prefix",'S3-3 Arena'!$C$6)="^",CELL("prefix",'S3-3 Arena'!$C$7)="^",CELL("prefix",'S3-3 Arena'!$C$8)="^",CELL("prefix",'S3-3 Arena'!$C$9)="^"),FALSE),"✔ CLEAR","· not yet · press F9")} -> · not yet · press F9 | F49: {=IF(E49="Show hint",Key!$B$74,"")} | G49: {=IF(LEFT(D49,1)="✔",IF(E49="Show hint",5,10),0)} -> 0
A50: C10 | B50: Select D6 and press Ctrl+Shift+%. Then click D7 and press F4, click D8 and press F4, click D9 and press F4. Then press F9. | C50: ▶ ARENA C10 (cell D6) | D50: {=IF(IFERROR(AND(OR(CELL("format",'S3-3 Arena'!$D$6)="P0"),OR(CELL("format",'S3-3 Arena'!$D$7)="P0"),OR(CELL("format",'S3-3 Arena'!$D$8)="P0"),OR(CELL("format",'S3-3 Arena'!$D$9)="P0")),FALSE),"✔ CLEAR","· not yet · press F9")} -> · not yet · press F9 | F50: {=IF(E50="Show hint",Key!$B$75,"")} | G50: {=IF(LEFT(D50,1)="✔",IF(E50="Show hint",5,10),0)} -> 0
A51: C11 | B51: Give E6:E9 an outline border (Ctrl+Shift+&), remove it (Ctrl+Shift+_), add it again, then give the cells a yellow fill with Alt, H, H. Pick Done here. | D51: {=IF('S3-3 Format Power'!$C$51="Done","✔ CLEAR · self-check","")} | F51: {=IF(E51="Show hint",Key!$B$76,"")} | G51: {=IF(LEFT(D51,1)="✔",IF(E51="Show hint",5,10),0)} -> 0

Sheet S3-3 Arena
A1: ARENA ▸ S3-3 FORMAT POWER
A2: Practice area · everything here is editable. Missions and their checks are on the stage sheet.
A3: PASS CODE | B3: POWER | D3: ◀ Back to S3-3 Format Power
B5: 1 decimal | C5: Center me | D5: Percent ×4 | E5: Box me
B6: 3.14159 | C6: left | D6: 0.1 | E6: box
B7: 2.71828 | C7: middle | D7: 0.2 | E7: box
B8: 1.41421 | C8: right | D8: 0.3 | E8: box
B9: 1.73205 | C9: top | D9: 0.4 | E9: box

Sheet Boss
A1: BOSS ▸ FORMAT
A2: Every move from this world in one gauntlet. Clear it under par for rank S.
A3: {="SCORE "&TEXT(SUM($G$14:$G$33),"0000")&" / 0160"} -> SCORE 0000 / 0160 | C3: {=IF(SUM($G$14:$G$33)>=160,"★★★",IF(SUM($G$14:$G$33)>=160*0.8,"★★☆",IF(SUM($G$14:$G$33)>=160*0.5,"★☆☆","☆☆☆")))} -> ☆☆☆ | D3: {=REPT("█",ROUND(10*SUM($G$14:$G$33)/160,0))&REPT("░",10-ROUND(10*SUM($G$14:$G$33)/160,0))&" "&TEXT(SUM($G$14:$G$33)/160,"0%")} -> ░░░░░░░░░░ 0%
A5: SPEEDRUN · stamp START, beat the Boss, stamp FINISH
B6: START · select C6 and press Ctrl+Shift+:
B7: FINISH · select C7 and press Ctrl+Shift+:
B8: TIME | C8: {=IF(OR(C6="",C7=""),"",ROUND(MOD(C7-C6,1)*1440,0))}
B9: PAR | C9: 8
B10: BOSS GATE | C10: {=IF(AND(SUM('S3-1 Number Skins'!$G$16:$G$50)>=280*0.5,SUM('S3-2 Text Style'!$G$14:$G$39)>=190*0.5,SUM('S3-3 Format Power'!$G$17:$G$51)>=280*0.5),"OPEN","LOCKED")} -> LOCKED | D10: {=IF(C10="OPEN","Gate open · go!","Earn ★ on every stage to open the gate")} -> Earn ★ on every stage to open the gate
A12: FLASHBACK · moves from earlier worlds
A13: # | B13: Mission | C13: Your answer | D13: Result | E13: Hint? | F13: Hint | G13: XP
A14: F1 | B14: {=IF($C$10="OPEN","Which keys open the Format Cells dialog? (from S3-3 Format Power)","LOCKED · earn ★ on every stage to open the Boss gate")} -> LOCKED · earn ★ on every stage to open the Boss gate | D14: {=IF($C$10="OPEN",IFERROR(_xlfn.LET(_xlpm.a,Boss!$C$14,IF(TRIM(_xlpm.a&"")="","",IF(OR(SUBSTITUTE(SUBSTITUTE(SUBSTITUTE(SUBSTITUTE(SUBSTITUTE(SUBSTITUTE(SUBSTITUTE(SUBSTITUTE(SUBSTITUTE(SUBSTITUTE(SUBSTITUTE(SUBSTITUTE(SUBSTITUTE(SUBSTITUTE(SUBSTITUTE(SUBSTITUTE(SUBSTITUTE(SUBSTITUTE(SUBSTITUTE(SUBSTITUTE(SUBSTITUTE(SUBSTITUTE(SUBSTITUTE(SUBSTITUTE(SUBSTITUTE(SUBSTITUTE(SUBSTITUTE(UPPER(_xlpm.a)," ",""),"CONTROL","CTRL"),"CTL","CTRL"),"ESCAPE","ESC"),"RETURN","ENTER"),"PAGEDOWN","PGDN"),"PGDOWN","PGDN"),"PAGEUP","PGUP"),"ARROWKEYS","ARROW"),"ARROWKEY","ARROW"),"ARROWS","ARROW"),"DOWNARROW","DOWN"),"UPARROW","UP"),"LEFTARROW","LEFT"),"RIGHTARROW","RIGHT"),"ARROWDOWN","DOWN"),"ARROWUP","UP"),"ARROWLEFT","LEFT"),"ARROWRIGHT","RIGHT"),"↓","DOWN"),"↑","UP"),"←","LEFT"),"→","RIGHT"),"SPACEBAR","SPACE"),"−","-"),"MINUS","-"),"PLUS","+")=Key!$E$77:$E$77),"✔ CLEAR","✘ TRY AGAIN"))),"✘ TRY AGAIN"),"LOCKED")} -> LOCKED | F14: {=IF(E14="Show hint",Key!$B$77,"")} | G14: {=IF(LEFT(D14,1)="✔",IF(E14="Show hint",5,10),0)} -> 0
A15: F2 | B15: {=IF($C$10="OPEN","Which keys add an outline border? (from S3-3 Format Power)","LOCKED · earn ★ on every stage to open the Boss gate")} -> LOCKED · earn ★ on every stage to open the Boss gate | D15: {=IF($C$10="OPEN",IFERROR(_xlfn.LET(_xlpm.a,Boss!$C$15,IF(TRIM(_xlpm.a&"")="","",IF(OR(SUBSTITUTE(SUBSTITUTE(SUBSTITUTE(SUBSTITUTE(SUBSTITUTE(SUBSTITUTE(SUBSTITUTE(SUBSTITUTE(SUBSTITUTE(SUBSTITUTE(SUBSTITUTE(SUBSTITUTE(SUBSTITUTE(SUBSTITUTE(SUBSTITUTE(SUBSTITUTE(SUBSTITUTE(SUBSTITUTE(SUBSTITUTE(SUBSTITUTE(SUBSTITUTE(SUBSTITUTE(SUBSTITUTE(SUBSTITUTE(SUBSTITUTE(SUBSTITUTE(SUBSTITUTE(UPPER(_xlpm.a)," ",""),"CONTROL","CTRL"),"CTL","CTRL"),"ESCAPE","ESC"),"RETURN","ENTER"),"PAGEDOWN","PGDN"),"PGDOWN","PGDN"),"PAGEUP","PGUP"),"ARROWKEYS","ARROW"),"ARROWKEY","ARROW"),"ARROWS","ARROW"),"DOWNARROW","DOWN"),"UPARROW","UP"),"LEFTARROW","LEFT"),"RIGHTARROW","RIGHT"),"ARROWDOWN","DOWN"),"ARROWUP","UP"),"ARROWLEFT","LEFT"),"ARROWRIGHT","RIGHT"),"↓","DOWN"),"↑","UP"),"←","LEFT"),"→","RIGHT"),"SPACEBAR","SPACE"),"−","-"),"MINUS","-"),"PLUS","+")=Key!$E$78:$H$78),"✔ CLEAR","✘ TRY AGAIN"))),"✘ TRY AGAIN"),"LOCKED")} -> LOCKED | F15: {=IF(E15="Show hint",Key!$B$78,"")} | G15: {=IF(LEFT(D15,1)="✔",IF(E15="Show hint",5,10),0)} -> 0
A16: F3 | B16: {=IF($C$10="OPEN","Which keys remove the outline border? (from S3-3 Format Power)","LOCKED · earn ★ on every stage to open the Boss gate")} -> LOCKED · earn ★ on every stage to open the Boss gate | D16: {=IF($C$10="OPEN",IFERROR(_xlfn.LET(_xlpm.a,Boss!$C$16,IF(TRIM(_xlpm.a&"")="","",IF(OR(SUBSTITUTE(SUBSTITUTE(SUBSTITUTE(SUBSTITUTE(SUBSTITUTE(SUBSTITUTE(SUBSTITUTE(SUBSTITUTE(SUBSTITUTE(SUBSTITUTE(SUBSTITUTE(SUBSTITUTE(SUBSTITUTE(SUBSTITUTE(SUBSTITUTE(SUBSTITUTE(SUBSTITUTE(SUBSTITUTE(SUBSTITUTE(SUBSTITUTE(SUBSTITUTE(SUBSTITUTE(SUBSTITUTE(SUBSTITUTE(SUBSTITUTE(SUBSTITUTE(SUBSTITUTE(UPPER(_xlpm.a)," ",""),"CONTROL","CTRL"),"CTL","CTRL"),"ESCAPE","ESC"),"RETURN","ENTER"),"PAGEDOWN","PGDN"),"PGDOWN","PGDN"),"PAGEUP","PGUP"),"ARROWKEYS","ARROW"),"ARROWKEY","ARROW"),"ARROWS","ARROW"),"DOWNARROW","DOWN"),"UPARROW","UP"),"LEFTARROW","LEFT"),"RIGHTARROW","RIGHT"),"ARROWDOWN","DOWN"),"ARROWUP","UP"),"ARROWLEFT","LEFT"),"ARROWRIGHT","RIGHT"),"↓","DOWN"),"↑","UP"),"←","LEFT"),"→","RIGHT"),"SPACEBAR","SPACE"),"−","-"),"MINUS","-"),"PLUS","+")=Key!$E$79:$H$79),"✔ CLEAR","✘ TRY AGAIN"))),"✘ TRY AGAIN"),"LOCKED")} -> LOCKED | F16: {=IF(E16="Show hint",Key!$B$79,"")} | G16: {=IF(LEFT(D16,1)="✔",IF(E16="Show hint",5,10),0)} -> 0
A17: F4 | B17: {=IF($C$10="OPEN","Which key shows the ribbon KeyTips? (from S3-3 Format Power)","LOCKED · earn ★ on every stage to open the Boss gate")} -> LOCKED · earn ★ on every stage to open the Boss gate | D17: {=IF($C$10="OPEN",IFERROR(_xlfn.LET(_xlpm.a,Boss!$C$17,IF(TRIM(_xlpm.a&"")="","",IF(OR(SUBSTITUTE(SUBSTITUTE(SUBSTITUTE(SUBSTITUTE(SUBSTITUTE(SUBSTITUTE(SUBSTITUTE(SUBSTITUTE(SUBSTITUTE(SUBSTITUTE(SUBSTITUTE(SUBSTITUTE(SUBSTITUTE(SUBSTITUTE(SUBSTITUTE(SUBSTITUTE(SUBSTITUTE(SUBSTITUTE(SUBSTITUTE(SUBSTITUTE(SUBSTITUTE(SUBSTITUTE(SUBSTITUTE(SUBSTITUTE(SUBSTITUTE(SUBSTITUTE(SUBSTITUTE(UPPER(_xlpm.a)," ",""),"CONTROL","CTRL"),"CTL","CTRL"),"ESCAPE","ESC"),"RETURN","ENTER"),"PAGEDOWN","PGDN"),"PGDOWN","PGDN"),"PAGEUP","PGUP"),"ARROWKEYS","ARROW"),"ARROWKEY","ARROW"),"ARROWS","ARROW"),"DOWNARROW","DOWN"),"UPARROW","UP"),"LEFTARROW","LEFT"),"RIGHTARROW","RIGHT"),"ARROWDOWN","DOWN"),"ARROWUP","UP"),"ARROWLEFT","LEFT"),"ARROWRIGHT","RIGHT"),"↓","DOWN"),"↑","UP"),"←","LEFT"),"→","RIGHT"),"SPACEBAR","SPACE"),"−","-"),"MINUS","-"),"PLUS","+")=Key!$E$80:$F$80),"✔ CLEAR","✘ TRY AGAIN"))),"✘ TRY AGAIN"),"LOCKED")} -> LOCKED | F17: {=IF(E17="Show hint",Key!$B$80,"")} | G17: {=IF(LEFT(D17,1)="✔",IF(E17="Show hint",5,10),0)} -> 0
A18: F5 | B18: {=IF($C$10="OPEN","Which KeyTips center the selected cells? (from S3-3 Format Power)","LOCKED · earn ★ on every stage to open the Boss gate")} -> LOCKED · earn ★ on every stage to open the Boss gate | D18: {=IF($C$10="OPEN",IFERROR(_xlfn.LET(_xlpm.a,Boss!$C$18,IF(TRIM(_xlpm.a&"")="","",IF(OR(SUBSTITUTE(SUBSTITUTE(SUBSTITUTE(SUBSTITUTE(SUBSTITUTE(SUBSTITUTE(SUBSTITUTE(SUBSTITUTE(SUBSTITUTE(SUBSTITUTE(SUBSTITUTE(SUBSTITUTE(SUBSTITUTE(SUBSTITUTE(SUBSTITUTE(SUBSTITUTE(SUBSTITUTE(SUBSTITUTE(SUBSTITUTE(SUBSTITUTE(SUBSTITUTE(SUBSTITUTE(SUBSTITUTE(SUBSTITUTE(SUBSTITUTE(SUBSTITUTE(SUBSTITUTE(UPPER(_xlpm.a)," ",""),"CONTROL","CTRL"),"CTL","CTRL"),"ESCAPE","ESC"),"RETURN","ENTER"),"PAGEDOWN","PGDN"),"PGDOWN","PGDN"),"PAGEUP","PGUP"),"ARROWKEYS","ARROW"),"ARROWKEY","ARROW"),"ARROWS","ARROW"),"DOWNARROW","DOWN"),"UPARROW","UP"),"LEFTARROW","LEFT"),"RIGHTARROW","RIGHT"),"ARROWDOWN","DOWN"),"ARROWUP","UP"),"ARROWLEFT","LEFT"),"ARROWRIGHT","RIGHT"),"↓","DOWN"),"↑","UP"),"←","LEFT"),"→","RIGHT"),"SPACEBAR","SPACE"),"−","-"),"MINUS","-"),"PLUS","+")=Key!$E$81:$T$81),"✔ CLEAR","✘ TRY AGAIN"))),"✘ TRY AGAIN"),"LOCKED")} -> LOCKED | F18: {=IF(E18="Show hint",Key!$B$81,"")} | G18: {=IF(LEFT(D18,1)="✔",IF(E18="Show hint",5,10),0)} -> 0
A19: F6 | B19: {=IF($C$10="OPEN","Which KeyTips open the Fill Color menu? (from S3-3 Format Power)","LOCKED · earn ★ on every stage to open the Boss gate")} -> LOCKED · earn ★ on every stage to open the Boss gate | D19: {=IF($C$10="OPEN",IFERROR(_xlfn.LET(_xlpm.a,Boss!$C$19,IF(TRIM(_xlpm.a&"")="","",IF(OR(SUBSTITUTE(SUBSTITUTE(SUBSTITUTE(SUBSTITUTE(SUBSTITUTE(SUBSTITUTE(SUBSTITUTE(SUBSTITUTE(SUBSTITUTE(SUBSTITUTE(SUBSTITUTE(SUBSTITUTE(SUBSTITUTE(SUBSTITUTE(SUBSTITUTE(SUBSTITUTE(SUBSTITUTE(SUBSTITUTE(SUBSTITUTE(SUBSTITUTE(SUBSTITUTE(SUBSTITUTE(SUBSTITUTE(SUBSTITUTE(SUBSTITUTE(SUBSTITUTE(SUBSTITUTE(UPPER(_xlpm.a)," ",""),"CONTROL","CTRL"),"CTL","CTRL"),"ESCAPE","ESC"),"RETURN","ENTER"),"PAGEDOWN","PGDN"),"PGDOWN","PGDN"),"PAGEUP","PGUP"),"ARROWKEYS","ARROW"),"ARROWKEY","ARROW"),"ARROWS","ARROW"),"DOWNARROW","DOWN"),"UPARROW","UP"),"LEFTARROW","LEFT"),"RIGHTARROW","RIGHT"),"ARROWDOWN","DOWN"),"ARROWUP","UP"),"ARROWLEFT","LEFT"),"ARROWRIGHT","RIGHT"),"↓","DOWN"),"↑","UP"),"←","LEFT"),"→","RIGHT"),"SPACEBAR","SPACE"),"−","-"),"MINUS","-"),"PLUS","+")=Key!$E$82:$T$82),"✔ CLEAR","✘ TRY AGAIN"))),"✘ TRY AGAIN"),"LOCKED")} -> LOCKED | F19: {=IF(E19="Show hint",Key!$B$82,"")} | G19: {=IF(LEFT(D19,1)="✔",IF(E19="Show hint",5,10),0)} -> 0
A20: F7 | B20: {=IF($C$10="OPEN","Which key repeats your last action? (from S3-3 Format Power)","LOCKED · earn ★ on every stage to open the Boss gate")} -> LOCKED · earn ★ on every stage to open the Boss gate | D20: {=IF($C$10="OPEN",IFERROR(_xlfn.LET(_xlpm.a,Boss!$C$20,IF(TRIM(_xlpm.a&"")="","",IF(OR(SUBSTITUTE(SUBSTITUTE(SUBSTITUTE(SUBSTITUTE(SUBSTITUTE(SUBSTITUTE(SUBSTITUTE(SUBSTITUTE(SUBSTITUTE(SUBSTITUTE(SUBSTITUTE(SUBSTITUTE(SUBSTITUTE(SUBSTITUTE(SUBSTITUTE(SUBSTITUTE(SUBSTITUTE(SUBSTITUTE(SUBSTITUTE(SUBSTITUTE(SUBSTITUTE(SUBSTITUTE(SUBSTITUTE(SUBSTITUTE(SUBSTITUTE(SUBSTITUTE(SUBSTITUTE(UPPER(_xlpm.a)," ",""),"CONTROL","CTRL"),"CTL","CTRL"),"ESCAPE","ESC"),"RETURN","ENTER"),"PAGEDOWN","PGDN"),"PGDOWN","PGDN"),"PAGEUP","PGUP"),"ARROWKEYS","ARROW"),"ARROWKEY","ARROW"),"ARROWS","ARROW"),"DOWNARROW","DOWN"),"UPARROW","UP"),"LEFTARROW","LEFT"),"RIGHTARROW","RIGHT"),"ARROWDOWN","DOWN"),"ARROWUP","UP"),"ARROWLEFT","LEFT"),"ARROWRIGHT","RIGHT"),"↓","DOWN"),"↑","UP"),"←","LEFT"),"→","RIGHT"),"SPACEBAR","SPACE"),"−","-"),"MINUS","-"),"PLUS","+")=Key!$E$83:$F$83),"✔ CLEAR","✘ TRY AGAIN"))),"✘ TRY AGAIN"),"LOCKED")} -> LOCKED | F20: {=IF(E20="Show hint",Key!$B$83,"")} | G20: {=IF(LEFT(D20,1)="✔",IF(E20="Show hint",5,10),0)} -> 0
A21: F8 | B21: {=IF($C$10="OPEN","Which keys apply the Currency format? (from S3-1 Number Skins)","LOCKED · earn ★ on every stage to open the Boss gate")} -> LOCKED · earn ★ on every stage to open the Boss gate | D21: {=IF($C$10="OPEN",IFERROR(_xlfn.LET(_xlpm.a,Boss!$C$21,IF(TRIM(_xlpm.a&"")="","",IF(OR(SUBSTITUTE(SUBSTITUTE(SUBSTITUTE(SUBSTITUTE(SUBSTITUTE(SUBSTITUTE(SUBSTITUTE(SUBSTITUTE(SUBSTITUTE(SUBSTITUTE(SUBSTITUTE(SUBSTITUTE(SUBSTITUTE(SUBSTITUTE(SUBSTITUTE(SUBSTITUTE(SUBSTITUTE(SUBSTITUTE(SUBSTITUTE(SUBSTITUTE(SUBSTITUTE(SUBSTITUTE(SUBSTITUTE(SUBSTITUTE(SUBSTITUTE(SUBSTITUTE(SUBSTITUTE(UPPER(_xlpm.a)," ",""),"CONTROL","CTRL"),"CTL","CTRL"),"ESCAPE","ESC"),"RETURN","ENTER"),"PAGEDOWN","PGDN"),"PGDOWN","PGDN"),"PAGEUP","PGUP"),"ARROWKEYS","ARROW"),"ARROWKEY","ARROW"),"ARROWS","ARROW"),"DOWNARROW","DOWN"),"UPARROW","UP"),"LEFTARROW","LEFT"),"RIGHTARROW","RIGHT"),"ARROWDOWN","DOWN"),"ARROWUP","UP"),"ARROWLEFT","LEFT"),"ARROWRIGHT","RIGHT"),"↓","DOWN"),"↑","UP"),"←","LEFT"),"→","RIGHT"),"SPACEBAR","SPACE"),"−","-"),"MINUS","-"),"PLUS","+")=Key!$E$84:$H$84),"✔ CLEAR","✘ TRY AGAIN"))),"✘ TRY AGAIN"),"LOCKED")} -> LOCKED | F21: {=IF(E21="Show hint",Key!$B$84,"")} | G21: {=IF(LEFT(D21,1)="✔",IF(E21="Show hint",5,10),0)} -> 0
A23: BOSS MISSIONS
B24: ▶ Open Boss Arena (or press Ctrl+PgDn)
A25: # | B25: Mission | C25: Your answer | D25: Result | E25: Hint? | F25: Hint | G25: XP
A26: B1 | B26: {=IF($C$10="OPEN","In the Boss Arena make B6:B8 currency (Ctrl+Shift+$). Press F9.","LOCKED · earn ★ on every stage to open the Boss gate")} -> LOCKED · earn ★ on every stage to open the Boss gate | C26: ▶ ARENA B1 (cell B6) | D26: {=IF($C$10="OPEN",IF(IFERROR(AND(OR(CELL("format",'Boss Arena'!$B$6)="C2",CELL("format",'Boss Arena'!$B$6)="C2-"),OR(CELL("format",'Boss Arena'!$B$7)="C2",CELL("format",'Boss Arena'!$B$7)="C2-"),OR(CELL("format",'Boss Arena'!$B$8)="C2",CELL("format",'Boss Arena'!$B$8)="C2-")),FALSE),"✔ CLEAR","· not yet · press F9"),"LOCKED")} -> LOCKED | F26: {=IF(E26="Show hint",Key!$B$85,"")} | G26: {=IF(LEFT(D26,1)="✔",IF(E26="Show hint",5,10),0)} -> 0
A27: B2 | B27: {=IF($C$10="OPEN","Make C6:C8 percent (Ctrl+Shift+%). Press F9.","LOCKED · earn ★ on every stage to open the Boss gate")} -> LOCKED · earn ★ on every stage to open the Boss gate | C27: ▶ ARENA B2 (cell C6) | D27: {=IF($C$10="OPEN",IF(IFERROR(AND(OR(CELL("format",'Boss Arena'!$C$6)="P0"),OR(CELL("format",'Boss Arena'!$C$7)="P0"),OR(CELL("format",'Boss Arena'!$C$8)="P0")),FALSE),"✔ CLEAR","· not yet · press F9"),"LOCKED")} -> LOCKED | F27: {=IF(E27="Show hint",Key!$B$86,"")} | G27: {=IF(LEFT(D27,1)="✔",IF(E27="Show hint",5,10),0)} -> 0
A28: B3 | B28: {=IF($C$10="OPEN","Make D6:D8 dates (Ctrl+Shift+#). Press F9.","LOCKED · earn ★ on every stage to open the Boss gate")} -> LOCKED · earn ★ on every stage to open the Boss gate | C28: ▶ ARENA B3 (cell D6) | D28: {=IF($C$10="OPEN",IF(IFERROR(AND(OR(CELL("format",'Boss Arena'!$D$6)="D1",CELL("format",'Boss Arena'!$D$6)="D4"),OR(CELL("format",'Boss Arena'!$D$7)="D1",CELL("format",'Boss Arena'!$D$7)="D4"),OR(CELL("format",'Boss Arena'!$D$8)="D1",CELL("format",'Boss Arena'!$D$8)="D4")),FALSE),"✔ CLEAR","· not yet · press F9"),"LOCKED")} -> LOCKED | F28: {=IF(E28="Show hint",Key!$B$87,"")} | G28: {=IF(LEFT(D28,1)="✔",IF(E28="Show hint",5,10),0)} -> 0
A29: B4 | B29: {=IF($C$10="OPEN","Make E6:E8 times (Ctrl+Shift+@). Press F9.","LOCKED · earn ★ on every stage to open the Boss gate")} -> LOCKED · earn ★ on every stage to open the Boss gate | C29: ▶ ARENA B4 (cell E6) | D29: {=IF($C$10="OPEN",IF(IFERROR(AND(OR(CELL("format",'Boss Arena'!$E$6)="D7",CELL("format",'Boss Arena'!$E$6)="D6",CELL("format",'Boss Arena'!$E$6)="D9",CELL("format",'Boss Arena'!$E$6)="D8"),OR(CELL("format",'Boss Arena'!$E$7)="D7",CELL("format",'Boss Arena'!$E$7)="D6",CELL("format",'Boss Arena'!$E$7)="D9",CELL("format",'Boss Arena'!$E$7)="D8"),OR(CELL("format",'Boss Arena'!$E$8)="D7",CELL("format",'Boss Arena'!$E$8)="D6",CELL("format",'Boss Arena'!$E$8)="D9",CELL("format",'Boss Arena'!$E$8)="D8")),FALSE),"✔ CLEAR","· not yet · press F9"),"LOCKED")} -> LOCKED | F29: {=IF(E29="Show hint",Key!$B$88,"")} | G29: {=IF(LEFT(D29,1)="✔",IF(E29="Show hint",5,10),0)} -> 0
A30: B5 | B30: {=IF($C$10="OPEN","F6:F8 wear currency. Reset them to General (Ctrl+Shift+~). Press F9.","LOCKED · earn ★ on every stage to open the Boss gate")} -> LOCKED · earn ★ on every stage to open the Boss gate | C30: ▶ ARENA B5 (cell F6) | D30: {=IF($C$10="OPEN",IF(IFERROR(AND(OR(CELL("format",'Boss Arena'!$F$6)="G"),OR(CELL("format",'Boss Arena'!$F$7)="G"),OR(CELL("format",'Boss Arena'!$F$8)="G")),FALSE),"✔ CLEAR","· not yet · press F9"),"LOCKED")} -> LOCKED | F30: {=IF(E30="Show hint",Key!$B$89,"")} | G30: {=IF(LEFT(D30,1)="✔",IF(E30="Show hint",5,10),0)} -> 0
A31: B6 | B31: {=IF($C$10="OPEN","Give G6:G8 exactly 1 decimal place through Ctrl+1. Press F9.","LOCKED · earn ★ on every stage to open the Boss gate")} -> LOCKED · earn ★ on every stage to open the Boss gate | C31: ▶ ARENA B6 (cell G6) | D31: {=IF($C$10="OPEN",IF(IFERROR(AND(OR(CELL("format",'Boss Arena'!$G$6)="F1",CELL("format",'Boss Arena'!$G$6)=",1"),OR(CELL("format",'Boss Arena'!$G$7)="F1",CELL("format",'Boss Arena'!$G$7)=",1"),OR(CELL("format",'Boss Arena'!$G$8)="F1",CELL("format",'Boss Arena'!$G$8)=",1")),FALSE),"✔ CLEAR","· not yet · press F9"),"LOCKED")} -> LOCKED | F31: {=IF(E31="Show hint",Key!$B$90,"")} | G31: {=IF(LEFT(D31,1)="✔",IF(E31="Show hint",5,10),0)} -> 0
A32: B7 | B32: {=IF($C$10="OPEN","Center H6:H8 with Alt, H, A, C. Press F9.","LOCKED · earn ★ on every stage to open the Boss gate")} -> LOCKED · earn ★ on every stage to open the Boss gate | C32: ▶ ARENA B7 (cell H6) | D32: {=IF($C$10="OPEN",IF(IFERROR(AND(CELL("prefix",'Boss Arena'!$H$6)="^",CELL("prefix",'Boss Arena'!$H$7)="^",CELL("prefix",'Boss Arena'!$H$8)="^"),FALSE),"✔ CLEAR","· not yet · press F9"),"LOCKED")} -> LOCKED | F32: {=IF(E32="Show hint",Key!$B$91,"")} | G32: {=IF(LEFT(D32,1)="✔",IF(E32="Show hint",5,10),0)} -> 0
A33: B8 | B33: {=IF($C$10="OPEN","Make I6 a percent with Ctrl+Shift+%, then use F4 on I7 and I8. Press F9.","LOCKED · earn ★ on every stage to open the Boss gate")} -> LOCKED · earn ★ on every stage to open the Boss gate | C33: ▶ ARENA B8 (cell I6) | D33: {=IF($C$10="OPEN",IF(IFERROR(AND(OR(CELL("format",'Boss Arena'!$I$6)="P0"),OR(CELL("format",'Boss Arena'!$I$7)="P0"),OR(CELL("format",'Boss Arena'!$I$8)="P0")),FALSE),"✔ CLEAR","· not yet · press F9"),"LOCKED")} -> LOCKED | F33: {=IF(E33="Show hint",Key!$B$92,"")} | G33: {=IF(LEFT(D33,1)="✔",IF(E33="Show hint",5,10),0)} -> 0

Sheet Boss Arena
A1: BOSS ARENA ▸ FORMAT
A2: Practice area · everything here is editable. Missions and their checks are on the stage sheet.
A3: PASS CODE | B3: RUNWAY | D3: ◀ Back to Boss
B5: Cost | C5: Rate | D5: Day | E5: Clock | F5: Raw | G5: Measure | H5: Label | I5: Growth
B6: 250 | C6: 0.15 | D6: 46050 | E6: 0.375 | F6: 99 | G6: 2.345 | H6: one | I6: 0.05
B7: 1200.5 | C7: 0.4 | D7: 46150 | E7: 0.6 | F7: 55 | G7: 9.876 | H7: two | I7: 0.12
B8: 75 | C8: 0.08 | D8: 46250 | E8: 0.125 | F8: 12 | G8: 4.4444 | H8: three | I8: 0.3

Sheet Cheat Codes
A1: CHEAT CODES ▸ FORMAT
A2: Every move from this world on one page. Keep it open while you play, or print it (Ctrl+P).
A4: Stage | B4: Keys / Syntax | C4: What it does | D4: Pro tip
A5: S3-1 | B5: Ctrl+Shift+$ | C5: Currency format with two decimals. | D5: Negative amounts show in parentheses.
A6: S3-1 | B6: Ctrl+Shift+% | C6: Percent format with no decimals. | D6: 0.25 shows as 25%.
A7: S3-1 | B7: Ctrl+Shift+! | C7: Number format: two decimals and a thousands separator. | D7: 1234567.891 shows as 1,234,567.89.
A8: S3-1 | B8: Ctrl+Shift+# | C8: Date format with day, month and year. | D8: Turns a serial number like 46100 into a readable date.
A9: S3-1 | B9: Ctrl+Shift+@ | C9: Time format with hours, minutes and AM/PM. | D9: 0.75 shows as 6:00 PM.
A10: S3-1 | B10: Ctrl+Shift+~ | C10: Back to the General format (no special formatting). | D10: Use it to see the raw number behind any format.
A11: S3-2 | B11: Ctrl+B | C11: Bold on or off. | D11: Ctrl+2 does the same.
A12: S3-2 | B12: Ctrl+I | C12: Italic on or off. | D12: Ctrl+3 does the same.
A13: S3-2 | B13: Ctrl+U | C13: Underline on or off. | D13: Ctrl+4 does the same.
A14: S3-2 | B14: Ctrl+5 | C14: Strikethrough on or off. | D14: Handy for crossing off done tasks.
A15: S3-3 | B15: Ctrl+1 | C15: Open Format Cells: every number, alignment, font and border option. | D15: Ctrl+1 then Tab through the choices.
... A21: S3-3 | B21: F4 | C21: Repeat your last action, like the same format on another cell. | D21: Ctrl+Y repeats too.

Sheet Key
A1: Challenge | B1: Hint | C1: Expected | E1: Lists / per-cell expectations →
A2: S3-1 Number Skins W1 | B2: Three letters: all must pass. | E2: =AND | F2: =AND( | G2: =AND() | H2: AND | I2: AND( | J2: AND()
A3: S3-1 Number Skins W2 | B3: Two letters: any can pass. | E3: =OR | F3: =OR( | G3: =OR() | H3: OR | I3: OR( | J3: OR()
A4: S3-1 Number Skins W3 | B4: Three letters: the opposite. | E4: =NOT | F4: =NOT( | G4: =NOT() | H4: NOT | I4: NOT( | J4: NOT()
A5: S3-1 Number Skins W4 | B5: Alt plus the equals key. | E5: ALT+=
A6: S3-1 Number Skins W5 | B6: Put $ before the column and the row. | E6: $E$6
A7: S3-1 Number Skins W6 | B7: The $ goes right before 16. | E7: C$16
A8: S3-1 Number Skins W7 | B8: A function key between F3 and F5. | E8: F4
A9: S3-1 Number Skins W8 | B9: D for Down. | E9: CTRL+D
A10: S3-1 Number Skins W9 | B10: The plain rounding function. | E10: =ROUND | F10: =ROUND( | G10: =ROUND() | H10: ROUND | I10: ROUND( | J10: ROUND()
A11: S3-1 Number Skins W10 | B11: ROUND plus a direction. | E11: =ROUNDUP | F11: =ROUNDUP( | G11: =ROUNDUP() | H11: ROUNDUP | I11: ROUNDUP( | J11: ROUNDUP()
A12: S3-1 Number Skins T1 | B12: Ctrl+Shift plus the dollar key. | C12: Ctrl+Shift+$ | E12: Ctrl+Shift+$ | F12: Alt+H, A, C | G12: Ctrl+5 | H12: Ctrl+Shift+%
A13: S3-1 Number Skins T2 | B13: Ctrl+Shift plus the % key. | C13: Ctrl+Shift+% | E13: Ctrl+U | F13: Ctrl+Shift+_ | G13: Ctrl+Shift+~ | H13: Ctrl+Shift+%
A14: S3-1 Number Skins T3 | B14: Ctrl+Shift plus the ! key. | C14: Ctrl+Shift+! | E14: Ctrl+Shift+! | F14: Ctrl+Shift+$ | G14: Ctrl+Shift+% | H14: Ctrl+5
A15: S3-1 Number Skins T4 | B15: Ctrl+Shift plus the # key. | C15: Ctrl+Shift+# | E15: Ctrl+1 | F15: Ctrl+Shift+# | G15: Alt+H, H | H15: Ctrl+Shift+$
A16: S3-1 Number Skins T5 | B16: Ctrl+Shift plus the @ key. | C16: Ctrl+Shift+@ | E16: Ctrl+Shift+@ | F16: Ctrl+Shift+% | G16: Ctrl+U | H16: Ctrl+Shift+$
A17: S3-1 Number Skins T6 | B17: Ctrl+Shift plus the ~ key. | C17: Ctrl+Shift+~ | E17: Alt+H, A, C | F17: Ctrl+1 | G17: Ctrl+Shift+! | H17: Ctrl+Shift+~
A18: S3-1 Number Skins C1 | B18: Ctrl+Shift plus the dollar key. | E18: CTRL+SHIFT+$ | F18: CTRL+SHIFT+4 | G18: SHIFT+CTRL+$ | H18: SHIFT+CTRL+4
A19: S3-1 Number Skins C2 | B19: Ctrl+Shift plus the % key. | E19: CTRL+SHIFT+% | F19: CTRL+SHIFT+5 | G19: SHIFT+CTRL+% | H19: SHIFT+CTRL+5
A20: S3-1 Number Skins C3 | B20: Ctrl+Shift plus the ! key. | E20: CTRL+SHIFT+! | F20: CTRL+SHIFT+1 | G20: SHIFT+CTRL+! | H20: SHIFT+CTRL+1
A21: S3-1 Number Skins C4 | B21: Ctrl+Shift plus the # key. | E21: CTRL+SHIFT+# | F21: CTRL+SHIFT+3 | G21: SHIFT+CTRL+# | H21: SHIFT+CTRL+3
A22: S3-1 Number Skins C5 | B22: Ctrl+Shift plus the @ key. | E22: CTRL+SHIFT+2 | F22: CTRL+SHIFT+@ | G22: SHIFT+CTRL+2 | H22: SHIFT+CTRL+@
A23: S3-1 Number Skins C6 | B23: Ctrl+Shift plus the ~ key. | E23: CTRL+SHIFT+` | F23: CTRL+SHIFT+~ | G23: SHIFT+CTRL+` | H23: SHIFT+CTRL+~
A24: S3-1 Number Skins C7 | B24: Ctrl+Shift+4.
A25: S3-1 Number Skins C8 | B25: Ctrl+Shift+5.
A26: S3-1 Number Skins C9 | B26: Ctrl+Shift+1.
A27: S3-1 Number Skins C10 | B27: Ctrl+Shift+3.
A28: S3-1 Number Skins C11 | B28: Ctrl+Shift+2.
A29: S3-1 Number Skins C12 | B29: Ctrl+Shift plus the key left of 1.
A30: S3-2 Text Style W1 | B30: Ctrl+Shift plus the dollar key. | E30: CTRL+SHIFT+$ | F30: CTRL+SHIFT+4 | G30: SHIFT+CTRL+$ | H30: SHIFT+CTRL+4
A31: S3-2 Text Style W2 | B31: Ctrl+Shift plus the % key. | E31: CTRL+SHIFT+% | F31: CTRL+SHIFT+5 | G31: SHIFT+CTRL+% | H31: SHIFT+CTRL+5
A32: S3-2 Text Style W3 | B32: Ctrl+Shift plus the ! key. | E32: CTRL+SHIFT+! | F32: CTRL+SHIFT+1 | G32: SHIFT+CTRL+! | H32: SHIFT+CTRL+1
A33: S3-2 Text Style W4 | B33: Ctrl+Shift plus the # key. | E33: CTRL+SHIFT+# | F33: CTRL+SHIFT+3 | G33: SHIFT+CTRL+# | H33: SHIFT+CTRL+3
A34: S3-2 Text Style W5 | B34: Ctrl+Shift plus the @ key. | E34: CTRL+SHIFT+2 | F34: CTRL+SHIFT+@ | G34: SHIFT+CTRL+2 | H34: SHIFT+CTRL+@
A35: S3-2 Text Style W6 | B35: Ctrl+Shift plus the ~ key. | E35: CTRL+SHIFT+` | F35: CTRL+SHIFT+~ | G35: SHIFT+CTRL+` | H35: SHIFT+CTRL+~
A36: S3-2 Text Style W7 | B36: One fewer than the outcomes. | E36: 2 | F36: TWO
A37: S3-2 Text Style W8 | B37: IF plus one letter. | E37: =IFS | F37: =IFS( | G37: =IFS() | H37: IFS | I37: IFS( | J37: IFS()
A38: S3-2 Text Style W9 | B38: A test that is always true. | E38: TRUE
A39: S3-2 Text Style W10 | B39: ROUND plus the other direction. | E39: =ROUNDDOWN | F39: =ROUNDDOWN( | G39: =ROUNDDOWN() | H39: ROUNDDOWN | I39: ROUNDDOWN( | J39: ROUNDDOWN()
A40: S3-2 Text Style T1 | B40: B for Bold. | C40: Ctrl+B | E40: Ctrl+Shift+_ | F40: Ctrl+Shift+! | G40: Ctrl+B | H40: Ctrl+Shift+@
A41: S3-2 Text Style T2 | B41: I for Italic. | C41: Ctrl+I | E41: Ctrl+I | F41: Ctrl+Shift+~ | G41: Ctrl+Shift+% | H41: Ctrl+Shift+$
A42: S3-2 Text Style T3 | B42: U for Underline. | C42: Ctrl+U | E42: Ctrl+Shift+_ | F42: Ctrl+Shift+& | G42: Ctrl+I | H42: Ctrl+U
A43: S3-2 Text Style T4 | B43: Ctrl plus a number key. | C43: Ctrl+5 | E43: Ctrl+Shift+~ | F43: Ctrl+Shift+@ | G43: Ctrl+Shift+_ | H43: Ctrl+5
A44: S3-2 Text Style C1 | B44: B for Bold. | E44: CTRL+2 | F44: CTRL+B
A45: S3-2 Text Style C2 | B45: I for Italic. | E45: CTRL+3 | F45: CTRL+I
A46: S3-2 Text Style C3 | B46: U for Underline. | E46: CTRL+4 | F46: CTRL+U
A47: S3-2 Text Style C4 | B47: Ctrl plus a number key. | E47: CTRL+5
A48: S3-2 Text Style C5 | B48: Select each cell, then press its keys. | E48: Done
A49: S3-3 Format Power W1 | B49: B for Bold. | E49: CTRL+2 | F49: CTRL+B
A50: S3-3 Format Power W2 | B50: I for Italic. | E50: CTRL+3 | F50: CTRL+I
A51: S3-3 Format Power W3 | B51: U for Underline. | E51: CTRL+4 | F51: CTRL+U
A52: S3-3 Format Power W4 | B52: Ctrl plus a number key. | E52: CTRL+5
A53: S3-3 Format Power W5 | B53: IF plus ERROR. | E53: =IFERROR | F53: =IFERROR( | G53: =IFERROR() | H53: IFERROR | I53: IFERROR( | J53: IFERROR()
A54: S3-3 Format Power W6 | B54: IF plus NA. | E54: =IFNA | F54: =IFNA( | G54: =IFNA() | H54: IFNA | I54: IFNA( | J54: IFNA()
A55: S3-3 Format Power W7 | B55: IS plus BLANK. | E55: =ISBLANK | F55: =ISBLANK( | G55: =ISBLANK() | H55: ISBLANK | I55: ISBLANK( | J55: ISBLANK()
A56: S3-3 Format Power W8 | B56: IS plus NUMBER. | E56: =ISNUMBER | F56: =ISNUMBER( | G56: =ISNUMBER() | H56: ISNUMBER | I56: ISNUMBER( | J56: ISNUMBER()
A57: S3-3 Format Power W9 | B57: Ctrl plus the key left of 1. | E57: CTRL+BACKTICK | F57: CTRL+GRAVE | G57: CTRL+GRAVEACCENT | H57: CTRL+`
A58: S3-3 Format Power W10 | B58: The function key after F1. | E58: F2
A59: S3-3 Format Power T1 | B59: Ctrl plus the number 1. | C59: Ctrl+1 | E59: F4 | F59: Alt+H, H | G59: Ctrl+1 | H59: Ctrl+Shift+%
A60: S3-3 Format Power T2 | B60: Ctrl+Shift plus the & key. | C60: Ctrl+Shift+& | E60: Ctrl+1 | F60: Ctrl+Shift+& | G60: Ctrl+5 | H60: Ctrl+Shift+_
A61: S3-3 Format Power T3 | B61: Ctrl+Shift plus the underscore key. | C61: Ctrl+Shift+_ | E61: Ctrl+U | F61: Ctrl+Shift+% | G61: Ctrl+5 | H61: Ctrl+Shift+_
A62: S3-3 Format Power T4 | B62: The key next to the spacebar. | C62: Alt | E62: Ctrl+B | F62: Ctrl+Shift+# | G62: Ctrl+I | H62: Alt
A63: S3-3 Format Power T5 | B63: Alt, then H, then A, then C. | C63: Alt+H, A, C | E63: Alt | F63: Ctrl+U | G63: Ctrl+Shift+! | H63: Alt+H, A, C
A64: S3-3 Format Power T6 | B64: Alt, then H, then H again. | C64: Alt+H, H | E64: Ctrl+Shift+# | F64: Ctrl+I | G64: Ctrl+5 | H64: Alt+H, H
A65: S3-3 Format Power T7 | B65: A function key. | C65: F4 | E65: Ctrl+Shift+& | F65: Ctrl+U | G65: Ctrl+Shift+_ | H65: F4
A66: S3-3 Format Power C1 | B66: Ctrl plus the number 1. | E66: CTRL+1
A67: S3-3 Format Power C2 | B67: Ctrl+Shift plus the & key. | E67: CTRL+SHIFT+& | F67: CTRL+SHIFT+7 | G67: SHIFT+CTRL+& | H67: SHIFT+CTRL+7
A68: S3-3 Format Power C3 | B68: Ctrl+Shift plus the underscore key. | E68: CTRL+SHIFT+- | F68: CTRL+SHIFT+_ | G68: SHIFT+CTRL+- | H68: SHIFT+CTRL+_
A69: S3-3 Format Power C4 | B69: The key next to the spacebar. | E69: ALT | F69: F10
A70: S3-3 Format Power C5 | B70: Alt, then H, then A, then C. | E70: ALT+H+A+C | F70: ALT+H,A,C | G70: ALT+H>A>C | H70: ALT+HAC | I70: ALT,H+A+C | J70: ALT,H,A,C | K70: ALT,H>A>C | L70: ALT,HAC | M70: ALT>H+A+C | N70: ALT>H,A,C | O70: ALT>H>A>C | P70: ALT>HAC | Q70: ALTH+A+C | R70: ALTH,A,C | S70: ALTH>A>C | T70: ALTHAC
A71: S3-3 Format Power C6 | B71: Alt, then H, then H again. | E71: ALT+H+H | F71: ALT+H,H | G71: ALT+H>H | H71: ALT+HH | I71: ALT,H+H | J71: ALT,H,H | K71: ALT,H>H | L71: ALT,HH | M71: ALT>H+H | N71: ALT>H,H | O71: ALT>H>H | P71: ALT>HH | Q71: ALTH+H | R71: ALTH,H | S71: ALTH>H | T71: ALTHH
A72: S3-3 Format Power C7 | B72: A function key. | E72: CTRL+Y | F72: F4
A73: S3-3 Format Power C8 | B73: Number category, Decimal places = 1.
A74: S3-3 Format Power C9 | B74: Home → Align → Center.
A75: S3-3 Format Power C10 | B75: F4 repeats the last format.
A76: S3-3 Format Power C11 | B76: Borders first, then fill. | E76: Done
A77: Boss F1 | B77: Ctrl plus the number 1. | E77: CTRL+1
A78: Boss F2 | B78: Ctrl+Shift plus the & key. | E78: CTRL+SHIFT+& | F78: CTRL+SHIFT+7 | G78: SHIFT+CTRL+& | H78: SHIFT+CTRL+7
A79: Boss F3 | B79: Ctrl+Shift plus the underscore key. | E79: CTRL+SHIFT+- | F79: CTRL+SHIFT+_ | G79: SHIFT+CTRL+- | H79: SHIFT+CTRL+_
A80: Boss F4 | B80: The key next to the spacebar. | E80: ALT | F80: F10
A81: Boss F5 | B81: Alt, then H, then A, then C. | E81: ALT+H+A+C | F81: ALT+H,A,C | G81: ALT+H>A>C | H81: ALT+HAC | I81: ALT,H+A+C | J81: ALT,H,A,C | K81: ALT,H>A>C | L81: ALT,HAC | M81: ALT>H+A+C | N81: ALT>H,A,C | O81: ALT>H>A>C | P81: ALT>HAC | Q81: ALTH+A+C | R81: ALTH,A,C | S81: ALTH>A>C | T81: ALTHAC
A82: Boss F6 | B82: Alt, then H, then H again. | E82: ALT+H+H | F82: ALT+H,H | G82: ALT+H>H | H82: ALT+HH | I82: ALT,H+H | J82: ALT,H,H | K82: ALT,H>H | L82: ALT,HH | M82: ALT>H+H | N82: ALT>H,H | O82: ALT>H>H | P82: ALT>HH | Q82: ALTH+H | R82: ALTH,H | S82: ALTH>H | T82: ALTHH
A83: Boss F7 | B83: A function key. | E83: CTRL+Y | F83: F4
A84: Boss F8 | B84: Ctrl+Shift plus the dollar key. | E84: CTRL+SHIFT+$ | F84: CTRL+SHIFT+4 | G84: SHIFT+CTRL+$ | H84: SHIFT+CTRL+4
A85: Boss B1 | B85: Ctrl+Shift+4.
A86: Boss B2 | B86: Ctrl+Shift+5.
A87: Boss B3 | B87: Ctrl+Shift+3.
A88: Boss B4 | B88: Ctrl+Shift+2.
A89: Boss B5 | B89: Ctrl+Shift+~.
A90: Boss B6 | B90: Format Cells → Number.
A91: Boss B7 | B91: KeyTips.
A92: Boss B8 | B92: F4 repeats.
