Workbook

Sheet Start
A1: FORMULAS 3 ▸ CONDITIONAL MATH
A2: Count, add and average only the rows that match.
A4: HOW TO PLAY
A5: 1 · Each stage: read the BRIEFING, then answer WARM-UP, TRAINING and CHALLENGES.
A6: 2 · Yellow cells are yours: type, pick from a list (Alt+↓), or follow a ▶ ARENA link and do the move there.
A7: 3 · ✔ CLEAR = right · ✘ = try again · · not yet = drill not done. Stuck? Pick 'Show hint' (5 XP instead of 10).
A8: 4 · Formatting or hiding drills: press F9 to refresh the check. Tab jumps between yellow cells.
A9: Needs Windows with Microsoft Excel 365 or 2021+ (English). In Protected View, click Enable Editing.
A11: STAGE SELECT
A12: Stage | B12: Name | C12: Score | D12: Stars | E12: Status | F12: Go
A13: F3-1 | B13: Counters | C13: {=SUM('F3-1 Counters'!$G$13:$G$39)&" / 200"} -> 0 / 200 | D13: {=IF(SUM('F3-1 Counters'!$G$13:$G$39)>=200,"★★★",IF(SUM('F3-1 Counters'!$G$13:$G$39)>=200*0.8,"★★☆",IF(SUM('F3-1 Counters'!$G$13:$G$39)>=200*0.5,"★☆☆","☆☆☆")))} -> ☆☆☆ | E13: {=IF(SUM('F3-1 Counters'!$G$13:$G$39)>=200,"PERFECT",IF(SUM('F3-1 Counters'!$G$13:$G$39)>=200*0.5,"CLEARED",IF(SUM('F3-1 Counters'!$G$13:$G$39)>0,"IN PROGRESS","NEW")))} -> NEW | F13: Go to F3-1 Counters
A14: F3-2 | B14: Money Bags | C14: {=SUM('F3-2 Money Bags'!$G$12:$G$35)&" / 170"} -> 0 / 170 | D14: {=IF(SUM('F3-2 Money Bags'!$G$12:$G$35)>=170,"★★★",IF(SUM('F3-2 Money Bags'!$G$12:$G$35)>=170*0.8,"★★☆",IF(SUM('F3-2 Money Bags'!$G$12:$G$35)>=170*0.5,"★☆☆","☆☆☆")))} -> ☆☆☆ | E14: {=IF(SUM('F3-2 Money Bags'!$G$12:$G$35)>=170,"PERFECT",IF(SUM('F3-2 Money Bags'!$G$12:$G$35)>=170*0.5,"CLEARED",IF(SUM('F3-2 Money Bags'!$G$12:$G$35)>0,"IN PROGRESS","NEW")))} -> NEW | F14: Go to F3-2 Money Bags
A15: F3-3 | B15: Multi-Filter | C15: {=SUM('F3-3 Multi-Filter'!$G$13:$G$38)&" / 190"} -> 0 / 190 | D15: {=IF(SUM('F3-3 Multi-Filter'!$G$13:$G$38)>=190,"★★★",IF(SUM('F3-3 Multi-Filter'!$G$13:$G$38)>=190*0.8,"★★☆",IF(SUM('F3-3 Multi-Filter'!$G$13:$G$38)>=190*0.5,"★☆☆","☆☆☆")))} -> ☆☆☆ | E15: {=IF(SUM('F3-3 Multi-Filter'!$G$13:$G$38)>=190,"PERFECT",IF(SUM('F3-3 Multi-Filter'!$G$13:$G$38)>=190*0.5,"CLEARED",IF(SUM('F3-3 Multi-Filter'!$G$13:$G$38)>0,"IN PROGRESS","NEW")))} -> NEW | F15: Go to F3-3 Multi-Filter
A16: F3-4 | B16: Extremes | C16: {=SUM('F3-4 Extremes'!$G$14:$G$42)&" / 220"} -> 0 / 220 | D16: {=IF(SUM('F3-4 Extremes'!$G$14:$G$42)>=220,"★★★",IF(SUM('F3-4 Extremes'!$G$14:$G$42)>=220*0.8,"★★☆",IF(SUM('F3-4 Extremes'!$G$14:$G$42)>=220*0.5,"★☆☆","☆☆☆")))} -> ☆☆☆ | E16: {=IF(SUM('F3-4 Extremes'!$G$14:$G$42)>=220,"PERFECT",IF(SUM('F3-4 Extremes'!$G$14:$G$42)>=220*0.5,"CLEARED",IF(SUM('F3-4 Extremes'!$G$14:$G$42)>0,"IN PROGRESS","NEW")))} -> NEW | F16: Go to F3-4 Extremes
A17: BOSS | B17: Boss | C17: {=SUM(Boss!$G$14:$G$33)&" / 160"} -> 0 / 160 | D17: {=IF(SUM(Boss!$G$14:$G$33)>=160,"★★★",IF(SUM(Boss!$G$14:$G$33)>=160*0.8,"★★☆",IF(SUM(Boss!$G$14:$G$33)>=160*0.5,"★☆☆","☆☆☆")))} -> ☆☆☆ | E17: {=IF(Boss!$C$10="OPEN",IF(SUM(Boss!$G$14:$G$33)>=160*0.5,"DEFEATED","OPEN"),"LOCKED")} -> LOCKED | F17: Go to the Boss
A19: TOTAL SCORE | B19: {=(SUM('F3-1 Counters'!$G$13:$G$39)+SUM('F3-2 Money Bags'!$G$12:$G$35)+SUM('F3-3 Multi-Filter'!$G$13:$G$38)+SUM('F3-4 Extremes'!$G$14:$G$42)+SUM(Boss!$G$14:$G$33))&" / 940"} -> 0 / 940
A20: RANK | B20: {=_xlfn.LET(_xlpm.p,(SUM('F3-1 Counters'!$G$13:$G$39)+SUM('F3-2 Money Bags'!$G$12:$G$35)+SUM('F3-3 Multi-Filter'!$G$13:$G$38)+SUM('F3-4 Extremes'!$G$14:$G$42)+SUM(Boss!$G$14:$G$33))/940,IF(AND(_xlpm.p>=1,ISNUMBER(Boss!$C$8),Boss!$C$8<=15),"S",IF(_xlpm.p>=0.9,"A",IF(_xlpm.p>=0.75,"B",IF(_xlpm.p>=0.5,"C","D")))))} -> D | C20: S = 100% and under par · A ≥ 90% · B ≥ 75% · C ≥ 50%
A21: BEST TIME | B21: {=IF(ISNUMBER(Boss!$C$8),Boss!$C$8&" min (par 15)","—")} -> —
A22: NEXT UP | B22: {=IFERROR(INDEX($A$13:$A$16,MATCH("☆☆☆",$D$13:$D$16,0))&" "&INDEX($B$13:$B$16,MATCH("☆☆☆",$D$13:$D$16,0)),IF(Boss!$C$10="OPEN","the Boss","All clear! Aim for rank S"))} -> F3-1 Counters
A24: Replay a stage: select its yellow answer cells and press Delete. Undo an arena drill with Ctrl+Z.

Sheet F3-1 Counters
A1: STAGE F3-1 ▸ COUNTERS
A2: Goal: count only the rows you care about
A3: {="SCORE "&TEXT(SUM($G$13:$G$39),"0000")&" / 0200"} -> SCORE 0000 / 0200 | C3: {=IF(SUM($G$13:$G$39)>=200,"★★★",IF(SUM($G$13:$G$39)>=200*0.8,"★★☆",IF(SUM($G$13:$G$39)>=200*0.5,"★☆☆","☆☆☆")))} -> ☆☆☆ | D3: {=REPT("█",ROUND(10*SUM($G$13:$G$39)/200,0))&REPT("░",10-ROUND(10*SUM($G$13:$G$39)/200,0))&" "&TEXT(SUM($G$13:$G$39)/200,"0%")} -> ░░░░░░░░░░ 0% | F3: {=IF(SUM($G$13:$G$39)>=200*0.5,"STAGE CLEAR! ▶ Next: F3-2 Money Bags","")}
A5: BRIEFING · new moves in this stage
A6: # | B6: What it does · Pro tip | C6: Keys / Syntax
A7: 1 | B7: Count the cells that meet one condition. Tip: =COUNTIF(D6:D25,"East") counts the East rows. | C7: COUNTIF
A8: 2 | B8: Put comparison criteria in quotes: ">50", "<>East". Tip: The operator goes inside the quotes with the value. | C8: ">50"
A9: 3 | B9: * matches any text, ? one character: "G*" = starts with G. Tip: Wildcards work in COUNTIF, SUMIF and their IFS cousins. | C9: * and ?
A11: WARM-UP · flashback to earlier stages
A12: # | B12: Mission | C12: Your answer | D12: Result | E12: Hint? | F12: Hint | G12: XP
A13: W1 | B13: Which keys apply the Currency format? (from S3-1 Number Skins) | D13: {=IFERROR(_xlfn.LET(_xlpm.a,'F3-1 Counters'!$C$13,IF(TRIM(_xlpm.a&"")="","",IF(OR(SUBSTITUTE(SUBSTITUTE(SUBSTITUTE(SUBSTITUTE(SUBSTITUTE(SUBSTITUTE(SUBSTITUTE(SUBSTITUTE(SUBSTITUTE(SUBSTITUTE(SUBSTITUTE(SUBSTITUTE(SUBSTITUTE(SUBSTITUTE(SUBSTITUTE(SUBSTITUTE(SUBSTITUTE(SUBSTITUTE(SUBSTITUTE(SUBSTITUTE(SUBSTITUTE(SUBSTITUTE(SUBSTITUTE(SUBSTITUTE(SUBSTITUTE(SUBSTITUTE(SUBSTITUTE(UPPER(_xlpm.a)," ",""),"CONTROL","CTRL"),"CTL","CTRL"),"ESCAPE","ESC"),"RETURN","ENTER"),"PAGEDOWN","PGDN"),"PGDOWN","PGDN"),"PAGEUP","PGUP"),"ARROWKEYS","ARROW"),"ARROWKEY","ARROW"),"ARROWS","ARROW"),"DOWNARROW","DOWN"),"UPARROW","UP"),"LEFTARROW","LEFT"),"RIGHTARROW","RIGHT"),"ARROWDOWN","DOWN"),"ARROWUP","UP"),"ARROWLEFT","LEFT"),"ARROWRIGHT","RIGHT"),"↓","DOWN"),"↑","UP"),"←","LEFT"),"→","RIGHT"),"SPACEBAR","SPACE"),"−","-"),"MINUS","-"),"PLUS","+")=Key!$E$2:$H$2),"✔ CLEAR","✘ TRY AGAIN"))),"✘ TRY AGAIN")} | F13: {=IF(E13="Show hint",Key!$B$2,"")} | G13: {=IF(LEFT(D13,1)="✔",IF(E13="Show hint",5,10),0)} -> 0
A14: W2 | B14: Which keys apply the Percent format? (from S3-1 Number Skins) | D14: {=IFERROR(_xlfn.LET(_xlpm.a,'F3-1 Counters'!$C$14,IF(TRIM(_xlpm.a&"")="","",IF(OR(SUBSTITUTE(SUBSTITUTE(SUBSTITUTE(SUBSTITUTE(SUBSTITUTE(SUBSTITUTE(SUBSTITUTE(SUBSTITUTE(SUBSTITUTE(SUBSTITUTE(SUBSTITUTE(SUBSTITUTE(SUBSTITUTE(SUBSTITUTE(SUBSTITUTE(SUBSTITUTE(SUBSTITUTE(SUBSTITUTE(SUBSTITUTE(SUBSTITUTE(SUBSTITUTE(SUBSTITUTE(SUBSTITUTE(SUBSTITUTE(SUBSTITUTE(SUBSTITUTE(SUBSTITUTE(UPPER(_xlpm.a)," ",""),"CONTROL","CTRL"),"CTL","CTRL"),"ESCAPE","ESC"),"RETURN","ENTER"),"PAGEDOWN","PGDN"),"PGDOWN","PGDN"),"PAGEUP","PGUP"),"ARROWKEYS","ARROW"),"ARROWKEY","ARROW"),"ARROWS","ARROW"),"DOWNARROW","DOWN"),"UPARROW","UP"),"LEFTARROW","LEFT"),"RIGHTARROW","RIGHT"),"ARROWDOWN","DOWN"),"ARROWUP","UP"),"ARROWLEFT","LEFT"),"ARROWRIGHT","RIGHT"),"↓","DOWN"),"↑","UP"),"←","LEFT"),"→","RIGHT"),"SPACEBAR","SPACE"),"−","-"),"MINUS","-"),"PLUS","+")=Key!$E$3:$H$3),"✔ CLEAR","✘ TRY AGAIN"))),"✘ TRY AGAIN")} | F14: {=IF(E14="Show hint",Key!$B$3,"")} | G14: {=IF(LEFT(D14,1)="✔",IF(E14="Show hint",5,10),0)} -> 0
A15: W3 | B15: Which keys apply the Number format with a thousands separator? (from S3-1 Number Skins) | D15: {=IFERROR(_xlfn.LET(_xlpm.a,'F3-1 Counters'!$C$15,IF(TRIM(_xlpm.a&"")="","",IF(OR(SUBSTITUTE(SUBSTITUTE(SUBSTITUTE(SUBSTITUTE(SUBSTITUTE(SUBSTITUTE(SUBSTITUTE(SUBSTITUTE(SUBSTITUTE(SUBSTITUTE(SUBSTITUTE(SUBSTITUTE(SUBSTITUTE(SUBSTITUTE(SUBSTITUTE(SUBSTITUTE(SUBSTITUTE(SUBSTITUTE(SUBSTITUTE(SUBSTITUTE(SUBSTITUTE(SUBSTITUTE(SUBSTITUTE(SUBSTITUTE(SUBSTITUTE(SUBSTITUTE(SUBSTITUTE(UPPER(_xlpm.a)," ",""),"CONTROL","CTRL"),"CTL","CTRL"),"ESCAPE","ESC"),"RETURN","ENTER"),"PAGEDOWN","PGDN"),"PGDOWN","PGDN"),"PAGEUP","PGUP"),"ARROWKEYS","ARROW"),"ARROWKEY","ARROW"),"ARROWS","ARROW"),"DOWNARROW","DOWN"),"UPARROW","UP"),"LEFTARROW","LEFT"),"RIGHTARROW","RIGHT"),"ARROWDOWN","DOWN"),"ARROWUP","UP"),"ARROWLEFT","LEFT"),"ARROWRIGHT","RIGHT"),"↓","DOWN"),"↑","UP"),"←","LEFT"),"→","RIGHT"),"SPACEBAR","SPACE"),"−","-"),"MINUS","-"),"PLUS","+")=Key!$E$4:$H$4),"✔ CLEAR","✘ TRY AGAIN"))),"✘ TRY AGAIN")} | F15: {=IF(E15="Show hint",Key!$B$4,"")} | G15: {=IF(LEFT(D15,1)="✔",IF(E15="Show hint",5,10),0)} -> 0
A16: W4 | B16: Which keys apply the Date format? (from S3-1 Number Skins) | D16: {=IFERROR(_xlfn.LET(_xlpm.a,'F3-1 Counters'!$C$16,IF(TRIM(_xlpm.a&"")="","",IF(OR(SUBSTITUTE(SUBSTITUTE(SUBSTITUTE(SUBSTITUTE(SUBSTITUTE(SUBSTITUTE(SUBSTITUTE(SUBSTITUTE(SUBSTITUTE(SUBSTITUTE(SUBSTITUTE(SUBSTITUTE(SUBSTITUTE(SUBSTITUTE(SUBSTITUTE(SUBSTITUTE(SUBSTITUTE(SUBSTITUTE(SUBSTITUTE(SUBSTITUTE(SUBSTITUTE(SUBSTITUTE(SUBSTITUTE(SUBSTITUTE(SUBSTITUTE(SUBSTITUTE(SUBSTITUTE(UPPER(_xlpm.a)," ",""),"CONTROL","CTRL"),"CTL","CTRL"),"ESCAPE","ESC"),"RETURN","ENTER"),"PAGEDOWN","PGDN"),"PGDOWN","PGDN"),"PAGEUP","PGUP"),"ARROWKEYS","ARROW"),"ARROWKEY","ARROW"),"ARROWS","ARROW"),"DOWNARROW","DOWN"),"UPARROW","UP"),"LEFTARROW","LEFT"),"RIGHTARROW","RIGHT"),"ARROWDOWN","DOWN"),"ARROWUP","UP"),"ARROWLEFT","LEFT"),"ARROWRIGHT","RIGHT"),"↓","DOWN"),"↑","UP"),"←","LEFT"),"→","RIGHT"),"SPACEBAR","SPACE"),"−","-"),"MINUS","-"),"PLUS","+")=Key!$E$5:$H$5),"✔ CLEAR","✘ TRY AGAIN"))),"✘ TRY AGAIN")} | F16: {=IF(E16="Show hint",Key!$B$5,"")} | G16: {=IF(LEFT(D16,1)="✔",IF(E16="Show hint",5,10),0)} -> 0
A17: W5 | B17: Which keys apply the Time format? (from S3-1 Number Skins) | D17: {=IFERROR(_xlfn.LET(_xlpm.a,'F3-1 Counters'!$C$17,IF(TRIM(_xlpm.a&"")="","",IF(OR(SUBSTITUTE(SUBSTITUTE(SUBSTITUTE(SUBSTITUTE(SUBSTITUTE(SUBSTITUTE(SUBSTITUTE(SUBSTITUTE(SUBSTITUTE(SUBSTITUTE(SUBSTITUTE(SUBSTITUTE(SUBSTITUTE(SUBSTITUTE(SUBSTITUTE(SUBSTITUTE(SUBSTITUTE(SUBSTITUTE(SUBSTITUTE(SUBSTITUTE(SUBSTITUTE(SUBSTITUTE(SUBSTITUTE(SUBSTITUTE(SUBSTITUTE(SUBSTITUTE(SUBSTITUTE(UPPER(_xlpm.a)," ",""),"CONTROL","CTRL"),"CTL","CTRL"),"ESCAPE","ESC"),"RETURN","ENTER"),"PAGEDOWN","PGDN"),"PGDOWN","PGDN"),"PAGEUP","PGUP"),"ARROWKEYS","ARROW"),"ARROWKEY","ARROW"),"ARROWS","ARROW"),"DOWNARROW","DOWN"),"UPARROW","UP"),"LEFTARROW","LEFT"),"RIGHTARROW","RIGHT"),"ARROWDOWN","DOWN"),"ARROWUP","UP"),"ARROWLEFT","LEFT"),"ARROWRIGHT","RIGHT"),"↓","DOWN"),"↑","UP"),"←","LEFT"),"→","RIGHT"),"SPACEBAR","SPACE"),"−","-"),"MINUS","-"),"PLUS","+")=Key!$E$6:$H$6),"✔ CLEAR","✘ TRY AGAIN"))),"✘ TRY AGAIN")} | F17: {=IF(E17="Show hint",Key!$B$6,"")} | G17: {=IF(LEFT(D17,1)="✔",IF(E17="Show hint",5,10),0)} -> 0
A18: W6 | B18: Which keys reset a cell to the General format? (from S3-1 Number Skins) | D18: {=IFERROR(_xlfn.LET(_xlpm.a,'F3-1 Counters'!$C$18,IF(TRIM(_xlpm.a&"")="","",IF(OR(SUBSTITUTE(SUBSTITUTE(SUBSTITUTE(SUBSTITUTE(SUBSTITUTE(SUBSTITUTE(SUBSTITUTE(SUBSTITUTE(SUBSTITUTE(SUBSTITUTE(SUBSTITUTE(SUBSTITUTE(SUBSTITUTE(SUBSTITUTE(SUBSTITUTE(SUBSTITUTE(SUBSTITUTE(SUBSTITUTE(SUBSTITUTE(SUBSTITUTE(SUBSTITUTE(SUBSTITUTE(SUBSTITUTE(SUBSTITUTE(SUBSTITUTE(SUBSTITUTE(SUBSTITUTE(UPPER(_xlpm.a)," ",""),"CONTROL","CTRL"),"CTL","CTRL"),"ESCAPE","ESC"),"RETURN","ENTER"),"PAGEDOWN","PGDN"),"PGDOWN","PGDN"),"PAGEUP","PGUP"),"ARROWKEYS","ARROW"),"ARROWKEY","ARROW"),"ARROWS","ARROW"),"DOWNARROW","DOWN"),"UPARROW","UP"),"LEFTARROW","LEFT"),"RIGHTARROW","RIGHT"),"ARROWDOWN","DOWN"),"ARROWUP","UP"),"ARROWLEFT","LEFT"),"ARROWRIGHT","RIGHT"),"↓","DOWN"),"↑","UP"),"←","LEFT"),"→","RIGHT"),"SPACEBAR","SPACE"),"−","-"),"MINUS","-"),"PLUS","+")=Key!$E$7:$H$7),"✔ CLEAR","✘ TRY AGAIN"))),"✘ TRY AGAIN")} | F18: {=IF(E18="Show hint",Key!$B$7,"")} | G18: {=IF(LEFT(D18,1)="✔",IF(E18="Show hint",5,10),0)} -> 0
A19: W7 | B19: Which keys insert a function's argument names after you type its name? (from F1-5 X-Ray) | D19: {=IFERROR(_xlfn.LET(_xlpm.a,'F3-1 Counters'!$C$19,IF(TRIM(_xlpm.a&"")="","",IF(OR(SUBSTITUTE(SUBSTITUTE(SUBSTITUTE(SUBSTITUTE(SUBSTITUTE(SUBSTITUTE(SUBSTITUTE(SUBSTITUTE(SUBSTITUTE(SUBSTITUTE(SUBSTITUTE(SUBSTITUTE(SUBSTITUTE(SUBSTITUTE(SUBSTITUTE(SUBSTITUTE(SUBSTITUTE(SUBSTITUTE(SUBSTITUTE(SUBSTITUTE(SUBSTITUTE(SUBSTITUTE(SUBSTITUTE(SUBSTITUTE(SUBSTITUTE(SUBSTITUTE(SUBSTITUTE(UPPER(_xlpm.a)," ",""),"CONTROL","CTRL"),"CTL","CTRL"),"ESCAPE","ESC"),"RETURN","ENTER"),"PAGEDOWN","PGDN"),"PGDOWN","PGDN"),"PAGEUP","PGUP"),"ARROWKEYS","ARROW"),"ARROWKEY","ARROW"),"ARROWS","ARROW"),"DOWNARROW","DOWN"),"UPARROW","UP"),"LEFTARROW","LEFT"),"RIGHTARROW","RIGHT"),"ARROWDOWN","DOWN"),"ARROWUP","UP"),"ARROWLEFT","LEFT"),"ARROWRIGHT","RIGHT"),"↓","DOWN"),"↑","UP"),"←","LEFT"),"→","RIGHT"),"SPACEBAR","SPACE"),"−","-"),"MINUS","-"),"PLUS","+")=Key!$E$8:$F$8),"✔ CLEAR","✘ TRY AGAIN"))),"✘ TRY AGAIN")} | F19: {=IF(E19="Show hint",Key!$B$8,"")} | G19: {=IF(LEFT(D19,1)="✔",IF(E19="Show hint",5,10),0)} -> 0
A20: W8 | B20: Which keys open the Insert Function dialog? (from F1-5 X-Ray) | D20: {=IFERROR(_xlfn.LET(_xlpm.a,'F3-1 Counters'!$C$20,IF(TRIM(_xlpm.a&"")="","",IF(OR(SUBSTITUTE(SUBSTITUTE(SUBSTITUTE(SUBSTITUTE(SUBSTITUTE(SUBSTITUTE(SUBSTITUTE(SUBSTITUTE(SUBSTITUTE(SUBSTITUTE(SUBSTITUTE(SUBSTITUTE(SUBSTITUTE(SUBSTITUTE(SUBSTITUTE(SUBSTITUTE(SUBSTITUTE(SUBSTITUTE(SUBSTITUTE(SUBSTITUTE(SUBSTITUTE(SUBSTITUTE(SUBSTITUTE(SUBSTITUTE(SUBSTITUTE(SUBSTITUTE(SUBSTITUTE(UPPER(_xlpm.a)," ",""),"CONTROL","CTRL"),"CTL","CTRL"),"ESCAPE","ESC"),"RETURN","ENTER"),"PAGEDOWN","PGDN"),"PGDOWN","PGDN"),"PAGEUP","PGUP"),"ARROWKEYS","ARROW"),"ARROWKEY","ARROW"),"ARROWS","ARROW"),"DOWNARROW","DOWN"),"UPARROW","UP"),"LEFTARROW","LEFT"),"RIGHTARROW","RIGHT"),"ARROWDOWN","DOWN"),"ARROWUP","UP"),"ARROWLEFT","LEFT"),"ARROWRIGHT","RIGHT"),"↓","DOWN"),"↑","UP"),"←","LEFT"),"→","RIGHT"),"SPACEBAR","SPACE"),"−","-"),"MINUS","-"),"PLUS","+")=Key!$E$9:$E$9),"✔ CLEAR","✘ TRY AGAIN"))),"✘ TRY AGAIN")} | F20: {=IF(E20="Show hint",Key!$B$9,"")} | G20: {=IF(LEFT(D20,1)="✔",IF(E20="Show hint",5,10),0)} -> 0
A21: W9 | B21: Which keys confirm an entry and move up one cell? (from S2-1 Quick Entry) | D21: {=IFERROR(_xlfn.LET(_xlpm.a,'F3-1 Counters'!$C$21,IF(TRIM(_xlpm.a&"")="","",IF(OR(SUBSTITUTE(SUBSTITUTE(SUBSTITUTE(SUBSTITUTE(SUBSTITUTE(SUBSTITUTE(SUBSTITUTE(SUBSTITUTE(SUBSTITUTE(SUBSTITUTE(SUBSTITUTE(SUBSTITUTE(SUBSTITUTE(SUBSTITUTE(SUBSTITUTE(SUBSTITUTE(SUBSTITUTE(SUBSTITUTE(SUBSTITUTE(SUBSTITUTE(SUBSTITUTE(SUBSTITUTE(SUBSTITUTE(SUBSTITUTE(SUBSTITUTE(SUBSTITUTE(SUBSTITUTE(UPPER(_xlpm.a)," ",""),"CONTROL","CTRL"),"CTL","CTRL"),"ESCAPE","ESC"),"RETURN","ENTER"),"PAGEDOWN","PGDN"),"PGDOWN","PGDN"),"PAGEUP","PGUP"),"ARROWKEYS","ARROW"),"ARROWKEY","ARROW"),"ARROWS","ARROW"),"DOWNARROW","DOWN"),"UPARROW","UP"),"LEFTARROW","LEFT"),"RIGHTARROW","RIGHT"),"ARROWDOWN","DOWN"),"ARROWUP","UP"),"ARROWLEFT","LEFT"),"ARROWRIGHT","RIGHT"),"↓","DOWN"),"↑","UP"),"←","LEFT"),"→","RIGHT"),"SPACEBAR","SPACE"),"−","-"),"MINUS","-"),"PLUS","+")=Key!$E$10:$E$10),"✔ CLEAR","✘ TRY AGAIN"))),"✘ TRY AGAIN")} | F21: {=IF(E21="Show hint",Key!$B$10,"")} | G21: {=IF(LEFT(D21,1)="✔",IF(E21="Show hint",5,10),0)} -> 0
A22: W10 | B22: Which key confirms an entry and moves one cell to the right? (from S2-1 Quick Entry) | D22: {=IFERROR(_xlfn.LET(_xlpm.a,'F3-1 Counters'!$C$22,IF(TRIM(_xlpm.a&"")="","",IF(OR(SUBSTITUTE(SUBSTITUTE(SUBSTITUTE(SUBSTITUTE(SUBSTITUTE(SUBSTITUTE(SUBSTITUTE(SUBSTITUTE(SUBSTITUTE(SUBSTITUTE(SUBSTITUTE(SUBSTITUTE(SUBSTITUTE(SUBSTITUTE(SUBSTITUTE(SUBSTITUTE(SUBSTITUTE(SUBSTITUTE(SUBSTITUTE(SUBSTITUTE(SUBSTITUTE(SUBSTITUTE(SUBSTITUTE(SUBSTITUTE(SUBSTITUTE(SUBSTITUTE(SUBSTITUTE(UPPER(_xlpm.a)," ",""),"CONTROL","CTRL"),"CTL","CTRL"),"ESCAPE","ESC"),"RETURN","ENTER"),"PAGEDOWN","PGDN"),"PGDOWN","PGDN"),"PAGEUP","PGUP"),"ARROWKEYS","ARROW"),"ARROWKEY","ARROW"),"ARROWS","ARROW"),"DOWNARROW","DOWN"),"UPARROW","UP"),"LEFTARROW","LEFT"),"RIGHTARROW","RIGHT"),"ARROWDOWN","DOWN"),"ARROWUP","UP"),"ARROWLEFT","LEFT"),"ARROWRIGHT","RIGHT"),"↓","DOWN"),"↑","UP"),"←","LEFT"),"→","RIGHT"),"SPACEBAR","SPACE"),"−","-"),"MINUS","-"),"PLUS","+")=Key!$E$11:$E$11),"✔ CLEAR","✘ TRY AGAIN"))),"✘ TRY AGAIN")} | F22: {=IF(E22="Show hint",Key!$B$11,"")} | G22: {=IF(LEFT(D22,1)="✔",IF(E22="Show hint",5,10),0)} -> 0
A24: TRAINING · recognize the move (pick from the list)
A25: # | B25: Mission | C25: Your answer | D25: Result | E25: Hint? | F25: Hint | G25: XP
A26: T1 | B26: Which function counts cells that meet one condition? | D26: {=IFERROR(IF('F3-1 Counters'!$C$26&""="","",IF('F3-1 Counters'!$C$26&""=Key!$C$12&"","✔ CLEAR","✘ TRY AGAIN")),"✘ TRY AGAIN")} | F26: {=IF(E26="Show hint",Key!$B$12,"")} | G26: {=IF(LEFT(D26,1)="✔",IF(E26="Show hint",5,10),0)} -> 0
A27: T2 | B27: Pick the COUNTIF criteria for "greater than 50", quotes included. | D27: {=IFERROR(IF('F3-1 Counters'!$C$27&""="","",IF('F3-1 Counters'!$C$27&""=Key!$C$13&"","✔ CLEAR","✘ TRY AGAIN")),"✘ TRY AGAIN")} | F27: {=IF(E27="Show hint",Key!$B$13,"")} | G27: {=IF(LEFT(D27,1)="✔",IF(E27="Show hint",5,10),0)} -> 0
A28: T3 | B28: Which move is this? * matches any text, ? one character: "G*" = starts with G. | D28: {=IFERROR(IF('F3-1 Counters'!$C$28&""="","",IF('F3-1 Counters'!$C$28&""=Key!$C$14&"","✔ CLEAR","✘ TRY AGAIN")),"✘ TRY AGAIN")} | F28: {=IF(E28="Show hint",Key!$B$14,"")} | G28: {=IF(LEFT(D28,1)="✔",IF(E28="Show hint",5,10),0)} -> 0
A30: CHALLENGES · recall it, then do it
B31: ▶ Open F3-1 Arena (or press Ctrl+PgDn)
A32: # | B32: Mission | C32: Your answer | D32: Result | E32: Hint? | F32: Hint | G32: XP
A33: C1 | B33: Which function counts cells that meet one condition? | D33: {=IFERROR(_xlfn.LET(_xlpm.a,'F3-1 Counters'!$C$33,IF(TRIM(_xlpm.a&"")="","",IF(OR(SUBSTITUTE(SUBSTITUTE(SUBSTITUTE(SUBSTITUTE(SUBSTITUTE(SUBSTITUTE(SUBSTITUTE(SUBSTITUTE(SUBSTITUTE(SUBSTITUTE(SUBSTITUTE(SUBSTITUTE(SUBSTITUTE(SUBSTITUTE(SUBSTITUTE(SUBSTITUTE(SUBSTITUTE(SUBSTITUTE(SUBSTITUTE(SUBSTITUTE(SUBSTITUTE(SUBSTITUTE(SUBSTITUTE(SUBSTITUTE(SUBSTITUTE(SUBSTITUTE(SUBSTITUTE(UPPER(_xlpm.a)," ",""),"CONTROL","CTRL"),"CTL","CTRL"),"ESCAPE","ESC"),"RETURN","ENTER"),"PAGEDOWN","PGDN"),"PGDOWN","PGDN"),"PAGEUP","PGUP"),"ARROWKEYS","ARROW"),"ARROWKEY","ARROW"),"ARROWS","ARROW"),"DOWNARROW","DOWN"),"UPARROW","UP"),"LEFTARROW","LEFT"),"RIGHTARROW","RIGHT"),"ARROWDOWN","DOWN"),"ARROWUP","UP"),"ARROWLEFT","LEFT"),"ARROWRIGHT","RIGHT"),"↓","DOWN"),"↑","UP"),"←","LEFT"),"→","RIGHT"),"SPACEBAR","SPACE"),"−","-"),"MINUS","-"),"PLUS","+")=Key!$E$15:$J$15),"✔ CLEAR","✘ TRY AGAIN"))),"✘ TRY AGAIN")} | F33: {=IF(E33="Show hint",Key!$B$15,"")} | G33: {=IF(LEFT(D33,1)="✔",IF(E33="Show hint",5,10),0)} -> 0
A34: C2 | B34: Type the COUNTIF criteria for "greater than 50", quotes included. | D34: {=IFERROR(_xlfn.LET(_xlpm.a,'F3-1 Counters'!$C$34,IF(TRIM(_xlpm.a&"")="","",IF(OR(SUBSTITUTE(SUBSTITUTE(SUBSTITUTE(SUBSTITUTE(SUBSTITUTE(SUBSTITUTE(SUBSTITUTE(SUBSTITUTE(SUBSTITUTE(SUBSTITUTE(SUBSTITUTE(SUBSTITUTE(SUBSTITUTE(SUBSTITUTE(SUBSTITUTE(SUBSTITUTE(SUBSTITUTE(SUBSTITUTE(SUBSTITUTE(SUBSTITUTE(SUBSTITUTE(SUBSTITUTE(SUBSTITUTE(SUBSTITUTE(SUBSTITUTE(SUBSTITUTE(SUBSTITUTE(UPPER(_xlpm.a)," ",""),"CONTROL","CTRL"),"CTL","CTRL"),"ESCAPE","ESC"),"RETURN","ENTER"),"PAGEDOWN","PGDN"),"PGDOWN","PGDN"),"PAGEUP","PGUP"),"ARROWKEYS","ARROW"),"ARROWKEY","ARROW"),"ARROWS","ARROW"),"DOWNARROW","DOWN"),"UPARROW","UP"),"LEFTARROW","LEFT"),"RIGHTARROW","RIGHT"),"ARROWDOWN","DOWN"),"ARROWUP","UP"),"ARROWLEFT","LEFT"),"ARROWRIGHT","RIGHT"),"↓","DOWN"),"↑","UP"),"←","LEFT"),"→","RIGHT"),"SPACEBAR","SPACE"),"−","-"),"MINUS","-"),"PLUS","+")=Key!$E$16:$E$16),"✔ CLEAR","✘ TRY AGAIN"))),"✘ TRY AGAIN")} | F34: {=IF(E34="Show hint",Key!$B$16,"")} | G34: {=IF(LEFT(D34,1)="✔",IF(E34="Show hint",5,10),0)} -> 0
A35: C3 | B35: Which wildcard matches any number of characters? | D35: {=IFERROR(_xlfn.LET(_xlpm.a,'F3-1 Counters'!$C$35,IF(TRIM(_xlpm.a&"")="","",IF(OR(SUBSTITUTE(SUBSTITUTE(SUBSTITUTE(SUBSTITUTE(SUBSTITUTE(SUBSTITUTE(SUBSTITUTE(SUBSTITUTE(SUBSTITUTE(SUBSTITUTE(SUBSTITUTE(SUBSTITUTE(SUBSTITUTE(SUBSTITUTE(SUBSTITUTE(SUBSTITUTE(SUBSTITUTE(SUBSTITUTE(SUBSTITUTE(SUBSTITUTE(SUBSTITUTE(SUBSTITUTE(SUBSTITUTE(SUBSTITUTE(SUBSTITUTE(SUBSTITUTE(SUBSTITUTE(UPPER(_xlpm.a)," ",""),"CONTROL","CTRL"),"CTL","CTRL"),"ESCAPE","ESC"),"RETURN","ENTER"),"PAGEDOWN","PGDN"),"PGDOWN","PGDN"),"PAGEUP","PGUP"),"ARROWKEYS","ARROW"),"ARROWKEY","ARROW"),"ARROWS","ARROW"),"DOWNARROW","DOWN"),"UPARROW","UP"),"LEFTARROW","LEFT"),"RIGHTARROW","RIGHT"),"ARROWDOWN","DOWN"),"ARROWUP","UP"),"ARROWLEFT","LEFT"),"ARROWRIGHT","RIGHT"),"↓","DOWN"),"↑","UP"),"←","LEFT"),"→","RIGHT"),"SPACEBAR","SPACE"),"−","-"),"MINUS","-"),"PLUS","+")=Key!$E$17:$F$17),"✔ CLEAR","✘ TRY AGAIN"))),"✘ TRY AGAIN")} | F35: {=IF(E35="Show hint",Key!$B$17,"")} | G35: {=IF(LEFT(D35,1)="✔",IF(E35="Show hint",5,10),0)} -> 0
A36: C4 | B36: In M6 count the East orders: =COUNTIF(D6:D25,"East"). | C36: ▶ ARENA C4 (cell M6) | D36: {=IF(ISBLANK('F3-1 Arena'!$M$6),"",IF(NOT(_xlfn.ISFORMULA('F3-1 Arena'!$M$6)),"✘ That's a typed value · enter a formula",IF(ISERROR('F3-1 Arena'!$M$6),"✘ Your formula returns "&IFERROR(CHOOSE(ERROR.TYPE('F3-1 Arena'!$M$6),"#NULL!","#DIV/0!","#VALUE!","#REF!","#NAME?","#NUM!","#N/A","#GETTING_DATA","#SPILL!","#CONNECT!","#BLOCKED!","#UNKNOWN!","#FIELD!","#CALC!"),"an error"),IF(NOT(AND(IFERROR(AND(ISNUMBER('F3-1 Arena'!$M$6),ABS('F3-1 Arena'!$M$6-Key!$C$18)<=1E-9*MAX(1,ABS(Key!$C$18))),FALSE))),"✘ TRY AGAIN",IF(AND(OR(ISNUMBER(FIND({"=","(",",","+","-","*","/","&"," ","<",">",":","@","^"}&"COUNTIF"&"(",UPPER(_xlfn.FORMULATEXT('F3-1 Arena'!$M$6)))))),"✔ CLEAR","✘ CLOSE · right value, but use COUNTIF")))))} | F36: {=IF(E36="Show hint",Key!$B$18,"")} | G36: {=IF(LEFT(D36,1)="✔",IF(E36="Show hint",5,10),0)} -> 0
A37: C5 | B37: In M7 count the orders with more than 50 units (G6:G25). | C37: ▶ ARENA C5 (cell M7) | D37: {=IF(ISBLANK('F3-1 Arena'!$M$7),"",IF(NOT(_xlfn.ISFORMULA('F3-1 Arena'!$M$7)),"✘ That's a typed value · enter a formula",IF(ISERROR('F3-1 Arena'!$M$7),"✘ Your formula returns "&IFERROR(CHOOSE(ERROR.TYPE('F3-1 Arena'!$M$7),"#NULL!","#DIV/0!","#VALUE!","#REF!","#NAME?","#NUM!","#N/A","#GETTING_DATA","#SPILL!","#CONNECT!","#BLOCKED!","#UNKNOWN!","#FIELD!","#CALC!"),"an error"),IF(NOT(AND(IFERROR(AND(ISNUMBER('F3-1 Arena'!$M$7),ABS('F3-1 Arena'!$M$7-Key!$C$19)<=1E-9*MAX(1,ABS(Key!$C$19))),FALSE))),"✘ TRY AGAIN",IF(AND(OR(ISNUMBER(FIND({"=","(",",","+","-","*","/","&"," ","<",">",":","@","^"}&"COUNTIF"&"(",UPPER(_xlfn.FORMULATEXT('F3-1 Arena'!$M$7)))))),"✔ CLEAR","✘ CLOSE · right value, but use COUNTIF")))))} | F37: {=IF(E37="Show hint",Key!$B$19,"")} | G37: {=IF(LEFT(D37,1)="✔",IF(E37="Show hint",5,10),0)} -> 0
A38: C6 | B38: In M8 count the products (F6:F25) whose name starts with G. | C38: ▶ ARENA C6 (cell M8) | D38: {=IF(ISBLANK('F3-1 Arena'!$M$8),"",IF(NOT(_xlfn.ISFORMULA('F3-1 Arena'!$M$8)),"✘ That's a typed value · enter a formula",IF(ISERROR('F3-1 Arena'!$M$8),"✘ Your formula returns "&IFERROR(CHOOSE(ERROR.TYPE('F3-1 Arena'!$M$8),"#NULL!","#DIV/0!","#VALUE!","#REF!","#NAME?","#NUM!","#N/A","#GETTING_DATA","#SPILL!","#CONNECT!","#BLOCKED!","#UNKNOWN!","#FIELD!","#CALC!"),"an error"),IF(NOT(AND(IFERROR(AND(ISNUMBER('F3-1 Arena'!$M$8),ABS('F3-1 Arena'!$M$8-Key!$C$20)<=1E-9*MAX(1,ABS(Key!$C$20))),FALSE))),"✘ TRY AGAIN",IF(AND(OR(ISNUMBER(FIND({"=","(",",","+","-","*","/","&"," ","<",">",":","@","^"}&"COUNTIF"&"(",UPPER(_xlfn.FORMULATEXT('F3-1 Arena'!$M$8)))))),IF(ISNUMBER(FIND("*",_xlfn.FORMULATEXT('F3-1 Arena'!$M$8))),"✔ CLEAR","✘ CLOSE · your formula needs *"),"✘ CLOSE · right value, but use COUNTIF")))))} | F38: {=IF(E38="Show hint",Key!$B$20,"")} | G38: {=IF(LEFT(D38,1)="✔",IF(E38="Show hint",5,10),0)} -> 0
A39: C7 | B39: In M9 count the orders NOT from East. | C39: ▶ ARENA C7 (cell M9) | D39: {=IF(ISBLANK('F3-1 Arena'!$M$9),"",IF(NOT(_xlfn.ISFORMULA('F3-1 Arena'!$M$9)),"✘ That's a typed value · enter a formula",IF(ISERROR('F3-1 Arena'!$M$9),"✘ Your formula returns "&IFERROR(CHOOSE(ERROR.TYPE('F3-1 Arena'!$M$9),"#NULL!","#DIV/0!","#VALUE!","#REF!","#NAME?","#NUM!","#N/A","#GETTING_DATA","#SPILL!","#CONNECT!","#BLOCKED!","#UNKNOWN!","#FIELD!","#CALC!"),"an error"),IF(NOT(AND(IFERROR(AND(ISNUMBER('F3-1 Arena'!$M$9),ABS('F3-1 Arena'!$M$9-Key!$C$21)<=1E-9*MAX(1,ABS(Key!$C$21))),FALSE))),"✘ TRY AGAIN",IF(AND(OR(ISNUMBER(FIND({"=","(",",","+","-","*","/","&"," ","<",">",":","@","^"}&"COUNTIF"&"(",UPPER(_xlfn.FORMULATEXT('F3-1 Arena'!$M$9)))))),IF(ISNUMBER(FIND("<>",_xlfn.FORMULATEXT('F3-1 Arena'!$M$9))),"✔ CLEAR","✘ CLOSE · your formula needs <>"),"✘ CLOSE · right value, but use COUNTIF")))))} | F39: {=IF(E39="Show hint",Key!$B$21,"")} | G39: {=IF(LEFT(D39,1)="✔",IF(E39="Show hint",5,10),0)} -> 0

Sheet F3-1 Arena
A1: ARENA ▸ F3-1 COUNTERS
A2: Practice area · everything here is editable. Missions and their checks are on the stage sheet.
A3: PASS CODE | B3: COUNTER | D3: ◀ Back to F3-1 Counters
B5: Order | C5: Date | D5: Region | E5: Rep | F5: Product | G5: Units | H5: Revenue | K5: Min units
B6: O-101 | C6: 46027 | D6: East | E6: Kim | F6: Widget | G6: 40 | H6: 1200 | K6: 40 | L6: East orders
B7: O-102 | C7: 46031 | D7: West | E7: Lee | F7: Gadget | G7: 15 | H7: 900 | L7: Orders over 50 units
B8: O-103 | C8: 46036 | D8: North | E8: Ava | F8: Widget | G8: 55 | H8: 1650 | K8: Start | L8: Products starting with G
B9: O-104 | C9: 46042 | D9: East | E9: Kim | F9: Gizmo | G9: 20 | H9: 1000 | K9: 46054 | L9: Orders not from East
B10: O-105 | C10: 46055 | D10: South | E10: Raj | F10: Gadget | G10: 60 | H10: 3600 | K10: End
B11: O-106 | C11: 46060 | D11: West | E11: Lee | F11: Widget | G11: 35 | H11: 1050 | K11: 46112
B12: O-107 | C12: 46064 | D12: East | E12: Ava | F12: Gadget | G12: 25 | H12: 1500
B13: O-108 | C13: 46072 | D13: North | E13: Raj | F13: Gizmo | G13: 45 | H13: 2250
B14: O-109 | C14: 46084 | D14: West | E14: Kim | F14: Gizmo | G14: 10 | H14: 500
B15: O-110 | C15: 46089 | D15: East | E15: Lee | F15: Widget | G15: 70 | H15: 2100
B16: O-111 | C16: 46096 | D16: South | E16: Ava | F16: Widget | G16: 30 | H16: 900
B17: O-112 | C17: 46103 | D17: North | E17: Kim | F17: Gadget | G17: 50 | H17: 3000
B18: O-113 | C18: 46113 | D18: East | E18: Raj | F18: Gizmo | G18: 65 | H18: 3250
B19: O-114 | C19: 46118 | D19: West | E19: Ava | F19: Gadget | G19: 20 | H19: 1200
B20: O-115 | C20: 46125 | D20: South | E20: Lee | F20: Gizmo | G20: 15 | H20: 750
B21: O-116 | C21: 46133 | D21: East | E21: Kim | F21: Widget | G21: 50 | H21: 1500
B22: O-117 | C22: 46146 | D22: North | E22: Lee | F22: Widget | G22: 25 | H22: 750
B23: O-118 | C23: 46154 | D23: West | E23: Raj | F23: Gadget | G23: 40 | H23: 2400
... B25: O-120 | C25: 46169 | D25: East | E25: Ava | F25: Gadget | G25: 55 | H25: 3300

Sheet F3-2 Money Bags
A1: STAGE F3-2 ▸ MONEY BAGS
A2: Goal: add and average with a condition
A3: {="SCORE "&TEXT(SUM($G$12:$G$35),"0000")&" / 0170"} -> SCORE 0000 / 0170 | C3: {=IF(SUM($G$12:$G$35)>=170,"★★★",IF(SUM($G$12:$G$35)>=170*0.8,"★★☆",IF(SUM($G$12:$G$35)>=170*0.5,"★☆☆","☆☆☆")))} -> ☆☆☆ | D3: {=REPT("█",ROUND(10*SUM($G$12:$G$35)/170,0))&REPT("░",10-ROUND(10*SUM($G$12:$G$35)/170,0))&" "&TEXT(SUM($G$12:$G$35)/170,"0%")} -> ░░░░░░░░░░ 0% | F3: {=IF(SUM($G$12:$G$35)>=170*0.5,"STAGE CLEAR! ▶ Next: F3-3 Multi-Filter","")}
A5: BRIEFING · new moves in this stage
A6: # | B6: What it does · Pro tip | C6: Keys / Syntax
A7: 1 | B7: Add the values whose row meets one condition. Tip: =SUMIF(D6:D25,"West",H6:H25): test range, criteria, then sum range. | C7: SUMIF
A8: 2 | B8: Average the values whose row meets one condition. Tip: Same argument order as SUMIF. | C8: AVERAGEIF
A10: WARM-UP · flashback to earlier stages
A11: # | B11: Mission | C11: Your answer | D11: Result | E11: Hint? | F11: Hint | G11: XP
A12: W1 | B12: Which function counts cells that meet one condition? (from F3-1 Counters) | D12: {=IFERROR(_xlfn.LET(_xlpm.a,'F3-2 Money Bags'!$C$12,IF(TRIM(_xlpm.a&"")="","",IF(OR(SUBSTITUTE(SUBSTITUTE(SUBSTITUTE(SUBSTITUTE(SUBSTITUTE(SUBSTITUTE(SUBSTITUTE(SUBSTITUTE(SUBSTITUTE(SUBSTITUTE(SUBSTITUTE(SUBSTITUTE(SUBSTITUTE(SUBSTITUTE(SUBSTITUTE(SUBSTITUTE(SUBSTITUTE(SUBSTITUTE(SUBSTITUTE(SUBSTITUTE(SUBSTITUTE(SUBSTITUTE(SUBSTITUTE(SUBSTITUTE(SUBSTITUTE(SUBSTITUTE(SUBSTITUTE(UPPER(_xlpm.a)," ",""),"CONTROL","CTRL"),"CTL","CTRL"),"ESCAPE","ESC"),"RETURN","ENTER"),"PAGEDOWN","PGDN"),"PGDOWN","PGDN"),"PAGEUP","PGUP"),"ARROWKEYS","ARROW"),"ARROWKEY","ARROW"),"ARROWS","ARROW"),"DOWNARROW","DOWN"),"UPARROW","UP"),"LEFTARROW","LEFT"),"RIGHTARROW","RIGHT"),"ARROWDOWN","DOWN"),"ARROWUP","UP"),"ARROWLEFT","LEFT"),"ARROWRIGHT","RIGHT"),"↓","DOWN"),"↑","UP"),"←","LEFT"),"→","RIGHT"),"SPACEBAR","SPACE"),"−","-"),"MINUS","-"),"PLUS","+")=Key!$E$22:$J$22),"✔ CLEAR","✘ TRY AGAIN"))),"✘ TRY AGAIN")} | F12: {=IF(E12="Show hint",Key!$B$22,"")} | G12: {=IF(LEFT(D12,1)="✔",IF(E12="Show hint",5,10),0)} -> 0
A13: W2 | B13: Type the COUNTIF criteria for "greater than 50", quotes included. (from F3-1 Counters) | D13: {=IFERROR(_xlfn.LET(_xlpm.a,'F3-2 Money Bags'!$C$13,IF(TRIM(_xlpm.a&"")="","",IF(OR(SUBSTITUTE(SUBSTITUTE(SUBSTITUTE(SUBSTITUTE(SUBSTITUTE(SUBSTITUTE(SUBSTITUTE(SUBSTITUTE(SUBSTITUTE(SUBSTITUTE(SUBSTITUTE(SUBSTITUTE(SUBSTITUTE(SUBSTITUTE(SUBSTITUTE(SUBSTITUTE(SUBSTITUTE(SUBSTITUTE(SUBSTITUTE(SUBSTITUTE(SUBSTITUTE(SUBSTITUTE(SUBSTITUTE(SUBSTITUTE(SUBSTITUTE(SUBSTITUTE(SUBSTITUTE(UPPER(_xlpm.a)," ",""),"CONTROL","CTRL"),"CTL","CTRL"),"ESCAPE","ESC"),"RETURN","ENTER"),"PAGEDOWN","PGDN"),"PGDOWN","PGDN"),"PAGEUP","PGUP"),"ARROWKEYS","ARROW"),"ARROWKEY","ARROW"),"ARROWS","ARROW"),"DOWNARROW","DOWN"),"UPARROW","UP"),"LEFTARROW","LEFT"),"RIGHTARROW","RIGHT"),"ARROWDOWN","DOWN"),"ARROWUP","UP"),"ARROWLEFT","LEFT"),"ARROWRIGHT","RIGHT"),"↓","DOWN"),"↑","UP"),"←","LEFT"),"→","RIGHT"),"SPACEBAR","SPACE"),"−","-"),"MINUS","-"),"PLUS","+")=Key!$E$23:$E$23),"✔ CLEAR","✘ TRY AGAIN"))),"✘ TRY AGAIN")} | F13: {=IF(E13="Show hint",Key!$B$23,"")} | G13: {=IF(LEFT(D13,1)="✔",IF(E13="Show hint",5,10),0)} -> 0
A14: W3 | B14: Which wildcard matches any number of characters? (from F3-1 Counters) | D14: {=IFERROR(_xlfn.LET(_xlpm.a,'F3-2 Money Bags'!$C$14,IF(TRIM(_xlpm.a&"")="","",IF(OR(SUBSTITUTE(SUBSTITUTE(SUBSTITUTE(SUBSTITUTE(SUBSTITUTE(SUBSTITUTE(SUBSTITUTE(SUBSTITUTE(SUBSTITUTE(SUBSTITUTE(SUBSTITUTE(SUBSTITUTE(SUBSTITUTE(SUBSTITUTE(SUBSTITUTE(SUBSTITUTE(SUBSTITUTE(SUBSTITUTE(SUBSTITUTE(SUBSTITUTE(SUBSTITUTE(SUBSTITUTE(SUBSTITUTE(SUBSTITUTE(SUBSTITUTE(SUBSTITUTE(SUBSTITUTE(UPPER(_xlpm.a)," ",""),"CONTROL","CTRL"),"CTL","CTRL"),"ESCAPE","ESC"),"RETURN","ENTER"),"PAGEDOWN","PGDN"),"PGDOWN","PGDN"),"PAGEUP","PGUP"),"ARROWKEYS","ARROW"),"ARROWKEY","ARROW"),"ARROWS","ARROW"),"DOWNARROW","DOWN"),"UPARROW","UP"),"LEFTARROW","LEFT"),"RIGHTARROW","RIGHT"),"ARROWDOWN","DOWN"),"ARROWUP","UP"),"ARROWLEFT","LEFT"),"ARROWRIGHT","RIGHT"),"↓","DOWN"),"↑","UP"),"←","LEFT"),"→","RIGHT"),"SPACEBAR","SPACE"),"−","-"),"MINUS","-"),"PLUS","+")=Key!$E$24:$F$24),"✔ CLEAR","✘ TRY AGAIN"))),"✘ TRY AGAIN")} | F14: {=IF(E14="Show hint",Key!$B$24,"")} | G14: {=IF(LEFT(D14,1)="✔",IF(E14="Show hint",5,10),0)} -> 0
A15: W4 | B15: Which keys toggle bold? (from S3-2 Text Style) | D15: {=IFERROR(_xlfn.LET(_xlpm.a,'F3-2 Money Bags'!$C$15,IF(TRIM(_xlpm.a&"")="","",IF(OR(SUBSTITUTE(SUBSTITUTE(SUBSTITUTE(SUBSTITUTE(SUBSTITUTE(SUBSTITUTE(SUBSTITUTE(SUBSTITUTE(SUBSTITUTE(SUBSTITUTE(SUBSTITUTE(SUBSTITUTE(SUBSTITUTE(SUBSTITUTE(SUBSTITUTE(SUBSTITUTE(SUBSTITUTE(SUBSTITUTE(SUBSTITUTE(SUBSTITUTE(SUBSTITUTE(SUBSTITUTE(SUBSTITUTE(SUBSTITUTE(SUBSTITUTE(SUBSTITUTE(SUBSTITUTE(UPPER(_xlpm.a)," ",""),"CONTROL","CTRL"),"CTL","CTRL"),"ESCAPE","ESC"),"RETURN","ENTER"),"PAGEDOWN","PGDN"),"PGDOWN","PGDN"),"PAGEUP","PGUP"),"ARROWKEYS","ARROW"),"ARROWKEY","ARROW"),"ARROWS","ARROW"),"DOWNARROW","DOWN"),"UPARROW","UP"),"LEFTARROW","LEFT"),"RIGHTARROW","RIGHT"),"ARROWDOWN","DOWN"),"ARROWUP","UP"),"ARROWLEFT","LEFT"),"ARROWRIGHT","RIGHT"),"↓","DOWN"),"↑","UP"),"←","LEFT"),"→","RIGHT"),"SPACEBAR","SPACE"),"−","-"),"MINUS","-"),"PLUS","+")=Key!$E$25:$F$25),"✔ CLEAR","✘ TRY AGAIN"))),"✘ TRY AGAIN")} | F15: {=IF(E15="Show hint",Key!$B$25,"")} | G15: {=IF(LEFT(D15,1)="✔",IF(E15="Show hint",5,10),0)} -> 0
A16: W5 | B16: Which keys toggle italic? (from S3-2 Text Style) | D16: {=IFERROR(_xlfn.LET(_xlpm.a,'F3-2 Money Bags'!$C$16,IF(TRIM(_xlpm.a&"")="","",IF(OR(SUBSTITUTE(SUBSTITUTE(SUBSTITUTE(SUBSTITUTE(SUBSTITUTE(SUBSTITUTE(SUBSTITUTE(SUBSTITUTE(SUBSTITUTE(SUBSTITUTE(SUBSTITUTE(SUBSTITUTE(SUBSTITUTE(SUBSTITUTE(SUBSTITUTE(SUBSTITUTE(SUBSTITUTE(SUBSTITUTE(SUBSTITUTE(SUBSTITUTE(SUBSTITUTE(SUBSTITUTE(SUBSTITUTE(SUBSTITUTE(SUBSTITUTE(SUBSTITUTE(SUBSTITUTE(UPPER(_xlpm.a)," ",""),"CONTROL","CTRL"),"CTL","CTRL"),"ESCAPE","ESC"),"RETURN","ENTER"),"PAGEDOWN","PGDN"),"PGDOWN","PGDN"),"PAGEUP","PGUP"),"ARROWKEYS","ARROW"),"ARROWKEY","ARROW"),"ARROWS","ARROW"),"DOWNARROW","DOWN"),"UPARROW","UP"),"LEFTARROW","LEFT"),"RIGHTARROW","RIGHT"),"ARROWDOWN","DOWN"),"ARROWUP","UP"),"ARROWLEFT","LEFT"),"ARROWRIGHT","RIGHT"),"↓","DOWN"),"↑","UP"),"←","LEFT"),"→","RIGHT"),"SPACEBAR","SPACE"),"−","-"),"MINUS","-"),"PLUS","+")=Key!$E$26:$F$26),"✔ CLEAR","✘ TRY AGAIN"))),"✘ TRY AGAIN")} | F16: {=IF(E16="Show hint",Key!$B$26,"")} | G16: {=IF(LEFT(D16,1)="✔",IF(E16="Show hint",5,10),0)} -> 0
A17: W6 | B17: Which keys toggle underline? (from S3-2 Text Style) | D17: {=IFERROR(_xlfn.LET(_xlpm.a,'F3-2 Money Bags'!$C$17,IF(TRIM(_xlpm.a&"")="","",IF(OR(SUBSTITUTE(SUBSTITUTE(SUBSTITUTE(SUBSTITUTE(SUBSTITUTE(SUBSTITUTE(SUBSTITUTE(SUBSTITUTE(SUBSTITUTE(SUBSTITUTE(SUBSTITUTE(SUBSTITUTE(SUBSTITUTE(SUBSTITUTE(SUBSTITUTE(SUBSTITUTE(SUBSTITUTE(SUBSTITUTE(SUBSTITUTE(SUBSTITUTE(SUBSTITUTE(SUBSTITUTE(SUBSTITUTE(SUBSTITUTE(SUBSTITUTE(SUBSTITUTE(SUBSTITUTE(UPPER(_xlpm.a)," ",""),"CONTROL","CTRL"),"CTL","CTRL"),"ESCAPE","ESC"),"RETURN","ENTER"),"PAGEDOWN","PGDN"),"PGDOWN","PGDN"),"PAGEUP","PGUP"),"ARROWKEYS","ARROW"),"ARROWKEY","ARROW"),"ARROWS","ARROW"),"DOWNARROW","DOWN"),"UPARROW","UP"),"LEFTARROW","LEFT"),"RIGHTARROW","RIGHT"),"ARROWDOWN","DOWN"),"ARROWUP","UP"),"ARROWLEFT","LEFT"),"ARROWRIGHT","RIGHT"),"↓","DOWN"),"↑","UP"),"←","LEFT"),"→","RIGHT"),"SPACEBAR","SPACE"),"−","-"),"MINUS","-"),"PLUS","+")=Key!$E$27:$F$27),"✔ CLEAR","✘ TRY AGAIN"))),"✘ TRY AGAIN")} | F17: {=IF(E17="Show hint",Key!$B$27,"")} | G17: {=IF(LEFT(D17,1)="✔",IF(E17="Show hint",5,10),0)} -> 0
A18: W7 | B18: Which keys toggle strikethrough? (from S3-2 Text Style) | D18: {=IFERROR(_xlfn.LET(_xlpm.a,'F3-2 Money Bags'!$C$18,IF(TRIM(_xlpm.a&"")="","",IF(OR(SUBSTITUTE(SUBSTITUTE(SUBSTITUTE(SUBSTITUTE(SUBSTITUTE(SUBSTITUTE(SUBSTITUTE(SUBSTITUTE(SUBSTITUTE(SUBSTITUTE(SUBSTITUTE(SUBSTITUTE(SUBSTITUTE(SUBSTITUTE(SUBSTITUTE(SUBSTITUTE(SUBSTITUTE(SUBSTITUTE(SUBSTITUTE(SUBSTITUTE(SUBSTITUTE(SUBSTITUTE(SUBSTITUTE(SUBSTITUTE(SUBSTITUTE(SUBSTITUTE(SUBSTITUTE(UPPER(_xlpm.a)," ",""),"CONTROL","CTRL"),"CTL","CTRL"),"ESCAPE","ESC"),"RETURN","ENTER"),"PAGEDOWN","PGDN"),"PGDOWN","PGDN"),"PAGEUP","PGUP"),"ARROWKEYS","ARROW"),"ARROWKEY","ARROW"),"ARROWS","ARROW"),"DOWNARROW","DOWN"),"UPARROW","UP"),"LEFTARROW","LEFT"),"RIGHTARROW","RIGHT"),"ARROWDOWN","DOWN"),"ARROWUP","UP"),"ARROWLEFT","LEFT"),"ARROWRIGHT","RIGHT"),"↓","DOWN"),"↑","UP"),"←","LEFT"),"→","RIGHT"),"SPACEBAR","SPACE"),"−","-"),"MINUS","-"),"PLUS","+")=Key!$E$28:$E$28),"✔ CLEAR","✘ TRY AGAIN"))),"✘ TRY AGAIN")} | F18: {=IF(E18="Show hint",Key!$B$28,"")} | G18: {=IF(LEFT(D18,1)="✔",IF(E18="Show hint",5,10),0)} -> 0
A19: W8 | B19: Which keys fill every selected cell with what you typed? (from S2-1 Quick Entry) | D19: {=IFERROR(_xlfn.LET(_xlpm.a,'F3-2 Money Bags'!$C$19,IF(TRIM(_xlpm.a&"")="","",IF(OR(SUBSTITUTE(SUBSTITUTE(SUBSTITUTE(SUBSTITUTE(SUBSTITUTE(SUBSTITUTE(SUBSTITUTE(SUBSTITUTE(SUBSTITUTE(SUBSTITUTE(SUBSTITUTE(SUBSTITUTE(SUBSTITUTE(SUBSTITUTE(SUBSTITUTE(SUBSTITUTE(SUBSTITUTE(SUBSTITUTE(SUBSTITUTE(SUBSTITUTE(SUBSTITUTE(SUBSTITUTE(SUBSTITUTE(SUBSTITUTE(SUBSTITUTE(SUBSTITUTE(SUBSTITUTE(UPPER(_xlpm.a)," ",""),"CONTROL","CTRL"),"CTL","CTRL"),"ESCAPE","ESC"),"RETURN","ENTER"),"PAGEDOWN","PGDN"),"PGDOWN","PGDN"),"PAGEUP","PGUP"),"ARROWKEYS","ARROW"),"ARROWKEY","ARROW"),"ARROWS","ARROW"),"DOWNARROW","DOWN"),"UPARROW","UP"),"LEFTARROW","LEFT"),"RIGHTARROW","RIGHT"),"ARROWDOWN","DOWN"),"ARROWUP","UP"),"ARROWLEFT","LEFT"),"ARROWRIGHT","RIGHT"),"↓","DOWN"),"↑","UP"),"←","LEFT"),"→","RIGHT"),"SPACEBAR","SPACE"),"−","-"),"MINUS","-"),"PLUS","+")=Key!$E$29:$E$29),"✔ CLEAR","✘ TRY AGAIN"))),"✘ TRY AGAIN")} | F19: {=IF(E19="Show hint",Key!$B$29,"")} | G19: {=IF(LEFT(D19,1)="✔",IF(E19="Show hint",5,10),0)} -> 0
A20: W9 | B20: Which keys start a new line inside the same cell? (from S2-1 Quick Entry) | D20: {=IFERROR(_xlfn.LET(_xlpm.a,'F3-2 Money Bags'!$C$20,IF(TRIM(_xlpm.a&"")="","",IF(OR(SUBSTITUTE(SUBSTITUTE(SUBSTITUTE(SUBSTITUTE(SUBSTITUTE(SUBSTITUTE(SUBSTITUTE(SUBSTITUTE(SUBSTITUTE(SUBSTITUTE(SUBSTITUTE(SUBSTITUTE(SUBSTITUTE(SUBSTITUTE(SUBSTITUTE(SUBSTITUTE(SUBSTITUTE(SUBSTITUTE(SUBSTITUTE(SUBSTITUTE(SUBSTITUTE(SUBSTITUTE(SUBSTITUTE(SUBSTITUTE(SUBSTITUTE(SUBSTITUTE(SUBSTITUTE(UPPER(_xlpm.a)," ",""),"CONTROL","CTRL"),"CTL","CTRL"),"ESCAPE","ESC"),"RETURN","ENTER"),"PAGEDOWN","PGDN"),"PGDOWN","PGDN"),"PAGEUP","PGUP"),"ARROWKEYS","ARROW"),"ARROWKEY","ARROW"),"ARROWS","ARROW"),"DOWNARROW","DOWN"),"UPARROW","UP"),"LEFTARROW","LEFT"),"RIGHTARROW","RIGHT"),"ARROWDOWN","DOWN"),"ARROWUP","UP"),"ARROWLEFT","LEFT"),"ARROWRIGHT","RIGHT"),"↓","DOWN"),"↑","UP"),"←","LEFT"),"→","RIGHT"),"SPACEBAR","SPACE"),"−","-"),"MINUS","-"),"PLUS","+")=Key!$E$30:$E$30),"✔ CLEAR","✘ TRY AGAIN"))),"✘ TRY AGAIN")} | F20: {=IF(E20="Show hint",Key!$B$30,"")} | G20: {=IF(LEFT(D20,1)="✔",IF(E20="Show hint",5,10),0)} -> 0
A21: W10 | B21: Which key cancels an entry and leaves the cell unchanged? (from S2-1 Quick Entry) | D21: {=IFERROR(_xlfn.LET(_xlpm.a,'F3-2 Money Bags'!$C$21,IF(TRIM(_xlpm.a&"")="","",IF(OR(SUBSTITUTE(SUBSTITUTE(SUBSTITUTE(SUBSTITUTE(SUBSTITUTE(SUBSTITUTE(SUBSTITUTE(SUBSTITUTE(SUBSTITUTE(SUBSTITUTE(SUBSTITUTE(SUBSTITUTE(SUBSTITUTE(SUBSTITUTE(SUBSTITUTE(SUBSTITUTE(SUBSTITUTE(SUBSTITUTE(SUBSTITUTE(SUBSTITUTE(SUBSTITUTE(SUBSTITUTE(SUBSTITUTE(SUBSTITUTE(SUBSTITUTE(SUBSTITUTE(SUBSTITUTE(UPPER(_xlpm.a)," ",""),"CONTROL","CTRL"),"CTL","CTRL"),"ESCAPE","ESC"),"RETURN","ENTER"),"PAGEDOWN","PGDN"),"PGDOWN","PGDN"),"PAGEUP","PGUP"),"ARROWKEYS","ARROW"),"ARROWKEY","ARROW"),"ARROWS","ARROW"),"DOWNARROW","DOWN"),"UPARROW","UP"),"LEFTARROW","LEFT"),"RIGHTARROW","RIGHT"),"ARROWDOWN","DOWN"),"ARROWUP","UP"),"ARROWLEFT","LEFT"),"ARROWRIGHT","RIGHT"),"↓","DOWN"),"↑","UP"),"←","LEFT"),"→","RIGHT"),"SPACEBAR","SPACE"),"−","-"),"MINUS","-"),"PLUS","+")=Key!$E$31:$E$31),"✔ CLEAR","✘ TRY AGAIN"))),"✘ TRY AGAIN")} | F21: {=IF(E21="Show hint",Key!$B$31,"")} | G21: {=IF(LEFT(D21,1)="✔",IF(E21="Show hint",5,10),0)} -> 0
A23: TRAINING · recognize the move (pick from the list)
A24: # | B24: Mission | C24: Your answer | D24: Result | E24: Hint? | F24: Hint | G24: XP
A25: T1 | B25: Which function adds values that meet one condition? | D25: {=IFERROR(IF('F3-2 Money Bags'!$C$25&""="","",IF('F3-2 Money Bags'!$C$25&""=Key!$C$32&"","✔ CLEAR","✘ TRY AGAIN")),"✘ TRY AGAIN")} | F25: {=IF(E25="Show hint",Key!$B$32,"")} | G25: {=IF(LEFT(D25,1)="✔",IF(E25="Show hint",5,10),0)} -> 0
A26: T2 | B26: Which function averages values that meet one condition? | D26: {=IFERROR(IF('F3-2 Money Bags'!$C$26&""="","",IF('F3-2 Money Bags'!$C$26&""=Key!$C$33&"","✔ CLEAR","✘ TRY AGAIN")),"✘ TRY AGAIN")} | F26: {=IF(E26="Show hint",Key!$B$33,"")} | G26: {=IF(LEFT(D26,1)="✔",IF(E26="Show hint",5,10),0)} -> 0
A28: CHALLENGES · recall it, then do it
B29: ▶ Open F3-2 Arena (or press Ctrl+PgDn)
A30: # | B30: Mission | C30: Your answer | D30: Result | E30: Hint? | F30: Hint | G30: XP
A31: C1 | B31: Which function adds values that meet one condition? | D31: {=IFERROR(_xlfn.LET(_xlpm.a,'F3-2 Money Bags'!$C$31,IF(TRIM(_xlpm.a&"")="","",IF(OR(SUBSTITUTE(SUBSTITUTE(SUBSTITUTE(SUBSTITUTE(SUBSTITUTE(SUBSTITUTE(SUBSTITUTE(SUBSTITUTE(SUBSTITUTE(SUBSTITUTE(SUBSTITUTE(SUBSTITUTE(SUBSTITUTE(SUBSTITUTE(SUBSTITUTE(SUBSTITUTE(SUBSTITUTE(SUBSTITUTE(SUBSTITUTE(SUBSTITUTE(SUBSTITUTE(SUBSTITUTE(SUBSTITUTE(SUBSTITUTE(SUBSTITUTE(SUBSTITUTE(SUBSTITUTE(UPPER(_xlpm.a)," ",""),"CONTROL","CTRL"),"CTL","CTRL"),"ESCAPE","ESC"),"RETURN","ENTER"),"PAGEDOWN","PGDN"),"PGDOWN","PGDN"),"PAGEUP","PGUP"),"ARROWKEYS","ARROW"),"ARROWKEY","ARROW"),"ARROWS","ARROW"),"DOWNARROW","DOWN"),"UPARROW","UP"),"LEFTARROW","LEFT"),"RIGHTARROW","RIGHT"),"ARROWDOWN","DOWN"),"ARROWUP","UP"),"ARROWLEFT","LEFT"),"ARROWRIGHT","RIGHT"),"↓","DOWN"),"↑","UP"),"←","LEFT"),"→","RIGHT"),"SPACEBAR","SPACE"),"−","-"),"MINUS","-"),"PLUS","+")=Key!$E$34:$J$34),"✔ CLEAR","✘ TRY AGAIN"))),"✘ TRY AGAIN")} | F31: {=IF(E31="Show hint",Key!$B$34,"")} | G31: {=IF(LEFT(D31,1)="✔",IF(E31="Show hint",5,10),0)} -> 0
A32: C2 | B32: Which function averages values that meet one condition? | D32: {=IFERROR(_xlfn.LET(_xlpm.a,'F3-2 Money Bags'!$C$32,IF(TRIM(_xlpm.a&"")="","",IF(OR(SUBSTITUTE(SUBSTITUTE(SUBSTITUTE(SUBSTITUTE(SUBSTITUTE(SUBSTITUTE(SUBSTITUTE(SUBSTITUTE(SUBSTITUTE(SUBSTITUTE(SUBSTITUTE(SUBSTITUTE(SUBSTITUTE(SUBSTITUTE(SUBSTITUTE(SUBSTITUTE(SUBSTITUTE(SUBSTITUTE(SUBSTITUTE(SUBSTITUTE(SUBSTITUTE(SUBSTITUTE(SUBSTITUTE(SUBSTITUTE(SUBSTITUTE(SUBSTITUTE(SUBSTITUTE(UPPER(_xlpm.a)," ",""),"CONTROL","CTRL"),"CTL","CTRL"),"ESCAPE","ESC"),"RETURN","ENTER"),"PAGEDOWN","PGDN"),"PGDOWN","PGDN"),"PAGEUP","PGUP"),"ARROWKEYS","ARROW"),"ARROWKEY","ARROW"),"ARROWS","ARROW"),"DOWNARROW","DOWN"),"UPARROW","UP"),"LEFTARROW","LEFT"),"RIGHTARROW","RIGHT"),"ARROWDOWN","DOWN"),"ARROWUP","UP"),"ARROWLEFT","LEFT"),"ARROWRIGHT","RIGHT"),"↓","DOWN"),"↑","UP"),"←","LEFT"),"→","RIGHT"),"SPACEBAR","SPACE"),"−","-"),"MINUS","-"),"PLUS","+")=Key!$E$35:$J$35),"✔ CLEAR","✘ TRY AGAIN"))),"✘ TRY AGAIN")} | F32: {=IF(E32="Show hint",Key!$B$35,"")} | G32: {=IF(LEFT(D32,1)="✔",IF(E32="Show hint",5,10),0)} -> 0
A33: C3 | B33: In M6 add up the Revenue (H) of the West orders: =SUMIF(D6:D25,"West",H6:H25). | C33: ▶ ARENA C3 (cell M6) | D33: {=IF(ISBLANK('F3-2 Arena'!$M$6),"",IF(NOT(_xlfn.ISFORMULA('F3-2 Arena'!$M$6)),"✘ That's a typed value · enter a formula",IF(ISERROR('F3-2 Arena'!$M$6),"✘ Your formula returns "&IFERROR(CHOOSE(ERROR.TYPE('F3-2 Arena'!$M$6),"#NULL!","#DIV/0!","#VALUE!","#REF!","#NAME?","#NUM!","#N/A","#GETTING_DATA","#SPILL!","#CONNECT!","#BLOCKED!","#UNKNOWN!","#FIELD!","#CALC!"),"an error"),IF(NOT(AND(IFERROR(AND(ISNUMBER('F3-2 Arena'!$M$6),ABS('F3-2 Arena'!$M$6-Key!$C$36)<=1E-9*MAX(1,ABS(Key!$C$36))),FALSE))),"✘ TRY AGAIN",IF(AND(OR(ISNUMBER(FIND({"=","(",",","+","-","*","/","&"," ","<",">",":","@","^"}&"SUMIF"&"(",UPPER(_xlfn.FORMULATEXT('F3-2 Arena'!$M$6)))))),"✔ CLEAR","✘ CLOSE · right value, but use SUMIF")))))} | F33: {=IF(E33="Show hint",Key!$B$36,"")} | G33: {=IF(LEFT(D33,1)="✔",IF(E33="Show hint",5,10),0)} -> 0
A34: C4 | B34: In M7 average the Units (G) of Kim's orders (Rep in column E). | C34: ▶ ARENA C4 (cell M7) | D34: {=IF(ISBLANK('F3-2 Arena'!$M$7),"",IF(NOT(_xlfn.ISFORMULA('F3-2 Arena'!$M$7)),"✘ That's a typed value · enter a formula",IF(ISERROR('F3-2 Arena'!$M$7),"✘ Your formula returns "&IFERROR(CHOOSE(ERROR.TYPE('F3-2 Arena'!$M$7),"#NULL!","#DIV/0!","#VALUE!","#REF!","#NAME?","#NUM!","#N/A","#GETTING_DATA","#SPILL!","#CONNECT!","#BLOCKED!","#UNKNOWN!","#FIELD!","#CALC!"),"an error"),IF(NOT(AND(IFERROR(AND(ISNUMBER('F3-2 Arena'!$M$7),ABS('F3-2 Arena'!$M$7-Key!$C$37)<=1E-9*MAX(1,ABS(Key!$C$37))),FALSE))),"✘ TRY AGAIN",IF(AND(OR(ISNUMBER(FIND({"=","(",",","+","-","*","/","&"," ","<",">",":","@","^"}&"AVERAGEIF"&"(",UPPER(_xlfn.FORMULATEXT('F3-2 Arena'!$M$7)))))),"✔ CLEAR","✘ CLOSE · right value, but use AVERAGEIF")))))} | F34: {=IF(E34="Show hint",Key!$B$37,"")} | G34: {=IF(LEFT(D34,1)="✔",IF(E34="Show hint",5,10),0)} -> 0
A35: C5 | B35: In M8 add up the Revenue of orders with 40 or more Units. | C35: ▶ ARENA C5 (cell M8) | D35: {=IF(ISBLANK('F3-2 Arena'!$M$8),"",IF(NOT(_xlfn.ISFORMULA('F3-2 Arena'!$M$8)),"✘ That's a typed value · enter a formula",IF(ISERROR('F3-2 Arena'!$M$8),"✘ Your formula returns "&IFERROR(CHOOSE(ERROR.TYPE('F3-2 Arena'!$M$8),"#NULL!","#DIV/0!","#VALUE!","#REF!","#NAME?","#NUM!","#N/A","#GETTING_DATA","#SPILL!","#CONNECT!","#BLOCKED!","#UNKNOWN!","#FIELD!","#CALC!"),"an error"),IF(NOT(AND(IFERROR(AND(ISNUMBER('F3-2 Arena'!$M$8),ABS('F3-2 Arena'!$M$8-Key!$C$38)<=1E-9*MAX(1,ABS(Key!$C$38))),FALSE))),"✘ TRY AGAIN",IF(AND(OR(ISNUMBER(FIND({"=","(",",","+","-","*","/","&"," ","<",">",":","@","^"}&"SUMIF"&"(",UPPER(_xlfn.FORMULATEXT('F3-2 Arena'!$M$8)))))),"✔ CLEAR","✘ CLOSE · right value, but use SUMIF")))))} | F35: {=IF(E35="Show hint",Key!$B$38,"")} | G35: {=IF(LEFT(D35,1)="✔",IF(E35="Show hint",5,10),0)} -> 0

Sheet F3-2 Arena
A1: ARENA ▸ F3-2 MONEY BAGS
A2: Practice area · everything here is editable. Missions and their checks are on the stage sheet.
A3: PASS CODE | B3: MONEYBAG | D3: ◀ Back to F3-2 Money Bags
B5: Order | C5: Date | D5: Region | E5: Rep | F5: Product | G5: Units | H5: Revenue | K5: Min units
B6: O-101 | C6: 46027 | D6: East | E6: Kim | F6: Widget | G6: 40 | H6: 1200 | K6: 40 | L6: West revenue
B7: O-102 | C7: 46031 | D7: West | E7: Lee | F7: Gadget | G7: 15 | H7: 900 | L7: Kim's average units
B8: O-103 | C8: 46036 | D8: North | E8: Ava | F8: Widget | G8: 55 | H8: 1650 | K8: Start | L8: Revenue of orders with 40+ units
B9: O-104 | C9: 46042 | D9: East | E9: Kim | F9: Gizmo | G9: 20 | H9: 1000 | K9: 46054
B10: O-105 | C10: 46055 | D10: South | E10: Raj | F10: Gadget | G10: 60 | H10: 3600 | K10: End
B11: O-106 | C11: 46060 | D11: West | E11: Lee | F11: Widget | G11: 35 | H11: 1050 | K11: 46112
B12: O-107 | C12: 46064 | D12: East | E12: Ava | F12: Gadget | G12: 25 | H12: 1500
B13: O-108 | C13: 46072 | D13: North | E13: Raj | F13: Gizmo | G13: 45 | H13: 2250
B14: O-109 | C14: 46084 | D14: West | E14: Kim | F14: Gizmo | G14: 10 | H14: 500
B15: O-110 | C15: 46089 | D15: East | E15: Lee | F15: Widget | G15: 70 | H15: 2100
B16: O-111 | C16: 46096 | D16: South | E16: Ava | F16: Widget | G16: 30 | H16: 900
B17: O-112 | C17: 46103 | D17: North | E17: Kim | F17: Gadget | G17: 50 | H17: 3000
B18: O-113 | C18: 46113 | D18: East | E18: Raj | F18: Gizmo | G18: 65 | H18: 3250
B19: O-114 | C19: 46118 | D19: West | E19: Ava | F19: Gadget | G19: 20 | H19: 1200
B20: O-115 | C20: 46125 | D20: South | E20: Lee | F20: Gizmo | G20: 15 | H20: 750
B21: O-116 | C21: 46133 | D21: East | E21: Kim | F21: Widget | G21: 50 | H21: 1500
B22: O-117 | C22: 46146 | D22: North | E22: Lee | F22: Widget | G22: 25 | H22: 750
B23: O-118 | C23: 46154 | D23: West | E23: Raj | F23: Gadget | G23: 40 | H23: 2400
... B25: O-120 | C25: 46169 | D25: East | E25: Ava | F25: Gadget | G25: 55 | H25: 3300

Sheet F3-3 Multi-Filter
A1: STAGE F3-3 ▸ MULTI-FILTER
A2: Goal: stack several conditions
A3: {="SCORE "&TEXT(SUM($G$13:$G$38),"0000")&" / 0190"} -> SCORE 0000 / 0190 | C3: {=IF(SUM($G$13:$G$38)>=190,"★★★",IF(SUM($G$13:$G$38)>=190*0.8,"★★☆",IF(SUM($G$13:$G$38)>=190*0.5,"★☆☆","☆☆☆")))} -> ☆☆☆ | D3: {=REPT("█",ROUND(10*SUM($G$13:$G$38)/190,0))&REPT("░",10-ROUND(10*SUM($G$13:$G$38)/190,0))&" "&TEXT(SUM($G$13:$G$38)/190,"0%")} -> ░░░░░░░░░░ 0% | F3: {=IF(SUM($G$13:$G$38)>=190*0.5,"STAGE CLEAR! ▶ Next: F3-4 Extremes","")}
A5: BRIEFING · new moves in this stage
A6: # | B6: What it does · Pro tip | C6: Keys / Syntax
A7: 1 | B7: Count rows that meet several conditions at once. Tip: Pairs of range + criteria; every pair must match. | C7: COUNTIFS
A8: 2 | B8: Add values whose rows meet several conditions. Tip: The sum range comes FIRST in SUMIFS (last in SUMIF). | C8: SUMIFS
A9: 3 | B9: Average values whose rows meet several conditions. Tip: Average range first, then range/criteria pairs. | C9: AVERAGEIFS
A11: WARM-UP · flashback to earlier stages
A12: # | B12: Mission | C12: Your answer | D12: Result | E12: Hint? | F12: Hint | G12: XP
A13: W1 | B13: Which function adds values that meet one condition? (from F3-2 Money Bags) | D13: {=IFERROR(_xlfn.LET(_xlpm.a,'F3-3 Multi-Filter'!$C$13,IF(TRIM(_xlpm.a&"")="","",IF(OR(SUBSTITUTE(SUBSTITUTE(SUBSTITUTE(SUBSTITUTE(SUBSTITUTE(SUBSTITUTE(SUBSTITUTE(SUBSTITUTE(SUBSTITUTE(SUBSTITUTE(SUBSTITUTE(SUBSTITUTE(SUBSTITUTE(SUBSTITUTE(SUBSTITUTE(SUBSTITUTE(SUBSTITUTE(SUBSTITUTE(SUBSTITUTE(SUBSTITUTE(SUBSTITUTE(SUBSTITUTE(SUBSTITUTE(SUBSTITUTE(SUBSTITUTE(SUBSTITUTE(SUBSTITUTE(UPPER(_xlpm.a)," ",""),"CONTROL","CTRL"),"CTL","CTRL"),"ESCAPE","ESC"),"RETURN","ENTER"),"PAGEDOWN","PGDN"),"PGDOWN","PGDN"),"PAGEUP","PGUP"),"ARROWKEYS","ARROW"),"ARROWKEY","ARROW"),"ARROWS","ARROW"),"DOWNARROW","DOWN"),"UPARROW","UP"),"LEFTARROW","LEFT"),"RIGHTARROW","RIGHT"),"ARROWDOWN","DOWN"),"ARROWUP","UP"),"ARROWLEFT","LEFT"),"ARROWRIGHT","RIGHT"),"↓","DOWN"),"↑","UP"),"←","LEFT"),"→","RIGHT"),"SPACEBAR","SPACE"),"−","-"),"MINUS","-"),"PLUS","+")=Key!$E$39:$J$39),"✔ CLEAR","✘ TRY AGAIN"))),"✘ TRY AGAIN")} | F13: {=IF(E13="Show hint",Key!$B$39,"")} | G13: {=IF(LEFT(D13,1)="✔",IF(E13="Show hint",5,10),0)} -> 0
A14: W2 | B14: Which function averages values that meet one condition? (from F3-2 Money Bags) | D14: {=IFERROR(_xlfn.LET(_xlpm.a,'F3-3 Multi-Filter'!$C$14,IF(TRIM(_xlpm.a&"")="","",IF(OR(SUBSTITUTE(SUBSTITUTE(SUBSTITUTE(SUBSTITUTE(SUBSTITUTE(SUBSTITUTE(SUBSTITUTE(SUBSTITUTE(SUBSTITUTE(SUBSTITUTE(SUBSTITUTE(SUBSTITUTE(SUBSTITUTE(SUBSTITUTE(SUBSTITUTE(SUBSTITUTE(SUBSTITUTE(SUBSTITUTE(SUBSTITUTE(SUBSTITUTE(SUBSTITUTE(SUBSTITUTE(SUBSTITUTE(SUBSTITUTE(SUBSTITUTE(SUBSTITUTE(SUBSTITUTE(UPPER(_xlpm.a)," ",""),"CONTROL","CTRL"),"CTL","CTRL"),"ESCAPE","ESC"),"RETURN","ENTER"),"PAGEDOWN","PGDN"),"PGDOWN","PGDN"),"PAGEUP","PGUP"),"ARROWKEYS","ARROW"),"ARROWKEY","ARROW"),"ARROWS","ARROW"),"DOWNARROW","DOWN"),"UPARROW","UP"),"LEFTARROW","LEFT"),"RIGHTARROW","RIGHT"),"ARROWDOWN","DOWN"),"ARROWUP","UP"),"ARROWLEFT","LEFT"),"ARROWRIGHT","RIGHT"),"↓","DOWN"),"↑","UP"),"←","LEFT"),"→","RIGHT"),"SPACEBAR","SPACE"),"−","-"),"MINUS","-"),"PLUS","+")=Key!$E$40:$J$40),"✔ CLEAR","✘ TRY AGAIN"))),"✘ TRY AGAIN")} | F14: {=IF(E14="Show hint",Key!$B$40,"")} | G14: {=IF(LEFT(D14,1)="✔",IF(E14="Show hint",5,10),0)} -> 0
A15: W3 | B15: Which keys open the Format Cells dialog? (from S3-3 Format Power) | D15: {=IFERROR(_xlfn.LET(_xlpm.a,'F3-3 Multi-Filter'!$C$15,IF(TRIM(_xlpm.a&"")="","",IF(OR(SUBSTITUTE(SUBSTITUTE(SUBSTITUTE(SUBSTITUTE(SUBSTITUTE(SUBSTITUTE(SUBSTITUTE(SUBSTITUTE(SUBSTITUTE(SUBSTITUTE(SUBSTITUTE(SUBSTITUTE(SUBSTITUTE(SUBSTITUTE(SUBSTITUTE(SUBSTITUTE(SUBSTITUTE(SUBSTITUTE(SUBSTITUTE(SUBSTITUTE(SUBSTITUTE(SUBSTITUTE(SUBSTITUTE(SUBSTITUTE(SUBSTITUTE(SUBSTITUTE(SUBSTITUTE(UPPER(_xlpm.a)," ",""),"CONTROL","CTRL"),"CTL","CTRL"),"ESCAPE","ESC"),"RETURN","ENTER"),"PAGEDOWN","PGDN"),"PGDOWN","PGDN"),"PAGEUP","PGUP"),"ARROWKEYS","ARROW"),"ARROWKEY","ARROW"),"ARROWS","ARROW"),"DOWNARROW","DOWN"),"UPARROW","UP"),"LEFTARROW","LEFT"),"RIGHTARROW","RIGHT"),"ARROWDOWN","DOWN"),"ARROWUP","UP"),"ARROWLEFT","LEFT"),"ARROWRIGHT","RIGHT"),"↓","DOWN"),"↑","UP"),"←","LEFT"),"→","RIGHT"),"SPACEBAR","SPACE"),"−","-"),"MINUS","-"),"PLUS","+")=Key!$E$41:$E$41),"✔ CLEAR","✘ TRY AGAIN"))),"✘ TRY AGAIN")} | F15: {=IF(E15="Show hint",Key!$B$41,"")} | G15: {=IF(LEFT(D15,1)="✔",IF(E15="Show hint",5,10),0)} -> 0
A16: W4 | B16: Which keys add an outline border? (from S3-3 Format Power) | D16: {=IFERROR(_xlfn.LET(_xlpm.a,'F3-3 Multi-Filter'!$C$16,IF(TRIM(_xlpm.a&"")="","",IF(OR(SUBSTITUTE(SUBSTITUTE(SUBSTITUTE(SUBSTITUTE(SUBSTITUTE(SUBSTITUTE(SUBSTITUTE(SUBSTITUTE(SUBSTITUTE(SUBSTITUTE(SUBSTITUTE(SUBSTITUTE(SUBSTITUTE(SUBSTITUTE(SUBSTITUTE(SUBSTITUTE(SUBSTITUTE(SUBSTITUTE(SUBSTITUTE(SUBSTITUTE(SUBSTITUTE(SUBSTITUTE(SUBSTITUTE(SUBSTITUTE(SUBSTITUTE(SUBSTITUTE(SUBSTITUTE(UPPER(_xlpm.a)," ",""),"CONTROL","CTRL"),"CTL","CTRL"),"ESCAPE","ESC"),"RETURN","ENTER"),"PAGEDOWN","PGDN"),"PGDOWN","PGDN"),"PAGEUP","PGUP"),"ARROWKEYS","ARROW"),"ARROWKEY","ARROW"),"ARROWS","ARROW"),"DOWNARROW","DOWN"),"UPARROW","UP"),"LEFTARROW","LEFT"),"RIGHTARROW","RIGHT"),"ARROWDOWN","DOWN"),"ARROWUP","UP"),"ARROWLEFT","LEFT"),"ARROWRIGHT","RIGHT"),"↓","DOWN"),"↑","UP"),"←","LEFT"),"→","RIGHT"),"SPACEBAR","SPACE"),"−","-"),"MINUS","-"),"PLUS","+")=Key!$E$42:$H$42),"✔ CLEAR","✘ TRY AGAIN"))),"✘ TRY AGAIN")} | F16: {=IF(E16="Show hint",Key!$B$42,"")} | G16: {=IF(LEFT(D16,1)="✔",IF(E16="Show hint",5,10),0)} -> 0
A17: W5 | B17: Which keys remove the outline border? (from S3-3 Format Power) | D17: {=IFERROR(_xlfn.LET(_xlpm.a,'F3-3 Multi-Filter'!$C$17,IF(TRIM(_xlpm.a&"")="","",IF(OR(SUBSTITUTE(SUBSTITUTE(SUBSTITUTE(SUBSTITUTE(SUBSTITUTE(SUBSTITUTE(SUBSTITUTE(SUBSTITUTE(SUBSTITUTE(SUBSTITUTE(SUBSTITUTE(SUBSTITUTE(SUBSTITUTE(SUBSTITUTE(SUBSTITUTE(SUBSTITUTE(SUBSTITUTE(SUBSTITUTE(SUBSTITUTE(SUBSTITUTE(SUBSTITUTE(SUBSTITUTE(SUBSTITUTE(SUBSTITUTE(SUBSTITUTE(SUBSTITUTE(SUBSTITUTE(UPPER(_xlpm.a)," ",""),"CONTROL","CTRL"),"CTL","CTRL"),"ESCAPE","ESC"),"RETURN","ENTER"),"PAGEDOWN","PGDN"),"PGDOWN","PGDN"),"PAGEUP","PGUP"),"ARROWKEYS","ARROW"),"ARROWKEY","ARROW"),"ARROWS","ARROW"),"DOWNARROW","DOWN"),"UPARROW","UP"),"LEFTARROW","LEFT"),"RIGHTARROW","RIGHT"),"ARROWDOWN","DOWN"),"ARROWUP","UP"),"ARROWLEFT","LEFT"),"ARROWRIGHT","RIGHT"),"↓","DOWN"),"↑","UP"),"←","LEFT"),"→","RIGHT"),"SPACEBAR","SPACE"),"−","-"),"MINUS","-"),"PLUS","+")=Key!$E$43:$H$43),"✔ CLEAR","✘ TRY AGAIN"))),"✘ TRY AGAIN")} | F17: {=IF(E17="Show hint",Key!$B$43,"")} | G17: {=IF(LEFT(D17,1)="✔",IF(E17="Show hint",5,10),0)} -> 0
A18: W6 | B18: Which key shows the ribbon KeyTips? (from S3-3 Format Power) | D18: {=IFERROR(_xlfn.LET(_xlpm.a,'F3-3 Multi-Filter'!$C$18,IF(TRIM(_xlpm.a&"")="","",IF(OR(SUBSTITUTE(SUBSTITUTE(SUBSTITUTE(SUBSTITUTE(SUBSTITUTE(SUBSTITUTE(SUBSTITUTE(SUBSTITUTE(SUBSTITUTE(SUBSTITUTE(SUBSTITUTE(SUBSTITUTE(SUBSTITUTE(SUBSTITUTE(SUBSTITUTE(SUBSTITUTE(SUBSTITUTE(SUBSTITUTE(SUBSTITUTE(SUBSTITUTE(SUBSTITUTE(SUBSTITUTE(SUBSTITUTE(SUBSTITUTE(SUBSTITUTE(SUBSTITUTE(SUBSTITUTE(UPPER(_xlpm.a)," ",""),"CONTROL","CTRL"),"CTL","CTRL"),"ESCAPE","ESC"),"RETURN","ENTER"),"PAGEDOWN","PGDN"),"PGDOWN","PGDN"),"PAGEUP","PGUP"),"ARROWKEYS","ARROW"),"ARROWKEY","ARROW"),"ARROWS","ARROW"),"DOWNARROW","DOWN"),"UPARROW","UP"),"LEFTARROW","LEFT"),"RIGHTARROW","RIGHT"),"ARROWDOWN","DOWN"),"ARROWUP","UP"),"ARROWLEFT","LEFT"),"ARROWRIGHT","RIGHT"),"↓","DOWN"),"↑","UP"),"←","LEFT"),"→","RIGHT"),"SPACEBAR","SPACE"),"−","-"),"MINUS","-"),"PLUS","+")=Key!$E$44:$F$44),"✔ CLEAR","✘ TRY AGAIN"))),"✘ TRY AGAIN")} | F18: {=IF(E18="Show hint",Key!$B$44,"")} | G18: {=IF(LEFT(D18,1)="✔",IF(E18="Show hint",5,10),0)} -> 0
A19: W7 | B19: Which KeyTips center the selected cells? (from S3-3 Format Power) | D19: {=IFERROR(_xlfn.LET(_xlpm.a,'F3-3 Multi-Filter'!$C$19,IF(TRIM(_xlpm.a&"")="","",IF(OR(SUBSTITUTE(SUBSTITUTE(SUBSTITUTE(SUBSTITUTE(SUBSTITUTE(SUBSTITUTE(SUBSTITUTE(SUBSTITUTE(SUBSTITUTE(SUBSTITUTE(SUBSTITUTE(SUBSTITUTE(SUBSTITUTE(SUBSTITUTE(SUBSTITUTE(SUBSTITUTE(SUBSTITUTE(SUBSTITUTE(SUBSTITUTE(SUBSTITUTE(SUBSTITUTE(SUBSTITUTE(SUBSTITUTE(SUBSTITUTE(SUBSTITUTE(SUBSTITUTE(SUBSTITUTE(UPPER(_xlpm.a)," ",""),"CONTROL","CTRL"),"CTL","CTRL"),"ESCAPE","ESC"),"RETURN","ENTER"),"PAGEDOWN","PGDN"),"PGDOWN","PGDN"),"PAGEUP","PGUP"),"ARROWKEYS","ARROW"),"ARROWKEY","ARROW"),"ARROWS","ARROW"),"DOWNARROW","DOWN"),"UPARROW","UP"),"LEFTARROW","LEFT"),"RIGHTARROW","RIGHT"),"ARROWDOWN","DOWN"),"ARROWUP","UP"),"ARROWLEFT","LEFT"),"ARROWRIGHT","RIGHT"),"↓","DOWN"),"↑","UP"),"←","LEFT"),"→","RIGHT"),"SPACEBAR","SPACE"),"−","-"),"MINUS","-"),"PLUS","+")=Key!$E$45:$T$45),"✔ CLEAR","✘ TRY AGAIN"))),"✘ TRY AGAIN")} | F19: {=IF(E19="Show hint",Key!$B$45,"")} | G19: {=IF(LEFT(D19,1)="✔",IF(E19="Show hint",5,10),0)} -> 0
A20: W8 | B20: Which KeyTips open the Fill Color menu? (from S3-3 Format Power) | D20: {=IFERROR(_xlfn.LET(_xlpm.a,'F3-3 Multi-Filter'!$C$20,IF(TRIM(_xlpm.a&"")="","",IF(OR(SUBSTITUTE(SUBSTITUTE(SUBSTITUTE(SUBSTITUTE(SUBSTITUTE(SUBSTITUTE(SUBSTITUTE(SUBSTITUTE(SUBSTITUTE(SUBSTITUTE(SUBSTITUTE(SUBSTITUTE(SUBSTITUTE(SUBSTITUTE(SUBSTITUTE(SUBSTITUTE(SUBSTITUTE(SUBSTITUTE(SUBSTITUTE(SUBSTITUTE(SUBSTITUTE(SUBSTITUTE(SUBSTITUTE(SUBSTITUTE(SUBSTITUTE(SUBSTITUTE(SUBSTITUTE(UPPER(_xlpm.a)," ",""),"CONTROL","CTRL"),"CTL","CTRL"),"ESCAPE","ESC"),"RETURN","ENTER"),"PAGEDOWN","PGDN"),"PGDOWN","PGDN"),"PAGEUP","PGUP"),"ARROWKEYS","ARROW"),"ARROWKEY","ARROW"),"ARROWS","ARROW"),"DOWNARROW","DOWN"),"UPARROW","UP"),"LEFTARROW","LEFT"),"RIGHTARROW","RIGHT"),"ARROWDOWN","DOWN"),"ARROWUP","UP"),"ARROWLEFT","LEFT"),"ARROWRIGHT","RIGHT"),"↓","DOWN"),"↑","UP"),"←","LEFT"),"→","RIGHT"),"SPACEBAR","SPACE"),"−","-"),"MINUS","-"),"PLUS","+")=Key!$E$46:$T$46),"✔ CLEAR","✘ TRY AGAIN"))),"✘ TRY AGAIN")} | F20: {=IF(E20="Show hint",Key!$B$46,"")} | G20: {=IF(LEFT(D20,1)="✔",IF(E20="Show hint",5,10),0)} -> 0
A21: W9 | B21: Which key repeats your last action? (from S3-3 Format Power) | D21: {=IFERROR(_xlfn.LET(_xlpm.a,'F3-3 Multi-Filter'!$C$21,IF(TRIM(_xlpm.a&"")="","",IF(OR(SUBSTITUTE(SUBSTITUTE(SUBSTITUTE(SUBSTITUTE(SUBSTITUTE(SUBSTITUTE(SUBSTITUTE(SUBSTITUTE(SUBSTITUTE(SUBSTITUTE(SUBSTITUTE(SUBSTITUTE(SUBSTITUTE(SUBSTITUTE(SUBSTITUTE(SUBSTITUTE(SUBSTITUTE(SUBSTITUTE(SUBSTITUTE(SUBSTITUTE(SUBSTITUTE(SUBSTITUTE(SUBSTITUTE(SUBSTITUTE(SUBSTITUTE(SUBSTITUTE(SUBSTITUTE(UPPER(_xlpm.a)," ",""),"CONTROL","CTRL"),"CTL","CTRL"),"ESCAPE","ESC"),"RETURN","ENTER"),"PAGEDOWN","PGDN"),"PGDOWN","PGDN"),"PAGEUP","PGUP"),"ARROWKEYS","ARROW"),"ARROWKEY","ARROW"),"ARROWS","ARROW"),"DOWNARROW","DOWN"),"UPARROW","UP"),"LEFTARROW","LEFT"),"RIGHTARROW","RIGHT"),"ARROWDOWN","DOWN"),"ARROWUP","UP"),"ARROWLEFT","LEFT"),"ARROWRIGHT","RIGHT"),"↓","DOWN"),"↑","UP"),"←","LEFT"),"→","RIGHT"),"SPACEBAR","SPACE"),"−","-"),"MINUS","-"),"PLUS","+")=Key!$E$47:$F$47),"✔ CLEAR","✘ TRY AGAIN"))),"✘ TRY AGAIN")} | F21: {=IF(E21="Show hint",Key!$B$47,"")} | G21: {=IF(LEFT(D21,1)="✔",IF(E21="Show hint",5,10),0)} -> 0
A22: W10 | B22: Which keys copy the selection? (from S2-2 Clone Machine) | D22: {=IFERROR(_xlfn.LET(_xlpm.a,'F3-3 Multi-Filter'!$C$22,IF(TRIM(_xlpm.a&"")="","",IF(OR(SUBSTITUTE(SUBSTITUTE(SUBSTITUTE(SUBSTITUTE(SUBSTITUTE(SUBSTITUTE(SUBSTITUTE(SUBSTITUTE(SUBSTITUTE(SUBSTITUTE(SUBSTITUTE(SUBSTITUTE(SUBSTITUTE(SUBSTITUTE(SUBSTITUTE(SUBSTITUTE(SUBSTITUTE(SUBSTITUTE(SUBSTITUTE(SUBSTITUTE(SUBSTITUTE(SUBSTITUTE(SUBSTITUTE(SUBSTITUTE(SUBSTITUTE(SUBSTITUTE(SUBSTITUTE(UPPER(_xlpm.a)," ",""),"CONTROL","CTRL"),"CTL","CTRL"),"ESCAPE","ESC"),"RETURN","ENTER"),"PAGEDOWN","PGDN"),"PGDOWN","PGDN"),"PAGEUP","PGUP"),"ARROWKEYS","ARROW"),"ARROWKEY","ARROW"),"ARROWS","ARROW"),"DOWNARROW","DOWN"),"UPARROW","UP"),"LEFTARROW","LEFT"),"RIGHTARROW","RIGHT"),"ARROWDOWN","DOWN"),"ARROWUP","UP"),"ARROWLEFT","LEFT"),"ARROWRIGHT","RIGHT"),"↓","DOWN"),"↑","UP"),"←","LEFT"),"→","RIGHT"),"SPACEBAR","SPACE"),"−","-"),"MINUS","-"),"PLUS","+")=Key!$E$48:$E$48),"✔ CLEAR","✘ TRY AGAIN"))),"✘ TRY AGAIN")} | F22: {=IF(E22="Show hint",Key!$B$48,"")} | G22: {=IF(LEFT(D22,1)="✔",IF(E22="Show hint",5,10),0)} -> 0
A24: TRAINING · recognize the move (pick from the list)
A25: # | B25: Mission | C25: Your answer | D25: Result | E25: Hint? | F25: Hint | G25: XP
A26: T1 | B26: Which function counts rows that meet several conditions? | D26: {=IFERROR(IF('F3-3 Multi-Filter'!$C$26&""="","",IF('F3-3 Multi-Filter'!$C$26&""=Key!$C$49&"","✔ CLEAR","✘ TRY AGAIN")),"✘ TRY AGAIN")} | F26: {=IF(E26="Show hint",Key!$B$49,"")} | G26: {=IF(LEFT(D26,1)="✔",IF(E26="Show hint",5,10),0)} -> 0
A27: T2 | B27: Which function adds values that meet several conditions? | D27: {=IFERROR(IF('F3-3 Multi-Filter'!$C$27&""="","",IF('F3-3 Multi-Filter'!$C$27&""=Key!$C$50&"","✔ CLEAR","✘ TRY AGAIN")),"✘ TRY AGAIN")} | F27: {=IF(E27="Show hint",Key!$B$50,"")} | G27: {=IF(LEFT(D27,1)="✔",IF(E27="Show hint",5,10),0)} -> 0
A28: T3 | B28: Which function averages values that meet several conditions? | D28: {=IFERROR(IF('F3-3 Multi-Filter'!$C$28&""="","",IF('F3-3 Multi-Filter'!$C$28&""=Key!$C$51&"","✔ CLEAR","✘ TRY AGAIN")),"✘ TRY AGAIN")} | F28: {=IF(E28="Show hint",Key!$B$51,"")} | G28: {=IF(LEFT(D28,1)="✔",IF(E28="Show hint",5,10),0)} -> 0
A30: CHALLENGES · recall it, then do it
B31: ▶ Open F3-3 Arena (or press Ctrl+PgDn)
A32: # | B32: Mission | C32: Your answer | D32: Result | E32: Hint? | F32: Hint | G32: XP
A33: C1 | B33: Which function counts rows that meet several conditions? | D33: {=IFERROR(_xlfn.LET(_xlpm.a,'F3-3 Multi-Filter'!$C$33,IF(TRIM(_xlpm.a&"")="","",IF(OR(SUBSTITUTE(SUBSTITUTE(SUBSTITUTE(SUBSTITUTE(SUBSTITUTE(SUBSTITUTE(SUBSTITUTE(SUBSTITUTE(SUBSTITUTE(SUBSTITUTE(SUBSTITUTE(SUBSTITUTE(SUBSTITUTE(SUBSTITUTE(SUBSTITUTE(SUBSTITUTE(SUBSTITUTE(SUBSTITUTE(SUBSTITUTE(SUBSTITUTE(SUBSTITUTE(SUBSTITUTE(SUBSTITUTE(SUBSTITUTE(SUBSTITUTE(SUBSTITUTE(SUBSTITUTE(UPPER(_xlpm.a)," ",""),"CONTROL","CTRL"),"CTL","CTRL"),"ESCAPE","ESC"),"RETURN","ENTER"),"PAGEDOWN","PGDN"),"PGDOWN","PGDN"),"PAGEUP","PGUP"),"ARROWKEYS","ARROW"),"ARROWKEY","ARROW"),"ARROWS","ARROW"),"DOWNARROW","DOWN"),"UPARROW","UP"),"LEFTARROW","LEFT"),"RIGHTARROW","RIGHT"),"ARROWDOWN","DOWN"),"ARROWUP","UP"),"ARROWLEFT","LEFT"),"ARROWRIGHT","RIGHT"),"↓","DOWN"),"↑","UP"),"←","LEFT"),"→","RIGHT"),"SPACEBAR","SPACE"),"−","-"),"MINUS","-"),"PLUS","+")=Key!$E$52:$J$52),"✔ CLEAR","✘ TRY AGAIN"))),"✘ TRY AGAIN")} | F33: {=IF(E33="Show hint",Key!$B$52,"")} | G33: {=IF(LEFT(D33,1)="✔",IF(E33="Show hint",5,10),0)} -> 0
A34: C2 | B34: Which function adds values that meet several conditions? | D34: {=IFERROR(_xlfn.LET(_xlpm.a,'F3-3 Multi-Filter'!$C$34,IF(TRIM(_xlpm.a&"")="","",IF(OR(SUBSTITUTE(SUBSTITUTE(SUBSTITUTE(SUBSTITUTE(SUBSTITUTE(SUBSTITUTE(SUBSTITUTE(SUBSTITUTE(SUBSTITUTE(SUBSTITUTE(SUBSTITUTE(SUBSTITUTE(SUBSTITUTE(SUBSTITUTE(SUBSTITUTE(SUBSTITUTE(SUBSTITUTE(SUBSTITUTE(SUBSTITUTE(SUBSTITUTE(SUBSTITUTE(SUBSTITUTE(SUBSTITUTE(SUBSTITUTE(SUBSTITUTE(SUBSTITUTE(SUBSTITUTE(UPPER(_xlpm.a)," ",""),"CONTROL","CTRL"),"CTL","CTRL"),"ESCAPE","ESC"),"RETURN","ENTER"),"PAGEDOWN","PGDN"),"PGDOWN","PGDN"),"PAGEUP","PGUP"),"ARROWKEYS","ARROW"),"ARROWKEY","ARROW"),"ARROWS","ARROW"),"DOWNARROW","DOWN"),"UPARROW","UP"),"LEFTARROW","LEFT"),"RIGHTARROW","RIGHT"),"ARROWDOWN","DOWN"),"ARROWUP","UP"),"ARROWLEFT","LEFT"),"ARROWRIGHT","RIGHT"),"↓","DOWN"),"↑","UP"),"←","LEFT"),"→","RIGHT"),"SPACEBAR","SPACE"),"−","-"),"MINUS","-"),"PLUS","+")=Key!$E$53:$J$53),"✔ CLEAR","✘ TRY AGAIN"))),"✘ TRY AGAIN")} | F34: {=IF(E34="Show hint",Key!$B$53,"")} | G34: {=IF(LEFT(D34,1)="✔",IF(E34="Show hint",5,10),0)} -> 0
A35: C3 | B35: Which function averages values that meet several conditions? | D35: {=IFERROR(_xlfn.LET(_xlpm.a,'F3-3 Multi-Filter'!$C$35,IF(TRIM(_xlpm.a&"")="","",IF(OR(SUBSTITUTE(SUBSTITUTE(SUBSTITUTE(SUBSTITUTE(SUBSTITUTE(SUBSTITUTE(SUBSTITUTE(SUBSTITUTE(SUBSTITUTE(SUBSTITUTE(SUBSTITUTE(SUBSTITUTE(SUBSTITUTE(SUBSTITUTE(SUBSTITUTE(SUBSTITUTE(SUBSTITUTE(SUBSTITUTE(SUBSTITUTE(SUBSTITUTE(SUBSTITUTE(SUBSTITUTE(SUBSTITUTE(SUBSTITUTE(SUBSTITUTE(SUBSTITUTE(SUBSTITUTE(UPPER(_xlpm.a)," ",""),"CONTROL","CTRL"),"CTL","CTRL"),"ESCAPE","ESC"),"RETURN","ENTER"),"PAGEDOWN","PGDN"),"PGDOWN","PGDN"),"PAGEUP","PGUP"),"ARROWKEYS","ARROW"),"ARROWKEY","ARROW"),"ARROWS","ARROW"),"DOWNARROW","DOWN"),"UPARROW","UP"),"LEFTARROW","LEFT"),"RIGHTARROW","RIGHT"),"ARROWDOWN","DOWN"),"ARROWUP","UP"),"ARROWLEFT","LEFT"),"ARROWRIGHT","RIGHT"),"↓","DOWN"),"↑","UP"),"←","LEFT"),"→","RIGHT"),"SPACEBAR","SPACE"),"−","-"),"MINUS","-"),"PLUS","+")=Key!$E$54:$J$54),"✔ CLEAR","✘ TRY AGAIN"))),"✘ TRY AGAIN")} | F35: {=IF(E35="Show hint",Key!$B$54,"")} | G35: {=IF(LEFT(D35,1)="✔",IF(E35="Show hint",5,10),0)} -> 0
A36: C4 | B36: In M6 count the East orders with more than 30 units. | C36: ▶ ARENA C4 (cell M6) | D36: {=IF(ISBLANK('F3-3 Arena'!$M$6),"",IF(NOT(_xlfn.ISFORMULA('F3-3 Arena'!$M$6)),"✘ That's a typed value · enter a formula",IF(ISERROR('F3-3 Arena'!$M$6),"✘ Your formula returns "&IFERROR(CHOOSE(ERROR.TYPE('F3-3 Arena'!$M$6),"#NULL!","#DIV/0!","#VALUE!","#REF!","#NAME?","#NUM!","#N/A","#GETTING_DATA","#SPILL!","#CONNECT!","#BLOCKED!","#UNKNOWN!","#FIELD!","#CALC!"),"an error"),IF(NOT(AND(IFERROR(AND(ISNUMBER('F3-3 Arena'!$M$6),ABS('F3-3 Arena'!$M$6-Key!$C$55)<=1E-9*MAX(1,ABS(Key!$C$55))),FALSE))),"✘ TRY AGAIN",IF(AND(OR(ISNUMBER(FIND({"=","(",",","+","-","*","/","&"," ","<",">",":","@","^"}&"COUNTIFS"&"(",UPPER(_xlfn.FORMULATEXT('F3-3 Arena'!$M$6)))))),"✔ CLEAR","✘ CLOSE · right value, but use COUNTIFS")))))} | F36: {=IF(E36="Show hint",Key!$B$55,"")} | G36: {=IF(LEFT(D36,1)="✔",IF(E36="Show hint",5,10),0)} -> 0
A37: C5 | B37: In M7 add the Revenue of East orders for Widget. | C37: ▶ ARENA C5 (cell M7) | D37: {=IF(ISBLANK('F3-3 Arena'!$M$7),"",IF(NOT(_xlfn.ISFORMULA('F3-3 Arena'!$M$7)),"✘ That's a typed value · enter a formula",IF(ISERROR('F3-3 Arena'!$M$7),"✘ Your formula returns "&IFERROR(CHOOSE(ERROR.TYPE('F3-3 Arena'!$M$7),"#NULL!","#DIV/0!","#VALUE!","#REF!","#NAME?","#NUM!","#N/A","#GETTING_DATA","#SPILL!","#CONNECT!","#BLOCKED!","#UNKNOWN!","#FIELD!","#CALC!"),"an error"),IF(NOT(AND(IFERROR(AND(ISNUMBER('F3-3 Arena'!$M$7),ABS('F3-3 Arena'!$M$7-Key!$C$56)<=1E-9*MAX(1,ABS(Key!$C$56))),FALSE))),"✘ TRY AGAIN",IF(AND(OR(ISNUMBER(FIND({"=","(",",","+","-","*","/","&"," ","<",">",":","@","^"}&"SUMIFS"&"(",UPPER(_xlfn.FORMULATEXT('F3-3 Arena'!$M$7)))))),"✔ CLEAR","✘ CLOSE · right value, but use SUMIFS")))))} | F37: {=IF(E37="Show hint",Key!$B$56,"")} | G37: {=IF(LEFT(D37,1)="✔",IF(E37="Show hint",5,10),0)} -> 0
A38: C6 | B38: In M8 average the Revenue of Kim's East orders. | C38: ▶ ARENA C6 (cell M8) | D38: {=IF(ISBLANK('F3-3 Arena'!$M$8),"",IF(NOT(_xlfn.ISFORMULA('F3-3 Arena'!$M$8)),"✘ That's a typed value · enter a formula",IF(ISERROR('F3-3 Arena'!$M$8),"✘ Your formula returns "&IFERROR(CHOOSE(ERROR.TYPE('F3-3 Arena'!$M$8),"#NULL!","#DIV/0!","#VALUE!","#REF!","#NAME?","#NUM!","#N/A","#GETTING_DATA","#SPILL!","#CONNECT!","#BLOCKED!","#UNKNOWN!","#FIELD!","#CALC!"),"an error"),IF(NOT(AND(IFERROR(AND(ISNUMBER('F3-3 Arena'!$M$8),ABS('F3-3 Arena'!$M$8-Key!$C$57)<=1E-9*MAX(1,ABS(Key!$C$57))),FALSE))),"✘ TRY AGAIN",IF(AND(OR(ISNUMBER(FIND({"=","(",",","+","-","*","/","&"," ","<",">",":","@","^"}&"AVERAGEIFS"&"(",UPPER(_xlfn.FORMULATEXT('F3-3 Arena'!$M$8)))))),"✔ CLEAR","✘ CLOSE · right value, but use AVERAGEIFS")))))} | F38: {=IF(E38="Show hint",Key!$B$57,"")} | G38: {=IF(LEFT(D38,1)="✔",IF(E38="Show hint",5,10),0)} -> 0

Sheet F3-3 Arena
A1: ARENA ▸ F3-3 MULTI-FILTER
A2: Practice area · everything here is editable. Missions and their checks are on the stage sheet.
A3: PASS CODE | B3: FILTERS | D3: ◀ Back to F3-3 Multi-Filter
B5: Order | C5: Date | D5: Region | E5: Rep | F5: Product | G5: Units | H5: Revenue | K5: Min units
B6: O-101 | C6: 46027 | D6: East | E6: Kim | F6: Widget | G6: 40 | H6: 1200 | K6: 40 | L6: East orders over 30 units
B7: O-102 | C7: 46031 | D7: West | E7: Lee | F7: Gadget | G7: 15 | H7: 900 | L7: East Widget revenue
B8: O-103 | C8: 46036 | D8: North | E8: Ava | F8: Widget | G8: 55 | H8: 1650 | K8: Start | L8: Kim's average East revenue
B9: O-104 | C9: 46042 | D9: East | E9: Kim | F9: Gizmo | G9: 20 | H9: 1000 | K9: 46054
B10: O-105 | C10: 46055 | D10: South | E10: Raj | F10: Gadget | G10: 60 | H10: 3600 | K10: End
B11: O-106 | C11: 46060 | D11: West | E11: Lee | F11: Widget | G11: 35 | H11: 1050 | K11: 46112
B12: O-107 | C12: 46064 | D12: East | E12: Ava | F12: Gadget | G12: 25 | H12: 1500
B13: O-108 | C13: 46072 | D13: North | E13: Raj | F13: Gizmo | G13: 45 | H13: 2250
B14: O-109 | C14: 46084 | D14: West | E14: Kim | F14: Gizmo | G14: 10 | H14: 500
B15: O-110 | C15: 46089 | D15: East | E15: Lee | F15: Widget | G15: 70 | H15: 2100
B16: O-111 | C16: 46096 | D16: South | E16: Ava | F16: Widget | G16: 30 | H16: 900
B17: O-112 | C17: 46103 | D17: North | E17: Kim | F17: Gadget | G17: 50 | H17: 3000
B18: O-113 | C18: 46113 | D18: East | E18: Raj | F18: Gizmo | G18: 65 | H18: 3250
B19: O-114 | C19: 46118 | D19: West | E19: Ava | F19: Gadget | G19: 20 | H19: 1200
B20: O-115 | C20: 46125 | D20: South | E20: Lee | F20: Gizmo | G20: 15 | H20: 750
B21: O-116 | C21: 46133 | D21: East | E21: Kim | F21: Widget | G21: 50 | H21: 1500
B22: O-117 | C22: 46146 | D22: North | E22: Lee | F22: Widget | G22: 25 | H22: 750
B23: O-118 | C23: 46154 | D23: West | E23: Raj | F23: Gadget | G23: 40 | H23: 2400
... B25: O-120 | C25: 46169 | D25: East | E25: Ava | F25: Gadget | G25: 55 | H25: 3300

Sheet F3-4 Extremes
A1: STAGE F3-4 ▸ EXTREMES
A2: Goal: find highs, lows and date windows
A3: {="SCORE "&TEXT(SUM($G$14:$G$42),"0000")&" / 0220"} -> SCORE 0000 / 0220 | C3: {=IF(SUM($G$14:$G$42)>=220,"★★★",IF(SUM($G$14:$G$42)>=220*0.8,"★★☆",IF(SUM($G$14:$G$42)>=220*0.5,"★☆☆","☆☆☆")))} -> ☆☆☆ | D3: {=REPT("█",ROUND(10*SUM($G$14:$G$42)/220,0))&REPT("░",10-ROUND(10*SUM($G$14:$G$42)/220,0))&" "&TEXT(SUM($G$14:$G$42)/220,"0%")} -> ░░░░░░░░░░ 0% | F3: {=IF(SUM($G$14:$G$42)>=220*0.5,"STAGE CLEAR! ▶ Next: Boss","")}
A5: BRIEFING · new moves in this stage
A6: # | B6: What it does · Pro tip | C6: Keys / Syntax
A7: 1 | B7: The largest value whose row meets your conditions. Tip: Max range first, then range/criteria pairs. | C7: MAXIFS
A8: 2 | B8: The smallest value whose row meets your conditions. Tip: Same layout as MAXIFS. | C8: MINIFS
A9: 3 | B9: Join an operator to a cell with &: ">="&K6. Tip: Change K6 and the result follows. | C9: ">="&K6
A10: 4 | B10: Dates between two days: one criteria pair for >= start, one for <= end. Tip: SUMIFS(H6:H25,C6:C25,">="&K9,C6:C25,"<="&K11) | C10: start/end pairs
A12: WARM-UP · flashback to earlier stages
A13: # | B13: Mission | C13: Your answer | D13: Result | E13: Hint? | F13: Hint | G13: XP
A14: W1 | B14: Which function counts rows that meet several conditions? (from F3-3 Multi-Filter) | D14: {=IFERROR(_xlfn.LET(_xlpm.a,'F3-4 Extremes'!$C$14,IF(TRIM(_xlpm.a&"")="","",IF(OR(SUBSTITUTE(SUBSTITUTE(SUBSTITUTE(SUBSTITUTE(SUBSTITUTE(SUBSTITUTE(SUBSTITUTE(SUBSTITUTE(SUBSTITUTE(SUBSTITUTE(SUBSTITUTE(SUBSTITUTE(SUBSTITUTE(SUBSTITUTE(SUBSTITUTE(SUBSTITUTE(SUBSTITUTE(SUBSTITUTE(SUBSTITUTE(SUBSTITUTE(SUBSTITUTE(SUBSTITUTE(SUBSTITUTE(SUBSTITUTE(SUBSTITUTE(SUBSTITUTE(SUBSTITUTE(UPPER(_xlpm.a)," ",""),"CONTROL","CTRL"),"CTL","CTRL"),"ESCAPE","ESC"),"RETURN","ENTER"),"PAGEDOWN","PGDN"),"PGDOWN","PGDN"),"PAGEUP","PGUP"),"ARROWKEYS","ARROW"),"ARROWKEY","ARROW"),"ARROWS","ARROW"),"DOWNARROW","DOWN"),"UPARROW","UP"),"LEFTARROW","LEFT"),"RIGHTARROW","RIGHT"),"ARROWDOWN","DOWN"),"ARROWUP","UP"),"ARROWLEFT","LEFT"),"ARROWRIGHT","RIGHT"),"↓","DOWN"),"↑","UP"),"←","LEFT"),"→","RIGHT"),"SPACEBAR","SPACE"),"−","-"),"MINUS","-"),"PLUS","+")=Key!$E$58:$J$58),"✔ CLEAR","✘ TRY AGAIN"))),"✘ TRY AGAIN")} | F14: {=IF(E14="Show hint",Key!$B$58,"")} | G14: {=IF(LEFT(D14,1)="✔",IF(E14="Show hint",5,10),0)} -> 0
A15: W2 | B15: Which function adds values that meet several conditions? (from F3-3 Multi-Filter) | D15: {=IFERROR(_xlfn.LET(_xlpm.a,'F3-4 Extremes'!$C$15,IF(TRIM(_xlpm.a&"")="","",IF(OR(SUBSTITUTE(SUBSTITUTE(SUBSTITUTE(SUBSTITUTE(SUBSTITUTE(SUBSTITUTE(SUBSTITUTE(SUBSTITUTE(SUBSTITUTE(SUBSTITUTE(SUBSTITUTE(SUBSTITUTE(SUBSTITUTE(SUBSTITUTE(SUBSTITUTE(SUBSTITUTE(SUBSTITUTE(SUBSTITUTE(SUBSTITUTE(SUBSTITUTE(SUBSTITUTE(SUBSTITUTE(SUBSTITUTE(SUBSTITUTE(SUBSTITUTE(SUBSTITUTE(SUBSTITUTE(UPPER(_xlpm.a)," ",""),"CONTROL","CTRL"),"CTL","CTRL"),"ESCAPE","ESC"),"RETURN","ENTER"),"PAGEDOWN","PGDN"),"PGDOWN","PGDN"),"PAGEUP","PGUP"),"ARROWKEYS","ARROW"),"ARROWKEY","ARROW"),"ARROWS","ARROW"),"DOWNARROW","DOWN"),"UPARROW","UP"),"LEFTARROW","LEFT"),"RIGHTARROW","RIGHT"),"ARROWDOWN","DOWN"),"ARROWUP","UP"),"ARROWLEFT","LEFT"),"ARROWRIGHT","RIGHT"),"↓","DOWN"),"↑","UP"),"←","LEFT"),"→","RIGHT"),"SPACEBAR","SPACE"),"−","-"),"MINUS","-"),"PLUS","+")=Key!$E$59:$J$59),"✔ CLEAR","✘ TRY AGAIN"))),"✘ TRY AGAIN")} | F15: {=IF(E15="Show hint",Key!$B$59,"")} | G15: {=IF(LEFT(D15,1)="✔",IF(E15="Show hint",5,10),0)} -> 0
A16: W3 | B16: Which function averages values that meet several conditions? (from F3-3 Multi-Filter) | D16: {=IFERROR(_xlfn.LET(_xlpm.a,'F3-4 Extremes'!$C$16,IF(TRIM(_xlpm.a&"")="","",IF(OR(SUBSTITUTE(SUBSTITUTE(SUBSTITUTE(SUBSTITUTE(SUBSTITUTE(SUBSTITUTE(SUBSTITUTE(SUBSTITUTE(SUBSTITUTE(SUBSTITUTE(SUBSTITUTE(SUBSTITUTE(SUBSTITUTE(SUBSTITUTE(SUBSTITUTE(SUBSTITUTE(SUBSTITUTE(SUBSTITUTE(SUBSTITUTE(SUBSTITUTE(SUBSTITUTE(SUBSTITUTE(SUBSTITUTE(SUBSTITUTE(SUBSTITUTE(SUBSTITUTE(SUBSTITUTE(UPPER(_xlpm.a)," ",""),"CONTROL","CTRL"),"CTL","CTRL"),"ESCAPE","ESC"),"RETURN","ENTER"),"PAGEDOWN","PGDN"),"PGDOWN","PGDN"),"PAGEUP","PGUP"),"ARROWKEYS","ARROW"),"ARROWKEY","ARROW"),"ARROWS","ARROW"),"DOWNARROW","DOWN"),"UPARROW","UP"),"LEFTARROW","LEFT"),"RIGHTARROW","RIGHT"),"ARROWDOWN","DOWN"),"ARROWUP","UP"),"ARROWLEFT","LEFT"),"ARROWRIGHT","RIGHT"),"↓","DOWN"),"↑","UP"),"←","LEFT"),"→","RIGHT"),"SPACEBAR","SPACE"),"−","-"),"MINUS","-"),"PLUS","+")=Key!$E$60:$J$60),"✔ CLEAR","✘ TRY AGAIN"))),"✘ TRY AGAIN")} | F16: {=IF(E16="Show hint",Key!$B$60,"")} | G16: {=IF(LEFT(D16,1)="✔",IF(E16="Show hint",5,10),0)} -> 0
A17: W4 | B17: Which keys cut the selection? (from S2-2 Clone Machine) | D17: {=IFERROR(_xlfn.LET(_xlpm.a,'F3-4 Extremes'!$C$17,IF(TRIM(_xlpm.a&"")="","",IF(OR(SUBSTITUTE(SUBSTITUTE(SUBSTITUTE(SUBSTITUTE(SUBSTITUTE(SUBSTITUTE(SUBSTITUTE(SUBSTITUTE(SUBSTITUTE(SUBSTITUTE(SUBSTITUTE(SUBSTITUTE(SUBSTITUTE(SUBSTITUTE(SUBSTITUTE(SUBSTITUTE(SUBSTITUTE(SUBSTITUTE(SUBSTITUTE(SUBSTITUTE(SUBSTITUTE(SUBSTITUTE(SUBSTITUTE(SUBSTITUTE(SUBSTITUTE(SUBSTITUTE(SUBSTITUTE(UPPER(_xlpm.a)," ",""),"CONTROL","CTRL"),"CTL","CTRL"),"ESCAPE","ESC"),"RETURN","ENTER"),"PAGEDOWN","PGDN"),"PGDOWN","PGDN"),"PAGEUP","PGUP"),"ARROWKEYS","ARROW"),"ARROWKEY","ARROW"),"ARROWS","ARROW"),"DOWNARROW","DOWN"),"UPARROW","UP"),"LEFTARROW","LEFT"),"RIGHTARROW","RIGHT"),"ARROWDOWN","DOWN"),"ARROWUP","UP"),"ARROWLEFT","LEFT"),"ARROWRIGHT","RIGHT"),"↓","DOWN"),"↑","UP"),"←","LEFT"),"→","RIGHT"),"SPACEBAR","SPACE"),"−","-"),"MINUS","-"),"PLUS","+")=Key!$E$61:$E$61),"✔ CLEAR","✘ TRY AGAIN"))),"✘ TRY AGAIN")} | F17: {=IF(E17="Show hint",Key!$B$61,"")} | G17: {=IF(LEFT(D17,1)="✔",IF(E17="Show hint",5,10),0)} -> 0
A18: W5 | B18: Which keys paste? (from S2-2 Clone Machine) | D18: {=IFERROR(_xlfn.LET(_xlpm.a,'F3-4 Extremes'!$C$18,IF(TRIM(_xlpm.a&"")="","",IF(OR(SUBSTITUTE(SUBSTITUTE(SUBSTITUTE(SUBSTITUTE(SUBSTITUTE(SUBSTITUTE(SUBSTITUTE(SUBSTITUTE(SUBSTITUTE(SUBSTITUTE(SUBSTITUTE(SUBSTITUTE(SUBSTITUTE(SUBSTITUTE(SUBSTITUTE(SUBSTITUTE(SUBSTITUTE(SUBSTITUTE(SUBSTITUTE(SUBSTITUTE(SUBSTITUTE(SUBSTITUTE(SUBSTITUTE(SUBSTITUTE(SUBSTITUTE(SUBSTITUTE(SUBSTITUTE(UPPER(_xlpm.a)," ",""),"CONTROL","CTRL"),"CTL","CTRL"),"ESCAPE","ESC"),"RETURN","ENTER"),"PAGEDOWN","PGDN"),"PGDOWN","PGDN"),"PAGEUP","PGUP"),"ARROWKEYS","ARROW"),"ARROWKEY","ARROW"),"ARROWS","ARROW"),"DOWNARROW","DOWN"),"UPARROW","UP"),"LEFTARROW","LEFT"),"RIGHTARROW","RIGHT"),"ARROWDOWN","DOWN"),"ARROWUP","UP"),"ARROWLEFT","LEFT"),"ARROWRIGHT","RIGHT"),"↓","DOWN"),"↑","UP"),"←","LEFT"),"→","RIGHT"),"SPACEBAR","SPACE"),"−","-"),"MINUS","-"),"PLUS","+")=Key!$E$62:$E$62),"✔ CLEAR","✘ TRY AGAIN"))),"✘ TRY AGAIN")} | F18: {=IF(E18="Show hint",Key!$B$62,"")} | G18: {=IF(LEFT(D18,1)="✔",IF(E18="Show hint",5,10),0)} -> 0
A19: W6 | B19: Which keys open Paste Special? (from S2-2 Clone Machine) | D19: {=IFERROR(_xlfn.LET(_xlpm.a,'F3-4 Extremes'!$C$19,IF(TRIM(_xlpm.a&"")="","",IF(OR(SUBSTITUTE(SUBSTITUTE(SUBSTITUTE(SUBSTITUTE(SUBSTITUTE(SUBSTITUTE(SUBSTITUTE(SUBSTITUTE(SUBSTITUTE(SUBSTITUTE(SUBSTITUTE(SUBSTITUTE(SUBSTITUTE(SUBSTITUTE(SUBSTITUTE(SUBSTITUTE(SUBSTITUTE(SUBSTITUTE(SUBSTITUTE(SUBSTITUTE(SUBSTITUTE(SUBSTITUTE(SUBSTITUTE(SUBSTITUTE(SUBSTITUTE(SUBSTITUTE(SUBSTITUTE(UPPER(_xlpm.a)," ",""),"CONTROL","CTRL"),"CTL","CTRL"),"ESCAPE","ESC"),"RETURN","ENTER"),"PAGEDOWN","PGDN"),"PGDOWN","PGDN"),"PAGEUP","PGUP"),"ARROWKEYS","ARROW"),"ARROWKEY","ARROW"),"ARROWS","ARROW"),"DOWNARROW","DOWN"),"UPARROW","UP"),"LEFTARROW","LEFT"),"RIGHTARROW","RIGHT"),"ARROWDOWN","DOWN"),"ARROWUP","UP"),"ARROWLEFT","LEFT"),"ARROWRIGHT","RIGHT"),"↓","DOWN"),"↑","UP"),"←","LEFT"),"→","RIGHT"),"SPACEBAR","SPACE"),"−","-"),"MINUS","-"),"PLUS","+")=Key!$E$63:$F$63),"✔ CLEAR","✘ TRY AGAIN"))),"✘ TRY AGAIN")} | F19: {=IF(E19="Show hint",Key!$B$63,"")} | G19: {=IF(LEFT(D19,1)="✔",IF(E19="Show hint",5,10),0)} -> 0
A20: W7 | B20: Which keys copy the left cell into the selected cells to its right? (from S2-2 Clone Machine) | D20: {=IFERROR(_xlfn.LET(_xlpm.a,'F3-4 Extremes'!$C$20,IF(TRIM(_xlpm.a&"")="","",IF(OR(SUBSTITUTE(SUBSTITUTE(SUBSTITUTE(SUBSTITUTE(SUBSTITUTE(SUBSTITUTE(SUBSTITUTE(SUBSTITUTE(SUBSTITUTE(SUBSTITUTE(SUBSTITUTE(SUBSTITUTE(SUBSTITUTE(SUBSTITUTE(SUBSTITUTE(SUBSTITUTE(SUBSTITUTE(SUBSTITUTE(SUBSTITUTE(SUBSTITUTE(SUBSTITUTE(SUBSTITUTE(SUBSTITUTE(SUBSTITUTE(SUBSTITUTE(SUBSTITUTE(SUBSTITUTE(UPPER(_xlpm.a)," ",""),"CONTROL","CTRL"),"CTL","CTRL"),"ESCAPE","ESC"),"RETURN","ENTER"),"PAGEDOWN","PGDN"),"PGDOWN","PGDN"),"PAGEUP","PGUP"),"ARROWKEYS","ARROW"),"ARROWKEY","ARROW"),"ARROWS","ARROW"),"DOWNARROW","DOWN"),"UPARROW","UP"),"LEFTARROW","LEFT"),"RIGHTARROW","RIGHT"),"ARROWDOWN","DOWN"),"ARROWUP","UP"),"ARROWLEFT","LEFT"),"ARROWRIGHT","RIGHT"),"↓","DOWN"),"↑","UP"),"←","LEFT"),"→","RIGHT"),"SPACEBAR","SPACE"),"−","-"),"MINUS","-"),"PLUS","+")=Key!$E$64:$E$64),"✔ CLEAR","✘ TRY AGAIN"))),"✘ TRY AGAIN")} | F20: {=IF(E20="Show hint",Key!$B$64,"")} | G20: {=IF(LEFT(D20,1)="✔",IF(E20="Show hint",5,10),0)} -> 0
A21: W8 | B21: Which keys undo the last action? (from S2-2 Clone Machine) | D21: {=IFERROR(_xlfn.LET(_xlpm.a,'F3-4 Extremes'!$C$21,IF(TRIM(_xlpm.a&"")="","",IF(OR(SUBSTITUTE(SUBSTITUTE(SUBSTITUTE(SUBSTITUTE(SUBSTITUTE(SUBSTITUTE(SUBSTITUTE(SUBSTITUTE(SUBSTITUTE(SUBSTITUTE(SUBSTITUTE(SUBSTITUTE(SUBSTITUTE(SUBSTITUTE(SUBSTITUTE(SUBSTITUTE(SUBSTITUTE(SUBSTITUTE(SUBSTITUTE(SUBSTITUTE(SUBSTITUTE(SUBSTITUTE(SUBSTITUTE(SUBSTITUTE(SUBSTITUTE(SUBSTITUTE(SUBSTITUTE(UPPER(_xlpm.a)," ",""),"CONTROL","CTRL"),"CTL","CTRL"),"ESCAPE","ESC"),"RETURN","ENTER"),"PAGEDOWN","PGDN"),"PGDOWN","PGDN"),"PAGEUP","PGUP"),"ARROWKEYS","ARROW"),"ARROWKEY","ARROW"),"ARROWS","ARROW"),"DOWNARROW","DOWN"),"UPARROW","UP"),"LEFTARROW","LEFT"),"RIGHTARROW","RIGHT"),"ARROWDOWN","DOWN"),"ARROWUP","UP"),"ARROWLEFT","LEFT"),"ARROWRIGHT","RIGHT"),"↓","DOWN"),"↑","UP"),"←","LEFT"),"→","RIGHT"),"SPACEBAR","SPACE"),"−","-"),"MINUS","-"),"PLUS","+")=Key!$E$65:$E$65),"✔ CLEAR","✘ TRY AGAIN"))),"✘ TRY AGAIN")} | F21: {=IF(E21="Show hint",Key!$B$65,"")} | G21: {=IF(LEFT(D21,1)="✔",IF(E21="Show hint",5,10),0)} -> 0
A22: W9 | B22: Which keys redo or repeat the last action? (from S2-2 Clone Machine) | D22: {=IFERROR(_xlfn.LET(_xlpm.a,'F3-4 Extremes'!$C$22,IF(TRIM(_xlpm.a&"")="","",IF(OR(SUBSTITUTE(SUBSTITUTE(SUBSTITUTE(SUBSTITUTE(SUBSTITUTE(SUBSTITUTE(SUBSTITUTE(SUBSTITUTE(SUBSTITUTE(SUBSTITUTE(SUBSTITUTE(SUBSTITUTE(SUBSTITUTE(SUBSTITUTE(SUBSTITUTE(SUBSTITUTE(SUBSTITUTE(SUBSTITUTE(SUBSTITUTE(SUBSTITUTE(SUBSTITUTE(SUBSTITUTE(SUBSTITUTE(SUBSTITUTE(SUBSTITUTE(SUBSTITUTE(SUBSTITUTE(UPPER(_xlpm.a)," ",""),"CONTROL","CTRL"),"CTL","CTRL"),"ESCAPE","ESC"),"RETURN","ENTER"),"PAGEDOWN","PGDN"),"PGDOWN","PGDN"),"PAGEUP","PGUP"),"ARROWKEYS","ARROW"),"ARROWKEY","ARROW"),"ARROWS","ARROW"),"DOWNARROW","DOWN"),"UPARROW","UP"),"LEFTARROW","LEFT"),"RIGHTARROW","RIGHT"),"ARROWDOWN","DOWN"),"ARROWUP","UP"),"ARROWLEFT","LEFT"),"ARROWRIGHT","RIGHT"),"↓","DOWN"),"↑","UP"),"←","LEFT"),"→","RIGHT"),"SPACEBAR","SPACE"),"−","-"),"MINUS","-"),"PLUS","+")=Key!$E$66:$E$66),"✔ CLEAR","✘ TRY AGAIN"))),"✘ TRY AGAIN")} | F22: {=IF(E22="Show hint",Key!$B$66,"")} | G22: {=IF(LEFT(D22,1)="✔",IF(E22="Show hint",5,10),0)} -> 0
A23: W10 | B23: Which keys type today's date as a fixed value? (from S2-3 Stamps & Smart Fill) | D23: {=IFERROR(_xlfn.LET(_xlpm.a,'F3-4 Extremes'!$C$23,IF(TRIM(_xlpm.a&"")="","",IF(OR(SUBSTITUTE(SUBSTITUTE(SUBSTITUTE(SUBSTITUTE(SUBSTITUTE(SUBSTITUTE(SUBSTITUTE(SUBSTITUTE(SUBSTITUTE(SUBSTITUTE(SUBSTITUTE(SUBSTITUTE(SUBSTITUTE(SUBSTITUTE(SUBSTITUTE(SUBSTITUTE(SUBSTITUTE(SUBSTITUTE(SUBSTITUTE(SUBSTITUTE(SUBSTITUTE(SUBSTITUTE(SUBSTITUTE(SUBSTITUTE(SUBSTITUTE(SUBSTITUTE(SUBSTITUTE(UPPER(_xlpm.a)," ",""),"CONTROL","CTRL"),"CTL","CTRL"),"ESCAPE","ESC"),"RETURN","ENTER"),"PAGEDOWN","PGDN"),"PGDOWN","PGDN"),"PAGEUP","PGUP"),"ARROWKEYS","ARROW"),"ARROWKEY","ARROW"),"ARROWS","ARROW"),"DOWNARROW","DOWN"),"UPARROW","UP"),"LEFTARROW","LEFT"),"RIGHTARROW","RIGHT"),"ARROWDOWN","DOWN"),"ARROWUP","UP"),"ARROWLEFT","LEFT"),"ARROWRIGHT","RIGHT"),"↓","DOWN"),"↑","UP"),"←","LEFT"),"→","RIGHT"),"SPACEBAR","SPACE"),"−","-"),"MINUS","-"),"PLUS","+")=Key!$E$67:$F$67),"✔ CLEAR","✘ TRY AGAIN"))),"✘ TRY AGAIN")} | F23: {=IF(E23="Show hint",Key!$B$67,"")} | G23: {=IF(LEFT(D23,1)="✔",IF(E23="Show hint",5,10),0)} -> 0
A25: TRAINING · recognize the move (pick from the list)
A26: # | B26: Mission | C26: Your answer | D26: Result | E26: Hint? | F26: Hint | G26: XP
A27: T1 | B27: Which function returns the largest value that meets conditions? | D27: {=IFERROR(IF('F3-4 Extremes'!$C$27&""="","",IF('F3-4 Extremes'!$C$27&""=Key!$C$68&"","✔ CLEAR","✘ TRY AGAIN")),"✘ TRY AGAIN")} | F27: {=IF(E27="Show hint",Key!$B$68,"")} | G27: {=IF(LEFT(D27,1)="✔",IF(E27="Show hint",5,10),0)} -> 0
A28: T2 | B28: Which function returns the smallest value that meets conditions? | D28: {=IFERROR(IF('F3-4 Extremes'!$C$28&""="","",IF('F3-4 Extremes'!$C$28&""=Key!$C$69&"","✔ CLEAR","✘ TRY AGAIN")),"✘ TRY AGAIN")} | F28: {=IF(E28="Show hint",Key!$B$69,"")} | G28: {=IF(LEFT(D28,1)="✔",IF(E28="Show hint",5,10),0)} -> 0
A29: T3 | B29: Which move is this? Join an operator to a cell with &: ">="&K6. | D29: {=IFERROR(IF('F3-4 Extremes'!$C$29&""="","",IF('F3-4 Extremes'!$C$29&""=Key!$C$70&"","✔ CLEAR","✘ TRY AGAIN")),"✘ TRY AGAIN")} | F29: {=IF(E29="Show hint",Key!$B$70,"")} | G29: {=IF(LEFT(D29,1)="✔",IF(E29="Show hint",5,10),0)} -> 0
A30: T4 | B30: Which move is this? Dates between two days: one criteria pair for >= start, one for <= end. | D30: {=IFERROR(IF('F3-4 Extremes'!$C$30&""="","",IF('F3-4 Extremes'!$C$30&""=Key!$C$71&"","✔ CLEAR","✘ TRY AGAIN")),"✘ TRY AGAIN")} | F30: {=IF(E30="Show hint",Key!$B$71,"")} | G30: {=IF(LEFT(D30,1)="✔",IF(E30="Show hint",5,10),0)} -> 0
A32: CHALLENGES · recall it, then do it
B33: ▶ Open F3-4 Arena (or press Ctrl+PgDn)
A34: # | B34: Mission | C34: Your answer | D34: Result | E34: Hint? | F34: Hint | G34: XP
A35: C1 | B35: Which function returns the largest value that meets conditions? | D35: {=IFERROR(_xlfn.LET(_xlpm.a,'F3-4 Extremes'!$C$35,IF(TRIM(_xlpm.a&"")="","",IF(OR(SUBSTITUTE(SUBSTITUTE(SUBSTITUTE(SUBSTITUTE(SUBSTITUTE(SUBSTITUTE(SUBSTITUTE(SUBSTITUTE(SUBSTITUTE(SUBSTITUTE(SUBSTITUTE(SUBSTITUTE(SUBSTITUTE(SUBSTITUTE(SUBSTITUTE(SUBSTITUTE(SUBSTITUTE(SUBSTITUTE(SUBSTITUTE(SUBSTITUTE(SUBSTITUTE(SUBSTITUTE(SUBSTITUTE(SUBSTITUTE(SUBSTITUTE(SUBSTITUTE(SUBSTITUTE(UPPER(_xlpm.a)," ",""),"CONTROL","CTRL"),"CTL","CTRL"),"ESCAPE","ESC"),"RETURN","ENTER"),"PAGEDOWN","PGDN"),"PGDOWN","PGDN"),"PAGEUP","PGUP"),"ARROWKEYS","ARROW"),"ARROWKEY","ARROW"),"ARROWS","ARROW"),"DOWNARROW","DOWN"),"UPARROW","UP"),"LEFTARROW","LEFT"),"RIGHTARROW","RIGHT"),"ARROWDOWN","DOWN"),"ARROWUP","UP"),"ARROWLEFT","LEFT"),"ARROWRIGHT","RIGHT"),"↓","DOWN"),"↑","UP"),"←","LEFT"),"→","RIGHT"),"SPACEBAR","SPACE"),"−","-"),"MINUS","-"),"PLUS","+")=Key!$E$72:$J$72),"✔ CLEAR","✘ TRY AGAIN"))),"✘ TRY AGAIN")} | F35: {=IF(E35="Show hint",Key!$B$72,"")} | G35: {=IF(LEFT(D35,1)="✔",IF(E35="Show hint",5,10),0)} -> 0
A36: C2 | B36: Which function returns the smallest value that meets conditions? | D36: {=IFERROR(_xlfn.LET(_xlpm.a,'F3-4 Extremes'!$C$36,IF(TRIM(_xlpm.a&"")="","",IF(OR(SUBSTITUTE(SUBSTITUTE(SUBSTITUTE(SUBSTITUTE(SUBSTITUTE(SUBSTITUTE(SUBSTITUTE(SUBSTITUTE(SUBSTITUTE(SUBSTITUTE(SUBSTITUTE(SUBSTITUTE(SUBSTITUTE(SUBSTITUTE(SUBSTITUTE(SUBSTITUTE(SUBSTITUTE(SUBSTITUTE(SUBSTITUTE(SUBSTITUTE(SUBSTITUTE(SUBSTITUTE(SUBSTITUTE(SUBSTITUTE(SUBSTITUTE(SUBSTITUTE(SUBSTITUTE(UPPER(_xlpm.a)," ",""),"CONTROL","CTRL"),"CTL","CTRL"),"ESCAPE","ESC"),"RETURN","ENTER"),"PAGEDOWN","PGDN"),"PGDOWN","PGDN"),"PAGEUP","PGUP"),"ARROWKEYS","ARROW"),"ARROWKEY","ARROW"),"ARROWS","ARROW"),"DOWNARROW","DOWN"),"UPARROW","UP"),"LEFTARROW","LEFT"),"RIGHTARROW","RIGHT"),"ARROWDOWN","DOWN"),"ARROWUP","UP"),"ARROWLEFT","LEFT"),"ARROWRIGHT","RIGHT"),"↓","DOWN"),"↑","UP"),"←","LEFT"),"→","RIGHT"),"SPACEBAR","SPACE"),"−","-"),"MINUS","-"),"PLUS","+")=Key!$E$73:$J$73),"✔ CLEAR","✘ TRY AGAIN"))),"✘ TRY AGAIN")} | F36: {=IF(E36="Show hint",Key!$B$73,"")} | G36: {=IF(LEFT(D36,1)="✔",IF(E36="Show hint",5,10),0)} -> 0
A37: C3 | B37: Which character joins ">=" to a cell reference in criteria? | D37: {=IFERROR(_xlfn.LET(_xlpm.a,'F3-4 Extremes'!$C$37,IF(TRIM(_xlpm.a&"")="","",IF(OR(SUBSTITUTE(SUBSTITUTE(SUBSTITUTE(SUBSTITUTE(SUBSTITUTE(SUBSTITUTE(SUBSTITUTE(SUBSTITUTE(SUBSTITUTE(SUBSTITUTE(SUBSTITUTE(SUBSTITUTE(SUBSTITUTE(SUBSTITUTE(SUBSTITUTE(SUBSTITUTE(SUBSTITUTE(SUBSTITUTE(SUBSTITUTE(SUBSTITUTE(SUBSTITUTE(SUBSTITUTE(SUBSTITUTE(SUBSTITUTE(SUBSTITUTE(SUBSTITUTE(SUBSTITUTE(UPPER(_xlpm.a)," ",""),"CONTROL","CTRL"),"CTL","CTRL"),"ESCAPE","ESC"),"RETURN","ENTER"),"PAGEDOWN","PGDN"),"PGDOWN","PGDN"),"PAGEUP","PGUP"),"ARROWKEYS","ARROW"),"ARROWKEY","ARROW"),"ARROWS","ARROW"),"DOWNARROW","DOWN"),"UPARROW","UP"),"LEFTARROW","LEFT"),"RIGHTARROW","RIGHT"),"ARROWDOWN","DOWN"),"ARROWUP","UP"),"ARROWLEFT","LEFT"),"ARROWRIGHT","RIGHT"),"↓","DOWN"),"↑","UP"),"←","LEFT"),"→","RIGHT"),"SPACEBAR","SPACE"),"−","-"),"MINUS","-"),"PLUS","+")=Key!$E$74:$F$74),"✔ CLEAR","✘ TRY AGAIN"))),"✘ TRY AGAIN")} | F37: {=IF(E37="Show hint",Key!$B$74,"")} | G37: {=IF(LEFT(D37,1)="✔",IF(E37="Show hint",5,10),0)} -> 0
A38: C4 | B38: How many range/criteria pairs do you need for 'dates between a start and an end'? | D38: {=IFERROR(_xlfn.LET(_xlpm.a,'F3-4 Extremes'!$C$38,IF(TRIM(_xlpm.a&"")="","",IF(OR(SUBSTITUTE(SUBSTITUTE(SUBSTITUTE(SUBSTITUTE(SUBSTITUTE(SUBSTITUTE(SUBSTITUTE(SUBSTITUTE(SUBSTITUTE(SUBSTITUTE(SUBSTITUTE(SUBSTITUTE(SUBSTITUTE(SUBSTITUTE(SUBSTITUTE(SUBSTITUTE(SUBSTITUTE(SUBSTITUTE(SUBSTITUTE(SUBSTITUTE(SUBSTITUTE(SUBSTITUTE(SUBSTITUTE(SUBSTITUTE(SUBSTITUTE(SUBSTITUTE(SUBSTITUTE(UPPER(_xlpm.a)," ",""),"CONTROL","CTRL"),"CTL","CTRL"),"ESCAPE","ESC"),"RETURN","ENTER"),"PAGEDOWN","PGDN"),"PGDOWN","PGDN"),"PAGEUP","PGUP"),"ARROWKEYS","ARROW"),"ARROWKEY","ARROW"),"ARROWS","ARROW"),"DOWNARROW","DOWN"),"UPARROW","UP"),"LEFTARROW","LEFT"),"RIGHTARROW","RIGHT"),"ARROWDOWN","DOWN"),"ARROWUP","UP"),"ARROWLEFT","LEFT"),"ARROWRIGHT","RIGHT"),"↓","DOWN"),"↑","UP"),"←","LEFT"),"→","RIGHT"),"SPACEBAR","SPACE"),"−","-"),"MINUS","-"),"PLUS","+")=Key!$E$75:$F$75),"✔ CLEAR","✘ TRY AGAIN"))),"✘ TRY AGAIN")} | F38: {=IF(E38="Show hint",Key!$B$75,"")} | G38: {=IF(LEFT(D38,1)="✔",IF(E38="Show hint",5,10),0)} -> 0
A39: C5 | B39: In M6 find the largest East Revenue with MAXIFS. | C39: ▶ ARENA C5 (cell M6) | D39: {=IF(ISBLANK('F3-4 Arena'!$M$6),"",IF(NOT(_xlfn.ISFORMULA('F3-4 Arena'!$M$6)),"✘ That's a typed value · enter a formula",IF(ISERROR('F3-4 Arena'!$M$6),"✘ Your formula returns "&IFERROR(CHOOSE(ERROR.TYPE('F3-4 Arena'!$M$6),"#NULL!","#DIV/0!","#VALUE!","#REF!","#NAME?","#NUM!","#N/A","#GETTING_DATA","#SPILL!","#CONNECT!","#BLOCKED!","#UNKNOWN!","#FIELD!","#CALC!"),"an error"),IF(NOT(AND(IFERROR(AND(ISNUMBER('F3-4 Arena'!$M$6),ABS('F3-4 Arena'!$M$6-Key!$C$76)<=1E-9*MAX(1,ABS(Key!$C$76))),FALSE))),"✘ TRY AGAIN",IF(AND(OR(ISNUMBER(FIND({"=","(",",","+","-","*","/","&"," ","<",">",":","@","^"}&"MAXIFS"&"(",UPPER(_xlfn.FORMULATEXT('F3-4 Arena'!$M$6)))))),"✔ CLEAR","✘ CLOSE · right value, but use MAXIFS")))))} | F39: {=IF(E39="Show hint",Key!$B$76,"")} | G39: {=IF(LEFT(D39,1)="✔",IF(E39="Show hint",5,10),0)} -> 0
A40: C6 | B40: In M7 find the fewest Units in any Widget order with MINIFS. | C40: ▶ ARENA C6 (cell M7) | D40: {=IF(ISBLANK('F3-4 Arena'!$M$7),"",IF(NOT(_xlfn.ISFORMULA('F3-4 Arena'!$M$7)),"✘ That's a typed value · enter a formula",IF(ISERROR('F3-4 Arena'!$M$7),"✘ Your formula returns "&IFERROR(CHOOSE(ERROR.TYPE('F3-4 Arena'!$M$7),"#NULL!","#DIV/0!","#VALUE!","#REF!","#NAME?","#NUM!","#N/A","#GETTING_DATA","#SPILL!","#CONNECT!","#BLOCKED!","#UNKNOWN!","#FIELD!","#CALC!"),"an error"),IF(NOT(AND(IFERROR(AND(ISNUMBER('F3-4 Arena'!$M$7),ABS('F3-4 Arena'!$M$7-Key!$C$77)<=1E-9*MAX(1,ABS(Key!$C$77))),FALSE))),"✘ TRY AGAIN",IF(AND(OR(ISNUMBER(FIND({"=","(",",","+","-","*","/","&"," ","<",">",":","@","^"}&"MINIFS"&"(",UPPER(_xlfn.FORMULATEXT('F3-4 Arena'!$M$7)))))),"✔ CLEAR","✘ CLOSE · right value, but use MINIFS")))))} | F40: {=IF(E40="Show hint",Key!$B$77,"")} | G40: {=IF(LEFT(D40,1)="✔",IF(E40="Show hint",5,10),0)} -> 0
A41: C7 | B41: In M8 count the orders whose Units are at least the number in K6. Build the criteria with ">="&K6. | C41: ▶ ARENA C7 (cell M8) | D41: {=IF(ISBLANK('F3-4 Arena'!$M$8),"",IF(NOT(_xlfn.ISFORMULA('F3-4 Arena'!$M$8)),"✘ That's a typed value · enter a formula",IF(ISERROR('F3-4 Arena'!$M$8),"✘ Your formula returns "&IFERROR(CHOOSE(ERROR.TYPE('F3-4 Arena'!$M$8),"#NULL!","#DIV/0!","#VALUE!","#REF!","#NAME?","#NUM!","#N/A","#GETTING_DATA","#SPILL!","#CONNECT!","#BLOCKED!","#UNKNOWN!","#FIELD!","#CALC!"),"an error"),IF(NOT(AND(IFERROR(AND(ISNUMBER('F3-4 Arena'!$M$8),ABS('F3-4 Arena'!$M$8-Key!$C$78)<=1E-9*MAX(1,ABS(Key!$C$78))),FALSE))),"✘ TRY AGAIN",IF(AND(OR(ISNUMBER(FIND({"=","(",",","+","-","*","/","&"," ","<",">",":","@","^"}&"COUNTIF"&"(",UPPER(_xlfn.FORMULATEXT('F3-4 Arena'!$M$8)))))),IF(ISNUMBER(FIND("&",_xlfn.FORMULATEXT('F3-4 Arena'!$M$8))),"✔ CLEAR","✘ CLOSE · your formula needs &"),"✘ CLOSE · right value, but use COUNTIF")))))} | F41: {=IF(E41="Show hint",Key!$B$78,"")} | G41: {=IF(LEFT(D41,1)="✔",IF(E41="Show hint",5,10),0)} -> 0
A42: C8 | B42: In M9 add the Revenue of orders dated from K9 to K11 (both included). Use SUMIFS with two date pairs. | C42: ▶ ARENA C8 (cell M9) | D42: {=IF(ISBLANK('F3-4 Arena'!$M$9),"",IF(NOT(_xlfn.ISFORMULA('F3-4 Arena'!$M$9)),"✘ That's a typed value · enter a formula",IF(ISERROR('F3-4 Arena'!$M$9),"✘ Your formula returns "&IFERROR(CHOOSE(ERROR.TYPE('F3-4 Arena'!$M$9),"#NULL!","#DIV/0!","#VALUE!","#REF!","#NAME?","#NUM!","#N/A","#GETTING_DATA","#SPILL!","#CONNECT!","#BLOCKED!","#UNKNOWN!","#FIELD!","#CALC!"),"an error"),IF(NOT(AND(IFERROR(AND(ISNUMBER('F3-4 Arena'!$M$9),ABS('F3-4 Arena'!$M$9-Key!$C$79)<=1E-9*MAX(1,ABS(Key!$C$79))),FALSE))),"✘ TRY AGAIN",IF(AND(OR(ISNUMBER(FIND({"=","(",",","+","-","*","/","&"," ","<",">",":","@","^"}&"SUMIFS"&"(",UPPER(_xlfn.FORMULATEXT('F3-4 Arena'!$M$9)))))),IF(ISNUMBER(FIND("&",_xlfn.FORMULATEXT('F3-4 Arena'!$M$9))),"✔ CLEAR","✘ CLOSE · your formula needs &"),"✘ CLOSE · right value, but use SUMIFS")))))} | F42: {=IF(E42="Show hint",Key!$B$79,"")} | G42: {=IF(LEFT(D42,1)="✔",IF(E42="Show hint",5,10),0)} -> 0

Sheet F3-4 Arena
A1: ARENA ▸ F3-4 EXTREMES
A2: Practice area · everything here is editable. Missions and their checks are on the stage sheet.
A3: PASS CODE | B3: EXTREMES | D3: ◀ Back to F3-4 Extremes
B5: Order | C5: Date | D5: Region | E5: Rep | F5: Product | G5: Units | H5: Revenue | K5: Min units
B6: O-101 | C6: 46027 | D6: East | E6: Kim | F6: Widget | G6: 40 | H6: 1200 | K6: 40 | L6: Biggest East revenue
B7: O-102 | C7: 46031 | D7: West | E7: Lee | F7: Gadget | G7: 15 | H7: 900 | L7: Fewest Widget units
B8: O-103 | C8: 46036 | D8: North | E8: Ava | F8: Widget | G8: 55 | H8: 1650 | K8: Start | L8: Orders with units ≥ K6
B9: O-104 | C9: 46042 | D9: East | E9: Kim | F9: Gizmo | G9: 20 | H9: 1000 | K9: 46054 | L9: Revenue between K9 and K11
B10: O-105 | C10: 46055 | D10: South | E10: Raj | F10: Gadget | G10: 60 | H10: 3600 | K10: End
B11: O-106 | C11: 46060 | D11: West | E11: Lee | F11: Widget | G11: 35 | H11: 1050 | K11: 46112
B12: O-107 | C12: 46064 | D12: East | E12: Ava | F12: Gadget | G12: 25 | H12: 1500
B13: O-108 | C13: 46072 | D13: North | E13: Raj | F13: Gizmo | G13: 45 | H13: 2250
B14: O-109 | C14: 46084 | D14: West | E14: Kim | F14: Gizmo | G14: 10 | H14: 500
B15: O-110 | C15: 46089 | D15: East | E15: Lee | F15: Widget | G15: 70 | H15: 2100
B16: O-111 | C16: 46096 | D16: South | E16: Ava | F16: Widget | G16: 30 | H16: 900
B17: O-112 | C17: 46103 | D17: North | E17: Kim | F17: Gadget | G17: 50 | H17: 3000
B18: O-113 | C18: 46113 | D18: East | E18: Raj | F18: Gizmo | G18: 65 | H18: 3250
B19: O-114 | C19: 46118 | D19: West | E19: Ava | F19: Gadget | G19: 20 | H19: 1200
B20: O-115 | C20: 46125 | D20: South | E20: Lee | F20: Gizmo | G20: 15 | H20: 750
B21: O-116 | C21: 46133 | D21: East | E21: Kim | F21: Widget | G21: 50 | H21: 1500
B22: O-117 | C22: 46146 | D22: North | E22: Lee | F22: Widget | G22: 25 | H22: 750
B23: O-118 | C23: 46154 | D23: West | E23: Raj | F23: Gadget | G23: 40 | H23: 2400
... B25: O-120 | C25: 46169 | D25: East | E25: Ava | F25: Gadget | G25: 55 | H25: 3300

Sheet Boss
A1: BOSS ▸ CONDITIONAL MATH
A2: Every move from this world in one gauntlet. Clear it under par for rank S.
A3: {="SCORE "&TEXT(SUM($G$14:$G$33),"0000")&" / 0160"} -> SCORE 0000 / 0160 | C3: {=IF(SUM($G$14:$G$33)>=160,"★★★",IF(SUM($G$14:$G$33)>=160*0.8,"★★☆",IF(SUM($G$14:$G$33)>=160*0.5,"★☆☆","☆☆☆")))} -> ☆☆☆ | D3: {=REPT("█",ROUND(10*SUM($G$14:$G$33)/160,0))&REPT("░",10-ROUND(10*SUM($G$14:$G$33)/160,0))&" "&TEXT(SUM($G$14:$G$33)/160,"0%")} -> ░░░░░░░░░░ 0%
A5: SPEEDRUN · stamp START, beat the Boss, stamp FINISH
B6: START · select C6 and press Ctrl+Shift+:
B7: FINISH · select C7 and press Ctrl+Shift+:
B8: TIME | C8: {=IF(OR(C6="",C7=""),"",ROUND(MOD(C7-C6,1)*1440,0))}
B9: PAR | C9: 15
B10: BOSS GATE | C10: {=IF(AND(SUM('F3-1 Counters'!$G$13:$G$39)>=200*0.5,SUM('F3-2 Money Bags'!$G$12:$G$35)>=170*0.5,SUM('F3-3 Multi-Filter'!$G$13:$G$38)>=190*0.5,SUM('F3-4 Extremes'!$G$14:$G$42)>=220*0.5),"OPEN","LOCKED")} -> LOCKED | D10: {=IF(C10="OPEN","Gate open · go!","Earn ★ on every stage to open the gate")} -> Earn ★ on every stage to open the gate
A12: FLASHBACK · moves from earlier worlds
A13: # | B13: Mission | C13: Your answer | D13: Result | E13: Hint? | F13: Hint | G13: XP
A14: F1 | B14: {=IF($C$10="OPEN","Which function returns the largest value that meets conditions? (from F3-4 Extremes)","LOCKED · earn ★ on every stage to open the Boss gate")} -> LOCKED · earn ★ on every stage to open the Boss gate | D14: {=IF($C$10="OPEN",IFERROR(_xlfn.LET(_xlpm.a,Boss!$C$14,IF(TRIM(_xlpm.a&"")="","",IF(OR(SUBSTITUTE(SUBSTITUTE(SUBSTITUTE(SUBSTITUTE(SUBSTITUTE(SUBSTITUTE(SUBSTITUTE(SUBSTITUTE(SUBSTITUTE(SUBSTITUTE(SUBSTITUTE(SUBSTITUTE(SUBSTITUTE(SUBSTITUTE(SUBSTITUTE(SUBSTITUTE(SUBSTITUTE(SUBSTITUTE(SUBSTITUTE(SUBSTITUTE(SUBSTITUTE(SUBSTITUTE(SUBSTITUTE(SUBSTITUTE(SUBSTITUTE(SUBSTITUTE(SUBSTITUTE(UPPER(_xlpm.a)," ",""),"CONTROL","CTRL"),"CTL","CTRL"),"ESCAPE","ESC"),"RETURN","ENTER"),"PAGEDOWN","PGDN"),"PGDOWN","PGDN"),"PAGEUP","PGUP"),"ARROWKEYS","ARROW"),"ARROWKEY","ARROW"),"ARROWS","ARROW"),"DOWNARROW","DOWN"),"UPARROW","UP"),"LEFTARROW","LEFT"),"RIGHTARROW","RIGHT"),"ARROWDOWN","DOWN"),"ARROWUP","UP"),"ARROWLEFT","LEFT"),"ARROWRIGHT","RIGHT"),"↓","DOWN"),"↑","UP"),"←","LEFT"),"→","RIGHT"),"SPACEBAR","SPACE"),"−","-"),"MINUS","-"),"PLUS","+")=Key!$E$80:$J$80),"✔ CLEAR","✘ TRY AGAIN"))),"✘ TRY AGAIN"),"LOCKED")} -> LOCKED | F14: {=IF(E14="Show hint",Key!$B$80,"")} | G14: {=IF(LEFT(D14,1)="✔",IF(E14="Show hint",5,10),0)} -> 0
A15: F2 | B15: {=IF($C$10="OPEN","Which function returns the smallest value that meets conditions? (from F3-4 Extremes)","LOCKED · earn ★ on every stage to open the Boss gate")} -> LOCKED · earn ★ on every stage to open the Boss gate | D15: {=IF($C$10="OPEN",IFERROR(_xlfn.LET(_xlpm.a,Boss!$C$15,IF(TRIM(_xlpm.a&"")="","",IF(OR(SUBSTITUTE(SUBSTITUTE(SUBSTITUTE(SUBSTITUTE(SUBSTITUTE(SUBSTITUTE(SUBSTITUTE(SUBSTITUTE(SUBSTITUTE(SUBSTITUTE(SUBSTITUTE(SUBSTITUTE(SUBSTITUTE(SUBSTITUTE(SUBSTITUTE(SUBSTITUTE(SUBSTITUTE(SUBSTITUTE(SUBSTITUTE(SUBSTITUTE(SUBSTITUTE(SUBSTITUTE(SUBSTITUTE(SUBSTITUTE(SUBSTITUTE(SUBSTITUTE(SUBSTITUTE(UPPER(_xlpm.a)," ",""),"CONTROL","CTRL"),"CTL","CTRL"),"ESCAPE","ESC"),"RETURN","ENTER"),"PAGEDOWN","PGDN"),"PGDOWN","PGDN"),"PAGEUP","PGUP"),"ARROWKEYS","ARROW"),"ARROWKEY","ARROW"),"ARROWS","ARROW"),"DOWNARROW","DOWN"),"UPARROW","UP"),"LEFTARROW","LEFT"),"RIGHTARROW","RIGHT"),"ARROWDOWN","DOWN"),"ARROWUP","UP"),"ARROWLEFT","LEFT"),"ARROWRIGHT","RIGHT"),"↓","DOWN"),"↑","UP"),"←","LEFT"),"→","RIGHT"),"SPACEBAR","SPACE"),"−","-"),"MINUS","-"),"PLUS","+")=Key!$E$81:$J$81),"✔ CLEAR","✘ TRY AGAIN"))),"✘ TRY AGAIN"),"LOCKED")} -> LOCKED | F15: {=IF(E15="Show hint",Key!$B$81,"")} | G15: {=IF(LEFT(D15,1)="✔",IF(E15="Show hint",5,10),0)} -> 0
A16: F3 | B16: {=IF($C$10="OPEN","Which character joins "">="" to a cell reference in criteria? (from F3-4 Extremes)","LOCKED · earn ★ on every stage to open the Boss gate")} -> LOCKED · earn ★ on every stage to open the Boss gate | D16: {=IF($C$10="OPEN",IFERROR(_xlfn.LET(_xlpm.a,Boss!$C$16,IF(TRIM(_xlpm.a&"")="","",IF(OR(SUBSTITUTE(SUBSTITUTE(SUBSTITUTE(SUBSTITUTE(SUBSTITUTE(SUBSTITUTE(SUBSTITUTE(SUBSTITUTE(SUBSTITUTE(SUBSTITUTE(SUBSTITUTE(SUBSTITUTE(SUBSTITUTE(SUBSTITUTE(SUBSTITUTE(SUBSTITUTE(SUBSTITUTE(SUBSTITUTE(SUBSTITUTE(SUBSTITUTE(SUBSTITUTE(SUBSTITUTE(SUBSTITUTE(SUBSTITUTE(SUBSTITUTE(SUBSTITUTE(SUBSTITUTE(UPPER(_xlpm.a)," ",""),"CONTROL","CTRL"),"CTL","CTRL"),"ESCAPE","ESC"),"RETURN","ENTER"),"PAGEDOWN","PGDN"),"PGDOWN","PGDN"),"PAGEUP","PGUP"),"ARROWKEYS","ARROW"),"ARROWKEY","ARROW"),"ARROWS","ARROW"),"DOWNARROW","DOWN"),"UPARROW","UP"),"LEFTARROW","LEFT"),"RIGHTARROW","RIGHT"),"ARROWDOWN","DOWN"),"ARROWUP","UP"),"ARROWLEFT","LEFT"),"ARROWRIGHT","RIGHT"),"↓","DOWN"),"↑","UP"),"←","LEFT"),"→","RIGHT"),"SPACEBAR","SPACE"),"−","-"),"MINUS","-"),"PLUS","+")=Key!$E$82:$F$82),"✔ CLEAR","✘ TRY AGAIN"))),"✘ TRY AGAIN"),"LOCKED")} -> LOCKED | F16: {=IF(E16="Show hint",Key!$B$82,"")} | G16: {=IF(LEFT(D16,1)="✔",IF(E16="Show hint",5,10),0)} -> 0
A17: F4 | B17: {=IF($C$10="OPEN","How many range/criteria pairs do you need for 'dates between a start and an end'? (from F3-4 Extremes)","LOCKED · earn ★ on every stage to open the Boss gate")} -> LOCKED · earn ★ on every stage to open the Boss gate | D17: {=IF($C$10="OPEN",IFERROR(_xlfn.LET(_xlpm.a,Boss!$C$17,IF(TRIM(_xlpm.a&"")="","",IF(OR(SUBSTITUTE(SUBSTITUTE(SUBSTITUTE(SUBSTITUTE(SUBSTITUTE(SUBSTITUTE(SUBSTITUTE(SUBSTITUTE(SUBSTITUTE(SUBSTITUTE(SUBSTITUTE(SUBSTITUTE(SUBSTITUTE(SUBSTITUTE(SUBSTITUTE(SUBSTITUTE(SUBSTITUTE(SUBSTITUTE(SUBSTITUTE(SUBSTITUTE(SUBSTITUTE(SUBSTITUTE(SUBSTITUTE(SUBSTITUTE(SUBSTITUTE(SUBSTITUTE(SUBSTITUTE(UPPER(_xlpm.a)," ",""),"CONTROL","CTRL"),"CTL","CTRL"),"ESCAPE","ESC"),"RETURN","ENTER"),"PAGEDOWN","PGDN"),"PGDOWN","PGDN"),"PAGEUP","PGUP"),"ARROWKEYS","ARROW"),"ARROWKEY","ARROW"),"ARROWS","ARROW"),"DOWNARROW","DOWN"),"UPARROW","UP"),"LEFTARROW","LEFT"),"RIGHTARROW","RIGHT"),"ARROWDOWN","DOWN"),"ARROWUP","UP"),"ARROWLEFT","LEFT"),"ARROWRIGHT","RIGHT"),"↓","DOWN"),"↑","UP"),"←","LEFT"),"→","RIGHT"),"SPACEBAR","SPACE"),"−","-"),"MINUS","-"),"PLUS","+")=Key!$E$83:$F$83),"✔ CLEAR","✘ TRY AGAIN"))),"✘ TRY AGAIN"),"LOCKED")} -> LOCKED | F17: {=IF(E17="Show hint",Key!$B$83,"")} | G17: {=IF(LEFT(D17,1)="✔",IF(E17="Show hint",5,10),0)} -> 0
A18: F5 | B18: {=IF($C$10="OPEN","Which function counts cells that meet one condition? (from F3-1 Counters)","LOCKED · earn ★ on every stage to open the Boss gate")} -> LOCKED · earn ★ on every stage to open the Boss gate | D18: {=IF($C$10="OPEN",IFERROR(_xlfn.LET(_xlpm.a,Boss!$C$18,IF(TRIM(_xlpm.a&"")="","",IF(OR(SUBSTITUTE(SUBSTITUTE(SUBSTITUTE(SUBSTITUTE(SUBSTITUTE(SUBSTITUTE(SUBSTITUTE(SUBSTITUTE(SUBSTITUTE(SUBSTITUTE(SUBSTITUTE(SUBSTITUTE(SUBSTITUTE(SUBSTITUTE(SUBSTITUTE(SUBSTITUTE(SUBSTITUTE(SUBSTITUTE(SUBSTITUTE(SUBSTITUTE(SUBSTITUTE(SUBSTITUTE(SUBSTITUTE(SUBSTITUTE(SUBSTITUTE(SUBSTITUTE(SUBSTITUTE(UPPER(_xlpm.a)," ",""),"CONTROL","CTRL"),"CTL","CTRL"),"ESCAPE","ESC"),"RETURN","ENTER"),"PAGEDOWN","PGDN"),"PGDOWN","PGDN"),"PAGEUP","PGUP"),"ARROWKEYS","ARROW"),"ARROWKEY","ARROW"),"ARROWS","ARROW"),"DOWNARROW","DOWN"),"UPARROW","UP"),"LEFTARROW","LEFT"),"RIGHTARROW","RIGHT"),"ARROWDOWN","DOWN"),"ARROWUP","UP"),"ARROWLEFT","LEFT"),"ARROWRIGHT","RIGHT"),"↓","DOWN"),"↑","UP"),"←","LEFT"),"→","RIGHT"),"SPACEBAR","SPACE"),"−","-"),"MINUS","-"),"PLUS","+")=Key!$E$84:$J$84),"✔ CLEAR","✘ TRY AGAIN"))),"✘ TRY AGAIN"),"LOCKED")} -> LOCKED | F18: {=IF(E18="Show hint",Key!$B$84,"")} | G18: {=IF(LEFT(D18,1)="✔",IF(E18="Show hint",5,10),0)} -> 0
A19: F6 | B19: {=IF($C$10="OPEN","Type the COUNTIF criteria for ""greater than 50"", quotes included. (from F3-1 Counters)","LOCKED · earn ★ on every stage to open the Boss gate")} -> LOCKED · earn ★ on every stage to open the Boss gate | D19: {=IF($C$10="OPEN",IFERROR(_xlfn.LET(_xlpm.a,Boss!$C$19,IF(TRIM(_xlpm.a&"")="","",IF(OR(SUBSTITUTE(SUBSTITUTE(SUBSTITUTE(SUBSTITUTE(SUBSTITUTE(SUBSTITUTE(SUBSTITUTE(SUBSTITUTE(SUBSTITUTE(SUBSTITUTE(SUBSTITUTE(SUBSTITUTE(SUBSTITUTE(SUBSTITUTE(SUBSTITUTE(SUBSTITUTE(SUBSTITUTE(SUBSTITUTE(SUBSTITUTE(SUBSTITUTE(SUBSTITUTE(SUBSTITUTE(SUBSTITUTE(SUBSTITUTE(SUBSTITUTE(SUBSTITUTE(SUBSTITUTE(UPPER(_xlpm.a)," ",""),"CONTROL","CTRL"),"CTL","CTRL"),"ESCAPE","ESC"),"RETURN","ENTER"),"PAGEDOWN","PGDN"),"PGDOWN","PGDN"),"PAGEUP","PGUP"),"ARROWKEYS","ARROW"),"ARROWKEY","ARROW"),"ARROWS","ARROW"),"DOWNARROW","DOWN"),"UPARROW","UP"),"LEFTARROW","LEFT"),"RIGHTARROW","RIGHT"),"ARROWDOWN","DOWN"),"ARROWUP","UP"),"ARROWLEFT","LEFT"),"ARROWRIGHT","RIGHT"),"↓","DOWN"),"↑","UP"),"←","LEFT"),"→","RIGHT"),"SPACEBAR","SPACE"),"−","-"),"MINUS","-"),"PLUS","+")=Key!$E$85:$E$85),"✔ CLEAR","✘ TRY AGAIN"))),"✘ TRY AGAIN"),"LOCKED")} -> LOCKED | F19: {=IF(E19="Show hint",Key!$B$85,"")} | G19: {=IF(LEFT(D19,1)="✔",IF(E19="Show hint",5,10),0)} -> 0
A20: F7 | B20: {=IF($C$10="OPEN","Which wildcard matches any number of characters? (from F3-1 Counters)","LOCKED · earn ★ on every stage to open the Boss gate")} -> LOCKED · earn ★ on every stage to open the Boss gate | D20: {=IF($C$10="OPEN",IFERROR(_xlfn.LET(_xlpm.a,Boss!$C$20,IF(TRIM(_xlpm.a&"")="","",IF(OR(SUBSTITUTE(SUBSTITUTE(SUBSTITUTE(SUBSTITUTE(SUBSTITUTE(SUBSTITUTE(SUBSTITUTE(SUBSTITUTE(SUBSTITUTE(SUBSTITUTE(SUBSTITUTE(SUBSTITUTE(SUBSTITUTE(SUBSTITUTE(SUBSTITUTE(SUBSTITUTE(SUBSTITUTE(SUBSTITUTE(SUBSTITUTE(SUBSTITUTE(SUBSTITUTE(SUBSTITUTE(SUBSTITUTE(SUBSTITUTE(SUBSTITUTE(SUBSTITUTE(SUBSTITUTE(UPPER(_xlpm.a)," ",""),"CONTROL","CTRL"),"CTL","CTRL"),"ESCAPE","ESC"),"RETURN","ENTER"),"PAGEDOWN","PGDN"),"PGDOWN","PGDN"),"PAGEUP","PGUP"),"ARROWKEYS","ARROW"),"ARROWKEY","ARROW"),"ARROWS","ARROW"),"DOWNARROW","DOWN"),"UPARROW","UP"),"LEFTARROW","LEFT"),"RIGHTARROW","RIGHT"),"ARROWDOWN","DOWN"),"ARROWUP","UP"),"ARROWLEFT","LEFT"),"ARROWRIGHT","RIGHT"),"↓","DOWN"),"↑","UP"),"←","LEFT"),"→","RIGHT"),"SPACEBAR","SPACE"),"−","-"),"MINUS","-"),"PLUS","+")=Key!$E$86:$F$86),"✔ CLEAR","✘ TRY AGAIN"))),"✘ TRY AGAIN"),"LOCKED")} -> LOCKED | F20: {=IF(E20="Show hint",Key!$B$86,"")} | G20: {=IF(LEFT(D20,1)="✔",IF(E20="Show hint",5,10),0)} -> 0
A21: F8 | B21: {=IF($C$10="OPEN","Which keys type the current time as a fixed value? (from S2-3 Stamps & Smart Fill)","LOCKED · earn ★ on every stage to open the Boss gate")} -> LOCKED · earn ★ on every stage to open the Boss gate | D21: {=IF($C$10="OPEN",IFERROR(_xlfn.LET(_xlpm.a,Boss!$C$21,IF(TRIM(_xlpm.a&"")="","",IF(OR(SUBSTITUTE(SUBSTITUTE(SUBSTITUTE(SUBSTITUTE(SUBSTITUTE(SUBSTITUTE(SUBSTITUTE(SUBSTITUTE(SUBSTITUTE(SUBSTITUTE(SUBSTITUTE(SUBSTITUTE(SUBSTITUTE(SUBSTITUTE(SUBSTITUTE(SUBSTITUTE(SUBSTITUTE(SUBSTITUTE(SUBSTITUTE(SUBSTITUTE(SUBSTITUTE(SUBSTITUTE(SUBSTITUTE(SUBSTITUTE(SUBSTITUTE(SUBSTITUTE(SUBSTITUTE(UPPER(_xlpm.a)," ",""),"CONTROL","CTRL"),"CTL","CTRL"),"ESCAPE","ESC"),"RETURN","ENTER"),"PAGEDOWN","PGDN"),"PGDOWN","PGDN"),"PAGEUP","PGUP"),"ARROWKEYS","ARROW"),"ARROWKEY","ARROW"),"ARROWS","ARROW"),"DOWNARROW","DOWN"),"UPARROW","UP"),"LEFTARROW","LEFT"),"RIGHTARROW","RIGHT"),"ARROWDOWN","DOWN"),"ARROWUP","UP"),"ARROWLEFT","LEFT"),"ARROWRIGHT","RIGHT"),"↓","DOWN"),"↑","UP"),"←","LEFT"),"→","RIGHT"),"SPACEBAR","SPACE"),"−","-"),"MINUS","-"),"PLUS","+")=Key!$E$87:$K$87),"✔ CLEAR","✘ TRY AGAIN"))),"✘ TRY AGAIN"),"LOCKED")} -> LOCKED | F21: {=IF(E21="Show hint",Key!$B$87,"")} | G21: {=IF(LEFT(D21,1)="✔",IF(E21="Show hint",5,10),0)} -> 0
A23: BOSS MISSIONS
B24: ▶ Open Boss Arena (or press Ctrl+PgDn)
A25: # | B25: Mission | C25: Your answer | D25: Result | E25: Hint? | F25: Hint | G25: XP
A26: B1 | B26: {=IF($C$10="OPEN","In M6 count the North orders.","LOCKED · earn ★ on every stage to open the Boss gate")} -> LOCKED · earn ★ on every stage to open the Boss gate | C26: ▶ ARENA B1 (cell M6) | D26: {=IF($C$10="OPEN",IF(ISBLANK('Boss Arena'!$M$6),"",IF(NOT(_xlfn.ISFORMULA('Boss Arena'!$M$6)),"✘ That's a typed value · enter a formula",IF(ISERROR('Boss Arena'!$M$6),"✘ Your formula returns "&IFERROR(CHOOSE(ERROR.TYPE('Boss Arena'!$M$6),"#NULL!","#DIV/0!","#VALUE!","#REF!","#NAME?","#NUM!","#N/A","#GETTING_DATA","#SPILL!","#CONNECT!","#BLOCKED!","#UNKNOWN!","#FIELD!","#CALC!"),"an error"),IF(NOT(AND(IFERROR(AND(ISNUMBER('Boss Arena'!$M$6),ABS('Boss Arena'!$M$6-Key!$C$88)<=1E-9*MAX(1,ABS(Key!$C$88))),FALSE))),"✘ TRY AGAIN",IF(AND(OR(ISNUMBER(FIND({"=","(",",","+","-","*","/","&"," ","<",">",":","@","^"}&"COUNTIF"&"(",UPPER(_xlfn.FORMULATEXT('Boss Arena'!$M$6)))))),"✔ CLEAR","✘ CLOSE · right value, but use COUNTIF"))))),"LOCKED")} -> LOCKED | F26: {=IF(E26="Show hint",Key!$B$88,"")} | G26: {=IF(LEFT(D26,1)="✔",IF(E26="Show hint",5,10),0)} -> 0
A27: B2 | B27: {=IF($C$10="OPEN","In M7 add the Revenue of all Gadget orders.","LOCKED · earn ★ on every stage to open the Boss gate")} -> LOCKED · earn ★ on every stage to open the Boss gate | C27: ▶ ARENA B2 (cell M7) | D27: {=IF($C$10="OPEN",IF(ISBLANK('Boss Arena'!$M$7),"",IF(NOT(_xlfn.ISFORMULA('Boss Arena'!$M$7)),"✘ That's a typed value · enter a formula",IF(ISERROR('Boss Arena'!$M$7),"✘ Your formula returns "&IFERROR(CHOOSE(ERROR.TYPE('Boss Arena'!$M$7),"#NULL!","#DIV/0!","#VALUE!","#REF!","#NAME?","#NUM!","#N/A","#GETTING_DATA","#SPILL!","#CONNECT!","#BLOCKED!","#UNKNOWN!","#FIELD!","#CALC!"),"an error"),IF(NOT(AND(IFERROR(AND(ISNUMBER('Boss Arena'!$M$7),ABS('Boss Arena'!$M$7-Key!$C$89)<=1E-9*MAX(1,ABS(Key!$C$89))),FALSE))),"✘ TRY AGAIN",IF(AND(OR(ISNUMBER(FIND({"=","(",",","+","-","*","/","&"," ","<",">",":","@","^"}&"SUMIF"&"(",UPPER(_xlfn.FORMULATEXT('Boss Arena'!$M$7)))))),"✔ CLEAR","✘ CLOSE · right value, but use SUMIF"))))),"LOCKED")} -> LOCKED | F27: {=IF(E27="Show hint",Key!$B$89,"")} | G27: {=IF(LEFT(D27,1)="✔",IF(E27="Show hint",5,10),0)} -> 0
A28: B3 | B28: {=IF($C$10="OPEN","In M8 average Lee's Units.","LOCKED · earn ★ on every stage to open the Boss gate")} -> LOCKED · earn ★ on every stage to open the Boss gate | C28: ▶ ARENA B3 (cell M8) | D28: {=IF($C$10="OPEN",IF(ISBLANK('Boss Arena'!$M$8),"",IF(NOT(_xlfn.ISFORMULA('Boss Arena'!$M$8)),"✘ That's a typed value · enter a formula",IF(ISERROR('Boss Arena'!$M$8),"✘ Your formula returns "&IFERROR(CHOOSE(ERROR.TYPE('Boss Arena'!$M$8),"#NULL!","#DIV/0!","#VALUE!","#REF!","#NAME?","#NUM!","#N/A","#GETTING_DATA","#SPILL!","#CONNECT!","#BLOCKED!","#UNKNOWN!","#FIELD!","#CALC!"),"an error"),IF(NOT(AND(IFERROR(AND(ISNUMBER('Boss Arena'!$M$8),ABS('Boss Arena'!$M$8-Key!$C$90)<=1E-9*MAX(1,ABS(Key!$C$90))),FALSE))),"✘ TRY AGAIN",IF(AND(OR(ISNUMBER(FIND({"=","(",",","+","-","*","/","&"," ","<",">",":","@","^"}&"AVERAGEIF"&"(",UPPER(_xlfn.FORMULATEXT('Boss Arena'!$M$8)))))),"✔ CLEAR","✘ CLOSE · right value, but use AVERAGEIF"))))),"LOCKED")} -> LOCKED | F28: {=IF(E28="Show hint",Key!$B$90,"")} | G28: {=IF(LEFT(D28,1)="✔",IF(E28="Show hint",5,10),0)} -> 0
A29: B4 | B29: {=IF($C$10="OPEN","In M9 count South orders with more than 20 units.","LOCKED · earn ★ on every stage to open the Boss gate")} -> LOCKED · earn ★ on every stage to open the Boss gate | C29: ▶ ARENA B4 (cell M9) | D29: {=IF($C$10="OPEN",IF(ISBLANK('Boss Arena'!$M$9),"",IF(NOT(_xlfn.ISFORMULA('Boss Arena'!$M$9)),"✘ That's a typed value · enter a formula",IF(ISERROR('Boss Arena'!$M$9),"✘ Your formula returns "&IFERROR(CHOOSE(ERROR.TYPE('Boss Arena'!$M$9),"#NULL!","#DIV/0!","#VALUE!","#REF!","#NAME?","#NUM!","#N/A","#GETTING_DATA","#SPILL!","#CONNECT!","#BLOCKED!","#UNKNOWN!","#FIELD!","#CALC!"),"an error"),IF(NOT(AND(IFERROR(AND(ISNUMBER('Boss Arena'!$M$9),ABS('Boss Arena'!$M$9-Key!$C$91)<=1E-9*MAX(1,ABS(Key!$C$91))),FALSE))),"✘ TRY AGAIN",IF(AND(OR(ISNUMBER(FIND({"=","(",",","+","-","*","/","&"," ","<",">",":","@","^"}&"COUNTIFS"&"(",UPPER(_xlfn.FORMULATEXT('Boss Arena'!$M$9)))))),"✔ CLEAR","✘ CLOSE · right value, but use COUNTIFS"))))),"LOCKED")} -> LOCKED | F29: {=IF(E29="Show hint",Key!$B$91,"")} | G29: {=IF(LEFT(D29,1)="✔",IF(E29="Show hint",5,10),0)} -> 0
A30: B5 | B30: {=IF($C$10="OPEN","In M10 add the Revenue of Raj's Gizmo orders.","LOCKED · earn ★ on every stage to open the Boss gate")} -> LOCKED · earn ★ on every stage to open the Boss gate | C30: ▶ ARENA B5 (cell M10) | D30: {=IF($C$10="OPEN",IF(ISBLANK('Boss Arena'!$M$10),"",IF(NOT(_xlfn.ISFORMULA('Boss Arena'!$M$10)),"✘ That's a typed value · enter a formula",IF(ISERROR('Boss Arena'!$M$10),"✘ Your formula returns "&IFERROR(CHOOSE(ERROR.TYPE('Boss Arena'!$M$10),"#NULL!","#DIV/0!","#VALUE!","#REF!","#NAME?","#NUM!","#N/A","#GETTING_DATA","#SPILL!","#CONNECT!","#BLOCKED!","#UNKNOWN!","#FIELD!","#CALC!"),"an error"),IF(NOT(AND(IFERROR(AND(ISNUMBER('Boss Arena'!$M$10),ABS('Boss Arena'!$M$10-Key!$C$92)<=1E-9*MAX(1,ABS(Key!$C$92))),FALSE))),"✘ TRY AGAIN",IF(AND(OR(ISNUMBER(FIND({"=","(",",","+","-","*","/","&"," ","<",">",":","@","^"}&"SUMIFS"&"(",UPPER(_xlfn.FORMULATEXT('Boss Arena'!$M$10)))))),"✔ CLEAR","✘ CLOSE · right value, but use SUMIFS"))))),"LOCKED")} -> LOCKED | F30: {=IF(E30="Show hint",Key!$B$92,"")} | G30: {=IF(LEFT(D30,1)="✔",IF(E30="Show hint",5,10),0)} -> 0
A31: B6 | B31: {=IF($C$10="OPEN","In M11 find the smallest Units among East orders.","LOCKED · earn ★ on every stage to open the Boss gate")} -> LOCKED · earn ★ on every stage to open the Boss gate | C31: ▶ ARENA B6 (cell M11) | D31: {=IF($C$10="OPEN",IF(ISBLANK('Boss Arena'!$M$11),"",IF(NOT(_xlfn.ISFORMULA('Boss Arena'!$M$11)),"✘ That's a typed value · enter a formula",IF(ISERROR('Boss Arena'!$M$11),"✘ Your formula returns "&IFERROR(CHOOSE(ERROR.TYPE('Boss Arena'!$M$11),"#NULL!","#DIV/0!","#VALUE!","#REF!","#NAME?","#NUM!","#N/A","#GETTING_DATA","#SPILL!","#CONNECT!","#BLOCKED!","#UNKNOWN!","#FIELD!","#CALC!"),"an error"),IF(NOT(AND(IFERROR(AND(ISNUMBER('Boss Arena'!$M$11),ABS('Boss Arena'!$M$11-Key!$C$93)<=1E-9*MAX(1,ABS(Key!$C$93))),FALSE))),"✘ TRY AGAIN",IF(AND(OR(ISNUMBER(FIND({"=","(",",","+","-","*","/","&"," ","<",">",":","@","^"}&"MINIFS"&"(",UPPER(_xlfn.FORMULATEXT('Boss Arena'!$M$11)))))),"✔ CLEAR","✘ CLOSE · right value, but use MINIFS"))))),"LOCKED")} -> LOCKED | F31: {=IF(E31="Show hint",Key!$B$93,"")} | G31: {=IF(LEFT(D31,1)="✔",IF(E31="Show hint",5,10),0)} -> 0
A32: B7 | B32: {=IF($C$10="OPEN","In M12 count orders with Units ≥ K6, building the criteria with "">=""&K6.","LOCKED · earn ★ on every stage to open the Boss gate")} -> LOCKED · earn ★ on every stage to open the Boss gate | C32: ▶ ARENA B7 (cell M12) | D32: {=IF($C$10="OPEN",IF(ISBLANK('Boss Arena'!$M$12),"",IF(NOT(_xlfn.ISFORMULA('Boss Arena'!$M$12)),"✘ That's a typed value · enter a formula",IF(ISERROR('Boss Arena'!$M$12),"✘ Your formula returns "&IFERROR(CHOOSE(ERROR.TYPE('Boss Arena'!$M$12),"#NULL!","#DIV/0!","#VALUE!","#REF!","#NAME?","#NUM!","#N/A","#GETTING_DATA","#SPILL!","#CONNECT!","#BLOCKED!","#UNKNOWN!","#FIELD!","#CALC!"),"an error"),IF(NOT(AND(IFERROR(AND(ISNUMBER('Boss Arena'!$M$12),ABS('Boss Arena'!$M$12-Key!$C$94)<=1E-9*MAX(1,ABS(Key!$C$94))),FALSE))),"✘ TRY AGAIN",IF(AND(OR(ISNUMBER(FIND({"=","(",",","+","-","*","/","&"," ","<",">",":","@","^"}&"COUNTIFS"&"(",UPPER(_xlfn.FORMULATEXT('Boss Arena'!$M$12)))))),IF(ISNUMBER(FIND("&",_xlfn.FORMULATEXT('Boss Arena'!$M$12))),"✔ CLEAR","✘ CLOSE · your formula needs &"),"✘ CLOSE · right value, but use COUNTIFS"))))),"LOCKED")} -> LOCKED | F32: {=IF(E32="Show hint",Key!$B$94,"")} | G32: {=IF(LEFT(D32,1)="✔",IF(E32="Show hint",5,10),0)} -> 0
A33: B8 | B33: {=IF($C$10="OPEN","In M13 add the Revenue dated from K9 to K11.","LOCKED · earn ★ on every stage to open the Boss gate")} -> LOCKED · earn ★ on every stage to open the Boss gate | C33: ▶ ARENA B8 (cell M13) | D33: {=IF($C$10="OPEN",IF(ISBLANK('Boss Arena'!$M$13),"",IF(NOT(_xlfn.ISFORMULA('Boss Arena'!$M$13)),"✘ That's a typed value · enter a formula",IF(ISERROR('Boss Arena'!$M$13),"✘ Your formula returns "&IFERROR(CHOOSE(ERROR.TYPE('Boss Arena'!$M$13),"#NULL!","#DIV/0!","#VALUE!","#REF!","#NAME?","#NUM!","#N/A","#GETTING_DATA","#SPILL!","#CONNECT!","#BLOCKED!","#UNKNOWN!","#FIELD!","#CALC!"),"an error"),IF(NOT(AND(IFERROR(AND(ISNUMBER('Boss Arena'!$M$13),ABS('Boss Arena'!$M$13-Key!$C$95)<=1E-9*MAX(1,ABS(Key!$C$95))),FALSE))),"✘ TRY AGAIN",IF(AND(OR(ISNUMBER(FIND({"=","(",",","+","-","*","/","&"," ","<",">",":","@","^"}&"SUMIFS"&"(",UPPER(_xlfn.FORMULATEXT('Boss Arena'!$M$13)))))),IF(ISNUMBER(FIND("&",_xlfn.FORMULATEXT('Boss Arena'!$M$13))),"✔ CLEAR","✘ CLOSE · your formula needs &"),"✘ CLOSE · right value, but use SUMIFS"))))),"LOCKED")} -> LOCKED | F33: {=IF(E33="Show hint",Key!$B$95,"")} | G33: {=IF(LEFT(D33,1)="✔",IF(E33="Show hint",5,10),0)} -> 0

Sheet Boss Arena
A1: BOSS ARENA ▸ CONDITIONAL MATH
A2: Practice area · everything here is editable. Missions and their checks are on the stage sheet.
A3: PASS CODE | B3: CONDOR | D3: ◀ Back to Boss
B5: Order | C5: Date | D5: Region | E5: Rep | F5: Product | G5: Units | H5: Revenue | K5: Min units
B6: O-101 | C6: 46027 | D6: East | E6: Kim | F6: Widget | G6: 40 | H6: 1200 | K6: 40 | L6: North orders
B7: O-102 | C7: 46031 | D7: West | E7: Lee | F7: Gadget | G7: 15 | H7: 900 | L7: Gadget revenue
B8: O-103 | C8: 46036 | D8: North | E8: Ava | F8: Widget | G8: 55 | H8: 1650 | K8: Start | L8: Lee's average units
B9: O-104 | C9: 46042 | D9: East | E9: Kim | F9: Gizmo | G9: 20 | H9: 1000 | K9: 46054 | L9: South orders over 20 units
B10: O-105 | C10: 46055 | D10: South | E10: Raj | F10: Gadget | G10: 60 | H10: 3600 | K10: End | L10: Revenue: Raj + Gizmo
B11: O-106 | C11: 46060 | D11: West | E11: Lee | F11: Widget | G11: 35 | H11: 1050 | K11: 46112 | L11: Smallest East units
B12: O-107 | C12: 46064 | D12: East | E12: Ava | F12: Gadget | G12: 25 | H12: 1500 | L12: Orders with units ≥ K6
B13: O-108 | C13: 46072 | D13: North | E13: Raj | F13: Gizmo | G13: 45 | H13: 2250 | L13: Revenue between K9 and K11
B14: O-109 | C14: 46084 | D14: West | E14: Kim | F14: Gizmo | G14: 10 | H14: 500
B15: O-110 | C15: 46089 | D15: East | E15: Lee | F15: Widget | G15: 70 | H15: 2100
B16: O-111 | C16: 46096 | D16: South | E16: Ava | F16: Widget | G16: 30 | H16: 900
B17: O-112 | C17: 46103 | D17: North | E17: Kim | F17: Gadget | G17: 50 | H17: 3000
B18: O-113 | C18: 46113 | D18: East | E18: Raj | F18: Gizmo | G18: 65 | H18: 3250
B19: O-114 | C19: 46118 | D19: West | E19: Ava | F19: Gadget | G19: 20 | H19: 1200
B20: O-115 | C20: 46125 | D20: South | E20: Lee | F20: Gizmo | G20: 15 | H20: 750
B21: O-116 | C21: 46133 | D21: East | E21: Kim | F21: Widget | G21: 50 | H21: 1500
B22: O-117 | C22: 46146 | D22: North | E22: Lee | F22: Widget | G22: 25 | H22: 750
B23: O-118 | C23: 46154 | D23: West | E23: Raj | F23: Gadget | G23: 40 | H23: 2400
B24: O-119 | C24: 46161 | D24: South | E24: Kim | F24: Gizmo | G24: 35 | H24: 1750
B25: O-120 | C25: 46169 | D25: East | E25: Ava | F25: Gadget | G25: 55 | H25: 3300

Sheet Cheat Codes
A1: CHEAT CODES ▸ CONDITIONAL MATH
A2: Every move from this world on one page. Keep it open while you play, or print it (Ctrl+P).
A4: Stage | B4: Keys / Syntax | C4: What it does | D4: Pro tip
A5: F3-1 | B5: COUNTIF | C5: Count the cells that meet one condition. | D5: =COUNTIF(D6:D25,"East") counts the East rows.
A6: F3-1 | B6: ">50" | C6: Put comparison criteria in quotes: ">50", "<>East". | D6: The operator goes inside the quotes with the value.
A7: F3-1 | B7: * and ? | C7: * matches any text, ? one character: "G*" = starts with G. | D7: Wildcards work in COUNTIF, SUMIF and their IFS cousins.
A8: F3-2 | B8: SUMIF | C8: Add the values whose row meets one condition. | D8: =SUMIF(D6:D25,"West",H6:H25): test range, criteria, then sum range.
A9: F3-2 | B9: AVERAGEIF | C9: Average the values whose row meets one condition. | D9: Same argument order as SUMIF.
A10: F3-3 | B10: COUNTIFS | C10: Count rows that meet several conditions at once. | D10: Pairs of range + criteria; every pair must match.
A11: F3-3 | B11: SUMIFS | C11: Add values whose rows meet several conditions. | D11: The sum range comes FIRST in SUMIFS (last in SUMIF).
A12: F3-3 | B12: AVERAGEIFS | C12: Average values whose rows meet several conditions. | D12: Average range first, then range/criteria pairs.
A13: F3-4 | B13: MAXIFS | C13: The largest value whose row meets your conditions. | D13: Max range first, then range/criteria pairs.
A14: F3-4 | B14: MINIFS | C14: The smallest value whose row meets your conditions. | D14: Same layout as MAXIFS.
A15: F3-4 | B15: ">="&K6 | C15: Join an operator to a cell with &: ">="&K6. | D15: Change K6 and the result follows.
A16: F3-4 | B16: start/end pairs | C16: Dates between two days: one criteria pair for >= start, one for <= end. | D16: SUMIFS(H6:H25,C6:C25,">="&K9,C6:C25,"<="&K11)

Sheet Key
A1: Challenge | B1: Hint | C1: Expected | E1: Lists / per-cell expectations →
A2: F3-1 Counters W1 | B2: Ctrl+Shift plus the dollar key. | E2: CTRL+SHIFT+$ | F2: CTRL+SHIFT+4 | G2: SHIFT+CTRL+$ | H2: SHIFT+CTRL+4
A3: F3-1 Counters W2 | B3: Ctrl+Shift plus the % key. | E3: CTRL+SHIFT+% | F3: CTRL+SHIFT+5 | G3: SHIFT+CTRL+% | H3: SHIFT+CTRL+5
A4: F3-1 Counters W3 | B4: Ctrl+Shift plus the ! key. | E4: CTRL+SHIFT+! | F4: CTRL+SHIFT+1 | G4: SHIFT+CTRL+! | H4: SHIFT+CTRL+1
A5: F3-1 Counters W4 | B5: Ctrl+Shift plus the # key. | E5: CTRL+SHIFT+# | F5: CTRL+SHIFT+3 | G5: SHIFT+CTRL+# | H5: SHIFT+CTRL+3
A6: F3-1 Counters W5 | B6: Ctrl+Shift plus the @ key. | E6: CTRL+SHIFT+2 | F6: CTRL+SHIFT+@ | G6: SHIFT+CTRL+2 | H6: SHIFT+CTRL+@
A7: F3-1 Counters W6 | B7: Ctrl+Shift plus the ~ key. | E7: CTRL+SHIFT+` | F7: CTRL+SHIFT+~ | G7: SHIFT+CTRL+` | H7: SHIFT+CTRL+~
A8: F3-1 Counters W7 | B8: Ctrl+Shift plus A for arguments. | E8: CTRL+SHIFT+A | F8: SHIFT+CTRL+A
A9: F3-1 Counters W8 | B9: Shift plus F3. | E9: SHIFT+F3
A10: F3-1 Counters W9 | B10: Enter plus Shift. | E10: SHIFT+ENTER
A11: F3-1 Counters W10 | B11: The key above Caps Lock. | E11: TAB
A12: F3-1 Counters T1 | B12: COUNT plus IF. | C12: COUNTIF | E12: SUMIF | F12: COUNTIFS | G12: MAXIFS | H12: COUNTIF
A13: F3-1 Counters T2 | B13: Quotes around >50. | C13: ">50" | E13: start/end pairs | F13: * and ? | G13: ">="&K6 | H13: ">50"
A14: F3-1 Counters T3 | B14: Shift+8. | C14: * and ? | E14: ">="&K6 | F14: * and ? | G14: start/end pairs | H14: ">50"
A15: F3-1 Counters C1 | B15: COUNT plus IF. | E15: =COUNTIF | F15: =COUNTIF( | G15: =COUNTIF() | H15: COUNTIF | I15: COUNTIF( | J15: COUNTIF()
A16: F3-1 Counters C2 | B16: Quotes around >50. | E16: ">50"
A17: F3-1 Counters C3 | B17: Shift+8. | E17: * | F17: ASTERISK
A18: F3-1 Counters C4 | B18: Range first, then the criteria. | C18: {=COUNTIF('F3-1 Arena'!$D$6:$D$25,"East")} -> 7
A19: F3-1 Counters C5 | B19: Criteria ">50" in quotes. | C19: {=COUNTIF('F3-1 Arena'!$G$6:$G$25,">50")} -> 5
A20: F3-1 Counters C6 | B20: Use "G*". | C20: {=COUNTIF('F3-1 Arena'!$F$6:$F$25,"G*")} -> 13
A21: F3-1 Counters C7 | B21: Criteria "<>East". | C21: {=COUNTIF('F3-1 Arena'!$D$6:$D$25,"<>East")} -> 13
A22: F3-2 Money Bags W1 | B22: COUNT plus IF. | E22: =COUNTIF | F22: =COUNTIF( | G22: =COUNTIF() | H22: COUNTIF | I22: COUNTIF( | J22: COUNTIF()
A23: F3-2 Money Bags W2 | B23: Quotes around >50. | E23: ">50"
A24: F3-2 Money Bags W3 | B24: Shift+8. | E24: * | F24: ASTERISK
A25: F3-2 Money Bags W4 | B25: B for Bold. | E25: CTRL+2 | F25: CTRL+B
A26: F3-2 Money Bags W5 | B26: I for Italic. | E26: CTRL+3 | F26: CTRL+I
A27: F3-2 Money Bags W6 | B27: U for Underline. | E27: CTRL+4 | F27: CTRL+U
A28: F3-2 Money Bags W7 | B28: Ctrl plus a number key. | E28: CTRL+5
A29: F3-2 Money Bags W8 | B29: Enter plus Ctrl. | E29: CTRL+ENTER
A30: F3-2 Money Bags W9 | B30: Enter plus Alt. | E30: ALT+ENTER
A31: F3-2 Money Bags W10 | B31: The top-left key. | E31: ESC
A32: F3-2 Money Bags T1 | B32: SUM plus IF. | C32: SUMIF | E32: COUNTIF | F32: COUNTIFS | G32: SUMIF | H32: AVERAGEIF
A33: F3-2 Money Bags T2 | B33: AVERAGE plus IF. | C33: AVERAGEIF | E33: SUMIF | F33: AVERAGEIF | G33: MINIFS | H33: COUNTIF
A34: F3-2 Money Bags C1 | B34: SUM plus IF. | E34: =SUMIF | F34: =SUMIF( | G34: =SUMIF() | H34: SUMIF | I34: SUMIF( | J34: SUMIF()
A35: F3-2 Money Bags C2 | B35: AVERAGE plus IF. | E35: =AVERAGEIF | F35: =AVERAGEIF( | G35: =AVERAGEIF() | H35: AVERAGEIF | I35: AVERAGEIF( | J35: AVERAGEIF()
A36: F3-2 Money Bags C3 | B36: Test range, criteria, sum range. | C36: {=SUMIF('F3-2 Arena'!$D$6:$D$25,"West",'F3-2 Arena'!$H$6:$H$25)} -> 6050
A37: F3-2 Money Bags C4 | B37: AVERAGEIF. | C37: {=AVERAGEIF('F3-2 Arena'!$E$6:$E$25,"Kim",'F3-2 Arena'!$G$6:$G$25)} -> 34.166667
A38: F3-2 Money Bags C5 | B38: Criteria ">=40". | C38: {=SUMIF('F3-2 Arena'!$G$6:$G$25,">=40",'F3-2 Arena'!$H$6:$H$25)} -> 24250
A39: F3-3 Multi-Filter W1 | B39: SUM plus IF. | E39: =SUMIF | F39: =SUMIF( | G39: =SUMIF() | H39: SUMIF | I39: SUMIF( | J39: SUMIF()
A40: F3-3 Multi-Filter W2 | B40: AVERAGE plus IF. | E40: =AVERAGEIF | F40: =AVERAGEIF( | G40: =AVERAGEIF() | H40: AVERAGEIF | I40: AVERAGEIF( | J40: AVERAGEIF()
A41: F3-3 Multi-Filter W3 | B41: Ctrl plus the number 1. | E41: CTRL+1
A42: F3-3 Multi-Filter W4 | B42: Ctrl+Shift plus the & key. | E42: CTRL+SHIFT+& | F42: CTRL+SHIFT+7 | G42: SHIFT+CTRL+& | H42: SHIFT+CTRL+7
A43: F3-3 Multi-Filter W5 | B43: Ctrl+Shift plus the underscore key. | E43: CTRL+SHIFT+- | F43: CTRL+SHIFT+_ | G43: SHIFT+CTRL+- | H43: SHIFT+CTRL+_
A44: F3-3 Multi-Filter W6 | B44: The key next to the spacebar. | E44: ALT | F44: F10
A45: F3-3 Multi-Filter W7 | B45: Alt, then H, then A, then C. | E45: ALT+H+A+C | F45: ALT+H,A,C | G45: ALT+H>A>C | H45: ALT+HAC | I45: ALT,H+A+C | J45: ALT,H,A,C | K45: ALT,H>A>C | L45: ALT,HAC | M45: ALT>H+A+C | N45: ALT>H,A,C | O45: ALT>H>A>C | P45: ALT>HAC | Q45: ALTH+A+C | R45: ALTH,A,C | S45: ALTH>A>C | T45: ALTHAC
A46: F3-3 Multi-Filter W8 | B46: Alt, then H, then H again. | E46: ALT+H+H | F46: ALT+H,H | G46: ALT+H>H | H46: ALT+HH | I46: ALT,H+H | J46: ALT,H,H | K46: ALT,H>H | L46: ALT,HH | M46: ALT>H+H | N46: ALT>H,H | O46: ALT>H>H | P46: ALT>HH | Q46: ALTH+H | R46: ALTH,H | S46: ALTH>H | T46: ALTHH
A47: F3-3 Multi-Filter W9 | B47: A function key. | E47: CTRL+Y | F47: F4
A48: F3-3 Multi-Filter W10 | B48: C for Copy. | E48: CTRL+C
A49: F3-3 Multi-Filter T1 | B49: COUNTIF plus S. | C49: COUNTIFS | E49: MINIFS | F49: SUMIFS | G49: COUNTIFS | H49: AVERAGEIF
A50: F3-3 Multi-Filter T2 | B50: SUMIF plus S. | C50: SUMIFS | E50: AVERAGEIF | F50: SUMIF | G50: MINIFS | H50: SUMIFS
A51: F3-3 Multi-Filter T3 | B51: AVERAGEIF plus S. | C51: AVERAGEIFS | E51: AVERAGEIFS | F51: MINIFS | G51: MAXIFS | H51: COUNTIFS
A52: F3-3 Multi-Filter C1 | B52: COUNTIF plus S. | E52: =COUNTIFS | F52: =COUNTIFS( | G52: =COUNTIFS() | H52: COUNTIFS | I52: COUNTIFS( | J52: COUNTIFS()
A53: F3-3 Multi-Filter C2 | B53: SUMIF plus S. | E53: =SUMIFS | F53: =SUMIFS( | G53: =SUMIFS() | H53: SUMIFS | I53: SUMIFS( | J53: SUMIFS()
A54: F3-3 Multi-Filter C3 | B54: AVERAGEIF plus S. | E54: =AVERAGEIFS | F54: =AVERAGEIFS( | G54: =AVERAGEIFS() | H54: AVERAGEIFS | I54: AVERAGEIFS( | J54: AVERAGEIFS()
A55: F3-3 Multi-Filter C4 | B55: COUNTIFS with two pairs. | C55: {=COUNTIFS('F3-3 Arena'!$D$6:$D$25,"East",'F3-3 Arena'!$G$6:$G$25,">30")} -> 5
A56: F3-3 Multi-Filter C5 | B56: Sum range first in SUMIFS. | C56: {=SUMIFS('F3-3 Arena'!$H$6:$H$25,'F3-3 Arena'!$D$6:$D$25,"East",'F3-3 Arena'!$F$6:$F$25,"Widget")} -> 4800
A57: F3-3 Multi-Filter C6 | B57: AVERAGEIFS. | C57: {=AVERAGEIFS('F3-3 Arena'!$H$6:$H$25,'F3-3 Arena'!$E$6:$E$25,"Kim",'F3-3 Arena'!$D$6:$D$25,"East")} -> 1233.3333
A58: F3-4 Extremes W1 | B58: COUNTIF plus S. | E58: =COUNTIFS | F58: =COUNTIFS( | G58: =COUNTIFS() | H58: COUNTIFS | I58: COUNTIFS( | J58: COUNTIFS()
A59: F3-4 Extremes W2 | B59: SUMIF plus S. | E59: =SUMIFS | F59: =SUMIFS( | G59: =SUMIFS() | H59: SUMIFS | I59: SUMIFS( | J59: SUMIFS()
A60: F3-4 Extremes W3 | B60: AVERAGEIF plus S. | E60: =AVERAGEIFS | F60: =AVERAGEIFS( | G60: =AVERAGEIFS() | H60: AVERAGEIFS | I60: AVERAGEIFS( | J60: AVERAGEIFS()
A61: F3-4 Extremes W4 | B61: X looks like scissors. | E61: CTRL+X
A62: F3-4 Extremes W5 | B62: Next to C on the keyboard. | E62: CTRL+V
A63: F3-4 Extremes W6 | B63: Paste plus Alt. | E63: ALT+CTRL+V | F63: CTRL+ALT+V
A64: F3-4 Extremes W7 | B64: R for Right. | E64: CTRL+R
A65: F3-4 Extremes W8 | B65: The bottom-left letter. | E65: CTRL+Z
A66: F3-4 Extremes W9 | B66: The letter after X. | E66: CTRL+Y
A67: F3-4 Extremes W10 | B67: Ctrl plus the semicolon key. | E67: CTRL+; | F67: CTRL+SEMICOLON
A68: F3-4 Extremes T1 | B68: MAX plus IFS. | C68: MAXIFS | E68: MINIFS | F68: SUMIFS | G68: AVERAGEIFS | H68: MAXIFS
A69: F3-4 Extremes T2 | B69: MIN plus IFS. | C69: MINIFS | E69: MAXIFS | F69: MINIFS | G69: SUMIF | H69: COUNTIF
A70: F3-4 Extremes T3 | B70: Shift+7. | C70: ">="&K6 | E70: * and ? | F70: start/end pairs | G70: ">="&K6 | H70: ">50"
A71: F3-4 Extremes T4 | B71: One pair per edge. | C71: start/end pairs | E71: ">50" | F71: start/end pairs | G71: ">="&K6 | H71: * and ?
A72: F3-4 Extremes C1 | B72: MAX plus IFS. | E72: =MAXIFS | F72: =MAXIFS( | G72: =MAXIFS() | H72: MAXIFS | I72: MAXIFS( | J72: MAXIFS()
A73: F3-4 Extremes C2 | B73: MIN plus IFS. | E73: =MINIFS | F73: =MINIFS( | G73: =MINIFS() | H73: MINIFS | I73: MINIFS( | J73: MINIFS()
A74: F3-4 Extremes C3 | B74: Shift+7. | E74: & | F74: AMPERSAND
A75: F3-4 Extremes C4 | B75: One pair per edge. | E75: 2 | F75: TWO
A76: F3-4 Extremes C5 | B76: MAXIFS(H6:H25,D6:D25,"East") | C76: {=_xlfn.MAXIFS('F3-4 Arena'!$H$6:$H$25,'F3-4 Arena'!$D$6:$D$25,"East")} -> 3300
A77: F3-4 Extremes C6 | B77: MINIFS. | C77: {=_xlfn.MINIFS('F3-4 Arena'!$G$6:$G$25,'F3-4 Arena'!$F$6:$F$25,"Widget")} -> 25
A78: F3-4 Extremes C7 | B78: Join with &. | C78: {=COUNTIF('F3-4 Arena'!$G$6:$G$25,">="&'F3-4 Arena'!$K$6)} -> 10
A79: F3-4 Extremes C8 | B79: C6:C25,">="&K9 and C6:C25,"<="&K11. | C79: {=SUMIFS('F3-4 Arena'!$H$6:$H$25,'F3-4 Arena'!$C$6:$C$25,">="&'F3-4 Arena'!$K$9,'F3-4 Arena'!$C$6:$C$25,"<="&'F3-4 Arena'!$K$11)} -> 14900
A80: Boss F1 | B80: MAX plus IFS. | E80: =MAXIFS | F80: =MAXIFS( | G80: =MAXIFS() | H80: MAXIFS | I80: MAXIFS( | J80: MAXIFS()
A81: Boss F2 | B81: MIN plus IFS. | E81: =MINIFS | F81: =MINIFS( | G81: =MINIFS() | H81: MINIFS | I81: MINIFS( | J81: MINIFS()
A82: Boss F3 | B82: Shift+7. | E82: & | F82: AMPERSAND
A83: Boss F4 | B83: One pair per edge. | E83: 2 | F83: TWO
A84: Boss F5 | B84: COUNT plus IF. | E84: =COUNTIF | F84: =COUNTIF( | G84: =COUNTIF() | H84: COUNTIF | I84: COUNTIF( | J84: COUNTIF()
A85: Boss F6 | B85: Quotes around >50. | E85: ">50"
A86: Boss F7 | B86: Shift+8. | E86: * | F86: ASTERISK
A87: Boss F8 | B87: The date keys plus Shift. | E87: CTRL+: | F87: CTRL+SHIFT+: | G87: CTRL+SHIFT+; | H87: CTRL+SHIFT+COLON | I87: SHIFT+CTRL+: | J87: SHIFT+CTRL+; | K87: SHIFT+CTRL+COLON
A88: Boss B1 | B88: COUNTIF. | C88: {=COUNTIF('Boss Arena'!$D$6:$D$25,"North")} -> 4
A89: Boss B2 | B89: SUMIF. | C89: {=SUMIF('Boss Arena'!$F$6:$F$25,"Gadget",'Boss Arena'!$H$6:$H$25)} -> 15900
A90: Boss B3 | B90: AVERAGEIF. | C90: {=AVERAGEIF('Boss Arena'!$E$6:$E$25,"Lee",'Boss Arena'!$G$6:$G$25)} -> 32
A91: Boss B4 | B91: COUNTIFS. | C91: {=COUNTIFS('Boss Arena'!$D$6:$D$25,"South",'Boss Arena'!$G$6:$G$25,">20")} -> 3
A92: Boss B5 | B92: SUMIFS, sum range first. | C92: {=SUMIFS('Boss Arena'!$H$6:$H$25,'Boss Arena'!$E$6:$E$25,"Raj",'Boss Arena'!$F$6:$F$25,"Gizmo")} -> 5500
A93: Boss B6 | B93: MINIFS. | C93: {=_xlfn.MINIFS('Boss Arena'!$G$6:$G$25,'Boss Arena'!$D$6:$D$25,"East")} -> 20
A94: Boss B7 | B94: Join with &. | C94: {=COUNTIFS('Boss Arena'!$G$6:$G$25,">="&'Boss Arena'!$K$6)} -> 10
A95: Boss B8 | B95: Two date pairs. | C95: {=SUMIFS('Boss Arena'!$H$6:$H$25,'Boss Arena'!$C$6:$C$25,">="&'Boss Arena'!$K$9,'Boss Arena'!$C$6:$C$25,"<="&'Boss Arena'!$K$11)} -> 14900
