Workbook

Sheet Start
A1: SHORTCUTS 4 ▸ ORGANIZE & ANALYZE
A2: Reshape sheets, find anything, filter and sort from the keyboard.
A4: HOW TO PLAY
A5: 1 · Each stage: read the BRIEFING, then answer WARM-UP, TRAINING and CHALLENGES.
A6: 2 · Yellow cells are yours: type, pick from a list (Alt+↓), or follow a ▶ ARENA link and do the move there.
A7: 3 · ✔ CLEAR = right · ✘ = try again · · not yet = drill not done. Stuck? Pick 'Show hint' (5 XP instead of 10).
A8: 4 · Formatting or hiding drills: press F9 to refresh the check. Tab jumps between yellow cells.
A9: Needs Windows with Microsoft Excel 365 or 2021+ (English). In Protected View, click Enable Editing.
A11: STAGE SELECT
A12: Stage | B12: Name | C12: Score | D12: Stars | E12: Status | F12: Go
A13: S4-1 | B13: Construction Crew | C13: {=SUM('S4-1 Construction Crew'!$G$14:$G$42)&" / 220"} -> 0 / 220 | D13: {=IF(SUM('S4-1 Construction Crew'!$G$14:$G$42)>=220,"★★★",IF(SUM('S4-1 Construction Crew'!$G$14:$G$42)>=220*0.8,"★★☆",IF(SUM('S4-1 Construction Crew'!$G$14:$G$42)>=220*0.5,"★☆☆","☆☆☆")))} -> ☆☆☆ | E13: {=IF(SUM('S4-1 Construction Crew'!$G$14:$G$42)>=220,"PERFECT",IF(SUM('S4-1 Construction Crew'!$G$14:$G$42)>=220*0.5,"CLEARED",IF(SUM('S4-1 Construction Crew'!$G$14:$G$42)>0,"IN PROGRESS","NEW")))} -> NEW | F13: Go to S4-1 Construction Crew
A14: S4-2 | B14: Sheet Master | C14: {=SUM('S4-2 Sheet Master'!$G$18:$G$53)&" / 290"} -> 0 / 290 | D14: {=IF(SUM('S4-2 Sheet Master'!$G$18:$G$53)>=290,"★★★",IF(SUM('S4-2 Sheet Master'!$G$18:$G$53)>=290*0.8,"★★☆",IF(SUM('S4-2 Sheet Master'!$G$18:$G$53)>=290*0.5,"★☆☆","☆☆☆")))} -> ☆☆☆ | E14: {=IF(SUM('S4-2 Sheet Master'!$G$18:$G$53)>=290,"PERFECT",IF(SUM('S4-2 Sheet Master'!$G$18:$G$53)>=290*0.5,"CLEARED",IF(SUM('S4-2 Sheet Master'!$G$18:$G$53)>0,"IN PROGRESS","NEW")))} -> NEW | F14: Go to S4-2 Sheet Master
A15: S4-3 | B15: Detective | C15: {=SUM('S4-3 Detective'!$G$12:$G$35)&" / 170"} -> 0 / 170 | D15: {=IF(SUM('S4-3 Detective'!$G$12:$G$35)>=170,"★★★",IF(SUM('S4-3 Detective'!$G$12:$G$35)>=170*0.8,"★★☆",IF(SUM('S4-3 Detective'!$G$12:$G$35)>=170*0.5,"★☆☆","☆☆☆")))} -> ☆☆☆ | E15: {=IF(SUM('S4-3 Detective'!$G$12:$G$35)>=170,"PERFECT",IF(SUM('S4-3 Detective'!$G$12:$G$35)>=170*0.5,"CLEARED",IF(SUM('S4-3 Detective'!$G$12:$G$35)>0,"IN PROGRESS","NEW")))} -> NEW | F15: Go to S4-3 Detective
A16: S4-4 | B16: Data Wrangler | C16: {=SUM('S4-4 Data Wrangler'!$G$16:$G$47)&" / 250"} -> 0 / 250 | D16: {=IF(SUM('S4-4 Data Wrangler'!$G$16:$G$47)>=250,"★★★",IF(SUM('S4-4 Data Wrangler'!$G$16:$G$47)>=250*0.8,"★★☆",IF(SUM('S4-4 Data Wrangler'!$G$16:$G$47)>=250*0.5,"★☆☆","☆☆☆")))} -> ☆☆☆ | E16: {=IF(SUM('S4-4 Data Wrangler'!$G$16:$G$47)>=250,"PERFECT",IF(SUM('S4-4 Data Wrangler'!$G$16:$G$47)>=250*0.5,"CLEARED",IF(SUM('S4-4 Data Wrangler'!$G$16:$G$47)>0,"IN PROGRESS","NEW")))} -> NEW | F16: Go to S4-4 Data Wrangler
A17: BOSS | B17: Boss | C17: {=SUM(Boss!$G$14:$G$33)&" / 160"} -> 0 / 160 | D17: {=IF(SUM(Boss!$G$14:$G$33)>=160,"★★★",IF(SUM(Boss!$G$14:$G$33)>=160*0.8,"★★☆",IF(SUM(Boss!$G$14:$G$33)>=160*0.5,"★☆☆","☆☆☆")))} -> ☆☆☆ | E17: {=IF(Boss!$C$10="OPEN",IF(SUM(Boss!$G$14:$G$33)>=160*0.5,"DEFEATED","OPEN"),"LOCKED")} -> LOCKED | F17: Go to the Boss
A19: TOTAL SCORE | B19: {=(SUM('S4-1 Construction Crew'!$G$14:$G$42)+SUM('S4-2 Sheet Master'!$G$18:$G$53)+SUM('S4-3 Detective'!$G$12:$G$35)+SUM('S4-4 Data Wrangler'!$G$16:$G$47)+SUM(Boss!$G$14:$G$33))&" / 1090"} -> 0 / 1090
A20: RANK | B20: {=_xlfn.LET(_xlpm.p,(SUM('S4-1 Construction Crew'!$G$14:$G$42)+SUM('S4-2 Sheet Master'!$G$18:$G$53)+SUM('S4-3 Detective'!$G$12:$G$35)+SUM('S4-4 Data Wrangler'!$G$16:$G$47)+SUM(Boss!$G$14:$G$33))/1090,IF(AND(_xlpm.p>=1,ISNUMBER(Boss!$C$8),Boss!$C$8<=12),"S",IF(_xlpm.p>=0.9,"A",IF(_xlpm.p>=0.75,"B",IF(_xlpm.p>=0.5,"C","D")))))} -> D | C20: S = 100% and under par · A ≥ 90% · B ≥ 75% · C ≥ 50%
A21: BEST TIME | B21: {=IF(ISNUMBER(Boss!$C$8),Boss!$C$8&" min (par 12)","—")} -> —
A22: NEXT UP | B22: {=IFERROR(INDEX($A$13:$A$16,MATCH("☆☆☆",$D$13:$D$16,0))&" "&INDEX($B$13:$B$16,MATCH("☆☆☆",$D$13:$D$16,0)),IF(Boss!$C$10="OPEN","the Boss","All clear! Aim for rank S"))} -> S4-1 Construction Crew
A24: Replay a stage: select its yellow answer cells and press Delete. Undo an arena drill with Ctrl+Z.

Sheet S4-1 Construction Crew
A1: STAGE S4-1 ▸ CONSTRUCTION CREW
A2: Goal: insert, delete and hide rows and columns
A3: {="SCORE "&TEXT(SUM($G$14:$G$42),"0000")&" / 0220"} -> SCORE 0000 / 0220 | C3: {=IF(SUM($G$14:$G$42)>=220,"★★★",IF(SUM($G$14:$G$42)>=220*0.8,"★★☆",IF(SUM($G$14:$G$42)>=220*0.5,"★☆☆","☆☆☆")))} -> ☆☆☆ | D3: {=REPT("█",ROUND(10*SUM($G$14:$G$42)/220,0))&REPT("░",10-ROUND(10*SUM($G$14:$G$42)/220,0))&" "&TEXT(SUM($G$14:$G$42)/220,"0%")} -> ░░░░░░░░░░ 0% | F3: {=IF(SUM($G$14:$G$42)>=220*0.5,"STAGE CLEAR! ▶ Next: S4-2 Sheet Master","")}
A5: BRIEFING · new moves in this stage
A6: # | B6: What it does · Pro tip | C6: Keys / Syntax
A7: 1 | B7: Insert cells; with whole rows selected, insert whole rows. Tip: Select rows with Shift+Space first, then Ctrl+Shift++. | C7: Ctrl+Shift++
A8: 2 | B8: Delete the selected cells; with whole rows selected, delete the rows. Tip: Shift+Space first, then Ctrl+-. | C8: Ctrl+-
A9: 3 | B9: Hide the selected rows. Tip: Hidden rows keep their data. | C9: Ctrl+9
A10: 4 | B10: Hide the selected columns. Tip: Pair with Ctrl+Space to grab the column. | C10: Ctrl+0
A12: WARM-UP · flashback to earlier stages
A13: # | B13: Mission | C13: Your answer | D13: Result | E13: Hint? | F13: Hint | G13: XP
A14: W1 | B14: Which function adds values that meet one condition? (from F3-2 Money Bags) | D14: {=IFERROR(_xlfn.LET(_xlpm.a,'S4-1 Construction Crew'!$C$14,IF(TRIM(_xlpm.a&"")="","",IF(OR(SUBSTITUTE(SUBSTITUTE(SUBSTITUTE(SUBSTITUTE(SUBSTITUTE(SUBSTITUTE(SUBSTITUTE(SUBSTITUTE(SUBSTITUTE(SUBSTITUTE(SUBSTITUTE(SUBSTITUTE(SUBSTITUTE(SUBSTITUTE(SUBSTITUTE(SUBSTITUTE(SUBSTITUTE(SUBSTITUTE(SUBSTITUTE(SUBSTITUTE(SUBSTITUTE(SUBSTITUTE(SUBSTITUTE(SUBSTITUTE(SUBSTITUTE(SUBSTITUTE(SUBSTITUTE(UPPER(_xlpm.a)," ",""),"CONTROL","CTRL"),"CTL","CTRL"),"ESCAPE","ESC"),"RETURN","ENTER"),"PAGEDOWN","PGDN"),"PGDOWN","PGDN"),"PAGEUP","PGUP"),"ARROWKEYS","ARROW"),"ARROWKEY","ARROW"),"ARROWS","ARROW"),"DOWNARROW","DOWN"),"UPARROW","UP"),"LEFTARROW","LEFT"),"RIGHTARROW","RIGHT"),"ARROWDOWN","DOWN"),"ARROWUP","UP"),"ARROWLEFT","LEFT"),"ARROWRIGHT","RIGHT"),"↓","DOWN"),"↑","UP"),"←","LEFT"),"→","RIGHT"),"SPACEBAR","SPACE"),"−","-"),"MINUS","-"),"PLUS","+")=Key!$E$2:$J$2),"✔ CLEAR","✘ TRY AGAIN"))),"✘ TRY AGAIN")} | F14: {=IF(E14="Show hint",Key!$B$2,"")} | G14: {=IF(LEFT(D14,1)="✔",IF(E14="Show hint",5,10),0)} -> 0
A15: W2 | B15: Which function averages values that meet one condition? (from F3-2 Money Bags) | D15: {=IFERROR(_xlfn.LET(_xlpm.a,'S4-1 Construction Crew'!$C$15,IF(TRIM(_xlpm.a&"")="","",IF(OR(SUBSTITUTE(SUBSTITUTE(SUBSTITUTE(SUBSTITUTE(SUBSTITUTE(SUBSTITUTE(SUBSTITUTE(SUBSTITUTE(SUBSTITUTE(SUBSTITUTE(SUBSTITUTE(SUBSTITUTE(SUBSTITUTE(SUBSTITUTE(SUBSTITUTE(SUBSTITUTE(SUBSTITUTE(SUBSTITUTE(SUBSTITUTE(SUBSTITUTE(SUBSTITUTE(SUBSTITUTE(SUBSTITUTE(SUBSTITUTE(SUBSTITUTE(SUBSTITUTE(SUBSTITUTE(UPPER(_xlpm.a)," ",""),"CONTROL","CTRL"),"CTL","CTRL"),"ESCAPE","ESC"),"RETURN","ENTER"),"PAGEDOWN","PGDN"),"PGDOWN","PGDN"),"PAGEUP","PGUP"),"ARROWKEYS","ARROW"),"ARROWKEY","ARROW"),"ARROWS","ARROW"),"DOWNARROW","DOWN"),"UPARROW","UP"),"LEFTARROW","LEFT"),"RIGHTARROW","RIGHT"),"ARROWDOWN","DOWN"),"ARROWUP","UP"),"ARROWLEFT","LEFT"),"ARROWRIGHT","RIGHT"),"↓","DOWN"),"↑","UP"),"←","LEFT"),"→","RIGHT"),"SPACEBAR","SPACE"),"−","-"),"MINUS","-"),"PLUS","+")=Key!$E$3:$J$3),"✔ CLEAR","✘ TRY AGAIN"))),"✘ TRY AGAIN")} | F15: {=IF(E15="Show hint",Key!$B$3,"")} | G15: {=IF(LEFT(D15,1)="✔",IF(E15="Show hint",5,10),0)} -> 0
A16: W3 | B16: Which keys run Flash Fill? (from S2-3 Stamps & Smart Fill) | D16: {=IFERROR(_xlfn.LET(_xlpm.a,'S4-1 Construction Crew'!$C$16,IF(TRIM(_xlpm.a&"")="","",IF(OR(SUBSTITUTE(SUBSTITUTE(SUBSTITUTE(SUBSTITUTE(SUBSTITUTE(SUBSTITUTE(SUBSTITUTE(SUBSTITUTE(SUBSTITUTE(SUBSTITUTE(SUBSTITUTE(SUBSTITUTE(SUBSTITUTE(SUBSTITUTE(SUBSTITUTE(SUBSTITUTE(SUBSTITUTE(SUBSTITUTE(SUBSTITUTE(SUBSTITUTE(SUBSTITUTE(SUBSTITUTE(SUBSTITUTE(SUBSTITUTE(SUBSTITUTE(SUBSTITUTE(SUBSTITUTE(UPPER(_xlpm.a)," ",""),"CONTROL","CTRL"),"CTL","CTRL"),"ESCAPE","ESC"),"RETURN","ENTER"),"PAGEDOWN","PGDN"),"PGDOWN","PGDN"),"PAGEUP","PGUP"),"ARROWKEYS","ARROW"),"ARROWKEY","ARROW"),"ARROWS","ARROW"),"DOWNARROW","DOWN"),"UPARROW","UP"),"LEFTARROW","LEFT"),"RIGHTARROW","RIGHT"),"ARROWDOWN","DOWN"),"ARROWUP","UP"),"ARROWLEFT","LEFT"),"ARROWRIGHT","RIGHT"),"↓","DOWN"),"↑","UP"),"←","LEFT"),"→","RIGHT"),"SPACEBAR","SPACE"),"−","-"),"MINUS","-"),"PLUS","+")=Key!$E$4:$E$4),"✔ CLEAR","✘ TRY AGAIN"))),"✘ TRY AGAIN")} | F16: {=IF(E16="Show hint",Key!$B$4,"")} | G16: {=IF(LEFT(D16,1)="✔",IF(E16="Show hint",5,10),0)} -> 0
A17: W4 | B17: Which keys open the dropdown list of a cell? (from S2-3 Stamps & Smart Fill) | D17: {=IFERROR(_xlfn.LET(_xlpm.a,'S4-1 Construction Crew'!$C$17,IF(TRIM(_xlpm.a&"")="","",IF(OR(SUBSTITUTE(SUBSTITUTE(SUBSTITUTE(SUBSTITUTE(SUBSTITUTE(SUBSTITUTE(SUBSTITUTE(SUBSTITUTE(SUBSTITUTE(SUBSTITUTE(SUBSTITUTE(SUBSTITUTE(SUBSTITUTE(SUBSTITUTE(SUBSTITUTE(SUBSTITUTE(SUBSTITUTE(SUBSTITUTE(SUBSTITUTE(SUBSTITUTE(SUBSTITUTE(SUBSTITUTE(SUBSTITUTE(SUBSTITUTE(SUBSTITUTE(SUBSTITUTE(SUBSTITUTE(UPPER(_xlpm.a)," ",""),"CONTROL","CTRL"),"CTL","CTRL"),"ESCAPE","ESC"),"RETURN","ENTER"),"PAGEDOWN","PGDN"),"PGDOWN","PGDN"),"PAGEUP","PGUP"),"ARROWKEYS","ARROW"),"ARROWKEY","ARROW"),"ARROWS","ARROW"),"DOWNARROW","DOWN"),"UPARROW","UP"),"LEFTARROW","LEFT"),"RIGHTARROW","RIGHT"),"ARROWDOWN","DOWN"),"ARROWUP","UP"),"ARROWLEFT","LEFT"),"ARROWRIGHT","RIGHT"),"↓","DOWN"),"↑","UP"),"←","LEFT"),"→","RIGHT"),"SPACEBAR","SPACE"),"−","-"),"MINUS","-"),"PLUS","+")=Key!$E$5:$E$5),"✔ CLEAR","✘ TRY AGAIN"))),"✘ TRY AGAIN")} | F17: {=IF(E17="Show hint",Key!$B$5,"")} | G17: {=IF(LEFT(D17,1)="✔",IF(E17="Show hint",5,10),0)} -> 0
A18: W5 | B18: Which operator means 'greater than or equal to'? (from F2-1 True or False) | D18: {=IFERROR(_xlfn.LET(_xlpm.a,'S4-1 Construction Crew'!$C$18,IF(TRIM(_xlpm.a&"")="","",IF(OR(SUBSTITUTE(SUBSTITUTE(SUBSTITUTE(SUBSTITUTE(SUBSTITUTE(SUBSTITUTE(SUBSTITUTE(SUBSTITUTE(SUBSTITUTE(SUBSTITUTE(SUBSTITUTE(SUBSTITUTE(SUBSTITUTE(SUBSTITUTE(SUBSTITUTE(SUBSTITUTE(SUBSTITUTE(SUBSTITUTE(SUBSTITUTE(SUBSTITUTE(SUBSTITUTE(SUBSTITUTE(SUBSTITUTE(SUBSTITUTE(SUBSTITUTE(SUBSTITUTE(SUBSTITUTE(UPPER(_xlpm.a)," ",""),"CONTROL","CTRL"),"CTL","CTRL"),"ESCAPE","ESC"),"RETURN","ENTER"),"PAGEDOWN","PGDN"),"PGDOWN","PGDN"),"PAGEUP","PGUP"),"ARROWKEYS","ARROW"),"ARROWKEY","ARROW"),"ARROWS","ARROW"),"DOWNARROW","DOWN"),"UPARROW","UP"),"LEFTARROW","LEFT"),"RIGHTARROW","RIGHT"),"ARROWDOWN","DOWN"),"ARROWUP","UP"),"ARROWLEFT","LEFT"),"ARROWRIGHT","RIGHT"),"↓","DOWN"),"↑","UP"),"←","LEFT"),"→","RIGHT"),"SPACEBAR","SPACE"),"−","-"),"MINUS","-"),"PLUS","+")=Key!$E$6:$E$6),"✔ CLEAR","✘ TRY AGAIN"))),"✘ TRY AGAIN")} | F18: {=IF(E18="Show hint",Key!$B$6,"")} | G18: {=IF(LEFT(D18,1)="✔",IF(E18="Show hint",5,10),0)} -> 0
A19: W6 | B19: Which operator means 'not equal to'? (from F2-1 True or False) | D19: {=IFERROR(_xlfn.LET(_xlpm.a,'S4-1 Construction Crew'!$C$19,IF(TRIM(_xlpm.a&"")="","",IF(OR(SUBSTITUTE(SUBSTITUTE(SUBSTITUTE(SUBSTITUTE(SUBSTITUTE(SUBSTITUTE(SUBSTITUTE(SUBSTITUTE(SUBSTITUTE(SUBSTITUTE(SUBSTITUTE(SUBSTITUTE(SUBSTITUTE(SUBSTITUTE(SUBSTITUTE(SUBSTITUTE(SUBSTITUTE(SUBSTITUTE(SUBSTITUTE(SUBSTITUTE(SUBSTITUTE(SUBSTITUTE(SUBSTITUTE(SUBSTITUTE(SUBSTITUTE(SUBSTITUTE(SUBSTITUTE(UPPER(_xlpm.a)," ",""),"CONTROL","CTRL"),"CTL","CTRL"),"ESCAPE","ESC"),"RETURN","ENTER"),"PAGEDOWN","PGDN"),"PGDOWN","PGDN"),"PAGEUP","PGUP"),"ARROWKEYS","ARROW"),"ARROWKEY","ARROW"),"ARROWS","ARROW"),"DOWNARROW","DOWN"),"UPARROW","UP"),"LEFTARROW","LEFT"),"RIGHTARROW","RIGHT"),"ARROWDOWN","DOWN"),"ARROWUP","UP"),"ARROWLEFT","LEFT"),"ARROWRIGHT","RIGHT"),"↓","DOWN"),"↑","UP"),"←","LEFT"),"→","RIGHT"),"SPACEBAR","SPACE"),"−","-"),"MINUS","-"),"PLUS","+")=Key!$E$7:$E$7),"✔ CLEAR","✘ TRY AGAIN"))),"✘ TRY AGAIN")} | F19: {=IF(E19="Show hint",Key!$B$7,"")} | G19: {=IF(LEFT(D19,1)="✔",IF(E19="Show hint",5,10),0)} -> 0
A20: W7 | B20: What must surround text inside a formula? (from F2-1 True or False) | D20: {=IFERROR(_xlfn.LET(_xlpm.a,'S4-1 Construction Crew'!$C$20,IF(TRIM(_xlpm.a&"")="","",IF(OR(SUBSTITUTE(SUBSTITUTE(SUBSTITUTE(SUBSTITUTE(SUBSTITUTE(SUBSTITUTE(SUBSTITUTE(SUBSTITUTE(SUBSTITUTE(SUBSTITUTE(SUBSTITUTE(SUBSTITUTE(SUBSTITUTE(SUBSTITUTE(SUBSTITUTE(SUBSTITUTE(SUBSTITUTE(SUBSTITUTE(SUBSTITUTE(SUBSTITUTE(SUBSTITUTE(SUBSTITUTE(SUBSTITUTE(SUBSTITUTE(SUBSTITUTE(SUBSTITUTE(SUBSTITUTE(UPPER(_xlpm.a)," ",""),"CONTROL","CTRL"),"CTL","CTRL"),"ESCAPE","ESC"),"RETURN","ENTER"),"PAGEDOWN","PGDN"),"PGDOWN","PGDN"),"PAGEUP","PGUP"),"ARROWKEYS","ARROW"),"ARROWKEY","ARROW"),"ARROWS","ARROW"),"DOWNARROW","DOWN"),"UPARROW","UP"),"LEFTARROW","LEFT"),"RIGHTARROW","RIGHT"),"ARROWDOWN","DOWN"),"ARROWUP","UP"),"ARROWLEFT","LEFT"),"ARROWRIGHT","RIGHT"),"↓","DOWN"),"↑","UP"),"←","LEFT"),"→","RIGHT"),"SPACEBAR","SPACE"),"−","-"),"MINUS","-"),"PLUS","+")=Key!$E$8:$H$8),"✔ CLEAR","✘ TRY AGAIN"))),"✘ TRY AGAIN")} | F20: {=IF(E20="Show hint",Key!$B$8,"")} | G20: {=IF(LEFT(D20,1)="✔",IF(E20="Show hint",5,10),0)} -> 0
A21: W8 | B21: Which function returns one value when a test is TRUE and another when FALSE? (from F2-2 Fork in the Road) | D21: {=IFERROR(_xlfn.LET(_xlpm.a,'S4-1 Construction Crew'!$C$21,IF(TRIM(_xlpm.a&"")="","",IF(OR(SUBSTITUTE(SUBSTITUTE(SUBSTITUTE(SUBSTITUTE(SUBSTITUTE(SUBSTITUTE(SUBSTITUTE(SUBSTITUTE(SUBSTITUTE(SUBSTITUTE(SUBSTITUTE(SUBSTITUTE(SUBSTITUTE(SUBSTITUTE(SUBSTITUTE(SUBSTITUTE(SUBSTITUTE(SUBSTITUTE(SUBSTITUTE(SUBSTITUTE(SUBSTITUTE(SUBSTITUTE(SUBSTITUTE(SUBSTITUTE(SUBSTITUTE(SUBSTITUTE(SUBSTITUTE(UPPER(_xlpm.a)," ",""),"CONTROL","CTRL"),"CTL","CTRL"),"ESCAPE","ESC"),"RETURN","ENTER"),"PAGEDOWN","PGDN"),"PGDOWN","PGDN"),"PAGEUP","PGUP"),"ARROWKEYS","ARROW"),"ARROWKEY","ARROW"),"ARROWS","ARROW"),"DOWNARROW","DOWN"),"UPARROW","UP"),"LEFTARROW","LEFT"),"RIGHTARROW","RIGHT"),"ARROWDOWN","DOWN"),"ARROWUP","UP"),"ARROWLEFT","LEFT"),"ARROWRIGHT","RIGHT"),"↓","DOWN"),"↑","UP"),"←","LEFT"),"→","RIGHT"),"SPACEBAR","SPACE"),"−","-"),"MINUS","-"),"PLUS","+")=Key!$E$9:$J$9),"✔ CLEAR","✘ TRY AGAIN"))),"✘ TRY AGAIN")} | F21: {=IF(E21="Show hint",Key!$B$9,"")} | G21: {=IF(LEFT(D21,1)="✔",IF(E21="Show hint",5,10),0)} -> 0
A22: W9 | B22: In =IF(B2>100,B2*0.9,B2), what is returned when B2 is 50? (from F2-2 Fork in the Road) | D22: {=IFERROR(_xlfn.LET(_xlpm.a,'S4-1 Construction Crew'!$C$22,IF(TRIM(_xlpm.a&"")="","",IF(OR(SUBSTITUTE(SUBSTITUTE(SUBSTITUTE(SUBSTITUTE(SUBSTITUTE(SUBSTITUTE(SUBSTITUTE(SUBSTITUTE(SUBSTITUTE(SUBSTITUTE(SUBSTITUTE(SUBSTITUTE(SUBSTITUTE(SUBSTITUTE(SUBSTITUTE(SUBSTITUTE(SUBSTITUTE(SUBSTITUTE(SUBSTITUTE(SUBSTITUTE(SUBSTITUTE(SUBSTITUTE(SUBSTITUTE(SUBSTITUTE(SUBSTITUTE(SUBSTITUTE(SUBSTITUTE(UPPER(_xlpm.a)," ",""),"CONTROL","CTRL"),"CTL","CTRL"),"ESCAPE","ESC"),"RETURN","ENTER"),"PAGEDOWN","PGDN"),"PGDOWN","PGDN"),"PAGEUP","PGUP"),"ARROWKEYS","ARROW"),"ARROWKEY","ARROW"),"ARROWS","ARROW"),"DOWNARROW","DOWN"),"UPARROW","UP"),"LEFTARROW","LEFT"),"RIGHTARROW","RIGHT"),"ARROWDOWN","DOWN"),"ARROWUP","UP"),"ARROWLEFT","LEFT"),"ARROWRIGHT","RIGHT"),"↓","DOWN"),"↑","UP"),"←","LEFT"),"→","RIGHT"),"SPACEBAR","SPACE"),"−","-"),"MINUS","-"),"PLUS","+")=Key!$E$10:$E$10),"✔ CLEAR","✘ TRY AGAIN"))),"✘ TRY AGAIN")} | F22: {=IF(E22="Show hint",Key!$B$10,"")} | G22: {=IF(LEFT(D22,1)="✔",IF(E22="Show hint",5,10),0)} -> 0
A23: W10 | B23: What do you type in a formula for an empty, blank-looking result? (from F2-2 Fork in the Road) | D23: {=IFERROR(_xlfn.LET(_xlpm.a,'S4-1 Construction Crew'!$C$23,IF(TRIM(_xlpm.a&"")="","",IF(OR(SUBSTITUTE(SUBSTITUTE(SUBSTITUTE(SUBSTITUTE(SUBSTITUTE(SUBSTITUTE(SUBSTITUTE(SUBSTITUTE(SUBSTITUTE(SUBSTITUTE(SUBSTITUTE(SUBSTITUTE(SUBSTITUTE(SUBSTITUTE(SUBSTITUTE(SUBSTITUTE(SUBSTITUTE(SUBSTITUTE(SUBSTITUTE(SUBSTITUTE(SUBSTITUTE(SUBSTITUTE(SUBSTITUTE(SUBSTITUTE(SUBSTITUTE(SUBSTITUTE(SUBSTITUTE(UPPER(_xlpm.a)," ",""),"CONTROL","CTRL"),"CTL","CTRL"),"ESCAPE","ESC"),"RETURN","ENTER"),"PAGEDOWN","PGDN"),"PGDOWN","PGDN"),"PAGEUP","PGUP"),"ARROWKEYS","ARROW"),"ARROWKEY","ARROW"),"ARROWS","ARROW"),"DOWNARROW","DOWN"),"UPARROW","UP"),"LEFTARROW","LEFT"),"RIGHTARROW","RIGHT"),"ARROWDOWN","DOWN"),"ARROWUP","UP"),"ARROWLEFT","LEFT"),"ARROWRIGHT","RIGHT"),"↓","DOWN"),"↑","UP"),"←","LEFT"),"→","RIGHT"),"SPACEBAR","SPACE"),"−","-"),"MINUS","-"),"PLUS","+")=Key!$E$11:$E$11),"✔ CLEAR","✘ TRY AGAIN"))),"✘ TRY AGAIN")} | F23: {=IF(E23="Show hint",Key!$B$11,"")} | G23: {=IF(LEFT(D23,1)="✔",IF(E23="Show hint",5,10),0)} -> 0
A25: TRAINING · recognize the move (pick from the list)
A26: # | B26: Mission | C26: Your answer | D26: Result | E26: Hint? | F26: Hint | G26: XP
A27: T1 | B27: Which keys insert cells or rows? | D27: {=IFERROR(IF('S4-1 Construction Crew'!$C$27&""="","",IF('S4-1 Construction Crew'!$C$27&""=Key!$C$12&"","✔ CLEAR","✘ TRY AGAIN")),"✘ TRY AGAIN")} | F27: {=IF(E27="Show hint",Key!$B$12,"")} | G27: {=IF(LEFT(D27,1)="✔",IF(E27="Show hint",5,10),0)} -> 0
A28: T2 | B28: Which keys delete the selected cells or rows? | D28: {=IFERROR(IF('S4-1 Construction Crew'!$C$28&""="","",IF('S4-1 Construction Crew'!$C$28&""=Key!$C$13&"","✔ CLEAR","✘ TRY AGAIN")),"✘ TRY AGAIN")} | F28: {=IF(E28="Show hint",Key!$B$13,"")} | G28: {=IF(LEFT(D28,1)="✔",IF(E28="Show hint",5,10),0)} -> 0
A29: T3 | B29: Which keys hide the selected rows? | D29: {=IFERROR(IF('S4-1 Construction Crew'!$C$29&""="","",IF('S4-1 Construction Crew'!$C$29&""=Key!$C$14&"","✔ CLEAR","✘ TRY AGAIN")),"✘ TRY AGAIN")} | F29: {=IF(E29="Show hint",Key!$B$14,"")} | G29: {=IF(LEFT(D29,1)="✔",IF(E29="Show hint",5,10),0)} -> 0
A30: T4 | B30: Which keys hide the selected columns? | D30: {=IFERROR(IF('S4-1 Construction Crew'!$C$30&""="","",IF('S4-1 Construction Crew'!$C$30&""=Key!$C$15&"","✔ CLEAR","✘ TRY AGAIN")),"✘ TRY AGAIN")} | F30: {=IF(E30="Show hint",Key!$B$15,"")} | G30: {=IF(LEFT(D30,1)="✔",IF(E30="Show hint",5,10),0)} -> 0
A32: CHALLENGES · recall it, then do it
B33: ▶ Open S4-1 Arena (or press Ctrl+PgDn)
A34: # | B34: Mission | C34: Your answer | D34: Result | E34: Hint? | F34: Hint | G34: XP
A35: C1 | B35: Which keys insert cells or rows? | D35: {=IFERROR(_xlfn.LET(_xlpm.a,'S4-1 Construction Crew'!$C$35,IF(TRIM(_xlpm.a&"")="","",IF(OR(SUBSTITUTE(SUBSTITUTE(SUBSTITUTE(SUBSTITUTE(SUBSTITUTE(SUBSTITUTE(SUBSTITUTE(SUBSTITUTE(SUBSTITUTE(SUBSTITUTE(SUBSTITUTE(SUBSTITUTE(SUBSTITUTE(SUBSTITUTE(SUBSTITUTE(SUBSTITUTE(SUBSTITUTE(SUBSTITUTE(SUBSTITUTE(SUBSTITUTE(SUBSTITUTE(SUBSTITUTE(SUBSTITUTE(SUBSTITUTE(SUBSTITUTE(SUBSTITUTE(SUBSTITUTE(UPPER(_xlpm.a)," ",""),"CONTROL","CTRL"),"CTL","CTRL"),"ESCAPE","ESC"),"RETURN","ENTER"),"PAGEDOWN","PGDN"),"PGDOWN","PGDN"),"PAGEUP","PGUP"),"ARROWKEYS","ARROW"),"ARROWKEY","ARROW"),"ARROWS","ARROW"),"DOWNARROW","DOWN"),"UPARROW","UP"),"LEFTARROW","LEFT"),"RIGHTARROW","RIGHT"),"ARROWDOWN","DOWN"),"ARROWUP","UP"),"ARROWLEFT","LEFT"),"ARROWRIGHT","RIGHT"),"↓","DOWN"),"↑","UP"),"←","LEFT"),"→","RIGHT"),"SPACEBAR","SPACE"),"−","-"),"MINUS","-"),"PLUS","+")=Key!$E$16:$I$16),"✔ CLEAR","✘ TRY AGAIN"))),"✘ TRY AGAIN")} | F35: {=IF(E35="Show hint",Key!$B$16,"")} | G35: {=IF(LEFT(D35,1)="✔",IF(E35="Show hint",5,10),0)} -> 0
A36: C2 | B36: Which keys delete the selected cells or rows? | D36: {=IFERROR(_xlfn.LET(_xlpm.a,'S4-1 Construction Crew'!$C$36,IF(TRIM(_xlpm.a&"")="","",IF(OR(SUBSTITUTE(SUBSTITUTE(SUBSTITUTE(SUBSTITUTE(SUBSTITUTE(SUBSTITUTE(SUBSTITUTE(SUBSTITUTE(SUBSTITUTE(SUBSTITUTE(SUBSTITUTE(SUBSTITUTE(SUBSTITUTE(SUBSTITUTE(SUBSTITUTE(SUBSTITUTE(SUBSTITUTE(SUBSTITUTE(SUBSTITUTE(SUBSTITUTE(SUBSTITUTE(SUBSTITUTE(SUBSTITUTE(SUBSTITUTE(SUBSTITUTE(SUBSTITUTE(SUBSTITUTE(UPPER(_xlpm.a)," ",""),"CONTROL","CTRL"),"CTL","CTRL"),"ESCAPE","ESC"),"RETURN","ENTER"),"PAGEDOWN","PGDN"),"PGDOWN","PGDN"),"PAGEUP","PGUP"),"ARROWKEYS","ARROW"),"ARROWKEY","ARROW"),"ARROWS","ARROW"),"DOWNARROW","DOWN"),"UPARROW","UP"),"LEFTARROW","LEFT"),"RIGHTARROW","RIGHT"),"ARROWDOWN","DOWN"),"ARROWUP","UP"),"ARROWLEFT","LEFT"),"ARROWRIGHT","RIGHT"),"↓","DOWN"),"↑","UP"),"←","LEFT"),"→","RIGHT"),"SPACEBAR","SPACE"),"−","-"),"MINUS","-"),"PLUS","+")=Key!$E$17:$E$17),"✔ CLEAR","✘ TRY AGAIN"))),"✘ TRY AGAIN")} | F36: {=IF(E36="Show hint",Key!$B$17,"")} | G36: {=IF(LEFT(D36,1)="✔",IF(E36="Show hint",5,10),0)} -> 0
A37: C3 | B37: Which keys hide the selected rows? | D37: {=IFERROR(_xlfn.LET(_xlpm.a,'S4-1 Construction Crew'!$C$37,IF(TRIM(_xlpm.a&"")="","",IF(OR(SUBSTITUTE(SUBSTITUTE(SUBSTITUTE(SUBSTITUTE(SUBSTITUTE(SUBSTITUTE(SUBSTITUTE(SUBSTITUTE(SUBSTITUTE(SUBSTITUTE(SUBSTITUTE(SUBSTITUTE(SUBSTITUTE(SUBSTITUTE(SUBSTITUTE(SUBSTITUTE(SUBSTITUTE(SUBSTITUTE(SUBSTITUTE(SUBSTITUTE(SUBSTITUTE(SUBSTITUTE(SUBSTITUTE(SUBSTITUTE(SUBSTITUTE(SUBSTITUTE(SUBSTITUTE(UPPER(_xlpm.a)," ",""),"CONTROL","CTRL"),"CTL","CTRL"),"ESCAPE","ESC"),"RETURN","ENTER"),"PAGEDOWN","PGDN"),"PGDOWN","PGDN"),"PAGEUP","PGUP"),"ARROWKEYS","ARROW"),"ARROWKEY","ARROW"),"ARROWS","ARROW"),"DOWNARROW","DOWN"),"UPARROW","UP"),"LEFTARROW","LEFT"),"RIGHTARROW","RIGHT"),"ARROWDOWN","DOWN"),"ARROWUP","UP"),"ARROWLEFT","LEFT"),"ARROWRIGHT","RIGHT"),"↓","DOWN"),"↑","UP"),"←","LEFT"),"→","RIGHT"),"SPACEBAR","SPACE"),"−","-"),"MINUS","-"),"PLUS","+")=Key!$E$18:$E$18),"✔ CLEAR","✘ TRY AGAIN"))),"✘ TRY AGAIN")} | F37: {=IF(E37="Show hint",Key!$B$18,"")} | G37: {=IF(LEFT(D37,1)="✔",IF(E37="Show hint",5,10),0)} -> 0
A38: C4 | B38: Which keys hide the selected columns? | D38: {=IFERROR(_xlfn.LET(_xlpm.a,'S4-1 Construction Crew'!$C$38,IF(TRIM(_xlpm.a&"")="","",IF(OR(SUBSTITUTE(SUBSTITUTE(SUBSTITUTE(SUBSTITUTE(SUBSTITUTE(SUBSTITUTE(SUBSTITUTE(SUBSTITUTE(SUBSTITUTE(SUBSTITUTE(SUBSTITUTE(SUBSTITUTE(SUBSTITUTE(SUBSTITUTE(SUBSTITUTE(SUBSTITUTE(SUBSTITUTE(SUBSTITUTE(SUBSTITUTE(SUBSTITUTE(SUBSTITUTE(SUBSTITUTE(SUBSTITUTE(SUBSTITUTE(SUBSTITUTE(SUBSTITUTE(SUBSTITUTE(UPPER(_xlpm.a)," ",""),"CONTROL","CTRL"),"CTL","CTRL"),"ESCAPE","ESC"),"RETURN","ENTER"),"PAGEDOWN","PGDN"),"PGDOWN","PGDN"),"PAGEUP","PGUP"),"ARROWKEYS","ARROW"),"ARROWKEY","ARROW"),"ARROWS","ARROW"),"DOWNARROW","DOWN"),"UPARROW","UP"),"LEFTARROW","LEFT"),"RIGHTARROW","RIGHT"),"ARROWDOWN","DOWN"),"ARROWUP","UP"),"ARROWLEFT","LEFT"),"ARROWRIGHT","RIGHT"),"↓","DOWN"),"↑","UP"),"←","LEFT"),"→","RIGHT"),"SPACEBAR","SPACE"),"−","-"),"MINUS","-"),"PLUS","+")=Key!$E$19:$E$19),"✔ CLEAR","✘ TRY AGAIN"))),"✘ TRY AGAIN")} | F38: {=IF(E38="Show hint",Key!$B$19,"")} | G38: {=IF(LEFT(D38,1)="✔",IF(E38="Show hint",5,10),0)} -> 0
A39: C5 | B39: In the LIST block, rows with DELETE ME must go. Click the first DELETE ME cell, press Shift+Space, then Shift+↓ twice to select all three rows, and press Ctrl+-. | C39: ▶ ARENA C5 (cell B32) | D39: {=IF(IFERROR(AND(COUNTIF('S4-1 Arena'!$B:$B,"DELETE ME")=0,COUNTIF('S4-1 Arena'!$B:$B,"KEEP")=7),FALSE),"✔ CLEAR","· not yet")} -> · not yet | F39: {=IF(E39="Show hint",Key!$B$20,"")} | G39: {=IF(LEFT(D39,1)="✔",IF(E39="Show hint",5,10),0)} -> 0
A40: C6 | B40: Click INSERT ABOVE (B25), press Shift+Space, then Shift+↓ once to select two rows, and press Ctrl+Shift++ to insert two blank rows above it. | C40: ▶ ARENA C6 (cell B25) | D40: {=IF(IFERROR(MATCH("INSERT ABOVE",'S4-1 Arena'!$B:$B,0)-MATCH("ROW ABOVE",'S4-1 Arena'!$B:$B,0)=3,FALSE),"✔ CLEAR","· not yet")} -> · not yet | F40: {=IF(E40="Show hint",Key!$B$21,"")} | G40: {=IF(LEFT(D40,1)="✔",IF(E40="Show hint",5,10),0)} -> 0
A41: C7 | B41: Hide both SECRET rows: click a SECRET cell, press Shift+Space, then Ctrl+9. Repeat for the other one, then press F9. | C41: ▶ ARENA C7 (cell B14) | D41: {=IF(IFERROR(AND(SUMPRODUCT(SUBTOTAL(103,OFFSET('S4-1 Arena'!$B$13,ROW('S4-1 Arena'!$B$13:$B$20)-ROW('S4-1 Arena'!$B$13),0))*('S4-1 Arena'!$B$13:$B$20="SECRET"))=0,SUBTOTAL(103,'S4-1 Arena'!$B$13:$B$20)=6),FALSE),"✔ CLEAR","· not yet · press F9")} -> · not yet · press F9 | F41: {=IF(E41="Show hint",Key!$B$22,"")} | G41: {=IF(LEFT(D41,1)="✔",IF(E41="Show hint",5,10),0)} -> 0
A42: C8 | B42: Click H5 (HIDE ME), press Ctrl+Space to select column H, then Ctrl+0 to hide it. Press F9. | C42: ▶ ARENA C8 (cell H5) | D42: {=IF(IFERROR(INDEX(CELL("width",'S4-1 Arena'!$H$5),1)=0,FALSE),"✔ CLEAR","· not yet · press F9")} -> · not yet · press F9 | F42: {=IF(E42="Show hint",Key!$B$23,"")} | G42: {=IF(LEFT(D42,1)="✔",IF(E42="Show hint",5,10),0)} -> 0

Sheet S4-1 Arena
A1: ARENA ▸ S4-1 CONSTRUCTION CREW
A2: Practice area · everything here is editable. Missions and their checks are on the stage sheet.
A3: PASS CODE | B3: BUILDER | D3: ◀ Back to S4-1 Construction Crew
H5: HIDE ME
H6: 1
H7: 2
H8: 3
H9: 4
H10: 5
B12: SECRET LIST
B13: open | C13: 1
B14: SECRET | C14: 2
B15: open | C15: 3
B16: open | C16: 4
B17: SECRET | C17: 5
B18: open | C18: 6
B19: open | C19: 7
B20: open | C20: 8
B24: ROW ABOVE
B25: INSERT ABOVE
B29: LIST
B30: KEEP | C30: 1
B31: KEEP | C31: 2
B32: DELETE ME | C32: 3
B33: DELETE ME | C33: 4
B34: DELETE ME | C34: 5
B35: KEEP | C35: 6
B36: KEEP | C36: 7
B37: KEEP | C37: 8
B38: KEEP | C38: 9
B39: KEEP | C39: 10

Sheet S4-2 Sheet Master
A1: STAGE S4-2 ▸ SHEET MASTER
A2: Goal: manage sheets and files from the keyboard
A3: {="SCORE "&TEXT(SUM($G$18:$G$53),"0000")&" / 0290"} -> SCORE 0000 / 0290 | C3: {=IF(SUM($G$18:$G$53)>=290,"★★★",IF(SUM($G$18:$G$53)>=290*0.8,"★★☆",IF(SUM($G$18:$G$53)>=290*0.5,"★☆☆","☆☆☆")))} -> ☆☆☆ | D3: {=REPT("█",ROUND(10*SUM($G$18:$G$53)/290,0))&REPT("░",10-ROUND(10*SUM($G$18:$G$53)/290,0))&" "&TEXT(SUM($G$18:$G$53)/290,"0%")} -> ░░░░░░░░░░ 0% | F3: {=IF(SUM($G$18:$G$53)>=290*0.5,"STAGE CLEAR! ▶ Next: S4-3 Detective","")}
A5: BRIEFING · new moves in this stage
A6: # | B6: What it does · Pro tip | C6: Keys / Syntax
A7: 1 | B7: Insert a new worksheet. Tip: Alt+Shift+F1 does the same. | C7: Shift+F11
A8: 2 | B8: Rename the current sheet (KeyTips: Home, Format, Rename). Tip: Type the new name, then Enter. | C8: Alt+H, O, R
A9: 3 | B9: Save the workbook. Tip: Save early, save often. | C9: Ctrl+S
A10: 4 | B10: Open Save As to save a copy or change the name. Tip: Keep the original and practice on a copy. | C10: F12
A11: 5 | B11: Create a new blank workbook. Tip: Starts fresh in a new window. | C11: Ctrl+N
A12: 6 | B12: Open a workbook (and see your recent files). Tip: Recent files are listed first. | C12: Ctrl+O
A13: 7 | B13: Close the current workbook window. Tip: Excel asks before losing changes. | C13: Ctrl+W
A14: 8 | B14: Open Print (with a preview). Tip: Check the preview before paper. | C14: Ctrl+P
A16: WARM-UP · flashback to earlier stages
A17: # | B17: Mission | C17: Your answer | D17: Result | E17: Hint? | F17: Hint | G17: XP
A18: W1 | B18: Which keys insert cells or rows? (from S4-1 Construction Crew) | D18: {=IFERROR(_xlfn.LET(_xlpm.a,'S4-2 Sheet Master'!$C$18,IF(TRIM(_xlpm.a&"")="","",IF(OR(SUBSTITUTE(SUBSTITUTE(SUBSTITUTE(SUBSTITUTE(SUBSTITUTE(SUBSTITUTE(SUBSTITUTE(SUBSTITUTE(SUBSTITUTE(SUBSTITUTE(SUBSTITUTE(SUBSTITUTE(SUBSTITUTE(SUBSTITUTE(SUBSTITUTE(SUBSTITUTE(SUBSTITUTE(SUBSTITUTE(SUBSTITUTE(SUBSTITUTE(SUBSTITUTE(SUBSTITUTE(SUBSTITUTE(SUBSTITUTE(SUBSTITUTE(SUBSTITUTE(SUBSTITUTE(UPPER(_xlpm.a)," ",""),"CONTROL","CTRL"),"CTL","CTRL"),"ESCAPE","ESC"),"RETURN","ENTER"),"PAGEDOWN","PGDN"),"PGDOWN","PGDN"),"PAGEUP","PGUP"),"ARROWKEYS","ARROW"),"ARROWKEY","ARROW"),"ARROWS","ARROW"),"DOWNARROW","DOWN"),"UPARROW","UP"),"LEFTARROW","LEFT"),"RIGHTARROW","RIGHT"),"ARROWDOWN","DOWN"),"ARROWUP","UP"),"ARROWLEFT","LEFT"),"ARROWRIGHT","RIGHT"),"↓","DOWN"),"↑","UP"),"←","LEFT"),"→","RIGHT"),"SPACEBAR","SPACE"),"−","-"),"MINUS","-"),"PLUS","+")=Key!$E$24:$I$24),"✔ CLEAR","✘ TRY AGAIN"))),"✘ TRY AGAIN")} | F18: {=IF(E18="Show hint",Key!$B$24,"")} | G18: {=IF(LEFT(D18,1)="✔",IF(E18="Show hint",5,10),0)} -> 0
A19: W2 | B19: Which keys delete the selected cells or rows? (from S4-1 Construction Crew) | D19: {=IFERROR(_xlfn.LET(_xlpm.a,'S4-2 Sheet Master'!$C$19,IF(TRIM(_xlpm.a&"")="","",IF(OR(SUBSTITUTE(SUBSTITUTE(SUBSTITUTE(SUBSTITUTE(SUBSTITUTE(SUBSTITUTE(SUBSTITUTE(SUBSTITUTE(SUBSTITUTE(SUBSTITUTE(SUBSTITUTE(SUBSTITUTE(SUBSTITUTE(SUBSTITUTE(SUBSTITUTE(SUBSTITUTE(SUBSTITUTE(SUBSTITUTE(SUBSTITUTE(SUBSTITUTE(SUBSTITUTE(SUBSTITUTE(SUBSTITUTE(SUBSTITUTE(SUBSTITUTE(SUBSTITUTE(SUBSTITUTE(UPPER(_xlpm.a)," ",""),"CONTROL","CTRL"),"CTL","CTRL"),"ESCAPE","ESC"),"RETURN","ENTER"),"PAGEDOWN","PGDN"),"PGDOWN","PGDN"),"PAGEUP","PGUP"),"ARROWKEYS","ARROW"),"ARROWKEY","ARROW"),"ARROWS","ARROW"),"DOWNARROW","DOWN"),"UPARROW","UP"),"LEFTARROW","LEFT"),"RIGHTARROW","RIGHT"),"ARROWDOWN","DOWN"),"ARROWUP","UP"),"ARROWLEFT","LEFT"),"ARROWRIGHT","RIGHT"),"↓","DOWN"),"↑","UP"),"←","LEFT"),"→","RIGHT"),"SPACEBAR","SPACE"),"−","-"),"MINUS","-"),"PLUS","+")=Key!$E$25:$E$25),"✔ CLEAR","✘ TRY AGAIN"))),"✘ TRY AGAIN")} | F19: {=IF(E19="Show hint",Key!$B$25,"")} | G19: {=IF(LEFT(D19,1)="✔",IF(E19="Show hint",5,10),0)} -> 0
A20: W3 | B20: Which keys hide the selected rows? (from S4-1 Construction Crew) | D20: {=IFERROR(_xlfn.LET(_xlpm.a,'S4-2 Sheet Master'!$C$20,IF(TRIM(_xlpm.a&"")="","",IF(OR(SUBSTITUTE(SUBSTITUTE(SUBSTITUTE(SUBSTITUTE(SUBSTITUTE(SUBSTITUTE(SUBSTITUTE(SUBSTITUTE(SUBSTITUTE(SUBSTITUTE(SUBSTITUTE(SUBSTITUTE(SUBSTITUTE(SUBSTITUTE(SUBSTITUTE(SUBSTITUTE(SUBSTITUTE(SUBSTITUTE(SUBSTITUTE(SUBSTITUTE(SUBSTITUTE(SUBSTITUTE(SUBSTITUTE(SUBSTITUTE(SUBSTITUTE(SUBSTITUTE(SUBSTITUTE(UPPER(_xlpm.a)," ",""),"CONTROL","CTRL"),"CTL","CTRL"),"ESCAPE","ESC"),"RETURN","ENTER"),"PAGEDOWN","PGDN"),"PGDOWN","PGDN"),"PAGEUP","PGUP"),"ARROWKEYS","ARROW"),"ARROWKEY","ARROW"),"ARROWS","ARROW"),"DOWNARROW","DOWN"),"UPARROW","UP"),"LEFTARROW","LEFT"),"RIGHTARROW","RIGHT"),"ARROWDOWN","DOWN"),"ARROWUP","UP"),"ARROWLEFT","LEFT"),"ARROWRIGHT","RIGHT"),"↓","DOWN"),"↑","UP"),"←","LEFT"),"→","RIGHT"),"SPACEBAR","SPACE"),"−","-"),"MINUS","-"),"PLUS","+")=Key!$E$26:$E$26),"✔ CLEAR","✘ TRY AGAIN"))),"✘ TRY AGAIN")} | F20: {=IF(E20="Show hint",Key!$B$26,"")} | G20: {=IF(LEFT(D20,1)="✔",IF(E20="Show hint",5,10),0)} -> 0
A21: W4 | B21: Which keys hide the selected columns? (from S4-1 Construction Crew) | D21: {=IFERROR(_xlfn.LET(_xlpm.a,'S4-2 Sheet Master'!$C$21,IF(TRIM(_xlpm.a&"")="","",IF(OR(SUBSTITUTE(SUBSTITUTE(SUBSTITUTE(SUBSTITUTE(SUBSTITUTE(SUBSTITUTE(SUBSTITUTE(SUBSTITUTE(SUBSTITUTE(SUBSTITUTE(SUBSTITUTE(SUBSTITUTE(SUBSTITUTE(SUBSTITUTE(SUBSTITUTE(SUBSTITUTE(SUBSTITUTE(SUBSTITUTE(SUBSTITUTE(SUBSTITUTE(SUBSTITUTE(SUBSTITUTE(SUBSTITUTE(SUBSTITUTE(SUBSTITUTE(SUBSTITUTE(SUBSTITUTE(UPPER(_xlpm.a)," ",""),"CONTROL","CTRL"),"CTL","CTRL"),"ESCAPE","ESC"),"RETURN","ENTER"),"PAGEDOWN","PGDN"),"PGDOWN","PGDN"),"PAGEUP","PGUP"),"ARROWKEYS","ARROW"),"ARROWKEY","ARROW"),"ARROWS","ARROW"),"DOWNARROW","DOWN"),"UPARROW","UP"),"LEFTARROW","LEFT"),"RIGHTARROW","RIGHT"),"ARROWDOWN","DOWN"),"ARROWUP","UP"),"ARROWLEFT","LEFT"),"ARROWRIGHT","RIGHT"),"↓","DOWN"),"↑","UP"),"←","LEFT"),"→","RIGHT"),"SPACEBAR","SPACE"),"−","-"),"MINUS","-"),"PLUS","+")=Key!$E$27:$E$27),"✔ CLEAR","✘ TRY AGAIN"))),"✘ TRY AGAIN")} | F21: {=IF(E21="Show hint",Key!$B$27,"")} | G21: {=IF(LEFT(D21,1)="✔",IF(E21="Show hint",5,10),0)} -> 0
A22: W5 | B22: Which function counts rows that meet several conditions? (from F3-3 Multi-Filter) | D22: {=IFERROR(_xlfn.LET(_xlpm.a,'S4-2 Sheet Master'!$C$22,IF(TRIM(_xlpm.a&"")="","",IF(OR(SUBSTITUTE(SUBSTITUTE(SUBSTITUTE(SUBSTITUTE(SUBSTITUTE(SUBSTITUTE(SUBSTITUTE(SUBSTITUTE(SUBSTITUTE(SUBSTITUTE(SUBSTITUTE(SUBSTITUTE(SUBSTITUTE(SUBSTITUTE(SUBSTITUTE(SUBSTITUTE(SUBSTITUTE(SUBSTITUTE(SUBSTITUTE(SUBSTITUTE(SUBSTITUTE(SUBSTITUTE(SUBSTITUTE(SUBSTITUTE(SUBSTITUTE(SUBSTITUTE(SUBSTITUTE(UPPER(_xlpm.a)," ",""),"CONTROL","CTRL"),"CTL","CTRL"),"ESCAPE","ESC"),"RETURN","ENTER"),"PAGEDOWN","PGDN"),"PGDOWN","PGDN"),"PAGEUP","PGUP"),"ARROWKEYS","ARROW"),"ARROWKEY","ARROW"),"ARROWS","ARROW"),"DOWNARROW","DOWN"),"UPARROW","UP"),"LEFTARROW","LEFT"),"RIGHTARROW","RIGHT"),"ARROWDOWN","DOWN"),"ARROWUP","UP"),"ARROWLEFT","LEFT"),"ARROWRIGHT","RIGHT"),"↓","DOWN"),"↑","UP"),"←","LEFT"),"→","RIGHT"),"SPACEBAR","SPACE"),"−","-"),"MINUS","-"),"PLUS","+")=Key!$E$28:$J$28),"✔ CLEAR","✘ TRY AGAIN"))),"✘ TRY AGAIN")} | F22: {=IF(E22="Show hint",Key!$B$28,"")} | G22: {=IF(LEFT(D22,1)="✔",IF(E22="Show hint",5,10),0)} -> 0
A23: W6 | B23: Which function adds values that meet several conditions? (from F3-3 Multi-Filter) | D23: {=IFERROR(_xlfn.LET(_xlpm.a,'S4-2 Sheet Master'!$C$23,IF(TRIM(_xlpm.a&"")="","",IF(OR(SUBSTITUTE(SUBSTITUTE(SUBSTITUTE(SUBSTITUTE(SUBSTITUTE(SUBSTITUTE(SUBSTITUTE(SUBSTITUTE(SUBSTITUTE(SUBSTITUTE(SUBSTITUTE(SUBSTITUTE(SUBSTITUTE(SUBSTITUTE(SUBSTITUTE(SUBSTITUTE(SUBSTITUTE(SUBSTITUTE(SUBSTITUTE(SUBSTITUTE(SUBSTITUTE(SUBSTITUTE(SUBSTITUTE(SUBSTITUTE(SUBSTITUTE(SUBSTITUTE(SUBSTITUTE(UPPER(_xlpm.a)," ",""),"CONTROL","CTRL"),"CTL","CTRL"),"ESCAPE","ESC"),"RETURN","ENTER"),"PAGEDOWN","PGDN"),"PGDOWN","PGDN"),"PAGEUP","PGUP"),"ARROWKEYS","ARROW"),"ARROWKEY","ARROW"),"ARROWS","ARROW"),"DOWNARROW","DOWN"),"UPARROW","UP"),"LEFTARROW","LEFT"),"RIGHTARROW","RIGHT"),"ARROWDOWN","DOWN"),"ARROWUP","UP"),"ARROWLEFT","LEFT"),"ARROWRIGHT","RIGHT"),"↓","DOWN"),"↑","UP"),"←","LEFT"),"→","RIGHT"),"SPACEBAR","SPACE"),"−","-"),"MINUS","-"),"PLUS","+")=Key!$E$29:$J$29),"✔ CLEAR","✘ TRY AGAIN"))),"✘ TRY AGAIN")} | F23: {=IF(E23="Show hint",Key!$B$29,"")} | G23: {=IF(LEFT(D23,1)="✔",IF(E23="Show hint",5,10),0)} -> 0
A24: W7 | B24: Which function averages values that meet several conditions? (from F3-3 Multi-Filter) | D24: {=IFERROR(_xlfn.LET(_xlpm.a,'S4-2 Sheet Master'!$C$24,IF(TRIM(_xlpm.a&"")="","",IF(OR(SUBSTITUTE(SUBSTITUTE(SUBSTITUTE(SUBSTITUTE(SUBSTITUTE(SUBSTITUTE(SUBSTITUTE(SUBSTITUTE(SUBSTITUTE(SUBSTITUTE(SUBSTITUTE(SUBSTITUTE(SUBSTITUTE(SUBSTITUTE(SUBSTITUTE(SUBSTITUTE(SUBSTITUTE(SUBSTITUTE(SUBSTITUTE(SUBSTITUTE(SUBSTITUTE(SUBSTITUTE(SUBSTITUTE(SUBSTITUTE(SUBSTITUTE(SUBSTITUTE(SUBSTITUTE(UPPER(_xlpm.a)," ",""),"CONTROL","CTRL"),"CTL","CTRL"),"ESCAPE","ESC"),"RETURN","ENTER"),"PAGEDOWN","PGDN"),"PGDOWN","PGDN"),"PAGEUP","PGUP"),"ARROWKEYS","ARROW"),"ARROWKEY","ARROW"),"ARROWS","ARROW"),"DOWNARROW","DOWN"),"UPARROW","UP"),"LEFTARROW","LEFT"),"RIGHTARROW","RIGHT"),"ARROWDOWN","DOWN"),"ARROWUP","UP"),"ARROWLEFT","LEFT"),"ARROWRIGHT","RIGHT"),"↓","DOWN"),"↑","UP"),"←","LEFT"),"→","RIGHT"),"SPACEBAR","SPACE"),"−","-"),"MINUS","-"),"PLUS","+")=Key!$E$30:$J$30),"✔ CLEAR","✘ TRY AGAIN"))),"✘ TRY AGAIN")} | F24: {=IF(E24="Show hint",Key!$B$30,"")} | G24: {=IF(LEFT(D24,1)="✔",IF(E24="Show hint",5,10),0)} -> 0
A25: W8 | B25: Which function is TRUE only when all its conditions are TRUE? (from F2-3 Combo Moves) | D25: {=IFERROR(_xlfn.LET(_xlpm.a,'S4-2 Sheet Master'!$C$25,IF(TRIM(_xlpm.a&"")="","",IF(OR(SUBSTITUTE(SUBSTITUTE(SUBSTITUTE(SUBSTITUTE(SUBSTITUTE(SUBSTITUTE(SUBSTITUTE(SUBSTITUTE(SUBSTITUTE(SUBSTITUTE(SUBSTITUTE(SUBSTITUTE(SUBSTITUTE(SUBSTITUTE(SUBSTITUTE(SUBSTITUTE(SUBSTITUTE(SUBSTITUTE(SUBSTITUTE(SUBSTITUTE(SUBSTITUTE(SUBSTITUTE(SUBSTITUTE(SUBSTITUTE(SUBSTITUTE(SUBSTITUTE(SUBSTITUTE(UPPER(_xlpm.a)," ",""),"CONTROL","CTRL"),"CTL","CTRL"),"ESCAPE","ESC"),"RETURN","ENTER"),"PAGEDOWN","PGDN"),"PGDOWN","PGDN"),"PAGEUP","PGUP"),"ARROWKEYS","ARROW"),"ARROWKEY","ARROW"),"ARROWS","ARROW"),"DOWNARROW","DOWN"),"UPARROW","UP"),"LEFTARROW","LEFT"),"RIGHTARROW","RIGHT"),"ARROWDOWN","DOWN"),"ARROWUP","UP"),"ARROWLEFT","LEFT"),"ARROWRIGHT","RIGHT"),"↓","DOWN"),"↑","UP"),"←","LEFT"),"→","RIGHT"),"SPACEBAR","SPACE"),"−","-"),"MINUS","-"),"PLUS","+")=Key!$E$31:$J$31),"✔ CLEAR","✘ TRY AGAIN"))),"✘ TRY AGAIN")} | F25: {=IF(E25="Show hint",Key!$B$31,"")} | G25: {=IF(LEFT(D25,1)="✔",IF(E25="Show hint",5,10),0)} -> 0
A26: W9 | B26: Which function is TRUE when at least one condition is TRUE? (from F2-3 Combo Moves) | D26: {=IFERROR(_xlfn.LET(_xlpm.a,'S4-2 Sheet Master'!$C$26,IF(TRIM(_xlpm.a&"")="","",IF(OR(SUBSTITUTE(SUBSTITUTE(SUBSTITUTE(SUBSTITUTE(SUBSTITUTE(SUBSTITUTE(SUBSTITUTE(SUBSTITUTE(SUBSTITUTE(SUBSTITUTE(SUBSTITUTE(SUBSTITUTE(SUBSTITUTE(SUBSTITUTE(SUBSTITUTE(SUBSTITUTE(SUBSTITUTE(SUBSTITUTE(SUBSTITUTE(SUBSTITUTE(SUBSTITUTE(SUBSTITUTE(SUBSTITUTE(SUBSTITUTE(SUBSTITUTE(SUBSTITUTE(SUBSTITUTE(UPPER(_xlpm.a)," ",""),"CONTROL","CTRL"),"CTL","CTRL"),"ESCAPE","ESC"),"RETURN","ENTER"),"PAGEDOWN","PGDN"),"PGDOWN","PGDN"),"PAGEUP","PGUP"),"ARROWKEYS","ARROW"),"ARROWKEY","ARROW"),"ARROWS","ARROW"),"DOWNARROW","DOWN"),"UPARROW","UP"),"LEFTARROW","LEFT"),"RIGHTARROW","RIGHT"),"ARROWDOWN","DOWN"),"ARROWUP","UP"),"ARROWLEFT","LEFT"),"ARROWRIGHT","RIGHT"),"↓","DOWN"),"↑","UP"),"←","LEFT"),"→","RIGHT"),"SPACEBAR","SPACE"),"−","-"),"MINUS","-"),"PLUS","+")=Key!$E$32:$J$32),"✔ CLEAR","✘ TRY AGAIN"))),"✘ TRY AGAIN")} | F26: {=IF(E26="Show hint",Key!$B$32,"")} | G26: {=IF(LEFT(D26,1)="✔",IF(E26="Show hint",5,10),0)} -> 0
A27: W10 | B27: Which function flips TRUE and FALSE? (from F2-3 Combo Moves) | D27: {=IFERROR(_xlfn.LET(_xlpm.a,'S4-2 Sheet Master'!$C$27,IF(TRIM(_xlpm.a&"")="","",IF(OR(SUBSTITUTE(SUBSTITUTE(SUBSTITUTE(SUBSTITUTE(SUBSTITUTE(SUBSTITUTE(SUBSTITUTE(SUBSTITUTE(SUBSTITUTE(SUBSTITUTE(SUBSTITUTE(SUBSTITUTE(SUBSTITUTE(SUBSTITUTE(SUBSTITUTE(SUBSTITUTE(SUBSTITUTE(SUBSTITUTE(SUBSTITUTE(SUBSTITUTE(SUBSTITUTE(SUBSTITUTE(SUBSTITUTE(SUBSTITUTE(SUBSTITUTE(SUBSTITUTE(SUBSTITUTE(UPPER(_xlpm.a)," ",""),"CONTROL","CTRL"),"CTL","CTRL"),"ESCAPE","ESC"),"RETURN","ENTER"),"PAGEDOWN","PGDN"),"PGDOWN","PGDN"),"PAGEUP","PGUP"),"ARROWKEYS","ARROW"),"ARROWKEY","ARROW"),"ARROWS","ARROW"),"DOWNARROW","DOWN"),"UPARROW","UP"),"LEFTARROW","LEFT"),"RIGHTARROW","RIGHT"),"ARROWDOWN","DOWN"),"ARROWUP","UP"),"ARROWLEFT","LEFT"),"ARROWRIGHT","RIGHT"),"↓","DOWN"),"↑","UP"),"←","LEFT"),"→","RIGHT"),"SPACEBAR","SPACE"),"−","-"),"MINUS","-"),"PLUS","+")=Key!$E$33:$J$33),"✔ CLEAR","✘ TRY AGAIN"))),"✘ TRY AGAIN")} | F27: {=IF(E27="Show hint",Key!$B$33,"")} | G27: {=IF(LEFT(D27,1)="✔",IF(E27="Show hint",5,10),0)} -> 0
A29: TRAINING · recognize the move (pick from the list)
A30: # | B30: Mission | C30: Your answer | D30: Result | E30: Hint? | F30: Hint | G30: XP
A31: T1 | B31: Which keys insert a new worksheet? | D31: {=IFERROR(IF('S4-2 Sheet Master'!$C$31&""="","",IF('S4-2 Sheet Master'!$C$31&""=Key!$C$34&"","✔ CLEAR","✘ TRY AGAIN")),"✘ TRY AGAIN")} | F31: {=IF(E31="Show hint",Key!$B$34,"")} | G31: {=IF(LEFT(D31,1)="✔",IF(E31="Show hint",5,10),0)} -> 0
A32: T2 | B32: Which KeyTips rename the current sheet? | D32: {=IFERROR(IF('S4-2 Sheet Master'!$C$32&""="","",IF('S4-2 Sheet Master'!$C$32&""=Key!$C$35&"","✔ CLEAR","✘ TRY AGAIN")),"✘ TRY AGAIN")} | F32: {=IF(E32="Show hint",Key!$B$35,"")} | G32: {=IF(LEFT(D32,1)="✔",IF(E32="Show hint",5,10),0)} -> 0
A33: T3 | B33: Which keys save the workbook? | D33: {=IFERROR(IF('S4-2 Sheet Master'!$C$33&""="","",IF('S4-2 Sheet Master'!$C$33&""=Key!$C$36&"","✔ CLEAR","✘ TRY AGAIN")),"✘ TRY AGAIN")} | F33: {=IF(E33="Show hint",Key!$B$36,"")} | G33: {=IF(LEFT(D33,1)="✔",IF(E33="Show hint",5,10),0)} -> 0
A34: T4 | B34: Which key opens Save As? | D34: {=IFERROR(IF('S4-2 Sheet Master'!$C$34&""="","",IF('S4-2 Sheet Master'!$C$34&""=Key!$C$37&"","✔ CLEAR","✘ TRY AGAIN")),"✘ TRY AGAIN")} | F34: {=IF(E34="Show hint",Key!$B$37,"")} | G34: {=IF(LEFT(D34,1)="✔",IF(E34="Show hint",5,10),0)} -> 0
A35: T5 | B35: Which keys create a new blank workbook? | D35: {=IFERROR(IF('S4-2 Sheet Master'!$C$35&""="","",IF('S4-2 Sheet Master'!$C$35&""=Key!$C$38&"","✔ CLEAR","✘ TRY AGAIN")),"✘ TRY AGAIN")} | F35: {=IF(E35="Show hint",Key!$B$38,"")} | G35: {=IF(LEFT(D35,1)="✔",IF(E35="Show hint",5,10),0)} -> 0
A36: T6 | B36: Which keys open a workbook? | D36: {=IFERROR(IF('S4-2 Sheet Master'!$C$36&""="","",IF('S4-2 Sheet Master'!$C$36&""=Key!$C$39&"","✔ CLEAR","✘ TRY AGAIN")),"✘ TRY AGAIN")} | F36: {=IF(E36="Show hint",Key!$B$39,"")} | G36: {=IF(LEFT(D36,1)="✔",IF(E36="Show hint",5,10),0)} -> 0
A37: T7 | B37: Which keys close the current workbook? | D37: {=IFERROR(IF('S4-2 Sheet Master'!$C$37&""="","",IF('S4-2 Sheet Master'!$C$37&""=Key!$C$40&"","✔ CLEAR","✘ TRY AGAIN")),"✘ TRY AGAIN")} | F37: {=IF(E37="Show hint",Key!$B$40,"")} | G37: {=IF(LEFT(D37,1)="✔",IF(E37="Show hint",5,10),0)} -> 0
A38: T8 | B38: Which keys open Print? | D38: {=IFERROR(IF('S4-2 Sheet Master'!$C$38&""="","",IF('S4-2 Sheet Master'!$C$38&""=Key!$C$41&"","✔ CLEAR","✘ TRY AGAIN")),"✘ TRY AGAIN")} | F38: {=IF(E38="Show hint",Key!$B$41,"")} | G38: {=IF(LEFT(D38,1)="✔",IF(E38="Show hint",5,10),0)} -> 0
A40: CHALLENGES · recall it, then do it
B41: ▶ Open S4-2 Arena (or press Ctrl+PgDn)
A42: # | B42: Mission | C42: Your answer | D42: Result | E42: Hint? | F42: Hint | G42: XP
A43: C1 | B43: Which keys insert a new worksheet? | D43: {=IFERROR(_xlfn.LET(_xlpm.a,'S4-2 Sheet Master'!$C$43,IF(TRIM(_xlpm.a&"")="","",IF(OR(SUBSTITUTE(SUBSTITUTE(SUBSTITUTE(SUBSTITUTE(SUBSTITUTE(SUBSTITUTE(SUBSTITUTE(SUBSTITUTE(SUBSTITUTE(SUBSTITUTE(SUBSTITUTE(SUBSTITUTE(SUBSTITUTE(SUBSTITUTE(SUBSTITUTE(SUBSTITUTE(SUBSTITUTE(SUBSTITUTE(SUBSTITUTE(SUBSTITUTE(SUBSTITUTE(SUBSTITUTE(SUBSTITUTE(SUBSTITUTE(SUBSTITUTE(SUBSTITUTE(SUBSTITUTE(UPPER(_xlpm.a)," ",""),"CONTROL","CTRL"),"CTL","CTRL"),"ESCAPE","ESC"),"RETURN","ENTER"),"PAGEDOWN","PGDN"),"PGDOWN","PGDN"),"PAGEUP","PGUP"),"ARROWKEYS","ARROW"),"ARROWKEY","ARROW"),"ARROWS","ARROW"),"DOWNARROW","DOWN"),"UPARROW","UP"),"LEFTARROW","LEFT"),"RIGHTARROW","RIGHT"),"ARROWDOWN","DOWN"),"ARROWUP","UP"),"ARROWLEFT","LEFT"),"ARROWRIGHT","RIGHT"),"↓","DOWN"),"↑","UP"),"←","LEFT"),"→","RIGHT"),"SPACEBAR","SPACE"),"−","-"),"MINUS","-"),"PLUS","+")=Key!$E$42:$G$42),"✔ CLEAR","✘ TRY AGAIN"))),"✘ TRY AGAIN")} | F43: {=IF(E43="Show hint",Key!$B$42,"")} | G43: {=IF(LEFT(D43,1)="✔",IF(E43="Show hint",5,10),0)} -> 0
A44: C2 | B44: Which KeyTips rename the current sheet? | D44: {=IFERROR(_xlfn.LET(_xlpm.a,'S4-2 Sheet Master'!$C$44,IF(TRIM(_xlpm.a&"")="","",IF(OR(SUBSTITUTE(SUBSTITUTE(SUBSTITUTE(SUBSTITUTE(SUBSTITUTE(SUBSTITUTE(SUBSTITUTE(SUBSTITUTE(SUBSTITUTE(SUBSTITUTE(SUBSTITUTE(SUBSTITUTE(SUBSTITUTE(SUBSTITUTE(SUBSTITUTE(SUBSTITUTE(SUBSTITUTE(SUBSTITUTE(SUBSTITUTE(SUBSTITUTE(SUBSTITUTE(SUBSTITUTE(SUBSTITUTE(SUBSTITUTE(SUBSTITUTE(SUBSTITUTE(SUBSTITUTE(UPPER(_xlpm.a)," ",""),"CONTROL","CTRL"),"CTL","CTRL"),"ESCAPE","ESC"),"RETURN","ENTER"),"PAGEDOWN","PGDN"),"PGDOWN","PGDN"),"PAGEUP","PGUP"),"ARROWKEYS","ARROW"),"ARROWKEY","ARROW"),"ARROWS","ARROW"),"DOWNARROW","DOWN"),"UPARROW","UP"),"LEFTARROW","LEFT"),"RIGHTARROW","RIGHT"),"ARROWDOWN","DOWN"),"ARROWUP","UP"),"ARROWLEFT","LEFT"),"ARROWRIGHT","RIGHT"),"↓","DOWN"),"↑","UP"),"←","LEFT"),"→","RIGHT"),"SPACEBAR","SPACE"),"−","-"),"MINUS","-"),"PLUS","+")=Key!$E$43:$T$43),"✔ CLEAR","✘ TRY AGAIN"))),"✘ TRY AGAIN")} | F44: {=IF(E44="Show hint",Key!$B$43,"")} | G44: {=IF(LEFT(D44,1)="✔",IF(E44="Show hint",5,10),0)} -> 0
A45: C3 | B45: Which keys save the workbook? | D45: {=IFERROR(_xlfn.LET(_xlpm.a,'S4-2 Sheet Master'!$C$45,IF(TRIM(_xlpm.a&"")="","",IF(OR(SUBSTITUTE(SUBSTITUTE(SUBSTITUTE(SUBSTITUTE(SUBSTITUTE(SUBSTITUTE(SUBSTITUTE(SUBSTITUTE(SUBSTITUTE(SUBSTITUTE(SUBSTITUTE(SUBSTITUTE(SUBSTITUTE(SUBSTITUTE(SUBSTITUTE(SUBSTITUTE(SUBSTITUTE(SUBSTITUTE(SUBSTITUTE(SUBSTITUTE(SUBSTITUTE(SUBSTITUTE(SUBSTITUTE(SUBSTITUTE(SUBSTITUTE(SUBSTITUTE(SUBSTITUTE(UPPER(_xlpm.a)," ",""),"CONTROL","CTRL"),"CTL","CTRL"),"ESCAPE","ESC"),"RETURN","ENTER"),"PAGEDOWN","PGDN"),"PGDOWN","PGDN"),"PAGEUP","PGUP"),"ARROWKEYS","ARROW"),"ARROWKEY","ARROW"),"ARROWS","ARROW"),"DOWNARROW","DOWN"),"UPARROW","UP"),"LEFTARROW","LEFT"),"RIGHTARROW","RIGHT"),"ARROWDOWN","DOWN"),"ARROWUP","UP"),"ARROWLEFT","LEFT"),"ARROWRIGHT","RIGHT"),"↓","DOWN"),"↑","UP"),"←","LEFT"),"→","RIGHT"),"SPACEBAR","SPACE"),"−","-"),"MINUS","-"),"PLUS","+")=Key!$E$44:$E$44),"✔ CLEAR","✘ TRY AGAIN"))),"✘ TRY AGAIN")} | F45: {=IF(E45="Show hint",Key!$B$44,"")} | G45: {=IF(LEFT(D45,1)="✔",IF(E45="Show hint",5,10),0)} -> 0
A46: C4 | B46: Which key opens Save As? | D46: {=IFERROR(_xlfn.LET(_xlpm.a,'S4-2 Sheet Master'!$C$46,IF(TRIM(_xlpm.a&"")="","",IF(OR(SUBSTITUTE(SUBSTITUTE(SUBSTITUTE(SUBSTITUTE(SUBSTITUTE(SUBSTITUTE(SUBSTITUTE(SUBSTITUTE(SUBSTITUTE(SUBSTITUTE(SUBSTITUTE(SUBSTITUTE(SUBSTITUTE(SUBSTITUTE(SUBSTITUTE(SUBSTITUTE(SUBSTITUTE(SUBSTITUTE(SUBSTITUTE(SUBSTITUTE(SUBSTITUTE(SUBSTITUTE(SUBSTITUTE(SUBSTITUTE(SUBSTITUTE(SUBSTITUTE(SUBSTITUTE(UPPER(_xlpm.a)," ",""),"CONTROL","CTRL"),"CTL","CTRL"),"ESCAPE","ESC"),"RETURN","ENTER"),"PAGEDOWN","PGDN"),"PGDOWN","PGDN"),"PAGEUP","PGUP"),"ARROWKEYS","ARROW"),"ARROWKEY","ARROW"),"ARROWS","ARROW"),"DOWNARROW","DOWN"),"UPARROW","UP"),"LEFTARROW","LEFT"),"RIGHTARROW","RIGHT"),"ARROWDOWN","DOWN"),"ARROWUP","UP"),"ARROWLEFT","LEFT"),"ARROWRIGHT","RIGHT"),"↓","DOWN"),"↑","UP"),"←","LEFT"),"→","RIGHT"),"SPACEBAR","SPACE"),"−","-"),"MINUS","-"),"PLUS","+")=Key!$E$45:$E$45),"✔ CLEAR","✘ TRY AGAIN"))),"✘ TRY AGAIN")} | F46: {=IF(E46="Show hint",Key!$B$45,"")} | G46: {=IF(LEFT(D46,1)="✔",IF(E46="Show hint",5,10),0)} -> 0
A47: C5 | B47: Which keys create a new blank workbook? | D47: {=IFERROR(_xlfn.LET(_xlpm.a,'S4-2 Sheet Master'!$C$47,IF(TRIM(_xlpm.a&"")="","",IF(OR(SUBSTITUTE(SUBSTITUTE(SUBSTITUTE(SUBSTITUTE(SUBSTITUTE(SUBSTITUTE(SUBSTITUTE(SUBSTITUTE(SUBSTITUTE(SUBSTITUTE(SUBSTITUTE(SUBSTITUTE(SUBSTITUTE(SUBSTITUTE(SUBSTITUTE(SUBSTITUTE(SUBSTITUTE(SUBSTITUTE(SUBSTITUTE(SUBSTITUTE(SUBSTITUTE(SUBSTITUTE(SUBSTITUTE(SUBSTITUTE(SUBSTITUTE(SUBSTITUTE(SUBSTITUTE(UPPER(_xlpm.a)," ",""),"CONTROL","CTRL"),"CTL","CTRL"),"ESCAPE","ESC"),"RETURN","ENTER"),"PAGEDOWN","PGDN"),"PGDOWN","PGDN"),"PAGEUP","PGUP"),"ARROWKEYS","ARROW"),"ARROWKEY","ARROW"),"ARROWS","ARROW"),"DOWNARROW","DOWN"),"UPARROW","UP"),"LEFTARROW","LEFT"),"RIGHTARROW","RIGHT"),"ARROWDOWN","DOWN"),"ARROWUP","UP"),"ARROWLEFT","LEFT"),"ARROWRIGHT","RIGHT"),"↓","DOWN"),"↑","UP"),"←","LEFT"),"→","RIGHT"),"SPACEBAR","SPACE"),"−","-"),"MINUS","-"),"PLUS","+")=Key!$E$46:$E$46),"✔ CLEAR","✘ TRY AGAIN"))),"✘ TRY AGAIN")} | F47: {=IF(E47="Show hint",Key!$B$46,"")} | G47: {=IF(LEFT(D47,1)="✔",IF(E47="Show hint",5,10),0)} -> 0
A48: C6 | B48: Which keys open a workbook? | D48: {=IFERROR(_xlfn.LET(_xlpm.a,'S4-2 Sheet Master'!$C$48,IF(TRIM(_xlpm.a&"")="","",IF(OR(SUBSTITUTE(SUBSTITUTE(SUBSTITUTE(SUBSTITUTE(SUBSTITUTE(SUBSTITUTE(SUBSTITUTE(SUBSTITUTE(SUBSTITUTE(SUBSTITUTE(SUBSTITUTE(SUBSTITUTE(SUBSTITUTE(SUBSTITUTE(SUBSTITUTE(SUBSTITUTE(SUBSTITUTE(SUBSTITUTE(SUBSTITUTE(SUBSTITUTE(SUBSTITUTE(SUBSTITUTE(SUBSTITUTE(SUBSTITUTE(SUBSTITUTE(SUBSTITUTE(SUBSTITUTE(UPPER(_xlpm.a)," ",""),"CONTROL","CTRL"),"CTL","CTRL"),"ESCAPE","ESC"),"RETURN","ENTER"),"PAGEDOWN","PGDN"),"PGDOWN","PGDN"),"PAGEUP","PGUP"),"ARROWKEYS","ARROW"),"ARROWKEY","ARROW"),"ARROWS","ARROW"),"DOWNARROW","DOWN"),"UPARROW","UP"),"LEFTARROW","LEFT"),"RIGHTARROW","RIGHT"),"ARROWDOWN","DOWN"),"ARROWUP","UP"),"ARROWLEFT","LEFT"),"ARROWRIGHT","RIGHT"),"↓","DOWN"),"↑","UP"),"←","LEFT"),"→","RIGHT"),"SPACEBAR","SPACE"),"−","-"),"MINUS","-"),"PLUS","+")=Key!$E$47:$E$47),"✔ CLEAR","✘ TRY AGAIN"))),"✘ TRY AGAIN")} | F48: {=IF(E48="Show hint",Key!$B$47,"")} | G48: {=IF(LEFT(D48,1)="✔",IF(E48="Show hint",5,10),0)} -> 0
A49: C7 | B49: Which keys close the current workbook? | D49: {=IFERROR(_xlfn.LET(_xlpm.a,'S4-2 Sheet Master'!$C$49,IF(TRIM(_xlpm.a&"")="","",IF(OR(SUBSTITUTE(SUBSTITUTE(SUBSTITUTE(SUBSTITUTE(SUBSTITUTE(SUBSTITUTE(SUBSTITUTE(SUBSTITUTE(SUBSTITUTE(SUBSTITUTE(SUBSTITUTE(SUBSTITUTE(SUBSTITUTE(SUBSTITUTE(SUBSTITUTE(SUBSTITUTE(SUBSTITUTE(SUBSTITUTE(SUBSTITUTE(SUBSTITUTE(SUBSTITUTE(SUBSTITUTE(SUBSTITUTE(SUBSTITUTE(SUBSTITUTE(SUBSTITUTE(SUBSTITUTE(UPPER(_xlpm.a)," ",""),"CONTROL","CTRL"),"CTL","CTRL"),"ESCAPE","ESC"),"RETURN","ENTER"),"PAGEDOWN","PGDN"),"PGDOWN","PGDN"),"PAGEUP","PGUP"),"ARROWKEYS","ARROW"),"ARROWKEY","ARROW"),"ARROWS","ARROW"),"DOWNARROW","DOWN"),"UPARROW","UP"),"LEFTARROW","LEFT"),"RIGHTARROW","RIGHT"),"ARROWDOWN","DOWN"),"ARROWUP","UP"),"ARROWLEFT","LEFT"),"ARROWRIGHT","RIGHT"),"↓","DOWN"),"↑","UP"),"←","LEFT"),"→","RIGHT"),"SPACEBAR","SPACE"),"−","-"),"MINUS","-"),"PLUS","+")=Key!$E$48:$E$48),"✔ CLEAR","✘ TRY AGAIN"))),"✘ TRY AGAIN")} | F49: {=IF(E49="Show hint",Key!$B$48,"")} | G49: {=IF(LEFT(D49,1)="✔",IF(E49="Show hint",5,10),0)} -> 0
A50: C8 | B50: Which keys open Print? | D50: {=IFERROR(_xlfn.LET(_xlpm.a,'S4-2 Sheet Master'!$C$50,IF(TRIM(_xlpm.a&"")="","",IF(OR(SUBSTITUTE(SUBSTITUTE(SUBSTITUTE(SUBSTITUTE(SUBSTITUTE(SUBSTITUTE(SUBSTITUTE(SUBSTITUTE(SUBSTITUTE(SUBSTITUTE(SUBSTITUTE(SUBSTITUTE(SUBSTITUTE(SUBSTITUTE(SUBSTITUTE(SUBSTITUTE(SUBSTITUTE(SUBSTITUTE(SUBSTITUTE(SUBSTITUTE(SUBSTITUTE(SUBSTITUTE(SUBSTITUTE(SUBSTITUTE(SUBSTITUTE(SUBSTITUTE(SUBSTITUTE(UPPER(_xlpm.a)," ",""),"CONTROL","CTRL"),"CTL","CTRL"),"ESCAPE","ESC"),"RETURN","ENTER"),"PAGEDOWN","PGDN"),"PGDOWN","PGDN"),"PAGEUP","PGUP"),"ARROWKEYS","ARROW"),"ARROWKEY","ARROW"),"ARROWS","ARROW"),"DOWNARROW","DOWN"),"UPARROW","UP"),"LEFTARROW","LEFT"),"RIGHTARROW","RIGHT"),"ARROWDOWN","DOWN"),"ARROWUP","UP"),"ARROWLEFT","LEFT"),"ARROWRIGHT","RIGHT"),"↓","DOWN"),"↑","UP"),"←","LEFT"),"→","RIGHT"),"SPACEBAR","SPACE"),"−","-"),"MINUS","-"),"PLUS","+")=Key!$E$49:$E$49),"✔ CLEAR","✘ TRY AGAIN"))),"✘ TRY AGAIN")} | F50: {=IF(E50="Show hint",Key!$B$49,"")} | G50: {=IF(LEFT(D50,1)="✔",IF(E50="Show hint",5,10),0)} -> 0
A51: C9 | B51: Press Shift+F11 to insert a new worksheet, then come back here and press F9. | C51: ▶ ARENA C9 (cell B5) | D51: {=IF(IFERROR(_xlfn.SHEETS()>14,FALSE),"✔ CLEAR","· not yet · press F9")} -> · not yet · press F9 | F51: {=IF(E51="Show hint",Key!$B$50,"")} | G51: {=IF(LEFT(D51,1)="✔",IF(E51="Show hint",5,10),0)} -> 0
A52: C10 | B52: Go to the sheet named Rename Me (Ctrl+PgDn), press Alt, H, O, R, type Vault and press Enter. Come back and press F9. | C52: ▶ ARENA C10 (cell B5) | D52: {=IF(IFERROR(ISREF(INDIRECT("'Vault'!A1")),FALSE),"✔ CLEAR","· not yet · press F9")} -> · not yet · press F9 | F52: {=IF(E52="Show hint",Key!$B$51,"")} | G52: {=IF(LEFT(D52,1)="✔",IF(E52="Show hint",5,10),0)} -> 0
A53: C11 | B53: Save your progress with Ctrl+S (or keep the original and use F12 to save a copy). Then pick Done. | D53: {=IFERROR(IF('S4-2 Sheet Master'!$C$53="Done","✔ CLEAR · self-check",""),"✘ TRY AGAIN")} | F53: {=IF(E53="Show hint",Key!$B$52,"")} | G53: {=IF(LEFT(D53,1)="✔",IF(E53="Show hint",5,10),0)} -> 0

Sheet S4-2 Arena
A1: ARENA ▸ S4-2 SHEET MASTER
A2: Practice area · everything here is editable. Missions and their checks are on the stage sheet.
A3: PASS CODE | B3: TABS | D3: ◀ Back to S4-2 Sheet Master
B5: Sheet tricks happen on the sheet tabs. The missions are on the stage sheet.

Sheet Rename Me
A1: RENAME ME
A2: Rename this sheet to Vault with Alt, H, O, R (mission on stage S4-2).

Sheet S4-3 Detective
A1: STAGE S4-3 ▸ DETECTIVE
A2: Goal: find and fix anything in seconds
A3: {="SCORE "&TEXT(SUM($G$12:$G$35),"0000")&" / 0170"} -> SCORE 0000 / 0170 | C3: {=IF(SUM($G$12:$G$35)>=170,"★★★",IF(SUM($G$12:$G$35)>=170*0.8,"★★☆",IF(SUM($G$12:$G$35)>=170*0.5,"★☆☆","☆☆☆")))} -> ☆☆☆ | D3: {=REPT("█",ROUND(10*SUM($G$12:$G$35)/170,0))&REPT("░",10-ROUND(10*SUM($G$12:$G$35)/170,0))&" "&TEXT(SUM($G$12:$G$35)/170,"0%")} -> ░░░░░░░░░░ 0% | F3: {=IF(SUM($G$12:$G$35)>=170*0.5,"STAGE CLEAR! ▶ Next: S4-4 Data Wrangler","")}
A5: BRIEFING · new moves in this stage
A6: # | B6: What it does · Pro tip | C6: Keys / Syntax
A7: 1 | B7: Find text or numbers anywhere on the sheet. Tip: Find All lists every match and counts them. | C7: Ctrl+F
A8: 2 | B8: Find and replace text or numbers. Tip: Replace All fixes every match at once. | C8: Ctrl+H
A10: WARM-UP · flashback to earlier stages
A11: # | B11: Mission | C11: Your answer | D11: Result | E11: Hint? | F11: Hint | G11: XP
A12: W1 | B12: Which keys insert a new worksheet? (from S4-2 Sheet Master) | D12: {=IFERROR(_xlfn.LET(_xlpm.a,'S4-3 Detective'!$C$12,IF(TRIM(_xlpm.a&"")="","",IF(OR(SUBSTITUTE(SUBSTITUTE(SUBSTITUTE(SUBSTITUTE(SUBSTITUTE(SUBSTITUTE(SUBSTITUTE(SUBSTITUTE(SUBSTITUTE(SUBSTITUTE(SUBSTITUTE(SUBSTITUTE(SUBSTITUTE(SUBSTITUTE(SUBSTITUTE(SUBSTITUTE(SUBSTITUTE(SUBSTITUTE(SUBSTITUTE(SUBSTITUTE(SUBSTITUTE(SUBSTITUTE(SUBSTITUTE(SUBSTITUTE(SUBSTITUTE(SUBSTITUTE(SUBSTITUTE(UPPER(_xlpm.a)," ",""),"CONTROL","CTRL"),"CTL","CTRL"),"ESCAPE","ESC"),"RETURN","ENTER"),"PAGEDOWN","PGDN"),"PGDOWN","PGDN"),"PAGEUP","PGUP"),"ARROWKEYS","ARROW"),"ARROWKEY","ARROW"),"ARROWS","ARROW"),"DOWNARROW","DOWN"),"UPARROW","UP"),"LEFTARROW","LEFT"),"RIGHTARROW","RIGHT"),"ARROWDOWN","DOWN"),"ARROWUP","UP"),"ARROWLEFT","LEFT"),"ARROWRIGHT","RIGHT"),"↓","DOWN"),"↑","UP"),"←","LEFT"),"→","RIGHT"),"SPACEBAR","SPACE"),"−","-"),"MINUS","-"),"PLUS","+")=Key!$E$53:$G$53),"✔ CLEAR","✘ TRY AGAIN"))),"✘ TRY AGAIN")} | F12: {=IF(E12="Show hint",Key!$B$53,"")} | G12: {=IF(LEFT(D12,1)="✔",IF(E12="Show hint",5,10),0)} -> 0
A13: W2 | B13: Which KeyTips rename the current sheet? (from S4-2 Sheet Master) | D13: {=IFERROR(_xlfn.LET(_xlpm.a,'S4-3 Detective'!$C$13,IF(TRIM(_xlpm.a&"")="","",IF(OR(SUBSTITUTE(SUBSTITUTE(SUBSTITUTE(SUBSTITUTE(SUBSTITUTE(SUBSTITUTE(SUBSTITUTE(SUBSTITUTE(SUBSTITUTE(SUBSTITUTE(SUBSTITUTE(SUBSTITUTE(SUBSTITUTE(SUBSTITUTE(SUBSTITUTE(SUBSTITUTE(SUBSTITUTE(SUBSTITUTE(SUBSTITUTE(SUBSTITUTE(SUBSTITUTE(SUBSTITUTE(SUBSTITUTE(SUBSTITUTE(SUBSTITUTE(SUBSTITUTE(SUBSTITUTE(UPPER(_xlpm.a)," ",""),"CONTROL","CTRL"),"CTL","CTRL"),"ESCAPE","ESC"),"RETURN","ENTER"),"PAGEDOWN","PGDN"),"PGDOWN","PGDN"),"PAGEUP","PGUP"),"ARROWKEYS","ARROW"),"ARROWKEY","ARROW"),"ARROWS","ARROW"),"DOWNARROW","DOWN"),"UPARROW","UP"),"LEFTARROW","LEFT"),"RIGHTARROW","RIGHT"),"ARROWDOWN","DOWN"),"ARROWUP","UP"),"ARROWLEFT","LEFT"),"ARROWRIGHT","RIGHT"),"↓","DOWN"),"↑","UP"),"←","LEFT"),"→","RIGHT"),"SPACEBAR","SPACE"),"−","-"),"MINUS","-"),"PLUS","+")=Key!$E$54:$T$54),"✔ CLEAR","✘ TRY AGAIN"))),"✘ TRY AGAIN")} | F13: {=IF(E13="Show hint",Key!$B$54,"")} | G13: {=IF(LEFT(D13,1)="✔",IF(E13="Show hint",5,10),0)} -> 0
A14: W3 | B14: Which keys save the workbook? (from S4-2 Sheet Master) | D14: {=IFERROR(_xlfn.LET(_xlpm.a,'S4-3 Detective'!$C$14,IF(TRIM(_xlpm.a&"")="","",IF(OR(SUBSTITUTE(SUBSTITUTE(SUBSTITUTE(SUBSTITUTE(SUBSTITUTE(SUBSTITUTE(SUBSTITUTE(SUBSTITUTE(SUBSTITUTE(SUBSTITUTE(SUBSTITUTE(SUBSTITUTE(SUBSTITUTE(SUBSTITUTE(SUBSTITUTE(SUBSTITUTE(SUBSTITUTE(SUBSTITUTE(SUBSTITUTE(SUBSTITUTE(SUBSTITUTE(SUBSTITUTE(SUBSTITUTE(SUBSTITUTE(SUBSTITUTE(SUBSTITUTE(SUBSTITUTE(UPPER(_xlpm.a)," ",""),"CONTROL","CTRL"),"CTL","CTRL"),"ESCAPE","ESC"),"RETURN","ENTER"),"PAGEDOWN","PGDN"),"PGDOWN","PGDN"),"PAGEUP","PGUP"),"ARROWKEYS","ARROW"),"ARROWKEY","ARROW"),"ARROWS","ARROW"),"DOWNARROW","DOWN"),"UPARROW","UP"),"LEFTARROW","LEFT"),"RIGHTARROW","RIGHT"),"ARROWDOWN","DOWN"),"ARROWUP","UP"),"ARROWLEFT","LEFT"),"ARROWRIGHT","RIGHT"),"↓","DOWN"),"↑","UP"),"←","LEFT"),"→","RIGHT"),"SPACEBAR","SPACE"),"−","-"),"MINUS","-"),"PLUS","+")=Key!$E$55:$E$55),"✔ CLEAR","✘ TRY AGAIN"))),"✘ TRY AGAIN")} | F14: {=IF(E14="Show hint",Key!$B$55,"")} | G14: {=IF(LEFT(D14,1)="✔",IF(E14="Show hint",5,10),0)} -> 0
A15: W4 | B15: Which key opens Save As? (from S4-2 Sheet Master) | D15: {=IFERROR(_xlfn.LET(_xlpm.a,'S4-3 Detective'!$C$15,IF(TRIM(_xlpm.a&"")="","",IF(OR(SUBSTITUTE(SUBSTITUTE(SUBSTITUTE(SUBSTITUTE(SUBSTITUTE(SUBSTITUTE(SUBSTITUTE(SUBSTITUTE(SUBSTITUTE(SUBSTITUTE(SUBSTITUTE(SUBSTITUTE(SUBSTITUTE(SUBSTITUTE(SUBSTITUTE(SUBSTITUTE(SUBSTITUTE(SUBSTITUTE(SUBSTITUTE(SUBSTITUTE(SUBSTITUTE(SUBSTITUTE(SUBSTITUTE(SUBSTITUTE(SUBSTITUTE(SUBSTITUTE(SUBSTITUTE(UPPER(_xlpm.a)," ",""),"CONTROL","CTRL"),"CTL","CTRL"),"ESCAPE","ESC"),"RETURN","ENTER"),"PAGEDOWN","PGDN"),"PGDOWN","PGDN"),"PAGEUP","PGUP"),"ARROWKEYS","ARROW"),"ARROWKEY","ARROW"),"ARROWS","ARROW"),"DOWNARROW","DOWN"),"UPARROW","UP"),"LEFTARROW","LEFT"),"RIGHTARROW","RIGHT"),"ARROWDOWN","DOWN"),"ARROWUP","UP"),"ARROWLEFT","LEFT"),"ARROWRIGHT","RIGHT"),"↓","DOWN"),"↑","UP"),"←","LEFT"),"→","RIGHT"),"SPACEBAR","SPACE"),"−","-"),"MINUS","-"),"PLUS","+")=Key!$E$56:$E$56),"✔ CLEAR","✘ TRY AGAIN"))),"✘ TRY AGAIN")} | F15: {=IF(E15="Show hint",Key!$B$56,"")} | G15: {=IF(LEFT(D15,1)="✔",IF(E15="Show hint",5,10),0)} -> 0
A16: W5 | B16: Which keys create a new blank workbook? (from S4-2 Sheet Master) | D16: {=IFERROR(_xlfn.LET(_xlpm.a,'S4-3 Detective'!$C$16,IF(TRIM(_xlpm.a&"")="","",IF(OR(SUBSTITUTE(SUBSTITUTE(SUBSTITUTE(SUBSTITUTE(SUBSTITUTE(SUBSTITUTE(SUBSTITUTE(SUBSTITUTE(SUBSTITUTE(SUBSTITUTE(SUBSTITUTE(SUBSTITUTE(SUBSTITUTE(SUBSTITUTE(SUBSTITUTE(SUBSTITUTE(SUBSTITUTE(SUBSTITUTE(SUBSTITUTE(SUBSTITUTE(SUBSTITUTE(SUBSTITUTE(SUBSTITUTE(SUBSTITUTE(SUBSTITUTE(SUBSTITUTE(SUBSTITUTE(UPPER(_xlpm.a)," ",""),"CONTROL","CTRL"),"CTL","CTRL"),"ESCAPE","ESC"),"RETURN","ENTER"),"PAGEDOWN","PGDN"),"PGDOWN","PGDN"),"PAGEUP","PGUP"),"ARROWKEYS","ARROW"),"ARROWKEY","ARROW"),"ARROWS","ARROW"),"DOWNARROW","DOWN"),"UPARROW","UP"),"LEFTARROW","LEFT"),"RIGHTARROW","RIGHT"),"ARROWDOWN","DOWN"),"ARROWUP","UP"),"ARROWLEFT","LEFT"),"ARROWRIGHT","RIGHT"),"↓","DOWN"),"↑","UP"),"←","LEFT"),"→","RIGHT"),"SPACEBAR","SPACE"),"−","-"),"MINUS","-"),"PLUS","+")=Key!$E$57:$E$57),"✔ CLEAR","✘ TRY AGAIN"))),"✘ TRY AGAIN")} | F16: {=IF(E16="Show hint",Key!$B$57,"")} | G16: {=IF(LEFT(D16,1)="✔",IF(E16="Show hint",5,10),0)} -> 0
A17: W6 | B17: Which keys open a workbook? (from S4-2 Sheet Master) | D17: {=IFERROR(_xlfn.LET(_xlpm.a,'S4-3 Detective'!$C$17,IF(TRIM(_xlpm.a&"")="","",IF(OR(SUBSTITUTE(SUBSTITUTE(SUBSTITUTE(SUBSTITUTE(SUBSTITUTE(SUBSTITUTE(SUBSTITUTE(SUBSTITUTE(SUBSTITUTE(SUBSTITUTE(SUBSTITUTE(SUBSTITUTE(SUBSTITUTE(SUBSTITUTE(SUBSTITUTE(SUBSTITUTE(SUBSTITUTE(SUBSTITUTE(SUBSTITUTE(SUBSTITUTE(SUBSTITUTE(SUBSTITUTE(SUBSTITUTE(SUBSTITUTE(SUBSTITUTE(SUBSTITUTE(SUBSTITUTE(UPPER(_xlpm.a)," ",""),"CONTROL","CTRL"),"CTL","CTRL"),"ESCAPE","ESC"),"RETURN","ENTER"),"PAGEDOWN","PGDN"),"PGDOWN","PGDN"),"PAGEUP","PGUP"),"ARROWKEYS","ARROW"),"ARROWKEY","ARROW"),"ARROWS","ARROW"),"DOWNARROW","DOWN"),"UPARROW","UP"),"LEFTARROW","LEFT"),"RIGHTARROW","RIGHT"),"ARROWDOWN","DOWN"),"ARROWUP","UP"),"ARROWLEFT","LEFT"),"ARROWRIGHT","RIGHT"),"↓","DOWN"),"↑","UP"),"←","LEFT"),"→","RIGHT"),"SPACEBAR","SPACE"),"−","-"),"MINUS","-"),"PLUS","+")=Key!$E$58:$E$58),"✔ CLEAR","✘ TRY AGAIN"))),"✘ TRY AGAIN")} | F17: {=IF(E17="Show hint",Key!$B$58,"")} | G17: {=IF(LEFT(D17,1)="✔",IF(E17="Show hint",5,10),0)} -> 0
A18: W7 | B18: Which keys close the current workbook? (from S4-2 Sheet Master) | D18: {=IFERROR(_xlfn.LET(_xlpm.a,'S4-3 Detective'!$C$18,IF(TRIM(_xlpm.a&"")="","",IF(OR(SUBSTITUTE(SUBSTITUTE(SUBSTITUTE(SUBSTITUTE(SUBSTITUTE(SUBSTITUTE(SUBSTITUTE(SUBSTITUTE(SUBSTITUTE(SUBSTITUTE(SUBSTITUTE(SUBSTITUTE(SUBSTITUTE(SUBSTITUTE(SUBSTITUTE(SUBSTITUTE(SUBSTITUTE(SUBSTITUTE(SUBSTITUTE(SUBSTITUTE(SUBSTITUTE(SUBSTITUTE(SUBSTITUTE(SUBSTITUTE(SUBSTITUTE(SUBSTITUTE(SUBSTITUTE(UPPER(_xlpm.a)," ",""),"CONTROL","CTRL"),"CTL","CTRL"),"ESCAPE","ESC"),"RETURN","ENTER"),"PAGEDOWN","PGDN"),"PGDOWN","PGDN"),"PAGEUP","PGUP"),"ARROWKEYS","ARROW"),"ARROWKEY","ARROW"),"ARROWS","ARROW"),"DOWNARROW","DOWN"),"UPARROW","UP"),"LEFTARROW","LEFT"),"RIGHTARROW","RIGHT"),"ARROWDOWN","DOWN"),"ARROWUP","UP"),"ARROWLEFT","LEFT"),"ARROWRIGHT","RIGHT"),"↓","DOWN"),"↑","UP"),"←","LEFT"),"→","RIGHT"),"SPACEBAR","SPACE"),"−","-"),"MINUS","-"),"PLUS","+")=Key!$E$59:$E$59),"✔ CLEAR","✘ TRY AGAIN"))),"✘ TRY AGAIN")} | F18: {=IF(E18="Show hint",Key!$B$59,"")} | G18: {=IF(LEFT(D18,1)="✔",IF(E18="Show hint",5,10),0)} -> 0
A19: W8 | B19: Which keys open Print? (from S4-2 Sheet Master) | D19: {=IFERROR(_xlfn.LET(_xlpm.a,'S4-3 Detective'!$C$19,IF(TRIM(_xlpm.a&"")="","",IF(OR(SUBSTITUTE(SUBSTITUTE(SUBSTITUTE(SUBSTITUTE(SUBSTITUTE(SUBSTITUTE(SUBSTITUTE(SUBSTITUTE(SUBSTITUTE(SUBSTITUTE(SUBSTITUTE(SUBSTITUTE(SUBSTITUTE(SUBSTITUTE(SUBSTITUTE(SUBSTITUTE(SUBSTITUTE(SUBSTITUTE(SUBSTITUTE(SUBSTITUTE(SUBSTITUTE(SUBSTITUTE(SUBSTITUTE(SUBSTITUTE(SUBSTITUTE(SUBSTITUTE(SUBSTITUTE(UPPER(_xlpm.a)," ",""),"CONTROL","CTRL"),"CTL","CTRL"),"ESCAPE","ESC"),"RETURN","ENTER"),"PAGEDOWN","PGDN"),"PGDOWN","PGDN"),"PAGEUP","PGUP"),"ARROWKEYS","ARROW"),"ARROWKEY","ARROW"),"ARROWS","ARROW"),"DOWNARROW","DOWN"),"UPARROW","UP"),"LEFTARROW","LEFT"),"RIGHTARROW","RIGHT"),"ARROWDOWN","DOWN"),"ARROWUP","UP"),"ARROWLEFT","LEFT"),"ARROWRIGHT","RIGHT"),"↓","DOWN"),"↑","UP"),"←","LEFT"),"→","RIGHT"),"SPACEBAR","SPACE"),"−","-"),"MINUS","-"),"PLUS","+")=Key!$E$60:$E$60),"✔ CLEAR","✘ TRY AGAIN"))),"✘ TRY AGAIN")} | F19: {=IF(E19="Show hint",Key!$B$60,"")} | G19: {=IF(LEFT(D19,1)="✔",IF(E19="Show hint",5,10),0)} -> 0
A20: W9 | B20: Which function returns the largest value that meets conditions? (from F3-4 Extremes) | D20: {=IFERROR(_xlfn.LET(_xlpm.a,'S4-3 Detective'!$C$20,IF(TRIM(_xlpm.a&"")="","",IF(OR(SUBSTITUTE(SUBSTITUTE(SUBSTITUTE(SUBSTITUTE(SUBSTITUTE(SUBSTITUTE(SUBSTITUTE(SUBSTITUTE(SUBSTITUTE(SUBSTITUTE(SUBSTITUTE(SUBSTITUTE(SUBSTITUTE(SUBSTITUTE(SUBSTITUTE(SUBSTITUTE(SUBSTITUTE(SUBSTITUTE(SUBSTITUTE(SUBSTITUTE(SUBSTITUTE(SUBSTITUTE(SUBSTITUTE(SUBSTITUTE(SUBSTITUTE(SUBSTITUTE(SUBSTITUTE(UPPER(_xlpm.a)," ",""),"CONTROL","CTRL"),"CTL","CTRL"),"ESCAPE","ESC"),"RETURN","ENTER"),"PAGEDOWN","PGDN"),"PGDOWN","PGDN"),"PAGEUP","PGUP"),"ARROWKEYS","ARROW"),"ARROWKEY","ARROW"),"ARROWS","ARROW"),"DOWNARROW","DOWN"),"UPARROW","UP"),"LEFTARROW","LEFT"),"RIGHTARROW","RIGHT"),"ARROWDOWN","DOWN"),"ARROWUP","UP"),"ARROWLEFT","LEFT"),"ARROWRIGHT","RIGHT"),"↓","DOWN"),"↑","UP"),"←","LEFT"),"→","RIGHT"),"SPACEBAR","SPACE"),"−","-"),"MINUS","-"),"PLUS","+")=Key!$E$61:$J$61),"✔ CLEAR","✘ TRY AGAIN"))),"✘ TRY AGAIN")} | F20: {=IF(E20="Show hint",Key!$B$61,"")} | G20: {=IF(LEFT(D20,1)="✔",IF(E20="Show hint",5,10),0)} -> 0
A21: W10 | B21: Which function returns the smallest value that meets conditions? (from F3-4 Extremes) | D21: {=IFERROR(_xlfn.LET(_xlpm.a,'S4-3 Detective'!$C$21,IF(TRIM(_xlpm.a&"")="","",IF(OR(SUBSTITUTE(SUBSTITUTE(SUBSTITUTE(SUBSTITUTE(SUBSTITUTE(SUBSTITUTE(SUBSTITUTE(SUBSTITUTE(SUBSTITUTE(SUBSTITUTE(SUBSTITUTE(SUBSTITUTE(SUBSTITUTE(SUBSTITUTE(SUBSTITUTE(SUBSTITUTE(SUBSTITUTE(SUBSTITUTE(SUBSTITUTE(SUBSTITUTE(SUBSTITUTE(SUBSTITUTE(SUBSTITUTE(SUBSTITUTE(SUBSTITUTE(SUBSTITUTE(SUBSTITUTE(UPPER(_xlpm.a)," ",""),"CONTROL","CTRL"),"CTL","CTRL"),"ESCAPE","ESC"),"RETURN","ENTER"),"PAGEDOWN","PGDN"),"PGDOWN","PGDN"),"PAGEUP","PGUP"),"ARROWKEYS","ARROW"),"ARROWKEY","ARROW"),"ARROWS","ARROW"),"DOWNARROW","DOWN"),"UPARROW","UP"),"LEFTARROW","LEFT"),"RIGHTARROW","RIGHT"),"ARROWDOWN","DOWN"),"ARROWUP","UP"),"ARROWLEFT","LEFT"),"ARROWRIGHT","RIGHT"),"↓","DOWN"),"↑","UP"),"←","LEFT"),"→","RIGHT"),"SPACEBAR","SPACE"),"−","-"),"MINUS","-"),"PLUS","+")=Key!$E$62:$J$62),"✔ CLEAR","✘ TRY AGAIN"))),"✘ TRY AGAIN")} | F21: {=IF(E21="Show hint",Key!$B$62,"")} | G21: {=IF(LEFT(D21,1)="✔",IF(E21="Show hint",5,10),0)} -> 0
A23: TRAINING · recognize the move (pick from the list)
A24: # | B24: Mission | C24: Your answer | D24: Result | E24: Hint? | F24: Hint | G24: XP
A25: T1 | B25: Which keys open Find? | D25: {=IFERROR(IF('S4-3 Detective'!$C$25&""="","",IF('S4-3 Detective'!$C$25&""=Key!$C$63&"","✔ CLEAR","✘ TRY AGAIN")),"✘ TRY AGAIN")} | F25: {=IF(E25="Show hint",Key!$B$63,"")} | G25: {=IF(LEFT(D25,1)="✔",IF(E25="Show hint",5,10),0)} -> 0
A26: T2 | B26: Which keys open Find and Replace on the Replace tab? | D26: {=IFERROR(IF('S4-3 Detective'!$C$26&""="","",IF('S4-3 Detective'!$C$26&""=Key!$C$64&"","✔ CLEAR","✘ TRY AGAIN")),"✘ TRY AGAIN")} | F26: {=IF(E26="Show hint",Key!$B$64,"")} | G26: {=IF(LEFT(D26,1)="✔",IF(E26="Show hint",5,10),0)} -> 0
A28: CHALLENGES · recall it, then do it
B29: ▶ Open S4-3 Arena (or press Ctrl+PgDn)
A30: # | B30: Mission | C30: Your answer | D30: Result | E30: Hint? | F30: Hint | G30: XP
A31: C1 | B31: Which keys open Find? | D31: {=IFERROR(_xlfn.LET(_xlpm.a,'S4-3 Detective'!$C$31,IF(TRIM(_xlpm.a&"")="","",IF(OR(SUBSTITUTE(SUBSTITUTE(SUBSTITUTE(SUBSTITUTE(SUBSTITUTE(SUBSTITUTE(SUBSTITUTE(SUBSTITUTE(SUBSTITUTE(SUBSTITUTE(SUBSTITUTE(SUBSTITUTE(SUBSTITUTE(SUBSTITUTE(SUBSTITUTE(SUBSTITUTE(SUBSTITUTE(SUBSTITUTE(SUBSTITUTE(SUBSTITUTE(SUBSTITUTE(SUBSTITUTE(SUBSTITUTE(SUBSTITUTE(SUBSTITUTE(SUBSTITUTE(SUBSTITUTE(UPPER(_xlpm.a)," ",""),"CONTROL","CTRL"),"CTL","CTRL"),"ESCAPE","ESC"),"RETURN","ENTER"),"PAGEDOWN","PGDN"),"PGDOWN","PGDN"),"PAGEUP","PGUP"),"ARROWKEYS","ARROW"),"ARROWKEY","ARROW"),"ARROWS","ARROW"),"DOWNARROW","DOWN"),"UPARROW","UP"),"LEFTARROW","LEFT"),"RIGHTARROW","RIGHT"),"ARROWDOWN","DOWN"),"ARROWUP","UP"),"ARROWLEFT","LEFT"),"ARROWRIGHT","RIGHT"),"↓","DOWN"),"↑","UP"),"←","LEFT"),"→","RIGHT"),"SPACEBAR","SPACE"),"−","-"),"MINUS","-"),"PLUS","+")=Key!$E$65:$E$65),"✔ CLEAR","✘ TRY AGAIN"))),"✘ TRY AGAIN")} | F31: {=IF(E31="Show hint",Key!$B$65,"")} | G31: {=IF(LEFT(D31,1)="✔",IF(E31="Show hint",5,10),0)} -> 0
A32: C2 | B32: Which keys open Find and Replace on the Replace tab? | D32: {=IFERROR(_xlfn.LET(_xlpm.a,'S4-3 Detective'!$C$32,IF(TRIM(_xlpm.a&"")="","",IF(OR(SUBSTITUTE(SUBSTITUTE(SUBSTITUTE(SUBSTITUTE(SUBSTITUTE(SUBSTITUTE(SUBSTITUTE(SUBSTITUTE(SUBSTITUTE(SUBSTITUTE(SUBSTITUTE(SUBSTITUTE(SUBSTITUTE(SUBSTITUTE(SUBSTITUTE(SUBSTITUTE(SUBSTITUTE(SUBSTITUTE(SUBSTITUTE(SUBSTITUTE(SUBSTITUTE(SUBSTITUTE(SUBSTITUTE(SUBSTITUTE(SUBSTITUTE(SUBSTITUTE(SUBSTITUTE(UPPER(_xlpm.a)," ",""),"CONTROL","CTRL"),"CTL","CTRL"),"ESCAPE","ESC"),"RETURN","ENTER"),"PAGEDOWN","PGDN"),"PGDOWN","PGDN"),"PAGEUP","PGUP"),"ARROWKEYS","ARROW"),"ARROWKEY","ARROW"),"ARROWS","ARROW"),"DOWNARROW","DOWN"),"UPARROW","UP"),"LEFTARROW","LEFT"),"RIGHTARROW","RIGHT"),"ARROWDOWN","DOWN"),"ARROWUP","UP"),"ARROWLEFT","LEFT"),"ARROWRIGHT","RIGHT"),"↓","DOWN"),"↑","UP"),"←","LEFT"),"→","RIGHT"),"SPACEBAR","SPACE"),"−","-"),"MINUS","-"),"PLUS","+")=Key!$E$66:$E$66),"✔ CLEAR","✘ TRY AGAIN"))),"✘ TRY AGAIN")} | F32: {=IF(E32="Show hint",Key!$B$66,"")} | G32: {=IF(LEFT(D32,1)="✔",IF(E32="Show hint",5,10),0)} -> 0
A33: C3 | B33: In the arena press Ctrl+F, search for Dragonfruit and press Enter. Type the Stock number in its row. | D33: {=IFERROR(_xlfn.LET(_xlpm.a,'S4-3 Detective'!$C$33,IF(TRIM(_xlpm.a&"")="","",IF(ABS(IF(ISNUMBER(_xlpm.a),_xlpm.a,VALUE(_xlpm.a&""))-Key!$C$67)<=1E-9*MAX(1,ABS(Key!$C$67)),"✔ CLEAR","✘ TRY AGAIN"))),"✘ TRY AGAIN")} | F33: {=IF(E33="Show hint",Key!$B$67,"")} | G33: {=IF(LEFT(D33,1)="✔",IF(E33="Show hint",5,10),0)} -> 0
A34: C4 | B34: Press Ctrl+H. Replace every N/A in the Note column with 0: Find what N/A, Replace with 0, then Replace All. | C34: ▶ ARENA C4 (cell F6) | D34: {=IF(IFERROR(AND(COUNTIF('S4-3 Arena'!$F$6:$F$305,"N/A")=0,COUNTIF('S4-3 Arena'!$F$6:$F$305,0)=33),FALSE),"✔ CLEAR","· not yet")} -> · not yet | F34: {=IF(E34="Show hint",Key!$B$68,"")} | G34: {=IF(LEFT(D34,1)="✔",IF(E34="Show hint",5,10),0)} -> 0
A35: C5 | B35: Press Ctrl+F, type Gadget and click Find All. The dialog reports how many cells were found. Type that number. | D35: {=IFERROR(_xlfn.LET(_xlpm.a,'S4-3 Detective'!$C$35,IF(TRIM(_xlpm.a&"")="","",IF(ABS(IF(ISNUMBER(_xlpm.a),_xlpm.a,VALUE(_xlpm.a&""))-Key!$C$69)<=1E-9*MAX(1,ABS(Key!$C$69)),"✔ CLEAR","✘ TRY AGAIN"))),"✘ TRY AGAIN")} | F35: {=IF(E35="Show hint",Key!$B$69,"")} | G35: {=IF(LEFT(D35,1)="✔",IF(E35="Show hint",5,10),0)} -> 0

Sheet S4-3 Arena
A1: ARENA ▸ S4-3 DETECTIVE
A2: Practice area · everything here is editable. Missions and their checks are on the stage sheet.
A3: PASS CODE | B3: SLEUTH | D3: ◀ Back to S4-3 Detective
B5: SKU | C5: Product | D5: Category | E5: Stock | F5: Note
B6: SKU-1000 | C6: Apple | D6: Food | E6: 5 | F6: Check
B7: SKU-1001 | C7: Kiwi | D7: Food | E7: 18 | F7: OK
B8: SKU-1002 | C8: Quince | D8: Food | E8: 31 | F8: Check
B9: SKU-1003 | C9: Gizmo | D9: Tech | E9: 44 | F9: OK
B10: SKU-1004 | C10: Pear | D10: Food | E10: 57 | F10: N/A
B11: SKU-1005 | C11: Widget | D11: Tech | E11: 70 | F11: OK
B12: SKU-1006 | C12: Olive | D12: Food | E12: 83 | F12: Check
B13: SKU-1007 | C13: Mini Gadget | D13: Tech | E13: 6 | F13: OK
B14: SKU-1008 | C14: Nut Mix | D14: Food | E14: 19 | F14: Check
B15: SKU-1009 | C15: Gadget Pro | D15: Tech | E15: 32 | F15: OK
B16: SKU-1010 | C16: Gadget Max | D16: Tech | E16: 45 | F16: Check
B17: SKU-1011 | C17: Cherry | D17: Food | E17: 58 | F17: OK
... B305: SKU-1299 | C305: Lemon | D305: Food | E305: 22 | F305: OK

Sheet S4-4 Data Wrangler
A1: STAGE S4-4 ▸ DATA WRANGLER
A2: Goal: filter, sort, tabulate and chart
A3: {="SCORE "&TEXT(SUM($G$16:$G$47),"0000")&" / 0250"} -> SCORE 0000 / 0250 | C3: {=IF(SUM($G$16:$G$47)>=250,"★★★",IF(SUM($G$16:$G$47)>=250*0.8,"★★☆",IF(SUM($G$16:$G$47)>=250*0.5,"★☆☆","☆☆☆")))} -> ☆☆☆ | D3: {=REPT("█",ROUND(10*SUM($G$16:$G$47)/250,0))&REPT("░",10-ROUND(10*SUM($G$16:$G$47)/250,0))&" "&TEXT(SUM($G$16:$G$47)/250,"0%")} -> ░░░░░░░░░░ 0% | F3: {=IF(SUM($G$16:$G$47)>=250*0.5,"STAGE CLEAR! ▶ Next: Boss","")}
A5: BRIEFING · new moves in this stage
A6: # | B6: What it does · Pro tip | C6: Keys / Syntax
A7: 1 | B7: Turn filter buttons on or off for a table of data. Tip: Press again to clear all filters at once. | C7: Ctrl+Shift+L
A8: 2 | B8: On a header with a filter button, open its filter menu. Tip: Arrow down the list, Space to tick, Enter to apply. | C8: Alt+↓ (on a header)
A9: 3 | B9: Turn a range into an Excel Table (filters, banding, auto-expanding). Tip: Ctrl+L does the same. | C9: Ctrl+T
A10: 4 | B10: Sort A→Z / smallest to largest (KeyTips: Data, Sort). Tip: Click a cell in the column you sort by first. | C10: Alt+A, S, A
A11: 5 | B11: Sort Z→A / largest to smallest (KeyTips: Data, Sort). Tip: Whole rows move together, so records stay intact. | C11: Alt+A, S, D
A12: 6 | B12: Drop an instant chart of the selected data on the sheet. Tip: F11 puts the chart on its own sheet. | C12: Alt+F1
A14: WARM-UP · flashback to earlier stages
A15: # | B15: Mission | C15: Your answer | D15: Result | E15: Hint? | F15: Hint | G15: XP
A16: W1 | B16: Which keys open Find? (from S4-3 Detective) | D16: {=IFERROR(_xlfn.LET(_xlpm.a,'S4-4 Data Wrangler'!$C$16,IF(TRIM(_xlpm.a&"")="","",IF(OR(SUBSTITUTE(SUBSTITUTE(SUBSTITUTE(SUBSTITUTE(SUBSTITUTE(SUBSTITUTE(SUBSTITUTE(SUBSTITUTE(SUBSTITUTE(SUBSTITUTE(SUBSTITUTE(SUBSTITUTE(SUBSTITUTE(SUBSTITUTE(SUBSTITUTE(SUBSTITUTE(SUBSTITUTE(SUBSTITUTE(SUBSTITUTE(SUBSTITUTE(SUBSTITUTE(SUBSTITUTE(SUBSTITUTE(SUBSTITUTE(SUBSTITUTE(SUBSTITUTE(SUBSTITUTE(UPPER(_xlpm.a)," ",""),"CONTROL","CTRL"),"CTL","CTRL"),"ESCAPE","ESC"),"RETURN","ENTER"),"PAGEDOWN","PGDN"),"PGDOWN","PGDN"),"PAGEUP","PGUP"),"ARROWKEYS","ARROW"),"ARROWKEY","ARROW"),"ARROWS","ARROW"),"DOWNARROW","DOWN"),"UPARROW","UP"),"LEFTARROW","LEFT"),"RIGHTARROW","RIGHT"),"ARROWDOWN","DOWN"),"ARROWUP","UP"),"ARROWLEFT","LEFT"),"ARROWRIGHT","RIGHT"),"↓","DOWN"),"↑","UP"),"←","LEFT"),"→","RIGHT"),"SPACEBAR","SPACE"),"−","-"),"MINUS","-"),"PLUS","+")=Key!$E$70:$E$70),"✔ CLEAR","✘ TRY AGAIN"))),"✘ TRY AGAIN")} | F16: {=IF(E16="Show hint",Key!$B$70,"")} | G16: {=IF(LEFT(D16,1)="✔",IF(E16="Show hint",5,10),0)} -> 0
A17: W2 | B17: Which keys open Find and Replace on the Replace tab? (from S4-3 Detective) | D17: {=IFERROR(_xlfn.LET(_xlpm.a,'S4-4 Data Wrangler'!$C$17,IF(TRIM(_xlpm.a&"")="","",IF(OR(SUBSTITUTE(SUBSTITUTE(SUBSTITUTE(SUBSTITUTE(SUBSTITUTE(SUBSTITUTE(SUBSTITUTE(SUBSTITUTE(SUBSTITUTE(SUBSTITUTE(SUBSTITUTE(SUBSTITUTE(SUBSTITUTE(SUBSTITUTE(SUBSTITUTE(SUBSTITUTE(SUBSTITUTE(SUBSTITUTE(SUBSTITUTE(SUBSTITUTE(SUBSTITUTE(SUBSTITUTE(SUBSTITUTE(SUBSTITUTE(SUBSTITUTE(SUBSTITUTE(SUBSTITUTE(UPPER(_xlpm.a)," ",""),"CONTROL","CTRL"),"CTL","CTRL"),"ESCAPE","ESC"),"RETURN","ENTER"),"PAGEDOWN","PGDN"),"PGDOWN","PGDN"),"PAGEUP","PGUP"),"ARROWKEYS","ARROW"),"ARROWKEY","ARROW"),"ARROWS","ARROW"),"DOWNARROW","DOWN"),"UPARROW","UP"),"LEFTARROW","LEFT"),"RIGHTARROW","RIGHT"),"ARROWDOWN","DOWN"),"ARROWUP","UP"),"ARROWLEFT","LEFT"),"ARROWRIGHT","RIGHT"),"↓","DOWN"),"↑","UP"),"←","LEFT"),"→","RIGHT"),"SPACEBAR","SPACE"),"−","-"),"MINUS","-"),"PLUS","+")=Key!$E$71:$E$71),"✔ CLEAR","✘ TRY AGAIN"))),"✘ TRY AGAIN")} | F17: {=IF(E17="Show hint",Key!$B$71,"")} | G17: {=IF(LEFT(D17,1)="✔",IF(E17="Show hint",5,10),0)} -> 0
A18: W3 | B18: Which character joins ">=" to a cell reference in criteria? (from F3-4 Extremes) | D18: {=IFERROR(_xlfn.LET(_xlpm.a,'S4-4 Data Wrangler'!$C$18,IF(TRIM(_xlpm.a&"")="","",IF(OR(SUBSTITUTE(SUBSTITUTE(SUBSTITUTE(SUBSTITUTE(SUBSTITUTE(SUBSTITUTE(SUBSTITUTE(SUBSTITUTE(SUBSTITUTE(SUBSTITUTE(SUBSTITUTE(SUBSTITUTE(SUBSTITUTE(SUBSTITUTE(SUBSTITUTE(SUBSTITUTE(SUBSTITUTE(SUBSTITUTE(SUBSTITUTE(SUBSTITUTE(SUBSTITUTE(SUBSTITUTE(SUBSTITUTE(SUBSTITUTE(SUBSTITUTE(SUBSTITUTE(SUBSTITUTE(UPPER(_xlpm.a)," ",""),"CONTROL","CTRL"),"CTL","CTRL"),"ESCAPE","ESC"),"RETURN","ENTER"),"PAGEDOWN","PGDN"),"PGDOWN","PGDN"),"PAGEUP","PGUP"),"ARROWKEYS","ARROW"),"ARROWKEY","ARROW"),"ARROWS","ARROW"),"DOWNARROW","DOWN"),"UPARROW","UP"),"LEFTARROW","LEFT"),"RIGHTARROW","RIGHT"),"ARROWDOWN","DOWN"),"ARROWUP","UP"),"ARROWLEFT","LEFT"),"ARROWRIGHT","RIGHT"),"↓","DOWN"),"↑","UP"),"←","LEFT"),"→","RIGHT"),"SPACEBAR","SPACE"),"−","-"),"MINUS","-"),"PLUS","+")=Key!$E$72:$F$72),"✔ CLEAR","✘ TRY AGAIN"))),"✘ TRY AGAIN")} | F18: {=IF(E18="Show hint",Key!$B$72,"")} | G18: {=IF(LEFT(D18,1)="✔",IF(E18="Show hint",5,10),0)} -> 0
A19: W4 | B19: How many range/criteria pairs do you need for 'dates between a start and an end'? (from F3-4 Extremes) | D19: {=IFERROR(_xlfn.LET(_xlpm.a,'S4-4 Data Wrangler'!$C$19,IF(TRIM(_xlpm.a&"")="","",IF(OR(SUBSTITUTE(SUBSTITUTE(SUBSTITUTE(SUBSTITUTE(SUBSTITUTE(SUBSTITUTE(SUBSTITUTE(SUBSTITUTE(SUBSTITUTE(SUBSTITUTE(SUBSTITUTE(SUBSTITUTE(SUBSTITUTE(SUBSTITUTE(SUBSTITUTE(SUBSTITUTE(SUBSTITUTE(SUBSTITUTE(SUBSTITUTE(SUBSTITUTE(SUBSTITUTE(SUBSTITUTE(SUBSTITUTE(SUBSTITUTE(SUBSTITUTE(SUBSTITUTE(SUBSTITUTE(UPPER(_xlpm.a)," ",""),"CONTROL","CTRL"),"CTL","CTRL"),"ESCAPE","ESC"),"RETURN","ENTER"),"PAGEDOWN","PGDN"),"PGDOWN","PGDN"),"PAGEUP","PGUP"),"ARROWKEYS","ARROW"),"ARROWKEY","ARROW"),"ARROWS","ARROW"),"DOWNARROW","DOWN"),"UPARROW","UP"),"LEFTARROW","LEFT"),"RIGHTARROW","RIGHT"),"ARROWDOWN","DOWN"),"ARROWUP","UP"),"ARROWLEFT","LEFT"),"ARROWRIGHT","RIGHT"),"↓","DOWN"),"↑","UP"),"←","LEFT"),"→","RIGHT"),"SPACEBAR","SPACE"),"−","-"),"MINUS","-"),"PLUS","+")=Key!$E$73:$F$73),"✔ CLEAR","✘ TRY AGAIN"))),"✘ TRY AGAIN")} | F19: {=IF(E19="Show hint",Key!$B$73,"")} | G19: {=IF(LEFT(D19,1)="✔",IF(E19="Show hint",5,10),0)} -> 0
A20: W5 | B20: How many IF functions does a nested IF need for 3 outcomes? (from F2-4 Multi-Level) | D20: {=IFERROR(_xlfn.LET(_xlpm.a,'S4-4 Data Wrangler'!$C$20,IF(TRIM(_xlpm.a&"")="","",IF(OR(SUBSTITUTE(SUBSTITUTE(SUBSTITUTE(SUBSTITUTE(SUBSTITUTE(SUBSTITUTE(SUBSTITUTE(SUBSTITUTE(SUBSTITUTE(SUBSTITUTE(SUBSTITUTE(SUBSTITUTE(SUBSTITUTE(SUBSTITUTE(SUBSTITUTE(SUBSTITUTE(SUBSTITUTE(SUBSTITUTE(SUBSTITUTE(SUBSTITUTE(SUBSTITUTE(SUBSTITUTE(SUBSTITUTE(SUBSTITUTE(SUBSTITUTE(SUBSTITUTE(SUBSTITUTE(UPPER(_xlpm.a)," ",""),"CONTROL","CTRL"),"CTL","CTRL"),"ESCAPE","ESC"),"RETURN","ENTER"),"PAGEDOWN","PGDN"),"PGDOWN","PGDN"),"PAGEUP","PGUP"),"ARROWKEYS","ARROW"),"ARROWKEY","ARROW"),"ARROWS","ARROW"),"DOWNARROW","DOWN"),"UPARROW","UP"),"LEFTARROW","LEFT"),"RIGHTARROW","RIGHT"),"ARROWDOWN","DOWN"),"ARROWUP","UP"),"ARROWLEFT","LEFT"),"ARROWRIGHT","RIGHT"),"↓","DOWN"),"↑","UP"),"←","LEFT"),"→","RIGHT"),"SPACEBAR","SPACE"),"−","-"),"MINUS","-"),"PLUS","+")=Key!$E$74:$F$74),"✔ CLEAR","✘ TRY AGAIN"))),"✘ TRY AGAIN")} | F20: {=IF(E20="Show hint",Key!$B$74,"")} | G20: {=IF(LEFT(D20,1)="✔",IF(E20="Show hint",5,10),0)} -> 0
A21: W6 | B21: Which function tests several conditions in order without nesting? (from F2-4 Multi-Level) | D21: {=IFERROR(_xlfn.LET(_xlpm.a,'S4-4 Data Wrangler'!$C$21,IF(TRIM(_xlpm.a&"")="","",IF(OR(SUBSTITUTE(SUBSTITUTE(SUBSTITUTE(SUBSTITUTE(SUBSTITUTE(SUBSTITUTE(SUBSTITUTE(SUBSTITUTE(SUBSTITUTE(SUBSTITUTE(SUBSTITUTE(SUBSTITUTE(SUBSTITUTE(SUBSTITUTE(SUBSTITUTE(SUBSTITUTE(SUBSTITUTE(SUBSTITUTE(SUBSTITUTE(SUBSTITUTE(SUBSTITUTE(SUBSTITUTE(SUBSTITUTE(SUBSTITUTE(SUBSTITUTE(SUBSTITUTE(SUBSTITUTE(UPPER(_xlpm.a)," ",""),"CONTROL","CTRL"),"CTL","CTRL"),"ESCAPE","ESC"),"RETURN","ENTER"),"PAGEDOWN","PGDN"),"PGDOWN","PGDN"),"PAGEUP","PGUP"),"ARROWKEYS","ARROW"),"ARROWKEY","ARROW"),"ARROWS","ARROW"),"DOWNARROW","DOWN"),"UPARROW","UP"),"LEFTARROW","LEFT"),"RIGHTARROW","RIGHT"),"ARROWDOWN","DOWN"),"ARROWUP","UP"),"ARROWLEFT","LEFT"),"ARROWRIGHT","RIGHT"),"↓","DOWN"),"↑","UP"),"←","LEFT"),"→","RIGHT"),"SPACEBAR","SPACE"),"−","-"),"MINUS","-"),"PLUS","+")=Key!$E$75:$J$75),"✔ CLEAR","✘ TRY AGAIN"))),"✘ TRY AGAIN")} | F21: {=IF(E21="Show hint",Key!$B$75,"")} | G21: {=IF(LEFT(D21,1)="✔",IF(E21="Show hint",5,10),0)} -> 0
A22: W7 | B22: In IFS, what do you put as the last test to catch all remaining cases? (from F2-4 Multi-Level) | D22: {=IFERROR(_xlfn.LET(_xlpm.a,'S4-4 Data Wrangler'!$C$22,IF(TRIM(_xlpm.a&"")="","",IF(OR(SUBSTITUTE(SUBSTITUTE(SUBSTITUTE(SUBSTITUTE(SUBSTITUTE(SUBSTITUTE(SUBSTITUTE(SUBSTITUTE(SUBSTITUTE(SUBSTITUTE(SUBSTITUTE(SUBSTITUTE(SUBSTITUTE(SUBSTITUTE(SUBSTITUTE(SUBSTITUTE(SUBSTITUTE(SUBSTITUTE(SUBSTITUTE(SUBSTITUTE(SUBSTITUTE(SUBSTITUTE(SUBSTITUTE(SUBSTITUTE(SUBSTITUTE(SUBSTITUTE(SUBSTITUTE(UPPER(_xlpm.a)," ",""),"CONTROL","CTRL"),"CTL","CTRL"),"ESCAPE","ESC"),"RETURN","ENTER"),"PAGEDOWN","PGDN"),"PGDOWN","PGDN"),"PAGEUP","PGUP"),"ARROWKEYS","ARROW"),"ARROWKEY","ARROW"),"ARROWS","ARROW"),"DOWNARROW","DOWN"),"UPARROW","UP"),"LEFTARROW","LEFT"),"RIGHTARROW","RIGHT"),"ARROWDOWN","DOWN"),"ARROWUP","UP"),"ARROWLEFT","LEFT"),"ARROWRIGHT","RIGHT"),"↓","DOWN"),"↑","UP"),"←","LEFT"),"→","RIGHT"),"SPACEBAR","SPACE"),"−","-"),"MINUS","-"),"PLUS","+")=Key!$E$76:$E$76),"✔ CLEAR","✘ TRY AGAIN"))),"✘ TRY AGAIN")} | F22: {=IF(E22="Show hint",Key!$B$76,"")} | G22: {=IF(LEFT(D22,1)="✔",IF(E22="Show hint",5,10),0)} -> 0
A23: W8 | B23: Which function replaces any error with your own value? (from F2-5 Error Shield) | D23: {=IFERROR(_xlfn.LET(_xlpm.a,'S4-4 Data Wrangler'!$C$23,IF(TRIM(_xlpm.a&"")="","",IF(OR(SUBSTITUTE(SUBSTITUTE(SUBSTITUTE(SUBSTITUTE(SUBSTITUTE(SUBSTITUTE(SUBSTITUTE(SUBSTITUTE(SUBSTITUTE(SUBSTITUTE(SUBSTITUTE(SUBSTITUTE(SUBSTITUTE(SUBSTITUTE(SUBSTITUTE(SUBSTITUTE(SUBSTITUTE(SUBSTITUTE(SUBSTITUTE(SUBSTITUTE(SUBSTITUTE(SUBSTITUTE(SUBSTITUTE(SUBSTITUTE(SUBSTITUTE(SUBSTITUTE(SUBSTITUTE(UPPER(_xlpm.a)," ",""),"CONTROL","CTRL"),"CTL","CTRL"),"ESCAPE","ESC"),"RETURN","ENTER"),"PAGEDOWN","PGDN"),"PGDOWN","PGDN"),"PAGEUP","PGUP"),"ARROWKEYS","ARROW"),"ARROWKEY","ARROW"),"ARROWS","ARROW"),"DOWNARROW","DOWN"),"UPARROW","UP"),"LEFTARROW","LEFT"),"RIGHTARROW","RIGHT"),"ARROWDOWN","DOWN"),"ARROWUP","UP"),"ARROWLEFT","LEFT"),"ARROWRIGHT","RIGHT"),"↓","DOWN"),"↑","UP"),"←","LEFT"),"→","RIGHT"),"SPACEBAR","SPACE"),"−","-"),"MINUS","-"),"PLUS","+")=Key!$E$77:$J$77),"✔ CLEAR","✘ TRY AGAIN"))),"✘ TRY AGAIN")} | F23: {=IF(E23="Show hint",Key!$B$77,"")} | G23: {=IF(LEFT(D23,1)="✔",IF(E23="Show hint",5,10),0)} -> 0
A24: W9 | B24: Which function replaces only the #N/A error? (from F2-5 Error Shield) | D24: {=IFERROR(_xlfn.LET(_xlpm.a,'S4-4 Data Wrangler'!$C$24,IF(TRIM(_xlpm.a&"")="","",IF(OR(SUBSTITUTE(SUBSTITUTE(SUBSTITUTE(SUBSTITUTE(SUBSTITUTE(SUBSTITUTE(SUBSTITUTE(SUBSTITUTE(SUBSTITUTE(SUBSTITUTE(SUBSTITUTE(SUBSTITUTE(SUBSTITUTE(SUBSTITUTE(SUBSTITUTE(SUBSTITUTE(SUBSTITUTE(SUBSTITUTE(SUBSTITUTE(SUBSTITUTE(SUBSTITUTE(SUBSTITUTE(SUBSTITUTE(SUBSTITUTE(SUBSTITUTE(SUBSTITUTE(SUBSTITUTE(UPPER(_xlpm.a)," ",""),"CONTROL","CTRL"),"CTL","CTRL"),"ESCAPE","ESC"),"RETURN","ENTER"),"PAGEDOWN","PGDN"),"PGDOWN","PGDN"),"PAGEUP","PGUP"),"ARROWKEYS","ARROW"),"ARROWKEY","ARROW"),"ARROWS","ARROW"),"DOWNARROW","DOWN"),"UPARROW","UP"),"LEFTARROW","LEFT"),"RIGHTARROW","RIGHT"),"ARROWDOWN","DOWN"),"ARROWUP","UP"),"ARROWLEFT","LEFT"),"ARROWRIGHT","RIGHT"),"↓","DOWN"),"↑","UP"),"←","LEFT"),"→","RIGHT"),"SPACEBAR","SPACE"),"−","-"),"MINUS","-"),"PLUS","+")=Key!$E$78:$J$78),"✔ CLEAR","✘ TRY AGAIN"))),"✘ TRY AGAIN")} | F24: {=IF(E24="Show hint",Key!$B$78,"")} | G24: {=IF(LEFT(D24,1)="✔",IF(E24="Show hint",5,10),0)} -> 0
A25: W10 | B25: Which function is TRUE when a cell is empty? (from F2-5 Error Shield) | D25: {=IFERROR(_xlfn.LET(_xlpm.a,'S4-4 Data Wrangler'!$C$25,IF(TRIM(_xlpm.a&"")="","",IF(OR(SUBSTITUTE(SUBSTITUTE(SUBSTITUTE(SUBSTITUTE(SUBSTITUTE(SUBSTITUTE(SUBSTITUTE(SUBSTITUTE(SUBSTITUTE(SUBSTITUTE(SUBSTITUTE(SUBSTITUTE(SUBSTITUTE(SUBSTITUTE(SUBSTITUTE(SUBSTITUTE(SUBSTITUTE(SUBSTITUTE(SUBSTITUTE(SUBSTITUTE(SUBSTITUTE(SUBSTITUTE(SUBSTITUTE(SUBSTITUTE(SUBSTITUTE(SUBSTITUTE(SUBSTITUTE(UPPER(_xlpm.a)," ",""),"CONTROL","CTRL"),"CTL","CTRL"),"ESCAPE","ESC"),"RETURN","ENTER"),"PAGEDOWN","PGDN"),"PGDOWN","PGDN"),"PAGEUP","PGUP"),"ARROWKEYS","ARROW"),"ARROWKEY","ARROW"),"ARROWS","ARROW"),"DOWNARROW","DOWN"),"UPARROW","UP"),"LEFTARROW","LEFT"),"RIGHTARROW","RIGHT"),"ARROWDOWN","DOWN"),"ARROWUP","UP"),"ARROWLEFT","LEFT"),"ARROWRIGHT","RIGHT"),"↓","DOWN"),"↑","UP"),"←","LEFT"),"→","RIGHT"),"SPACEBAR","SPACE"),"−","-"),"MINUS","-"),"PLUS","+")=Key!$E$79:$J$79),"✔ CLEAR","✘ TRY AGAIN"))),"✘ TRY AGAIN")} | F25: {=IF(E25="Show hint",Key!$B$79,"")} | G25: {=IF(LEFT(D25,1)="✔",IF(E25="Show hint",5,10),0)} -> 0
A27: TRAINING · recognize the move (pick from the list)
A28: # | B28: Mission | C28: Your answer | D28: Result | E28: Hint? | F28: Hint | G28: XP
A29: T1 | B29: Which keys turn filter buttons on and off? | D29: {=IFERROR(IF('S4-4 Data Wrangler'!$C$29&""="","",IF('S4-4 Data Wrangler'!$C$29&""=Key!$C$80&"","✔ CLEAR","✘ TRY AGAIN")),"✘ TRY AGAIN")} | F29: {=IF(E29="Show hint",Key!$B$80,"")} | G29: {=IF(LEFT(D29,1)="✔",IF(E29="Show hint",5,10),0)} -> 0
A30: T2 | B30: Which move is this? On a header with a filter button, open its filter menu. | D30: {=IFERROR(IF('S4-4 Data Wrangler'!$C$30&""="","",IF('S4-4 Data Wrangler'!$C$30&""=Key!$C$81&"","✔ CLEAR","✘ TRY AGAIN")),"✘ TRY AGAIN")} | F30: {=IF(E30="Show hint",Key!$B$81,"")} | G30: {=IF(LEFT(D30,1)="✔",IF(E30="Show hint",5,10),0)} -> 0
A31: T3 | B31: Which keys turn a range into a Table? | D31: {=IFERROR(IF('S4-4 Data Wrangler'!$C$31&""="","",IF('S4-4 Data Wrangler'!$C$31&""=Key!$C$82&"","✔ CLEAR","✘ TRY AGAIN")),"✘ TRY AGAIN")} | F31: {=IF(E31="Show hint",Key!$B$82,"")} | G31: {=IF(LEFT(D31,1)="✔",IF(E31="Show hint",5,10),0)} -> 0
A32: T4 | B32: Which KeyTips sort A to Z? | D32: {=IFERROR(IF('S4-4 Data Wrangler'!$C$32&""="","",IF('S4-4 Data Wrangler'!$C$32&""=Key!$C$83&"","✔ CLEAR","✘ TRY AGAIN")),"✘ TRY AGAIN")} | F32: {=IF(E32="Show hint",Key!$B$83,"")} | G32: {=IF(LEFT(D32,1)="✔",IF(E32="Show hint",5,10),0)} -> 0
A33: T5 | B33: Which KeyTips sort Z to A? | D33: {=IFERROR(IF('S4-4 Data Wrangler'!$C$33&""="","",IF('S4-4 Data Wrangler'!$C$33&""=Key!$C$84&"","✔ CLEAR","✘ TRY AGAIN")),"✘ TRY AGAIN")} | F33: {=IF(E33="Show hint",Key!$B$84,"")} | G33: {=IF(LEFT(D33,1)="✔",IF(E33="Show hint",5,10),0)} -> 0
A34: T6 | B34: Which keys insert an instant chart on the sheet? | D34: {=IFERROR(IF('S4-4 Data Wrangler'!$C$34&""="","",IF('S4-4 Data Wrangler'!$C$34&""=Key!$C$85&"","✔ CLEAR","✘ TRY AGAIN")),"✘ TRY AGAIN")} | F34: {=IF(E34="Show hint",Key!$B$85,"")} | G34: {=IF(LEFT(D34,1)="✔",IF(E34="Show hint",5,10),0)} -> 0
A36: CHALLENGES · recall it, then do it
B37: ▶ Open S4-4 Arena (or press Ctrl+PgDn)
A38: # | B38: Mission | C38: Your answer | D38: Result | E38: Hint? | F38: Hint | G38: XP
A39: C1 | B39: Which keys turn filter buttons on and off? | D39: {=IFERROR(_xlfn.LET(_xlpm.a,'S4-4 Data Wrangler'!$C$39,IF(TRIM(_xlpm.a&"")="","",IF(OR(SUBSTITUTE(SUBSTITUTE(SUBSTITUTE(SUBSTITUTE(SUBSTITUTE(SUBSTITUTE(SUBSTITUTE(SUBSTITUTE(SUBSTITUTE(SUBSTITUTE(SUBSTITUTE(SUBSTITUTE(SUBSTITUTE(SUBSTITUTE(SUBSTITUTE(SUBSTITUTE(SUBSTITUTE(SUBSTITUTE(SUBSTITUTE(SUBSTITUTE(SUBSTITUTE(SUBSTITUTE(SUBSTITUTE(SUBSTITUTE(SUBSTITUTE(SUBSTITUTE(SUBSTITUTE(UPPER(_xlpm.a)," ",""),"CONTROL","CTRL"),"CTL","CTRL"),"ESCAPE","ESC"),"RETURN","ENTER"),"PAGEDOWN","PGDN"),"PGDOWN","PGDN"),"PAGEUP","PGUP"),"ARROWKEYS","ARROW"),"ARROWKEY","ARROW"),"ARROWS","ARROW"),"DOWNARROW","DOWN"),"UPARROW","UP"),"LEFTARROW","LEFT"),"RIGHTARROW","RIGHT"),"ARROWDOWN","DOWN"),"ARROWUP","UP"),"ARROWLEFT","LEFT"),"ARROWRIGHT","RIGHT"),"↓","DOWN"),"↑","UP"),"←","LEFT"),"→","RIGHT"),"SPACEBAR","SPACE"),"−","-"),"MINUS","-"),"PLUS","+")=Key!$E$86:$F$86),"✔ CLEAR","✘ TRY AGAIN"))),"✘ TRY AGAIN")} | F39: {=IF(E39="Show hint",Key!$B$86,"")} | G39: {=IF(LEFT(D39,1)="✔",IF(E39="Show hint",5,10),0)} -> 0
A40: C2 | B40: Which keys open the filter menu of a header cell? | D40: {=IFERROR(_xlfn.LET(_xlpm.a,'S4-4 Data Wrangler'!$C$40,IF(TRIM(_xlpm.a&"")="","",IF(OR(SUBSTITUTE(SUBSTITUTE(SUBSTITUTE(SUBSTITUTE(SUBSTITUTE(SUBSTITUTE(SUBSTITUTE(SUBSTITUTE(SUBSTITUTE(SUBSTITUTE(SUBSTITUTE(SUBSTITUTE(SUBSTITUTE(SUBSTITUTE(SUBSTITUTE(SUBSTITUTE(SUBSTITUTE(SUBSTITUTE(SUBSTITUTE(SUBSTITUTE(SUBSTITUTE(SUBSTITUTE(SUBSTITUTE(SUBSTITUTE(SUBSTITUTE(SUBSTITUTE(SUBSTITUTE(UPPER(_xlpm.a)," ",""),"CONTROL","CTRL"),"CTL","CTRL"),"ESCAPE","ESC"),"RETURN","ENTER"),"PAGEDOWN","PGDN"),"PGDOWN","PGDN"),"PAGEUP","PGUP"),"ARROWKEYS","ARROW"),"ARROWKEY","ARROW"),"ARROWS","ARROW"),"DOWNARROW","DOWN"),"UPARROW","UP"),"LEFTARROW","LEFT"),"RIGHTARROW","RIGHT"),"ARROWDOWN","DOWN"),"ARROWUP","UP"),"ARROWLEFT","LEFT"),"ARROWRIGHT","RIGHT"),"↓","DOWN"),"↑","UP"),"←","LEFT"),"→","RIGHT"),"SPACEBAR","SPACE"),"−","-"),"MINUS","-"),"PLUS","+")=Key!$E$87:$E$87),"✔ CLEAR","✘ TRY AGAIN"))),"✘ TRY AGAIN")} | F40: {=IF(E40="Show hint",Key!$B$87,"")} | G40: {=IF(LEFT(D40,1)="✔",IF(E40="Show hint",5,10),0)} -> 0
A41: C3 | B41: Which keys turn a range into a Table? | D41: {=IFERROR(_xlfn.LET(_xlpm.a,'S4-4 Data Wrangler'!$C$41,IF(TRIM(_xlpm.a&"")="","",IF(OR(SUBSTITUTE(SUBSTITUTE(SUBSTITUTE(SUBSTITUTE(SUBSTITUTE(SUBSTITUTE(SUBSTITUTE(SUBSTITUTE(SUBSTITUTE(SUBSTITUTE(SUBSTITUTE(SUBSTITUTE(SUBSTITUTE(SUBSTITUTE(SUBSTITUTE(SUBSTITUTE(SUBSTITUTE(SUBSTITUTE(SUBSTITUTE(SUBSTITUTE(SUBSTITUTE(SUBSTITUTE(SUBSTITUTE(SUBSTITUTE(SUBSTITUTE(SUBSTITUTE(SUBSTITUTE(UPPER(_xlpm.a)," ",""),"CONTROL","CTRL"),"CTL","CTRL"),"ESCAPE","ESC"),"RETURN","ENTER"),"PAGEDOWN","PGDN"),"PGDOWN","PGDN"),"PAGEUP","PGUP"),"ARROWKEYS","ARROW"),"ARROWKEY","ARROW"),"ARROWS","ARROW"),"DOWNARROW","DOWN"),"UPARROW","UP"),"LEFTARROW","LEFT"),"RIGHTARROW","RIGHT"),"ARROWDOWN","DOWN"),"ARROWUP","UP"),"ARROWLEFT","LEFT"),"ARROWRIGHT","RIGHT"),"↓","DOWN"),"↑","UP"),"←","LEFT"),"→","RIGHT"),"SPACEBAR","SPACE"),"−","-"),"MINUS","-"),"PLUS","+")=Key!$E$88:$F$88),"✔ CLEAR","✘ TRY AGAIN"))),"✘ TRY AGAIN")} | F41: {=IF(E41="Show hint",Key!$B$88,"")} | G41: {=IF(LEFT(D41,1)="✔",IF(E41="Show hint",5,10),0)} -> 0
A42: C4 | B42: Which KeyTips sort A to Z? | D42: {=IFERROR(_xlfn.LET(_xlpm.a,'S4-4 Data Wrangler'!$C$42,IF(TRIM(_xlpm.a&"")="","",IF(OR(SUBSTITUTE(SUBSTITUTE(SUBSTITUTE(SUBSTITUTE(SUBSTITUTE(SUBSTITUTE(SUBSTITUTE(SUBSTITUTE(SUBSTITUTE(SUBSTITUTE(SUBSTITUTE(SUBSTITUTE(SUBSTITUTE(SUBSTITUTE(SUBSTITUTE(SUBSTITUTE(SUBSTITUTE(SUBSTITUTE(SUBSTITUTE(SUBSTITUTE(SUBSTITUTE(SUBSTITUTE(SUBSTITUTE(SUBSTITUTE(SUBSTITUTE(SUBSTITUTE(SUBSTITUTE(UPPER(_xlpm.a)," ",""),"CONTROL","CTRL"),"CTL","CTRL"),"ESCAPE","ESC"),"RETURN","ENTER"),"PAGEDOWN","PGDN"),"PGDOWN","PGDN"),"PAGEUP","PGUP"),"ARROWKEYS","ARROW"),"ARROWKEY","ARROW"),"ARROWS","ARROW"),"DOWNARROW","DOWN"),"UPARROW","UP"),"LEFTARROW","LEFT"),"RIGHTARROW","RIGHT"),"ARROWDOWN","DOWN"),"ARROWUP","UP"),"ARROWLEFT","LEFT"),"ARROWRIGHT","RIGHT"),"↓","DOWN"),"↑","UP"),"←","LEFT"),"→","RIGHT"),"SPACEBAR","SPACE"),"−","-"),"MINUS","-"),"PLUS","+")=Key!$E$89:$T$89),"✔ CLEAR","✘ TRY AGAIN"))),"✘ TRY AGAIN")} | F42: {=IF(E42="Show hint",Key!$B$89,"")} | G42: {=IF(LEFT(D42,1)="✔",IF(E42="Show hint",5,10),0)} -> 0
A43: C5 | B43: Which KeyTips sort Z to A? | D43: {=IFERROR(_xlfn.LET(_xlpm.a,'S4-4 Data Wrangler'!$C$43,IF(TRIM(_xlpm.a&"")="","",IF(OR(SUBSTITUTE(SUBSTITUTE(SUBSTITUTE(SUBSTITUTE(SUBSTITUTE(SUBSTITUTE(SUBSTITUTE(SUBSTITUTE(SUBSTITUTE(SUBSTITUTE(SUBSTITUTE(SUBSTITUTE(SUBSTITUTE(SUBSTITUTE(SUBSTITUTE(SUBSTITUTE(SUBSTITUTE(SUBSTITUTE(SUBSTITUTE(SUBSTITUTE(SUBSTITUTE(SUBSTITUTE(SUBSTITUTE(SUBSTITUTE(SUBSTITUTE(SUBSTITUTE(SUBSTITUTE(UPPER(_xlpm.a)," ",""),"CONTROL","CTRL"),"CTL","CTRL"),"ESCAPE","ESC"),"RETURN","ENTER"),"PAGEDOWN","PGDN"),"PGDOWN","PGDN"),"PAGEUP","PGUP"),"ARROWKEYS","ARROW"),"ARROWKEY","ARROW"),"ARROWS","ARROW"),"DOWNARROW","DOWN"),"UPARROW","UP"),"LEFTARROW","LEFT"),"RIGHTARROW","RIGHT"),"ARROWDOWN","DOWN"),"ARROWUP","UP"),"ARROWLEFT","LEFT"),"ARROWRIGHT","RIGHT"),"↓","DOWN"),"↑","UP"),"←","LEFT"),"→","RIGHT"),"SPACEBAR","SPACE"),"−","-"),"MINUS","-"),"PLUS","+")=Key!$E$90:$T$90),"✔ CLEAR","✘ TRY AGAIN"))),"✘ TRY AGAIN")} | F43: {=IF(E43="Show hint",Key!$B$90,"")} | G43: {=IF(LEFT(D43,1)="✔",IF(E43="Show hint",5,10),0)} -> 0
A44: C6 | B44: Which keys insert an instant chart on the sheet? | D44: {=IFERROR(_xlfn.LET(_xlpm.a,'S4-4 Data Wrangler'!$C$44,IF(TRIM(_xlpm.a&"")="","",IF(OR(SUBSTITUTE(SUBSTITUTE(SUBSTITUTE(SUBSTITUTE(SUBSTITUTE(SUBSTITUTE(SUBSTITUTE(SUBSTITUTE(SUBSTITUTE(SUBSTITUTE(SUBSTITUTE(SUBSTITUTE(SUBSTITUTE(SUBSTITUTE(SUBSTITUTE(SUBSTITUTE(SUBSTITUTE(SUBSTITUTE(SUBSTITUTE(SUBSTITUTE(SUBSTITUTE(SUBSTITUTE(SUBSTITUTE(SUBSTITUTE(SUBSTITUTE(SUBSTITUTE(SUBSTITUTE(UPPER(_xlpm.a)," ",""),"CONTROL","CTRL"),"CTL","CTRL"),"ESCAPE","ESC"),"RETURN","ENTER"),"PAGEDOWN","PGDN"),"PGDOWN","PGDN"),"PAGEUP","PGUP"),"ARROWKEYS","ARROW"),"ARROWKEY","ARROW"),"ARROWS","ARROW"),"DOWNARROW","DOWN"),"UPARROW","UP"),"LEFTARROW","LEFT"),"RIGHTARROW","RIGHT"),"ARROWDOWN","DOWN"),"ARROWUP","UP"),"ARROWLEFT","LEFT"),"ARROWRIGHT","RIGHT"),"↓","DOWN"),"↑","UP"),"←","LEFT"),"→","RIGHT"),"SPACEBAR","SPACE"),"−","-"),"MINUS","-"),"PLUS","+")=Key!$E$91:$E$91),"✔ CLEAR","✘ TRY AGAIN"))),"✘ TRY AGAIN")} | F44: {=IF(E44="Show hint",Key!$B$91,"")} | G44: {=IF(LEFT(D44,1)="✔",IF(E44="Show hint",5,10),0)} -> 0
A45: C7 | B45: Click inside the table at B5 and press Ctrl+Shift+L to add filter buttons. On the Region header (C5) press Alt+↓ and show only East. | C45: ▶ ARENA C7 (cell C5) | D45: {=IF(IFERROR(AND(SUBTOTAL(103,'S4-4 Arena'!$C$6:$C$25)=7,SUMPRODUCT(SUBTOTAL(103,OFFSET('S4-4 Arena'!$C$6,ROW('S4-4 Arena'!$C$6:$C$25)-ROW('S4-4 Arena'!$C$6),0))*('S4-4 Arena'!$C$6:$C$25<>"East"))=0),FALSE),"✔ CLEAR","· not yet")} -> · not yet | F45: {=IF(E45="Show hint",Key!$B$92,"")} | G45: {=IF(LEFT(D45,1)="✔",IF(E45="Show hint",5,10),0)} -> 0
A46: C8 | B46: Click any Score in the table at B30 (column C) and press Alt, A, S, D to sort largest to smallest. | C46: ▶ ARENA C8 (cell C31) | D46: {=IF(IFERROR(AND(SUMPRODUCT(--('S4-4 Arena'!$C$31:$C$39<'S4-4 Arena'!$C$32:$C$40))=0,SUMPRODUCT(--(_xlfn.XLOOKUP('S4-4 Arena'!$B$31:$B$40,{"Ann","Bo","Cy","Di","Ed","Flo","Gil","Hu","Ida","Jay"},{40,90,70,10,55,85,25,65,95,35})='S4-4 Arena'!$C$31:$C$40))=10),FALSE),"✔ CLEAR","· not yet")} -> · not yet | F46: {=IF(E46="Show hint",Key!$B$93,"")} | G46: {=IF(LEFT(D46,1)="✔",IF(E46="Show hint",5,10),0)} -> 0
A47: C9 | B47: Click inside the table at B45 and press Ctrl+T, then Enter. Next select B45:C51 and press Alt+F1 to drop in a chart. Pick Done. | D47: {=IFERROR(IF('S4-4 Data Wrangler'!$C$47="Done","✔ CLEAR · self-check",""),"✘ TRY AGAIN")} | F47: {=IF(E47="Show hint",Key!$B$94,"")} | G47: {=IF(LEFT(D47,1)="✔",IF(E47="Show hint",5,10),0)} -> 0

Sheet S4-4 Arena
A1: ARENA ▸ S4-4 DATA WRANGLER
A2: Practice area · everything here is editable. Missions and their checks are on the stage sheet.
A3: PASS CODE | B3: WRANGLER | D3: ◀ Back to S4-4 Data Wrangler
B5: Order | C5: Region | D5: Rep | E5: Units
B6: O-101 | C6: East | D6: Kim | E6: 40
B7: O-102 | C7: West | D7: Lee | E7: 15
B8: O-103 | C8: North | D8: Ava | E8: 55
B9: O-104 | C9: East | D9: Kim | E9: 20
B10: O-105 | C10: South | D10: Raj | E10: 60
B11: O-106 | C11: West | D11: Lee | E11: 35
B12: O-107 | C12: East | D12: Ava | E12: 25
B13: O-108 | C13: North | D13: Raj | E13: 45
B14: O-109 | C14: West | D14: Kim | E14: 10
B15: O-110 | C15: East | D15: Lee | E15: 70
B16: O-111 | C16: South | D16: Ava | E16: 30
B17: O-112 | C17: North | D17: Kim | E17: 50
... B25: O-120 | C25: East | D25: Ava | E25: 55
B30: Player | C30: Score | D30: Level
B31: Ann | C31: 40 | D31: Silver
B32: Bo | C32: 90 | D32: Gold
B33: Cy | C33: 70 | D33: Gold
B34: Di | C34: 10 | D34: Bronze
B35: Ed | C35: 55 | D35: Silver
B36: Flo | C36: 85 | D36: Gold
B37: Gil | C37: 25 | D37: Bronze
B38: Hu | C38: 65 | D38: Silver
B39: Ida | C39: 95 | D39: Gold
B40: Jay | C40: 35 | D40: Bronze
B45: Month | C45: Visitors
B46: Jan | C46: 1200
B47: Feb | C47: 1350
B48: Mar | C48: 1600
B49: Apr | C49: 1500
B50: May | C50: 1800
B51: Jun | C51: 2100

Sheet Boss
A1: BOSS ▸ ORGANIZE & ANALYZE
A2: Every move from this world in one gauntlet. Clear it under par for rank S.
A3: {="SCORE "&TEXT(SUM($G$14:$G$33),"0000")&" / 0160"} -> SCORE 0000 / 0160 | C3: {=IF(SUM($G$14:$G$33)>=160,"★★★",IF(SUM($G$14:$G$33)>=160*0.8,"★★☆",IF(SUM($G$14:$G$33)>=160*0.5,"★☆☆","☆☆☆")))} -> ☆☆☆ | D3: {=REPT("█",ROUND(10*SUM($G$14:$G$33)/160,0))&REPT("░",10-ROUND(10*SUM($G$14:$G$33)/160,0))&" "&TEXT(SUM($G$14:$G$33)/160,"0%")} -> ░░░░░░░░░░ 0%
A5: SPEEDRUN · stamp START, beat the Boss, stamp FINISH
B6: START · select C6 and press Ctrl+Shift+:
B7: FINISH · select C7 and press Ctrl+Shift+:
B8: TIME | C8: {=IF(OR(C6="",C7=""),"",ROUND(MOD(C7-C6,1)*1440,0))}
B9: PAR | C9: 12
B10: BOSS GATE | C10: {=IF(AND(SUM('S4-1 Construction Crew'!$G$14:$G$42)>=220*0.5,SUM('S4-2 Sheet Master'!$G$18:$G$53)>=290*0.5,SUM('S4-3 Detective'!$G$12:$G$35)>=170*0.5,SUM('S4-4 Data Wrangler'!$G$16:$G$47)>=250*0.5),"OPEN","LOCKED")} -> LOCKED | D10: {=IF(C10="OPEN","Gate open · go!","Earn ★ on every stage to open the gate")} -> Earn ★ on every stage to open the gate
A12: FLASHBACK · moves from earlier worlds
A13: # | B13: Mission | C13: Your answer | D13: Result | E13: Hint? | F13: Hint | G13: XP
A14: F1 | B14: {=IF($C$10="OPEN","Which keys turn filter buttons on and off? (from S4-4 Data Wrangler)","LOCKED · earn ★ on every stage to open the Boss gate")} -> LOCKED · earn ★ on every stage to open the Boss gate | D14: {=IF($C$10="OPEN",IFERROR(_xlfn.LET(_xlpm.a,Boss!$C$14,IF(TRIM(_xlpm.a&"")="","",IF(OR(SUBSTITUTE(SUBSTITUTE(SUBSTITUTE(SUBSTITUTE(SUBSTITUTE(SUBSTITUTE(SUBSTITUTE(SUBSTITUTE(SUBSTITUTE(SUBSTITUTE(SUBSTITUTE(SUBSTITUTE(SUBSTITUTE(SUBSTITUTE(SUBSTITUTE(SUBSTITUTE(SUBSTITUTE(SUBSTITUTE(SUBSTITUTE(SUBSTITUTE(SUBSTITUTE(SUBSTITUTE(SUBSTITUTE(SUBSTITUTE(SUBSTITUTE(SUBSTITUTE(SUBSTITUTE(UPPER(_xlpm.a)," ",""),"CONTROL","CTRL"),"CTL","CTRL"),"ESCAPE","ESC"),"RETURN","ENTER"),"PAGEDOWN","PGDN"),"PGDOWN","PGDN"),"PAGEUP","PGUP"),"ARROWKEYS","ARROW"),"ARROWKEY","ARROW"),"ARROWS","ARROW"),"DOWNARROW","DOWN"),"UPARROW","UP"),"LEFTARROW","LEFT"),"RIGHTARROW","RIGHT"),"ARROWDOWN","DOWN"),"ARROWUP","UP"),"ARROWLEFT","LEFT"),"ARROWRIGHT","RIGHT"),"↓","DOWN"),"↑","UP"),"←","LEFT"),"→","RIGHT"),"SPACEBAR","SPACE"),"−","-"),"MINUS","-"),"PLUS","+")=Key!$E$95:$F$95),"✔ CLEAR","✘ TRY AGAIN"))),"✘ TRY AGAIN"),"LOCKED")} -> LOCKED | F14: {=IF(E14="Show hint",Key!$B$95,"")} | G14: {=IF(LEFT(D14,1)="✔",IF(E14="Show hint",5,10),0)} -> 0
A15: F2 | B15: {=IF($C$10="OPEN","Which keys open the filter menu of a header cell? (from S4-4 Data Wrangler)","LOCKED · earn ★ on every stage to open the Boss gate")} -> LOCKED · earn ★ on every stage to open the Boss gate | D15: {=IF($C$10="OPEN",IFERROR(_xlfn.LET(_xlpm.a,Boss!$C$15,IF(TRIM(_xlpm.a&"")="","",IF(OR(SUBSTITUTE(SUBSTITUTE(SUBSTITUTE(SUBSTITUTE(SUBSTITUTE(SUBSTITUTE(SUBSTITUTE(SUBSTITUTE(SUBSTITUTE(SUBSTITUTE(SUBSTITUTE(SUBSTITUTE(SUBSTITUTE(SUBSTITUTE(SUBSTITUTE(SUBSTITUTE(SUBSTITUTE(SUBSTITUTE(SUBSTITUTE(SUBSTITUTE(SUBSTITUTE(SUBSTITUTE(SUBSTITUTE(SUBSTITUTE(SUBSTITUTE(SUBSTITUTE(SUBSTITUTE(UPPER(_xlpm.a)," ",""),"CONTROL","CTRL"),"CTL","CTRL"),"ESCAPE","ESC"),"RETURN","ENTER"),"PAGEDOWN","PGDN"),"PGDOWN","PGDN"),"PAGEUP","PGUP"),"ARROWKEYS","ARROW"),"ARROWKEY","ARROW"),"ARROWS","ARROW"),"DOWNARROW","DOWN"),"UPARROW","UP"),"LEFTARROW","LEFT"),"RIGHTARROW","RIGHT"),"ARROWDOWN","DOWN"),"ARROWUP","UP"),"ARROWLEFT","LEFT"),"ARROWRIGHT","RIGHT"),"↓","DOWN"),"↑","UP"),"←","LEFT"),"→","RIGHT"),"SPACEBAR","SPACE"),"−","-"),"MINUS","-"),"PLUS","+")=Key!$E$96:$E$96),"✔ CLEAR","✘ TRY AGAIN"))),"✘ TRY AGAIN"),"LOCKED")} -> LOCKED | F15: {=IF(E15="Show hint",Key!$B$96,"")} | G15: {=IF(LEFT(D15,1)="✔",IF(E15="Show hint",5,10),0)} -> 0
A16: F3 | B16: {=IF($C$10="OPEN","Which keys turn a range into a Table? (from S4-4 Data Wrangler)","LOCKED · earn ★ on every stage to open the Boss gate")} -> LOCKED · earn ★ on every stage to open the Boss gate | D16: {=IF($C$10="OPEN",IFERROR(_xlfn.LET(_xlpm.a,Boss!$C$16,IF(TRIM(_xlpm.a&"")="","",IF(OR(SUBSTITUTE(SUBSTITUTE(SUBSTITUTE(SUBSTITUTE(SUBSTITUTE(SUBSTITUTE(SUBSTITUTE(SUBSTITUTE(SUBSTITUTE(SUBSTITUTE(SUBSTITUTE(SUBSTITUTE(SUBSTITUTE(SUBSTITUTE(SUBSTITUTE(SUBSTITUTE(SUBSTITUTE(SUBSTITUTE(SUBSTITUTE(SUBSTITUTE(SUBSTITUTE(SUBSTITUTE(SUBSTITUTE(SUBSTITUTE(SUBSTITUTE(SUBSTITUTE(SUBSTITUTE(UPPER(_xlpm.a)," ",""),"CONTROL","CTRL"),"CTL","CTRL"),"ESCAPE","ESC"),"RETURN","ENTER"),"PAGEDOWN","PGDN"),"PGDOWN","PGDN"),"PAGEUP","PGUP"),"ARROWKEYS","ARROW"),"ARROWKEY","ARROW"),"ARROWS","ARROW"),"DOWNARROW","DOWN"),"UPARROW","UP"),"LEFTARROW","LEFT"),"RIGHTARROW","RIGHT"),"ARROWDOWN","DOWN"),"ARROWUP","UP"),"ARROWLEFT","LEFT"),"ARROWRIGHT","RIGHT"),"↓","DOWN"),"↑","UP"),"←","LEFT"),"→","RIGHT"),"SPACEBAR","SPACE"),"−","-"),"MINUS","-"),"PLUS","+")=Key!$E$97:$F$97),"✔ CLEAR","✘ TRY AGAIN"))),"✘ TRY AGAIN"),"LOCKED")} -> LOCKED | F16: {=IF(E16="Show hint",Key!$B$97,"")} | G16: {=IF(LEFT(D16,1)="✔",IF(E16="Show hint",5,10),0)} -> 0
A17: F4 | B17: {=IF($C$10="OPEN","Which KeyTips sort A to Z? (from S4-4 Data Wrangler)","LOCKED · earn ★ on every stage to open the Boss gate")} -> LOCKED · earn ★ on every stage to open the Boss gate | D17: {=IF($C$10="OPEN",IFERROR(_xlfn.LET(_xlpm.a,Boss!$C$17,IF(TRIM(_xlpm.a&"")="","",IF(OR(SUBSTITUTE(SUBSTITUTE(SUBSTITUTE(SUBSTITUTE(SUBSTITUTE(SUBSTITUTE(SUBSTITUTE(SUBSTITUTE(SUBSTITUTE(SUBSTITUTE(SUBSTITUTE(SUBSTITUTE(SUBSTITUTE(SUBSTITUTE(SUBSTITUTE(SUBSTITUTE(SUBSTITUTE(SUBSTITUTE(SUBSTITUTE(SUBSTITUTE(SUBSTITUTE(SUBSTITUTE(SUBSTITUTE(SUBSTITUTE(SUBSTITUTE(SUBSTITUTE(SUBSTITUTE(UPPER(_xlpm.a)," ",""),"CONTROL","CTRL"),"CTL","CTRL"),"ESCAPE","ESC"),"RETURN","ENTER"),"PAGEDOWN","PGDN"),"PGDOWN","PGDN"),"PAGEUP","PGUP"),"ARROWKEYS","ARROW"),"ARROWKEY","ARROW"),"ARROWS","ARROW"),"DOWNARROW","DOWN"),"UPARROW","UP"),"LEFTARROW","LEFT"),"RIGHTARROW","RIGHT"),"ARROWDOWN","DOWN"),"ARROWUP","UP"),"ARROWLEFT","LEFT"),"ARROWRIGHT","RIGHT"),"↓","DOWN"),"↑","UP"),"←","LEFT"),"→","RIGHT"),"SPACEBAR","SPACE"),"−","-"),"MINUS","-"),"PLUS","+")=Key!$E$98:$T$98),"✔ CLEAR","✘ TRY AGAIN"))),"✘ TRY AGAIN"),"LOCKED")} -> LOCKED | F17: {=IF(E17="Show hint",Key!$B$98,"")} | G17: {=IF(LEFT(D17,1)="✔",IF(E17="Show hint",5,10),0)} -> 0
A18: F5 | B18: {=IF($C$10="OPEN","Which KeyTips sort Z to A? (from S4-4 Data Wrangler)","LOCKED · earn ★ on every stage to open the Boss gate")} -> LOCKED · earn ★ on every stage to open the Boss gate | D18: {=IF($C$10="OPEN",IFERROR(_xlfn.LET(_xlpm.a,Boss!$C$18,IF(TRIM(_xlpm.a&"")="","",IF(OR(SUBSTITUTE(SUBSTITUTE(SUBSTITUTE(SUBSTITUTE(SUBSTITUTE(SUBSTITUTE(SUBSTITUTE(SUBSTITUTE(SUBSTITUTE(SUBSTITUTE(SUBSTITUTE(SUBSTITUTE(SUBSTITUTE(SUBSTITUTE(SUBSTITUTE(SUBSTITUTE(SUBSTITUTE(SUBSTITUTE(SUBSTITUTE(SUBSTITUTE(SUBSTITUTE(SUBSTITUTE(SUBSTITUTE(SUBSTITUTE(SUBSTITUTE(SUBSTITUTE(SUBSTITUTE(UPPER(_xlpm.a)," ",""),"CONTROL","CTRL"),"CTL","CTRL"),"ESCAPE","ESC"),"RETURN","ENTER"),"PAGEDOWN","PGDN"),"PGDOWN","PGDN"),"PAGEUP","PGUP"),"ARROWKEYS","ARROW"),"ARROWKEY","ARROW"),"ARROWS","ARROW"),"DOWNARROW","DOWN"),"UPARROW","UP"),"LEFTARROW","LEFT"),"RIGHTARROW","RIGHT"),"ARROWDOWN","DOWN"),"ARROWUP","UP"),"ARROWLEFT","LEFT"),"ARROWRIGHT","RIGHT"),"↓","DOWN"),"↑","UP"),"←","LEFT"),"→","RIGHT"),"SPACEBAR","SPACE"),"−","-"),"MINUS","-"),"PLUS","+")=Key!$E$99:$T$99),"✔ CLEAR","✘ TRY AGAIN"))),"✘ TRY AGAIN"),"LOCKED")} -> LOCKED | F18: {=IF(E18="Show hint",Key!$B$99,"")} | G18: {=IF(LEFT(D18,1)="✔",IF(E18="Show hint",5,10),0)} -> 0
A19: F6 | B19: {=IF($C$10="OPEN","Which keys insert an instant chart on the sheet? (from S4-4 Data Wrangler)","LOCKED · earn ★ on every stage to open the Boss gate")} -> LOCKED · earn ★ on every stage to open the Boss gate | D19: {=IF($C$10="OPEN",IFERROR(_xlfn.LET(_xlpm.a,Boss!$C$19,IF(TRIM(_xlpm.a&"")="","",IF(OR(SUBSTITUTE(SUBSTITUTE(SUBSTITUTE(SUBSTITUTE(SUBSTITUTE(SUBSTITUTE(SUBSTITUTE(SUBSTITUTE(SUBSTITUTE(SUBSTITUTE(SUBSTITUTE(SUBSTITUTE(SUBSTITUTE(SUBSTITUTE(SUBSTITUTE(SUBSTITUTE(SUBSTITUTE(SUBSTITUTE(SUBSTITUTE(SUBSTITUTE(SUBSTITUTE(SUBSTITUTE(SUBSTITUTE(SUBSTITUTE(SUBSTITUTE(SUBSTITUTE(SUBSTITUTE(UPPER(_xlpm.a)," ",""),"CONTROL","CTRL"),"CTL","CTRL"),"ESCAPE","ESC"),"RETURN","ENTER"),"PAGEDOWN","PGDN"),"PGDOWN","PGDN"),"PAGEUP","PGUP"),"ARROWKEYS","ARROW"),"ARROWKEY","ARROW"),"ARROWS","ARROW"),"DOWNARROW","DOWN"),"UPARROW","UP"),"LEFTARROW","LEFT"),"RIGHTARROW","RIGHT"),"ARROWDOWN","DOWN"),"ARROWUP","UP"),"ARROWLEFT","LEFT"),"ARROWRIGHT","RIGHT"),"↓","DOWN"),"↑","UP"),"←","LEFT"),"→","RIGHT"),"SPACEBAR","SPACE"),"−","-"),"MINUS","-"),"PLUS","+")=Key!$E$100:$E$100),"✔ CLEAR","✘ TRY AGAIN"))),"✘ TRY AGAIN"),"LOCKED")} -> LOCKED | F19: {=IF(E19="Show hint",Key!$B$100,"")} | G19: {=IF(LEFT(D19,1)="✔",IF(E19="Show hint",5,10),0)} -> 0
A20: F7 | B20: {=IF($C$10="OPEN","Which keys insert cells or rows? (from S4-1 Construction Crew)","LOCKED · earn ★ on every stage to open the Boss gate")} -> LOCKED · earn ★ on every stage to open the Boss gate | D20: {=IF($C$10="OPEN",IFERROR(_xlfn.LET(_xlpm.a,Boss!$C$20,IF(TRIM(_xlpm.a&"")="","",IF(OR(SUBSTITUTE(SUBSTITUTE(SUBSTITUTE(SUBSTITUTE(SUBSTITUTE(SUBSTITUTE(SUBSTITUTE(SUBSTITUTE(SUBSTITUTE(SUBSTITUTE(SUBSTITUTE(SUBSTITUTE(SUBSTITUTE(SUBSTITUTE(SUBSTITUTE(SUBSTITUTE(SUBSTITUTE(SUBSTITUTE(SUBSTITUTE(SUBSTITUTE(SUBSTITUTE(SUBSTITUTE(SUBSTITUTE(SUBSTITUTE(SUBSTITUTE(SUBSTITUTE(SUBSTITUTE(UPPER(_xlpm.a)," ",""),"CONTROL","CTRL"),"CTL","CTRL"),"ESCAPE","ESC"),"RETURN","ENTER"),"PAGEDOWN","PGDN"),"PGDOWN","PGDN"),"PAGEUP","PGUP"),"ARROWKEYS","ARROW"),"ARROWKEY","ARROW"),"ARROWS","ARROW"),"DOWNARROW","DOWN"),"UPARROW","UP"),"LEFTARROW","LEFT"),"RIGHTARROW","RIGHT"),"ARROWDOWN","DOWN"),"ARROWUP","UP"),"ARROWLEFT","LEFT"),"ARROWRIGHT","RIGHT"),"↓","DOWN"),"↑","UP"),"←","LEFT"),"→","RIGHT"),"SPACEBAR","SPACE"),"−","-"),"MINUS","-"),"PLUS","+")=Key!$E$101:$I$101),"✔ CLEAR","✘ TRY AGAIN"))),"✘ TRY AGAIN"),"LOCKED")} -> LOCKED | F20: {=IF(E20="Show hint",Key!$B$101,"")} | G20: {=IF(LEFT(D20,1)="✔",IF(E20="Show hint",5,10),0)} -> 0
A21: F8 | B21: {=IF($C$10="OPEN","Which keys delete the selected cells or rows? (from S4-1 Construction Crew)","LOCKED · earn ★ on every stage to open the Boss gate")} -> LOCKED · earn ★ on every stage to open the Boss gate | D21: {=IF($C$10="OPEN",IFERROR(_xlfn.LET(_xlpm.a,Boss!$C$21,IF(TRIM(_xlpm.a&"")="","",IF(OR(SUBSTITUTE(SUBSTITUTE(SUBSTITUTE(SUBSTITUTE(SUBSTITUTE(SUBSTITUTE(SUBSTITUTE(SUBSTITUTE(SUBSTITUTE(SUBSTITUTE(SUBSTITUTE(SUBSTITUTE(SUBSTITUTE(SUBSTITUTE(SUBSTITUTE(SUBSTITUTE(SUBSTITUTE(SUBSTITUTE(SUBSTITUTE(SUBSTITUTE(SUBSTITUTE(SUBSTITUTE(SUBSTITUTE(SUBSTITUTE(SUBSTITUTE(SUBSTITUTE(SUBSTITUTE(UPPER(_xlpm.a)," ",""),"CONTROL","CTRL"),"CTL","CTRL"),"ESCAPE","ESC"),"RETURN","ENTER"),"PAGEDOWN","PGDN"),"PGDOWN","PGDN"),"PAGEUP","PGUP"),"ARROWKEYS","ARROW"),"ARROWKEY","ARROW"),"ARROWS","ARROW"),"DOWNARROW","DOWN"),"UPARROW","UP"),"LEFTARROW","LEFT"),"RIGHTARROW","RIGHT"),"ARROWDOWN","DOWN"),"ARROWUP","UP"),"ARROWLEFT","LEFT"),"ARROWRIGHT","RIGHT"),"↓","DOWN"),"↑","UP"),"←","LEFT"),"→","RIGHT"),"SPACEBAR","SPACE"),"−","-"),"MINUS","-"),"PLUS","+")=Key!$E$102:$E$102),"✔ CLEAR","✘ TRY AGAIN"))),"✘ TRY AGAIN"),"LOCKED")} -> LOCKED | F21: {=IF(E21="Show hint",Key!$B$102,"")} | G21: {=IF(LEFT(D21,1)="✔",IF(E21="Show hint",5,10),0)} -> 0
A23: BOSS MISSIONS
B24: ▶ Open Boss Arena (or press Ctrl+PgDn)
A25: # | B25: Mission | C25: Your answer | D25: Result | E25: Hint? | F25: Hint | G25: XP
A26: B1 | B26: {=IF($C$10="OPEN","Filter the table at B5 to show only West (Ctrl+Shift+L, then Alt+↓ on Region).","LOCKED · earn ★ on every stage to open the Boss gate")} -> LOCKED · earn ★ on every stage to open the Boss gate | C26: ▶ ARENA B1 (cell C5) | D26: {=IF($C$10="OPEN",IF(IFERROR(AND(SUBTOTAL(103,'Boss Arena'!$C$6:$C$25)=5,SUMPRODUCT(SUBTOTAL(103,OFFSET('Boss Arena'!$C$6,ROW('Boss Arena'!$C$6:$C$25)-ROW('Boss Arena'!$C$6),0))*('Boss Arena'!$C$6:$C$25<>"West"))=0),FALSE),"✔ CLEAR","· not yet"),"LOCKED")} -> LOCKED | F26: {=IF(E26="Show hint",Key!$B$103,"")} | G26: {=IF(LEFT(D26,1)="✔",IF(E26="Show hint",5,10),0)} -> 0
A27: B2 | B27: {=IF($C$10="OPEN","Sort the table at B30 by Player name A→Z: click a name, then Alt, A, S, A.","LOCKED · earn ★ on every stage to open the Boss gate")} -> LOCKED · earn ★ on every stage to open the Boss gate | C27: ▶ ARENA B2 (cell B31) | D27: {=IF($C$10="OPEN",IF(IFERROR(AND(SUMPRODUCT(--('Boss Arena'!$B$31:$B$39>'Boss Arena'!$B$32:$B$40))=0,SUMPRODUCT(--(_xlfn.XLOOKUP('Boss Arena'!$B$31:$B$40,{"Ann","Bo","Cy","Di","Ed","Flo","Gil","Hu","Ida","Jay"},{40,90,70,10,55,85,25,65,95,35})='Boss Arena'!$C$31:$C$40))=10),FALSE),"✔ CLEAR","· not yet"),"LOCKED")} -> LOCKED | F27: {=IF(E27="Show hint",Key!$B$104,"")} | G27: {=IF(LEFT(D27,1)="✔",IF(E27="Show hint",5,10),0)} -> 0
A28: B3 | B28: {=IF($C$10="OPEN","Use Ctrl+F to find Zircon. Type its Stock (the cell to its right).","LOCKED · earn ★ on every stage to open the Boss gate")} -> LOCKED · earn ★ on every stage to open the Boss gate | D28: {=IF($C$10="OPEN",IFERROR(_xlfn.LET(_xlpm.a,Boss!$C$28,IF(TRIM(_xlpm.a&"")="","",IF(ABS(IF(ISNUMBER(_xlpm.a),_xlpm.a,VALUE(_xlpm.a&""))-Key!$C$105)<=1E-9*MAX(1,ABS(Key!$C$105)),"✔ CLEAR","✘ TRY AGAIN"))),"✘ TRY AGAIN"),"LOCKED")} -> LOCKED | F28: {=IF(E28="Show hint",Key!$B$105,"")} | G28: {=IF(LEFT(D28,1)="✔",IF(E28="Show hint",5,10),0)} -> 0
A29: B4 | B29: {=IF($C$10="OPEN","Use Ctrl+H to replace every TBD in the Status column with Pending (Replace All).","LOCKED · earn ★ on every stage to open the Boss gate")} -> LOCKED · earn ★ on every stage to open the Boss gate | C29: ▶ ARENA B4 (cell D46) | D29: {=IF($C$10="OPEN",IF(IFERROR(AND(COUNTIF('Boss Arena'!$D$46:$D$105,"TBD")=0,COUNTIF('Boss Arena'!$D$46:$D$105,"Pending")=9),FALSE),"✔ CLEAR","· not yet"),"LOCKED")} -> LOCKED | F29: {=IF(E29="Show hint",Key!$B$106,"")} | G29: {=IF(LEFT(D29,1)="✔",IF(E29="Show hint",5,10),0)} -> 0
A30: B5 | B30: {=IF($C$10="OPEN","Hide both HIDDEN rows in the HIDE LIST (Shift+Space, then Ctrl+9). Press F9.","LOCKED · earn ★ on every stage to open the Boss gate")} -> LOCKED · earn ★ on every stage to open the Boss gate | C30: ▶ ARENA B5 (cell B112) | D30: {=IF($C$10="OPEN",IF(IFERROR(AND(SUMPRODUCT(SUBTOTAL(103,OFFSET('Boss Arena'!$B$111,ROW('Boss Arena'!$B$111:$B$118)-ROW('Boss Arena'!$B$111),0))*('Boss Arena'!$B$111:$B$118="HIDDEN"))=0,SUBTOTAL(103,'Boss Arena'!$B$111:$B$118)=6),FALSE),"✔ CLEAR","· not yet · press F9"),"LOCKED")} -> LOCKED | F30: {=IF(E30="Show hint",Key!$B$107,"")} | G30: {=IF(LEFT(D30,1)="✔",IF(E30="Show hint",5,10),0)} -> 0
A31: B6 | B31: {=IF($C$10="OPEN","Insert two blank rows above INSERT ABOVE (Shift+Space, Shift+↓, Ctrl+Shift++).","LOCKED · earn ★ on every stage to open the Boss gate")} -> LOCKED · earn ★ on every stage to open the Boss gate | C31: ▶ ARENA B6 (cell B123) | D31: {=IF($C$10="OPEN",IF(IFERROR(MATCH("INSERT ABOVE",'Boss Arena'!$B:$B,0)-MATCH("ROW ABOVE",'Boss Arena'!$B:$B,0)=3,FALSE),"✔ CLEAR","· not yet"),"LOCKED")} -> LOCKED | F31: {=IF(E31="Show hint",Key!$B$108,"")} | G31: {=IF(LEFT(D31,1)="✔",IF(E31="Show hint",5,10),0)} -> 0
A32: B7 | B32: {=IF($C$10="OPEN","Delete the three REMOVE rows in LIST: select each with Shift+Space and press Ctrl+-.","LOCKED · earn ★ on every stage to open the Boss gate")} -> LOCKED · earn ★ on every stage to open the Boss gate | C32: ▶ ARENA B7 (cell B129) | D32: {=IF($C$10="OPEN",IF(IFERROR(AND(COUNTIF('Boss Arena'!$B:$B,"REMOVE")=0,COUNTIF('Boss Arena'!$B:$B,"KEEP")=5),FALSE),"✔ CLEAR","· not yet"),"LOCKED")} -> LOCKED | F32: {=IF(E32="Show hint",Key!$B$109,"")} | G32: {=IF(LEFT(D32,1)="✔",IF(E32="Show hint",5,10),0)} -> 0
A33: B8 | B33: {=IF($C$10="OPEN","Insert a new worksheet with Shift+F11, come back and press F9.","LOCKED · earn ★ on every stage to open the Boss gate")} -> LOCKED · earn ★ on every stage to open the Boss gate | C33: ▶ ARENA B8 (cell B5) | D33: {=IF($C$10="OPEN",IF(IFERROR(_xlfn.SHEETS()>14,FALSE),"✔ CLEAR","· not yet · press F9"),"LOCKED")} -> LOCKED | F33: {=IF(E33="Show hint",Key!$B$110,"")} | G33: {=IF(LEFT(D33,1)="✔",IF(E33="Show hint",5,10),0)} -> 0

Sheet Boss Arena
A1: BOSS ARENA ▸ ORGANIZE & ANALYZE
A2: Practice area · everything here is editable. Missions and their checks are on the stage sheet.
A3: PASS CODE | B3: ORGANIZER | D3: ◀ Back to Boss
B5: Order | C5: Region | D5: Rep | E5: Units
B6: O-101 | C6: East | D6: Kim | E6: 40
B7: O-102 | C7: West | D7: Lee | E7: 15
B8: O-103 | C8: North | D8: Ava | E8: 55
B9: O-104 | C9: East | D9: Kim | E9: 20
B10: O-105 | C10: South | D10: Raj | E10: 60
B11: O-106 | C11: West | D11: Lee | E11: 35
B12: O-107 | C12: East | D12: Ava | E12: 25
B13: O-108 | C13: North | D13: Raj | E13: 45
B14: O-109 | C14: West | D14: Kim | E14: 10
B15: O-110 | C15: East | D15: Lee | E15: 70
B16: O-111 | C16: South | D16: Ava | E16: 30
B17: O-112 | C17: North | D17: Kim | E17: 50
... B25: O-120 | C25: East | D25: Ava | E25: 55
B30: Player | C30: Score | D30: Level
B31: Ida | C31: 95 | D31: Gold
B32: Bo | C32: 90 | D32: Gold
B33: Gil | C33: 25 | D33: Bronze
B34: Ann | C34: 40 | D34: Silver
B35: Jay | C35: 35 | D35: Bronze
B36: Cy | C36: 70 | D36: Gold
B37: Hu | C37: 65 | D37: Silver
B38: Ed | C38: 55 | D38: Silver
B39: Flo | C39: 85 | D39: Gold
B40: Di | C40: 10 | D40: Bronze
B45: Mineral | C45: Stock | D45: Status
B46: Quartz 1 | C46: 3 | D46: Packed
B47: Basalt 1 | C47: 20 | D47: Ready
B48: Granite 1 | C48: 37 | D48: Packed
B49: Slate 1 | C49: 54 | D49: TBD
B50: Marble 1 | C50: 71 | D50: Packed
B51: Obsidian 1 | C51: 18 | D51: Ready
B52: Jade 1 | C52: 35 | D52: Packed
B53: Onyx 1 | C53: 52 | D53: Ready
B54: Topaz 1 | C54: 69 | D54: Packed
B55: Agate 1 | C55: 16 | D55: Ready
B56: Quartz 2 | C56: 33 | D56: TBD
B57: Basalt 2 | C57: 50 | D57: Ready
... B105: Agate 6 | C105: 26 | D105: TBD
B110: HIDE LIST
B111: ok
B112: HIDDEN
B113: ok
B114: ok
B115: HIDDEN
B116: ok
B117: ok
B118: ok
B122: ROW ABOVE
B123: INSERT ABOVE
B127: LIST
... B135: KEEP

Sheet Cheat Codes
A1: CHEAT CODES ▸ ORGANIZE & ANALYZE
A2: Every move from this world on one page. Keep it open while you play, or print it (Ctrl+P).
A4: Stage | B4: Keys / Syntax | C4: What it does | D4: Pro tip
A5: S4-1 | B5: Ctrl+Shift++ | C5: Insert cells; with whole rows selected, insert whole rows. | D5: Select rows with Shift+Space first, then Ctrl+Shift++.
A6: S4-1 | B6: Ctrl+- | C6: Delete the selected cells; with whole rows selected, delete the rows. | D6: Shift+Space first, then Ctrl+-.
A7: S4-1 | B7: Ctrl+9 | C7: Hide the selected rows. | D7: Hidden rows keep their data.
A8: S4-1 | B8: Ctrl+0 | C8: Hide the selected columns. | D8: Pair with Ctrl+Space to grab the column.
A9: S4-2 | B9: Shift+F11 | C9: Insert a new worksheet. | D9: Alt+Shift+F1 does the same.
A10: S4-2 | B10: Alt+H, O, R | C10: Rename the current sheet (KeyTips: Home, Format, Rename). | D10: Type the new name, then Enter.
A11: S4-2 | B11: Ctrl+S | C11: Save the workbook. | D11: Save early, save often.
A12: S4-2 | B12: F12 | C12: Open Save As to save a copy or change the name. | D12: Keep the original and practice on a copy.
A13: S4-2 | B13: Ctrl+N | C13: Create a new blank workbook. | D13: Starts fresh in a new window.
A14: S4-2 | B14: Ctrl+O | C14: Open a workbook (and see your recent files). | D14: Recent files are listed first.
A15: S4-2 | B15: Ctrl+W | C15: Close the current workbook window. | D15: Excel asks before losing changes.
... A24: S4-4 | B24: Alt+F1 | C24: Drop an instant chart of the selected data on the sheet. | D24: F11 puts the chart on its own sheet.

Sheet Key
A1: Challenge | B1: Hint | C1: Expected | E1: Lists / per-cell expectations →
A2: S4-1 Construction Crew W1 | B2: SUM plus IF. | E2: =SUMIF | F2: =SUMIF( | G2: =SUMIF() | H2: SUMIF | I2: SUMIF( | J2: SUMIF()
A3: S4-1 Construction Crew W2 | B3: AVERAGE plus IF. | E3: =AVERAGEIF | F3: =AVERAGEIF( | G3: =AVERAGEIF() | H3: AVERAGEIF | I3: AVERAGEIF( | J3: AVERAGEIF()
A4: S4-1 Construction Crew W3 | B4: E for Example. | E4: CTRL+E
A5: S4-1 Construction Crew W4 | B5: Alt plus an arrow. | E5: ALT+DOWN
A6: S4-1 Construction Crew W5 | B6: Two characters: > then =. | E6: >=
A7: S4-1 Construction Crew W6 | B7: Less-than then greater-than. | E7: <>
A8: S4-1 Construction Crew W7 | B8: Shift plus the apostrophe key. | E8: " | F8: DOUBLEQUOTES | G8: QUOTATIONMARKS | H8: QUOTES
A9: S4-1 Construction Crew W8 | B9: Two letters. | E9: =IF | F9: =IF( | G9: =IF() | H9: IF | I9: IF( | J9: IF()
A10: S4-1 Construction Crew W9 | B10: 50 is not more than 100. | E10: 50
A11: S4-1 Construction Crew W10 | B11: Two double quotes, nothing inside. | E11: ""
A12: S4-1 Construction Crew T1 | B12: Ctrl+Shift plus the + key. | C12: Ctrl+Shift++ | E12: Ctrl+Shift++ | F12: Alt+A, S, D | G12: Ctrl+S | H12: F12
A13: S4-1 Construction Crew T2 | B13: Ctrl plus the minus key. | C13: Ctrl+- | E13: Ctrl+Shift++ | F13: Alt+A, S, D | G13: Ctrl+- | H13: Ctrl+0
A14: S4-1 Construction Crew T3 | B14: Ctrl plus a number key. | C14: Ctrl+9 | E14: Alt+A, S, A | F14: Ctrl+H | G14: Ctrl+9 | H14: Ctrl+S
A15: S4-1 Construction Crew T4 | B15: Ctrl plus zero. | C15: Ctrl+0 | E15: Ctrl+W | F15: Ctrl+T | G15: Alt+↓ (on a header) | H15: Ctrl+0
A16: S4-1 Construction Crew C1 | B16: Ctrl+Shift plus the + key. | E16: CTRL++ | F16: CTRL+SHIFT++ | G16: CTRL+SHIFT+= | H16: SHIFT+CTRL++ | I16: SHIFT+CTRL+=
A17: S4-1 Construction Crew C2 | B17: Ctrl plus the minus key. | E17: CTRL+-
A18: S4-1 Construction Crew C3 | B18: Ctrl plus a number key. | E18: CTRL+9
A19: S4-1 Construction Crew C4 | B19: Ctrl plus zero. | E19: CTRL+0
A20: S4-1 Construction Crew C5 | B20: Shift+Space selects the row.
A21: S4-1 Construction Crew C6 | B21: Select two rows to insert two.
A22: S4-1 Construction Crew C7 | B22: Ctrl+9 hides the selected row.
A23: S4-1 Construction Crew C8 | B23: Ctrl+Space, then Ctrl+0.
A24: S4-2 Sheet Master W1 | B24: Ctrl+Shift plus the + key. | E24: CTRL++ | F24: CTRL+SHIFT++ | G24: CTRL+SHIFT+= | H24: SHIFT+CTRL++ | I24: SHIFT+CTRL+=
A25: S4-2 Sheet Master W2 | B25: Ctrl plus the minus key. | E25: CTRL+-
A26: S4-2 Sheet Master W3 | B26: Ctrl plus a number key. | E26: CTRL+9
A27: S4-2 Sheet Master W4 | B27: Ctrl plus zero. | E27: CTRL+0
A28: S4-2 Sheet Master W5 | B28: COUNTIF plus S. | E28: =COUNTIFS | F28: =COUNTIFS( | G28: =COUNTIFS() | H28: COUNTIFS | I28: COUNTIFS( | J28: COUNTIFS()
A29: S4-2 Sheet Master W6 | B29: SUMIF plus S. | E29: =SUMIFS | F29: =SUMIFS( | G29: =SUMIFS() | H29: SUMIFS | I29: SUMIFS( | J29: SUMIFS()
A30: S4-2 Sheet Master W7 | B30: AVERAGEIF plus S. | E30: =AVERAGEIFS | F30: =AVERAGEIFS( | G30: =AVERAGEIFS() | H30: AVERAGEIFS | I30: AVERAGEIFS( | J30: AVERAGEIFS()
A31: S4-2 Sheet Master W8 | B31: Three letters: all must pass. | E31: =AND | F31: =AND( | G31: =AND() | H31: AND | I31: AND( | J31: AND()
A32: S4-2 Sheet Master W9 | B32: Two letters: any can pass. | E32: =OR | F32: =OR( | G32: =OR() | H32: OR | I32: OR( | J32: OR()
A33: S4-2 Sheet Master W10 | B33: Three letters: the opposite. | E33: =NOT | F33: =NOT( | G33: =NOT() | H33: NOT | I33: NOT( | J33: NOT()
A34: S4-2 Sheet Master T1 | B34: Shift plus F11. | C34: Shift+F11 | E34: Ctrl+S | F34: F12 | G34: Alt+F1 | H34: Shift+F11
A35: S4-2 Sheet Master T2 | B35: Alt, H, O, R one after another. | C35: Alt+H, O, R | E35: Alt+H, O, R | F35: Ctrl+N | G35: Ctrl+0 | H35: Ctrl+W
A36: S4-2 Sheet Master T3 | B36: S for Save. | C36: Ctrl+S | E36: Ctrl+F | F36: Alt+H, O, R | G36: Ctrl+- | H36: Ctrl+S
A37: S4-2 Sheet Master T4 | B37: The last function key. | C37: F12 | E37: F12 | F37: Ctrl+Shift++ | G37: Ctrl+0 | H37: Ctrl+W
A38: S4-2 Sheet Master T5 | B38: N for New. | C38: Ctrl+N | E38: Ctrl+0 | F38: Ctrl+N | G38: Alt+F1 | H38: Ctrl+W
A39: S4-2 Sheet Master T6 | B39: O for Open. | C39: Ctrl+O | E39: Alt+↓ (on a header) | F39: Ctrl+O | G39: Ctrl+0 | H39: Ctrl+T
A40: S4-2 Sheet Master T7 | B40: W for Window. | C40: Ctrl+W | E40: Ctrl+W | F40: Ctrl+S | G40: Ctrl+F | H40: F12
A41: S4-2 Sheet Master T8 | B41: P for Print. | C41: Ctrl+P | E41: Ctrl+S | F41: Alt+H, O, R | G41: Ctrl+P | H41: Ctrl+W
A42: S4-2 Sheet Master C1 | B42: Shift plus F11. | E42: ALT+SHIFT+F1 | F42: SHIFT+ALT+F1 | G42: SHIFT+F11
A43: S4-2 Sheet Master C2 | B43: Alt, H, O, R one after another. | E43: ALT+H+O+R | F43: ALT+H,O,R | G43: ALT+H>O>R | H43: ALT+HOR | I43: ALT,H+O+R | J43: ALT,H,O,R | K43: ALT,H>O>R | L43: ALT,HOR | M43: ALT>H+O+R | N43: ALT>H,O,R | O43: ALT>H>O>R | P43: ALT>HOR | Q43: ALTH+O+R | R43: ALTH,O,R | S43: ALTH>O>R | T43: ALTHOR
A44: S4-2 Sheet Master C3 | B44: S for Save. | E44: CTRL+S
A45: S4-2 Sheet Master C4 | B45: The last function key. | E45: F12
A46: S4-2 Sheet Master C5 | B46: N for New. | E46: CTRL+N
A47: S4-2 Sheet Master C6 | B47: O for Open. | E47: CTRL+O
A48: S4-2 Sheet Master C7 | B48: W for Window. | E48: CTRL+W
A49: S4-2 Sheet Master C8 | B49: P for Print. | E49: CTRL+P
A50: S4-2 Sheet Master C9 | B50: Shift+F11.
A51: S4-2 Sheet Master C10 | B51: Home → Format → Rename.
A52: S4-2 Sheet Master C11 | B52: Ctrl+S or F12. | E52: Done
A53: S4-3 Detective W1 | B53: Shift plus F11. | E53: ALT+SHIFT+F1 | F53: SHIFT+ALT+F1 | G53: SHIFT+F11
A54: S4-3 Detective W2 | B54: Alt, H, O, R one after another. | E54: ALT+H+O+R | F54: ALT+H,O,R | G54: ALT+H>O>R | H54: ALT+HOR | I54: ALT,H+O+R | J54: ALT,H,O,R | K54: ALT,H>O>R | L54: ALT,HOR | M54: ALT>H+O+R | N54: ALT>H,O,R | O54: ALT>H>O>R | P54: ALT>HOR | Q54: ALTH+O+R | R54: ALTH,O,R | S54: ALTH>O>R | T54: ALTHOR
A55: S4-3 Detective W3 | B55: S for Save. | E55: CTRL+S
A56: S4-3 Detective W4 | B56: The last function key. | E56: F12
A57: S4-3 Detective W5 | B57: N for New. | E57: CTRL+N
A58: S4-3 Detective W6 | B58: O for Open. | E58: CTRL+O
A59: S4-3 Detective W7 | B59: W for Window. | E59: CTRL+W
A60: S4-3 Detective W8 | B60: P for Print. | E60: CTRL+P
A61: S4-3 Detective W9 | B61: MAX plus IFS. | E61: =MAXIFS | F61: =MAXIFS( | G61: =MAXIFS() | H61: MAXIFS | I61: MAXIFS( | J61: MAXIFS()
A62: S4-3 Detective W10 | B62: MIN plus IFS. | E62: =MINIFS | F62: =MINIFS( | G62: =MINIFS() | H62: MINIFS | I62: MINIFS( | J62: MINIFS()
A63: S4-3 Detective T1 | B63: F for Find. | C63: Ctrl+F | E63: Ctrl+F | F63: Ctrl+H | G63: Ctrl+S | H63: Ctrl+T
A64: S4-3 Detective T2 | B64: The letter after G. | C64: Ctrl+H | E64: Ctrl+N | F64: Ctrl+H | G64: Ctrl+0 | H64: Ctrl+S
A65: S4-3 Detective C1 | B65: F for Find. | E65: CTRL+F
A66: S4-3 Detective C2 | B66: The letter after G. | E66: CTRL+H
A67: S4-3 Detective C3 | B67: Stock is two columns right of the product. | C67: 85
A68: S4-3 Detective C4 | B68: Replace All, not Replace.
A69: S4-3 Detective C5 | B69: The count is at the bottom of the Find window. | C69: 60
A70: S4-4 Data Wrangler W1 | B70: F for Find. | E70: CTRL+F
A71: S4-4 Data Wrangler W2 | B71: The letter after G. | E71: CTRL+H
A72: S4-4 Data Wrangler W3 | B72: Shift+7. | E72: & | F72: AMPERSAND
A73: S4-4 Data Wrangler W4 | B73: One pair per edge. | E73: 2 | F73: TWO
A74: S4-4 Data Wrangler W5 | B74: One fewer than the outcomes. | E74: 2 | F74: TWO
A75: S4-4 Data Wrangler W6 | B75: IF plus one letter. | E75: =IFS | F75: =IFS( | G75: =IFS() | H75: IFS | I75: IFS( | J75: IFS()
A76: S4-4 Data Wrangler W7 | B76: A test that is always true. | E76: TRUE
A77: S4-4 Data Wrangler W8 | B77: IF plus ERROR. | E77: =IFERROR | F77: =IFERROR( | G77: =IFERROR() | H77: IFERROR | I77: IFERROR( | J77: IFERROR()
A78: S4-4 Data Wrangler W9 | B78: IF plus NA. | E78: =IFNA | F78: =IFNA( | G78: =IFNA() | H78: IFNA | I78: IFNA( | J78: IFNA()
A79: S4-4 Data Wrangler W10 | B79: IS plus BLANK. | E79: =ISBLANK | F79: =ISBLANK( | G79: =ISBLANK() | H79: ISBLANK | I79: ISBLANK( | J79: ISBLANK()
A80: S4-4 Data Wrangler T1 | B80: Ctrl+Shift plus L. | C80: Ctrl+Shift+L | E80: Ctrl+0 | F80: Ctrl+F | G80: Alt+↓ (on a header) | H80: Ctrl+Shift+L
A81: S4-4 Data Wrangler T2 | B81: The same keys that open a dropdown. | C81: Alt+↓ (on a header) | E81: Ctrl+P | F81: Alt+↓ (on a header) | G81: Ctrl+O | H81: Ctrl+Shift+L
A82: S4-4 Data Wrangler T3 | B82: T for Table. | C82: Ctrl+T | E82: Ctrl+- | F82: Ctrl+N | G82: Alt+H, O, R | H82: Ctrl+T
A83: S4-4 Data Wrangler T4 | B83: Alt, A, S, then A for ascending. | C83: Alt+A, S, A | E83: Ctrl+S | F83: Ctrl+P | G83: Ctrl+Shift+L | H83: Alt+A, S, A
A84: S4-4 Data Wrangler T5 | B84: Alt, A, S, then D for descending. | C84: Alt+A, S, D | E84: Alt+F1 | F84: Alt+A, S, D | G84: Alt+A, S, A | H84: Ctrl+H
A85: S4-4 Data Wrangler T6 | B85: Alt plus F1. | C85: Alt+F1 | E85: Ctrl+O | F85: F12 | G85: Alt+F1 | H85: Ctrl+W
A86: S4-4 Data Wrangler C1 | B86: Ctrl+Shift plus L. | E86: CTRL+SHIFT+L | F86: SHIFT+CTRL+L
A87: S4-4 Data Wrangler C2 | B87: The same keys that open a dropdown. | E87: ALT+DOWN
A88: S4-4 Data Wrangler C3 | B88: T for Table. | E88: CTRL+L | F88: CTRL+T
A89: S4-4 Data Wrangler C4 | B89: Alt, A, S, then A for ascending. | E89: ALT+A+S+A | F89: ALT+A,S,A | G89: ALT+A>S>A | H89: ALT+ASA | I89: ALT,A+S+A | J89: ALT,A,S,A | K89: ALT,A>S>A | L89: ALT,ASA | M89: ALT>A+S+A | N89: ALT>A,S,A | O89: ALT>A>S>A | P89: ALT>ASA | Q89: ALTA+S+A | R89: ALTA,S,A | S89: ALTA>S>A | T89: ALTASA
A90: S4-4 Data Wrangler C5 | B90: Alt, A, S, then D for descending. | E90: ALT+A+S+D | F90: ALT+A,S,D | G90: ALT+A>S>D | H90: ALT+ASD | I90: ALT,A+S+D | J90: ALT,A,S,D | K90: ALT,A>S>D | L90: ALT,ASD | M90: ALT>A+S+D | N90: ALT>A,S,D | O90: ALT>A>S>D | P90: ALT>ASD | Q90: ALTA+S+D | R90: ALTA,S,D | S90: ALTA>S>D | T90: ALTASD
A91: S4-4 Data Wrangler C6 | B91: Alt plus F1. | E91: ALT+F1
A92: S4-4 Data Wrangler C7 | B92: Untick Select All, tick East, Enter.
A93: S4-4 Data Wrangler C8 | B93: Data → Sort Z to A.
A94: S4-4 Data Wrangler C9 | B94: Ctrl+T, then Alt+F1. | E94: Done
A95: Boss F1 | B95: Ctrl+Shift plus L. | E95: CTRL+SHIFT+L | F95: SHIFT+CTRL+L
A96: Boss F2 | B96: The same keys that open a dropdown. | E96: ALT+DOWN
A97: Boss F3 | B97: T for Table. | E97: CTRL+L | F97: CTRL+T
A98: Boss F4 | B98: Alt, A, S, then A for ascending. | E98: ALT+A+S+A | F98: ALT+A,S,A | G98: ALT+A>S>A | H98: ALT+ASA | I98: ALT,A+S+A | J98: ALT,A,S,A | K98: ALT,A>S>A | L98: ALT,ASA | M98: ALT>A+S+A | N98: ALT>A,S,A | O98: ALT>A>S>A | P98: ALT>ASA | Q98: ALTA+S+A | R98: ALTA,S,A | S98: ALTA>S>A | T98: ALTASA
A99: Boss F5 | B99: Alt, A, S, then D for descending. | E99: ALT+A+S+D | F99: ALT+A,S,D | G99: ALT+A>S>D | H99: ALT+ASD | I99: ALT,A+S+D | J99: ALT,A,S,D | K99: ALT,A>S>D | L99: ALT,ASD | M99: ALT>A+S+D | N99: ALT>A,S,D | O99: ALT>A>S>D | P99: ALT>ASD | Q99: ALTA+S+D | R99: ALTA,S,D | S99: ALTA>S>D | T99: ALTASD
A100: Boss F6 | B100: Alt plus F1. | E100: ALT+F1
...
