Workbook

Sheet Start
A1: FORMULAS 4 ▸ LOOKUPS
A2: Find a value in one column and bring back its partner from another.
A4: HOW TO PLAY
A5: 1 · Each stage: read the BRIEFING, then answer WARM-UP, TRAINING and CHALLENGES.
A6: 2 · Yellow cells are yours: type, pick from a list (Alt+↓), or follow a ▶ ARENA link and do the move there.
A7: 3 · ✔ CLEAR = right · ✘ = try again · · not yet = drill not done. Stuck? Pick 'Show hint' (5 XP instead of 10).
A8: 4 · Formatting or hiding drills: press F9 to refresh the check. Tab jumps between yellow cells.
A9: Needs Windows with Microsoft Excel 365 or 2021+ (English). In Protected View, click Enable Editing.
A11: STAGE SELECT
A12: Stage | B12: Name | C12: Score | D12: Stars | E12: Status | F12: Go
A13: F4-1 | B13: Seeker | C13: {=SUM('F4-1 Seeker'!$G$12:$G$34)&" / 160"} -> 0 / 160 | D13: {=IF(SUM('F4-1 Seeker'!$G$12:$G$34)>=160,"★★★",IF(SUM('F4-1 Seeker'!$G$12:$G$34)>=160*0.8,"★★☆",IF(SUM('F4-1 Seeker'!$G$12:$G$34)>=160*0.5,"★☆☆","☆☆☆")))} -> ☆☆☆ | E13: {=IF(SUM('F4-1 Seeker'!$G$12:$G$34)>=160,"PERFECT",IF(SUM('F4-1 Seeker'!$G$12:$G$34)>=160*0.5,"CLEARED",IF(SUM('F4-1 Seeker'!$G$12:$G$34)>0,"IN PROGRESS","NEW")))} -> NEW | F13: Go to F4-1 Seeker
A14: F4-2 | B14: Safety Net | C14: {=SUM('F4-2 Safety Net'!$G$12:$G$34)&" / 160"} -> 0 / 160 | D14: {=IF(SUM('F4-2 Safety Net'!$G$12:$G$34)>=160,"★★★",IF(SUM('F4-2 Safety Net'!$G$12:$G$34)>=160*0.8,"★★☆",IF(SUM('F4-2 Safety Net'!$G$12:$G$34)>=160*0.5,"★☆☆","☆☆☆")))} -> ☆☆☆ | E14: {=IF(SUM('F4-2 Safety Net'!$G$12:$G$34)>=160,"PERFECT",IF(SUM('F4-2 Safety Net'!$G$12:$G$34)>=160*0.5,"CLEARED",IF(SUM('F4-2 Safety Net'!$G$12:$G$34)>0,"IN PROGRESS","NEW")))} -> NEW | F14: Go to F4-2 Safety Net
A15: F4-3 | B15: Old School | C15: {=SUM('F4-3 Old School'!$G$12:$G$34)&" / 160"} -> 0 / 160 | D15: {=IF(SUM('F4-3 Old School'!$G$12:$G$34)>=160,"★★★",IF(SUM('F4-3 Old School'!$G$12:$G$34)>=160*0.8,"★★☆",IF(SUM('F4-3 Old School'!$G$12:$G$34)>=160*0.5,"★☆☆","☆☆☆")))} -> ☆☆☆ | E15: {=IF(SUM('F4-3 Old School'!$G$12:$G$34)>=160,"PERFECT",IF(SUM('F4-3 Old School'!$G$12:$G$34)>=160*0.5,"CLEARED",IF(SUM('F4-3 Old School'!$G$12:$G$34)>0,"IN PROGRESS","NEW")))} -> NEW | F15: Go to F4-3 Old School
A16: F4-4 | B16: Power Couple | C16: {=SUM('F4-4 Power Couple'!$G$14:$G$42)&" / 220"} -> 0 / 220 | D16: {=IF(SUM('F4-4 Power Couple'!$G$14:$G$42)>=220,"★★★",IF(SUM('F4-4 Power Couple'!$G$14:$G$42)>=220*0.8,"★★☆",IF(SUM('F4-4 Power Couple'!$G$14:$G$42)>=220*0.5,"★☆☆","☆☆☆")))} -> ☆☆☆ | E16: {=IF(SUM('F4-4 Power Couple'!$G$14:$G$42)>=220,"PERFECT",IF(SUM('F4-4 Power Couple'!$G$14:$G$42)>=220*0.5,"CLEARED",IF(SUM('F4-4 Power Couple'!$G$14:$G$42)>0,"IN PROGRESS","NEW")))} -> NEW | F16: Go to F4-4 Power Couple
A17: F4-5 | B17: Tiers | C17: {=SUM('F4-5 Tiers'!$G$12:$G$34)&" / 160"} -> 0 / 160 | D17: {=IF(SUM('F4-5 Tiers'!$G$12:$G$34)>=160,"★★★",IF(SUM('F4-5 Tiers'!$G$12:$G$34)>=160*0.8,"★★☆",IF(SUM('F4-5 Tiers'!$G$12:$G$34)>=160*0.5,"★☆☆","☆☆☆")))} -> ☆☆☆ | E17: {=IF(SUM('F4-5 Tiers'!$G$12:$G$34)>=160,"PERFECT",IF(SUM('F4-5 Tiers'!$G$12:$G$34)>=160*0.5,"CLEARED",IF(SUM('F4-5 Tiers'!$G$12:$G$34)>0,"IN PROGRESS","NEW")))} -> NEW | F17: Go to F4-5 Tiers
A18: BOSS | B18: Boss | C18: {=SUM(Boss!$G$14:$G$33)&" / 160"} -> 0 / 160 | D18: {=IF(SUM(Boss!$G$14:$G$33)>=160,"★★★",IF(SUM(Boss!$G$14:$G$33)>=160*0.8,"★★☆",IF(SUM(Boss!$G$14:$G$33)>=160*0.5,"★☆☆","☆☆☆")))} -> ☆☆☆ | E18: {=IF(Boss!$C$10="OPEN",IF(SUM(Boss!$G$14:$G$33)>=160*0.5,"DEFEATED","OPEN"),"LOCKED")} -> LOCKED | F18: Go to the Boss
A20: TOTAL SCORE | B20: {=(SUM('F4-1 Seeker'!$G$12:$G$34)+SUM('F4-2 Safety Net'!$G$12:$G$34)+SUM('F4-3 Old School'!$G$12:$G$34)+SUM('F4-4 Power Couple'!$G$14:$G$42)+SUM('F4-5 Tiers'!$G$12:$G$34)+SUM(Boss!$G$14:$G$33))&" / 1020"} -> 0 / 1020
A21: RANK | B21: {=_xlfn.LET(_xlpm.p,(SUM('F4-1 Seeker'!$G$12:$G$34)+SUM('F4-2 Safety Net'!$G$12:$G$34)+SUM('F4-3 Old School'!$G$12:$G$34)+SUM('F4-4 Power Couple'!$G$14:$G$42)+SUM('F4-5 Tiers'!$G$12:$G$34)+SUM(Boss!$G$14:$G$33))/1020,IF(AND(_xlpm.p>=1,ISNUMBER(Boss!$C$8),Boss!$C$8<=15),"S",IF(_xlpm.p>=0.9,"A",IF(_xlpm.p>=0.75,"B",IF(_xlpm.p>=0.5,"C","D")))))} -> D | C21: S = 100% and under par · A ≥ 90% · B ≥ 75% · C ≥ 50%
A22: BEST TIME | B22: {=IF(ISNUMBER(Boss!$C$8),Boss!$C$8&" min (par 15)","—")} -> —
A23: NEXT UP | B23: {=IFERROR(INDEX($A$13:$A$17,MATCH("☆☆☆",$D$13:$D$17,0))&" "&INDEX($B$13:$B$17,MATCH("☆☆☆",$D$13:$D$17,0)),IF(Boss!$C$10="OPEN","the Boss","All clear! Aim for rank S"))} -> F4-1 Seeker
A25: Replay a stage: select its yellow answer cells and press Delete. Undo an arena drill with Ctrl+Z.

Sheet F4-1 Seeker
A1: STAGE F4-1 ▸ SEEKER
A2: Goal: look up a value and bring back its partner
A3: {="SCORE "&TEXT(SUM($G$12:$G$34),"0000")&" / 0160"} -> SCORE 0000 / 0160 | C3: {=IF(SUM($G$12:$G$34)>=160,"★★★",IF(SUM($G$12:$G$34)>=160*0.8,"★★☆",IF(SUM($G$12:$G$34)>=160*0.5,"★☆☆","☆☆☆")))} -> ☆☆☆ | D3: {=REPT("█",ROUND(10*SUM($G$12:$G$34)/160,0))&REPT("░",10-ROUND(10*SUM($G$12:$G$34)/160,0))&" "&TEXT(SUM($G$12:$G$34)/160,"0%")} -> ░░░░░░░░░░ 0% | F3: {=IF(SUM($G$12:$G$34)>=160*0.5,"STAGE CLEAR! ▶ Next: F4-2 Safety Net","")}
A5: BRIEFING · new moves in this stage
A6: # | B6: What it does · Pro tip | C6: Keys / Syntax
A7: 1 | B7: XLOOKUP(lookup_value, lookup_array, return_array) finds a match and returns its partner. Tip: Works left or right, exact match by default. | C7: XLOOKUP
A8: 2 | B8: Lock lookup ranges with $ before you fill the formula down. Tip: Otherwise the ranges slide down and miss rows. | C8: $B$6:$B$20
A10: WARM-UP · flashback to earlier stages
A11: # | B11: Mission | C11: Your answer | D11: Result | E11: Hint? | F11: Hint | G11: XP
A12: W1 | B12: Which keys hide the selected rows? (from S4-1 Construction Crew) | D12: {=IFERROR(_xlfn.LET(_xlpm.a,'F4-1 Seeker'!$C$12,IF(TRIM(_xlpm.a&"")="","",IF(OR(SUBSTITUTE(SUBSTITUTE(SUBSTITUTE(SUBSTITUTE(SUBSTITUTE(SUBSTITUTE(SUBSTITUTE(SUBSTITUTE(SUBSTITUTE(SUBSTITUTE(SUBSTITUTE(SUBSTITUTE(SUBSTITUTE(SUBSTITUTE(SUBSTITUTE(SUBSTITUTE(SUBSTITUTE(SUBSTITUTE(SUBSTITUTE(SUBSTITUTE(SUBSTITUTE(SUBSTITUTE(SUBSTITUTE(SUBSTITUTE(SUBSTITUTE(SUBSTITUTE(SUBSTITUTE(UPPER(_xlpm.a)," ",""),"CONTROL","CTRL"),"CTL","CTRL"),"ESCAPE","ESC"),"RETURN","ENTER"),"PAGEDOWN","PGDN"),"PGDOWN","PGDN"),"PAGEUP","PGUP"),"ARROWKEYS","ARROW"),"ARROWKEY","ARROW"),"ARROWS","ARROW"),"DOWNARROW","DOWN"),"UPARROW","UP"),"LEFTARROW","LEFT"),"RIGHTARROW","RIGHT"),"ARROWDOWN","DOWN"),"ARROWUP","UP"),"ARROWLEFT","LEFT"),"ARROWRIGHT","RIGHT"),"↓","DOWN"),"↑","UP"),"←","LEFT"),"→","RIGHT"),"SPACEBAR","SPACE"),"−","-"),"MINUS","-"),"PLUS","+")=Key!$E$2:$E$2),"✔ CLEAR","✘ TRY AGAIN"))),"✘ TRY AGAIN")} | F12: {=IF(E12="Show hint",Key!$B$2,"")} | G12: {=IF(LEFT(D12,1)="✔",IF(E12="Show hint",5,10),0)} -> 0
A13: W2 | B13: Which keys hide the selected columns? (from S4-1 Construction Crew) | D13: {=IFERROR(_xlfn.LET(_xlpm.a,'F4-1 Seeker'!$C$13,IF(TRIM(_xlpm.a&"")="","",IF(OR(SUBSTITUTE(SUBSTITUTE(SUBSTITUTE(SUBSTITUTE(SUBSTITUTE(SUBSTITUTE(SUBSTITUTE(SUBSTITUTE(SUBSTITUTE(SUBSTITUTE(SUBSTITUTE(SUBSTITUTE(SUBSTITUTE(SUBSTITUTE(SUBSTITUTE(SUBSTITUTE(SUBSTITUTE(SUBSTITUTE(SUBSTITUTE(SUBSTITUTE(SUBSTITUTE(SUBSTITUTE(SUBSTITUTE(SUBSTITUTE(SUBSTITUTE(SUBSTITUTE(SUBSTITUTE(UPPER(_xlpm.a)," ",""),"CONTROL","CTRL"),"CTL","CTRL"),"ESCAPE","ESC"),"RETURN","ENTER"),"PAGEDOWN","PGDN"),"PGDOWN","PGDN"),"PAGEUP","PGUP"),"ARROWKEYS","ARROW"),"ARROWKEY","ARROW"),"ARROWS","ARROW"),"DOWNARROW","DOWN"),"UPARROW","UP"),"LEFTARROW","LEFT"),"RIGHTARROW","RIGHT"),"ARROWDOWN","DOWN"),"ARROWUP","UP"),"ARROWLEFT","LEFT"),"ARROWRIGHT","RIGHT"),"↓","DOWN"),"↑","UP"),"←","LEFT"),"→","RIGHT"),"SPACEBAR","SPACE"),"−","-"),"MINUS","-"),"PLUS","+")=Key!$E$3:$E$3),"✔ CLEAR","✘ TRY AGAIN"))),"✘ TRY AGAIN")} | F13: {=IF(E13="Show hint",Key!$B$3,"")} | G13: {=IF(LEFT(D13,1)="✔",IF(E13="Show hint",5,10),0)} -> 0
A14: W3 | B14: Which keys insert a new worksheet? (from S4-2 Sheet Master) | D14: {=IFERROR(_xlfn.LET(_xlpm.a,'F4-1 Seeker'!$C$14,IF(TRIM(_xlpm.a&"")="","",IF(OR(SUBSTITUTE(SUBSTITUTE(SUBSTITUTE(SUBSTITUTE(SUBSTITUTE(SUBSTITUTE(SUBSTITUTE(SUBSTITUTE(SUBSTITUTE(SUBSTITUTE(SUBSTITUTE(SUBSTITUTE(SUBSTITUTE(SUBSTITUTE(SUBSTITUTE(SUBSTITUTE(SUBSTITUTE(SUBSTITUTE(SUBSTITUTE(SUBSTITUTE(SUBSTITUTE(SUBSTITUTE(SUBSTITUTE(SUBSTITUTE(SUBSTITUTE(SUBSTITUTE(SUBSTITUTE(UPPER(_xlpm.a)," ",""),"CONTROL","CTRL"),"CTL","CTRL"),"ESCAPE","ESC"),"RETURN","ENTER"),"PAGEDOWN","PGDN"),"PGDOWN","PGDN"),"PAGEUP","PGUP"),"ARROWKEYS","ARROW"),"ARROWKEY","ARROW"),"ARROWS","ARROW"),"DOWNARROW","DOWN"),"UPARROW","UP"),"LEFTARROW","LEFT"),"RIGHTARROW","RIGHT"),"ARROWDOWN","DOWN"),"ARROWUP","UP"),"ARROWLEFT","LEFT"),"ARROWRIGHT","RIGHT"),"↓","DOWN"),"↑","UP"),"←","LEFT"),"→","RIGHT"),"SPACEBAR","SPACE"),"−","-"),"MINUS","-"),"PLUS","+")=Key!$E$4:$G$4),"✔ CLEAR","✘ TRY AGAIN"))),"✘ TRY AGAIN")} | F14: {=IF(E14="Show hint",Key!$B$4,"")} | G14: {=IF(LEFT(D14,1)="✔",IF(E14="Show hint",5,10),0)} -> 0
A15: W4 | B15: Which KeyTips rename the current sheet? (from S4-2 Sheet Master) | D15: {=IFERROR(_xlfn.LET(_xlpm.a,'F4-1 Seeker'!$C$15,IF(TRIM(_xlpm.a&"")="","",IF(OR(SUBSTITUTE(SUBSTITUTE(SUBSTITUTE(SUBSTITUTE(SUBSTITUTE(SUBSTITUTE(SUBSTITUTE(SUBSTITUTE(SUBSTITUTE(SUBSTITUTE(SUBSTITUTE(SUBSTITUTE(SUBSTITUTE(SUBSTITUTE(SUBSTITUTE(SUBSTITUTE(SUBSTITUTE(SUBSTITUTE(SUBSTITUTE(SUBSTITUTE(SUBSTITUTE(SUBSTITUTE(SUBSTITUTE(SUBSTITUTE(SUBSTITUTE(SUBSTITUTE(SUBSTITUTE(UPPER(_xlpm.a)," ",""),"CONTROL","CTRL"),"CTL","CTRL"),"ESCAPE","ESC"),"RETURN","ENTER"),"PAGEDOWN","PGDN"),"PGDOWN","PGDN"),"PAGEUP","PGUP"),"ARROWKEYS","ARROW"),"ARROWKEY","ARROW"),"ARROWS","ARROW"),"DOWNARROW","DOWN"),"UPARROW","UP"),"LEFTARROW","LEFT"),"RIGHTARROW","RIGHT"),"ARROWDOWN","DOWN"),"ARROWUP","UP"),"ARROWLEFT","LEFT"),"ARROWRIGHT","RIGHT"),"↓","DOWN"),"↑","UP"),"←","LEFT"),"→","RIGHT"),"SPACEBAR","SPACE"),"−","-"),"MINUS","-"),"PLUS","+")=Key!$E$5:$T$5),"✔ CLEAR","✘ TRY AGAIN"))),"✘ TRY AGAIN")} | F15: {=IF(E15="Show hint",Key!$B$5,"")} | G15: {=IF(LEFT(D15,1)="✔",IF(E15="Show hint",5,10),0)} -> 0
A16: W5 | B16: Which keys save the workbook? (from S4-2 Sheet Master) | D16: {=IFERROR(_xlfn.LET(_xlpm.a,'F4-1 Seeker'!$C$16,IF(TRIM(_xlpm.a&"")="","",IF(OR(SUBSTITUTE(SUBSTITUTE(SUBSTITUTE(SUBSTITUTE(SUBSTITUTE(SUBSTITUTE(SUBSTITUTE(SUBSTITUTE(SUBSTITUTE(SUBSTITUTE(SUBSTITUTE(SUBSTITUTE(SUBSTITUTE(SUBSTITUTE(SUBSTITUTE(SUBSTITUTE(SUBSTITUTE(SUBSTITUTE(SUBSTITUTE(SUBSTITUTE(SUBSTITUTE(SUBSTITUTE(SUBSTITUTE(SUBSTITUTE(SUBSTITUTE(SUBSTITUTE(SUBSTITUTE(UPPER(_xlpm.a)," ",""),"CONTROL","CTRL"),"CTL","CTRL"),"ESCAPE","ESC"),"RETURN","ENTER"),"PAGEDOWN","PGDN"),"PGDOWN","PGDN"),"PAGEUP","PGUP"),"ARROWKEYS","ARROW"),"ARROWKEY","ARROW"),"ARROWS","ARROW"),"DOWNARROW","DOWN"),"UPARROW","UP"),"LEFTARROW","LEFT"),"RIGHTARROW","RIGHT"),"ARROWDOWN","DOWN"),"ARROWUP","UP"),"ARROWLEFT","LEFT"),"ARROWRIGHT","RIGHT"),"↓","DOWN"),"↑","UP"),"←","LEFT"),"→","RIGHT"),"SPACEBAR","SPACE"),"−","-"),"MINUS","-"),"PLUS","+")=Key!$E$6:$E$6),"✔ CLEAR","✘ TRY AGAIN"))),"✘ TRY AGAIN")} | F16: {=IF(E16="Show hint",Key!$B$6,"")} | G16: {=IF(LEFT(D16,1)="✔",IF(E16="Show hint",5,10),0)} -> 0
A17: W6 | B17: Which key opens Save As? (from S4-2 Sheet Master) | D17: {=IFERROR(_xlfn.LET(_xlpm.a,'F4-1 Seeker'!$C$17,IF(TRIM(_xlpm.a&"")="","",IF(OR(SUBSTITUTE(SUBSTITUTE(SUBSTITUTE(SUBSTITUTE(SUBSTITUTE(SUBSTITUTE(SUBSTITUTE(SUBSTITUTE(SUBSTITUTE(SUBSTITUTE(SUBSTITUTE(SUBSTITUTE(SUBSTITUTE(SUBSTITUTE(SUBSTITUTE(SUBSTITUTE(SUBSTITUTE(SUBSTITUTE(SUBSTITUTE(SUBSTITUTE(SUBSTITUTE(SUBSTITUTE(SUBSTITUTE(SUBSTITUTE(SUBSTITUTE(SUBSTITUTE(SUBSTITUTE(UPPER(_xlpm.a)," ",""),"CONTROL","CTRL"),"CTL","CTRL"),"ESCAPE","ESC"),"RETURN","ENTER"),"PAGEDOWN","PGDN"),"PGDOWN","PGDN"),"PAGEUP","PGUP"),"ARROWKEYS","ARROW"),"ARROWKEY","ARROW"),"ARROWS","ARROW"),"DOWNARROW","DOWN"),"UPARROW","UP"),"LEFTARROW","LEFT"),"RIGHTARROW","RIGHT"),"ARROWDOWN","DOWN"),"ARROWUP","UP"),"ARROWLEFT","LEFT"),"ARROWRIGHT","RIGHT"),"↓","DOWN"),"↑","UP"),"←","LEFT"),"→","RIGHT"),"SPACEBAR","SPACE"),"−","-"),"MINUS","-"),"PLUS","+")=Key!$E$7:$E$7),"✔ CLEAR","✘ TRY AGAIN"))),"✘ TRY AGAIN")} | F17: {=IF(E17="Show hint",Key!$B$7,"")} | G17: {=IF(LEFT(D17,1)="✔",IF(E17="Show hint",5,10),0)} -> 0
A18: W7 | B18: Which keys create a new blank workbook? (from S4-2 Sheet Master) | D18: {=IFERROR(_xlfn.LET(_xlpm.a,'F4-1 Seeker'!$C$18,IF(TRIM(_xlpm.a&"")="","",IF(OR(SUBSTITUTE(SUBSTITUTE(SUBSTITUTE(SUBSTITUTE(SUBSTITUTE(SUBSTITUTE(SUBSTITUTE(SUBSTITUTE(SUBSTITUTE(SUBSTITUTE(SUBSTITUTE(SUBSTITUTE(SUBSTITUTE(SUBSTITUTE(SUBSTITUTE(SUBSTITUTE(SUBSTITUTE(SUBSTITUTE(SUBSTITUTE(SUBSTITUTE(SUBSTITUTE(SUBSTITUTE(SUBSTITUTE(SUBSTITUTE(SUBSTITUTE(SUBSTITUTE(SUBSTITUTE(UPPER(_xlpm.a)," ",""),"CONTROL","CTRL"),"CTL","CTRL"),"ESCAPE","ESC"),"RETURN","ENTER"),"PAGEDOWN","PGDN"),"PGDOWN","PGDN"),"PAGEUP","PGUP"),"ARROWKEYS","ARROW"),"ARROWKEY","ARROW"),"ARROWS","ARROW"),"DOWNARROW","DOWN"),"UPARROW","UP"),"LEFTARROW","LEFT"),"RIGHTARROW","RIGHT"),"ARROWDOWN","DOWN"),"ARROWUP","UP"),"ARROWLEFT","LEFT"),"ARROWRIGHT","RIGHT"),"↓","DOWN"),"↑","UP"),"←","LEFT"),"→","RIGHT"),"SPACEBAR","SPACE"),"−","-"),"MINUS","-"),"PLUS","+")=Key!$E$8:$E$8),"✔ CLEAR","✘ TRY AGAIN"))),"✘ TRY AGAIN")} | F18: {=IF(E18="Show hint",Key!$B$8,"")} | G18: {=IF(LEFT(D18,1)="✔",IF(E18="Show hint",5,10),0)} -> 0
A19: W8 | B19: Which keys open a workbook? (from S4-2 Sheet Master) | D19: {=IFERROR(_xlfn.LET(_xlpm.a,'F4-1 Seeker'!$C$19,IF(TRIM(_xlpm.a&"")="","",IF(OR(SUBSTITUTE(SUBSTITUTE(SUBSTITUTE(SUBSTITUTE(SUBSTITUTE(SUBSTITUTE(SUBSTITUTE(SUBSTITUTE(SUBSTITUTE(SUBSTITUTE(SUBSTITUTE(SUBSTITUTE(SUBSTITUTE(SUBSTITUTE(SUBSTITUTE(SUBSTITUTE(SUBSTITUTE(SUBSTITUTE(SUBSTITUTE(SUBSTITUTE(SUBSTITUTE(SUBSTITUTE(SUBSTITUTE(SUBSTITUTE(SUBSTITUTE(SUBSTITUTE(SUBSTITUTE(UPPER(_xlpm.a)," ",""),"CONTROL","CTRL"),"CTL","CTRL"),"ESCAPE","ESC"),"RETURN","ENTER"),"PAGEDOWN","PGDN"),"PGDOWN","PGDN"),"PAGEUP","PGUP"),"ARROWKEYS","ARROW"),"ARROWKEY","ARROW"),"ARROWS","ARROW"),"DOWNARROW","DOWN"),"UPARROW","UP"),"LEFTARROW","LEFT"),"RIGHTARROW","RIGHT"),"ARROWDOWN","DOWN"),"ARROWUP","UP"),"ARROWLEFT","LEFT"),"ARROWRIGHT","RIGHT"),"↓","DOWN"),"↑","UP"),"←","LEFT"),"→","RIGHT"),"SPACEBAR","SPACE"),"−","-"),"MINUS","-"),"PLUS","+")=Key!$E$9:$E$9),"✔ CLEAR","✘ TRY AGAIN"))),"✘ TRY AGAIN")} | F19: {=IF(E19="Show hint",Key!$B$9,"")} | G19: {=IF(LEFT(D19,1)="✔",IF(E19="Show hint",5,10),0)} -> 0
A20: W9 | B20: Which keys close the current workbook? (from S4-2 Sheet Master) | D20: {=IFERROR(_xlfn.LET(_xlpm.a,'F4-1 Seeker'!$C$20,IF(TRIM(_xlpm.a&"")="","",IF(OR(SUBSTITUTE(SUBSTITUTE(SUBSTITUTE(SUBSTITUTE(SUBSTITUTE(SUBSTITUTE(SUBSTITUTE(SUBSTITUTE(SUBSTITUTE(SUBSTITUTE(SUBSTITUTE(SUBSTITUTE(SUBSTITUTE(SUBSTITUTE(SUBSTITUTE(SUBSTITUTE(SUBSTITUTE(SUBSTITUTE(SUBSTITUTE(SUBSTITUTE(SUBSTITUTE(SUBSTITUTE(SUBSTITUTE(SUBSTITUTE(SUBSTITUTE(SUBSTITUTE(SUBSTITUTE(UPPER(_xlpm.a)," ",""),"CONTROL","CTRL"),"CTL","CTRL"),"ESCAPE","ESC"),"RETURN","ENTER"),"PAGEDOWN","PGDN"),"PGDOWN","PGDN"),"PAGEUP","PGUP"),"ARROWKEYS","ARROW"),"ARROWKEY","ARROW"),"ARROWS","ARROW"),"DOWNARROW","DOWN"),"UPARROW","UP"),"LEFTARROW","LEFT"),"RIGHTARROW","RIGHT"),"ARROWDOWN","DOWN"),"ARROWUP","UP"),"ARROWLEFT","LEFT"),"ARROWRIGHT","RIGHT"),"↓","DOWN"),"↑","UP"),"←","LEFT"),"→","RIGHT"),"SPACEBAR","SPACE"),"−","-"),"MINUS","-"),"PLUS","+")=Key!$E$10:$E$10),"✔ CLEAR","✘ TRY AGAIN"))),"✘ TRY AGAIN")} | F20: {=IF(E20="Show hint",Key!$B$10,"")} | G20: {=IF(LEFT(D20,1)="✔",IF(E20="Show hint",5,10),0)} -> 0
A21: W10 | B21: Which keys open Print? (from S4-2 Sheet Master) | D21: {=IFERROR(_xlfn.LET(_xlpm.a,'F4-1 Seeker'!$C$21,IF(TRIM(_xlpm.a&"")="","",IF(OR(SUBSTITUTE(SUBSTITUTE(SUBSTITUTE(SUBSTITUTE(SUBSTITUTE(SUBSTITUTE(SUBSTITUTE(SUBSTITUTE(SUBSTITUTE(SUBSTITUTE(SUBSTITUTE(SUBSTITUTE(SUBSTITUTE(SUBSTITUTE(SUBSTITUTE(SUBSTITUTE(SUBSTITUTE(SUBSTITUTE(SUBSTITUTE(SUBSTITUTE(SUBSTITUTE(SUBSTITUTE(SUBSTITUTE(SUBSTITUTE(SUBSTITUTE(SUBSTITUTE(SUBSTITUTE(UPPER(_xlpm.a)," ",""),"CONTROL","CTRL"),"CTL","CTRL"),"ESCAPE","ESC"),"RETURN","ENTER"),"PAGEDOWN","PGDN"),"PGDOWN","PGDN"),"PAGEUP","PGUP"),"ARROWKEYS","ARROW"),"ARROWKEY","ARROW"),"ARROWS","ARROW"),"DOWNARROW","DOWN"),"UPARROW","UP"),"LEFTARROW","LEFT"),"RIGHTARROW","RIGHT"),"ARROWDOWN","DOWN"),"ARROWUP","UP"),"ARROWLEFT","LEFT"),"ARROWRIGHT","RIGHT"),"↓","DOWN"),"↑","UP"),"←","LEFT"),"→","RIGHT"),"SPACEBAR","SPACE"),"−","-"),"MINUS","-"),"PLUS","+")=Key!$E$11:$E$11),"✔ CLEAR","✘ TRY AGAIN"))),"✘ TRY AGAIN")} | F21: {=IF(E21="Show hint",Key!$B$11,"")} | G21: {=IF(LEFT(D21,1)="✔",IF(E21="Show hint",5,10),0)} -> 0
A23: TRAINING · recognize the move (pick from the list)
A24: # | B24: Mission | C24: Your answer | D24: Result | E24: Hint? | F24: Hint | G24: XP
A25: T1 | B25: Which modern function finds a value and returns the matching item from another column? | D25: {=IFERROR(IF('F4-1 Seeker'!$C$25&""="","",IF('F4-1 Seeker'!$C$25&""=Key!$C$12&"","✔ CLEAR","✘ TRY AGAIN")),"✘ TRY AGAIN")} | F25: {=IF(E25="Show hint",Key!$B$12,"")} | G25: {=IF(LEFT(D25,1)="✔",IF(E25="Show hint",5,10),0)} -> 0
A26: T2 | B26: Which symbol locks a range so it doesn't shift when you fill down? | D26: {=IFERROR(IF('F4-1 Seeker'!$C$26&""="","",IF('F4-1 Seeker'!$C$26&""=Key!$C$13&"","✔ CLEAR","✘ TRY AGAIN")),"✘ TRY AGAIN")} | F26: {=IF(E26="Show hint",Key!$B$13,"")} | G26: {=IF(LEFT(D26,1)="✔",IF(E26="Show hint",5,10),0)} -> 0
A28: CHALLENGES · recall it, then do it
B29: ▶ Open F4-1 Arena (or press Ctrl+PgDn)
A30: # | B30: Mission | C30: Your answer | D30: Result | E30: Hint? | F30: Hint | G30: XP
A31: C1 | B31: Which modern function finds a value and returns the matching item from another column? | D31: {=IFERROR(_xlfn.LET(_xlpm.a,'F4-1 Seeker'!$C$31,IF(TRIM(_xlpm.a&"")="","",IF(OR(SUBSTITUTE(SUBSTITUTE(SUBSTITUTE(SUBSTITUTE(SUBSTITUTE(SUBSTITUTE(SUBSTITUTE(SUBSTITUTE(SUBSTITUTE(SUBSTITUTE(SUBSTITUTE(SUBSTITUTE(SUBSTITUTE(SUBSTITUTE(SUBSTITUTE(SUBSTITUTE(SUBSTITUTE(SUBSTITUTE(SUBSTITUTE(SUBSTITUTE(SUBSTITUTE(SUBSTITUTE(SUBSTITUTE(SUBSTITUTE(SUBSTITUTE(SUBSTITUTE(SUBSTITUTE(UPPER(_xlpm.a)," ",""),"CONTROL","CTRL"),"CTL","CTRL"),"ESCAPE","ESC"),"RETURN","ENTER"),"PAGEDOWN","PGDN"),"PGDOWN","PGDN"),"PAGEUP","PGUP"),"ARROWKEYS","ARROW"),"ARROWKEY","ARROW"),"ARROWS","ARROW"),"DOWNARROW","DOWN"),"UPARROW","UP"),"LEFTARROW","LEFT"),"RIGHTARROW","RIGHT"),"ARROWDOWN","DOWN"),"ARROWUP","UP"),"ARROWLEFT","LEFT"),"ARROWRIGHT","RIGHT"),"↓","DOWN"),"↑","UP"),"←","LEFT"),"→","RIGHT"),"SPACEBAR","SPACE"),"−","-"),"MINUS","-"),"PLUS","+")=Key!$E$14:$J$14),"✔ CLEAR","✘ TRY AGAIN"))),"✘ TRY AGAIN")} | F31: {=IF(E31="Show hint",Key!$B$14,"")} | G31: {=IF(LEFT(D31,1)="✔",IF(E31="Show hint",5,10),0)} -> 0
A32: C2 | B32: Which symbol locks a range so it doesn't shift when you fill down? | D32: {=IFERROR(_xlfn.LET(_xlpm.a,'F4-1 Seeker'!$C$32,IF(TRIM(_xlpm.a&"")="","",IF(OR(SUBSTITUTE(SUBSTITUTE(SUBSTITUTE(SUBSTITUTE(SUBSTITUTE(SUBSTITUTE(SUBSTITUTE(SUBSTITUTE(SUBSTITUTE(SUBSTITUTE(SUBSTITUTE(SUBSTITUTE(SUBSTITUTE(SUBSTITUTE(SUBSTITUTE(SUBSTITUTE(SUBSTITUTE(SUBSTITUTE(SUBSTITUTE(SUBSTITUTE(SUBSTITUTE(SUBSTITUTE(SUBSTITUTE(SUBSTITUTE(SUBSTITUTE(SUBSTITUTE(SUBSTITUTE(UPPER(_xlpm.a)," ",""),"CONTROL","CTRL"),"CTL","CTRL"),"ESCAPE","ESC"),"RETURN","ENTER"),"PAGEDOWN","PGDN"),"PGDOWN","PGDN"),"PAGEUP","PGUP"),"ARROWKEYS","ARROW"),"ARROWKEY","ARROW"),"ARROWS","ARROW"),"DOWNARROW","DOWN"),"UPARROW","UP"),"LEFTARROW","LEFT"),"RIGHTARROW","RIGHT"),"ARROWDOWN","DOWN"),"ARROWUP","UP"),"ARROWLEFT","LEFT"),"ARROWRIGHT","RIGHT"),"↓","DOWN"),"↑","UP"),"←","LEFT"),"→","RIGHT"),"SPACEBAR","SPACE"),"−","-"),"MINUS","-"),"PLUS","+")=Key!$E$15:$G$15),"✔ CLEAR","✘ TRY AGAIN"))),"✘ TRY AGAIN")} | F32: {=IF(E32="Show hint",Key!$B$15,"")} | G32: {=IF(LEFT(D32,1)="✔",IF(E32="Show hint",5,10),0)} -> 0
A33: C3 | B33: In J6 find the Price of the product whose ID is in I6: =XLOOKUP(I6,B6:B20,E6:E20). | C33: ▶ ARENA C3 (cell J6) | D33: {=IF(ISBLANK('F4-1 Arena'!$J$6),"",IF(NOT(_xlfn.ISFORMULA('F4-1 Arena'!$J$6)),"✘ That's a typed value · enter a formula",IF(ISERROR('F4-1 Arena'!$J$6),"✘ Your formula returns "&IFERROR(CHOOSE(ERROR.TYPE('F4-1 Arena'!$J$6),"#NULL!","#DIV/0!","#VALUE!","#REF!","#NAME?","#NUM!","#N/A","#GETTING_DATA","#SPILL!","#CONNECT!","#BLOCKED!","#UNKNOWN!","#FIELD!","#CALC!"),"an error"),IF(NOT(AND(IFERROR(AND(ISNUMBER('F4-1 Arena'!$J$6),ABS('F4-1 Arena'!$J$6-Key!$C$16)<=1E-9*MAX(1,ABS(Key!$C$16))),FALSE))),"✘ TRY AGAIN",IF(AND(OR(ISNUMBER(FIND({"=","(",",","+","-","*","/","&"," ","<",">",":","@","^"}&"XLOOKUP"&"(",UPPER(_xlfn.FORMULATEXT('F4-1 Arena'!$J$6)))))),"✔ CLEAR","✘ CLOSE · right value, but use XLOOKUP")))))} | F33: {=IF(E33="Show hint",Key!$B$16,"")} | G33: {=IF(LEFT(D33,1)="✔",IF(E33="Show hint",5,10),0)} -> 0
A34: C4 | B34: In J10 write =XLOOKUP(I10,$B$6:$B$20,$F$6:$F$20) to get the Stock, then fill down to J13 with Ctrl+D. The $ signs keep the ranges in place. | C34: ▶ ARENA C4 (cell J10) | D34: {=IF(COUNTA('F4-1 Arena'!$J$10,'F4-1 Arena'!$J$11,'F4-1 Arena'!$J$12,'F4-1 Arena'!$J$13)=0,"",IF(OR(NOT(_xlfn.ISFORMULA('F4-1 Arena'!$J$10)),NOT(_xlfn.ISFORMULA('F4-1 Arena'!$J$11)),NOT(_xlfn.ISFORMULA('F4-1 Arena'!$J$12)),NOT(_xlfn.ISFORMULA('F4-1 Arena'!$J$13))),"✘ Some cells aren't formulas yet",IF(OR(ISERROR('F4-1 Arena'!$J$10),ISERROR('F4-1 Arena'!$J$11),ISERROR('F4-1 Arena'!$J$12),ISERROR('F4-1 Arena'!$J$13)),"✘ Some cells show an error",IF(NOT(AND(IFERROR(AND(ISNUMBER('F4-1 Arena'!$J$10),ABS('F4-1 Arena'!$J$10-Key!$E$17)<=1E-9*MAX(1,ABS(Key!$E$17))),FALSE),IFERROR(AND(ISNUMBER('F4-1 Arena'!$J$11),ABS('F4-1 Arena'!$J$11-Key!$F$17)<=1E-9*MAX(1,ABS(Key!$F$17))),FALSE),IFERROR(AND(ISNUMBER('F4-1 Arena'!$J$12),ABS('F4-1 Arena'!$J$12-Key!$G$17)<=1E-9*MAX(1,ABS(Key!$G$17))),FALSE),IFERROR(AND(ISNUMBER('F4-1 Arena'!$J$13),ABS('F4-1 Arena'!$J$13-Key!$H$17)<=1E-9*MAX(1,ABS(Key!$H$17))),FALSE))),"✘ TRY AGAIN",IF(AND(OR(ISNUMBER(FIND({"=","(",",","+","-","*","/","&"," ","<",">",":","@","^"}&"XLOOKUP"&"(",UPPER(_xlfn.FORMULATEXT('F4-1 Arena'!$J$10)))))),IF(ISNUMBER(FIND("$",_xlfn.FORMULATEXT('F4-1 Arena'!$J$10))),"✔ CLEAR","✘ CLOSE · add $ so it fills correctly (F4)"),"✘ CLOSE · right value, but use XLOOKUP")))))} | F34: {=IF(E34="Show hint",Key!$B$17,"")} | G34: {=IF(LEFT(D34,1)="✔",IF(E34="Show hint",5,10),0)} -> 0

Sheet F4-1 Arena
A1: ARENA ▸ F4-1 SEEKER
A2: Practice area · everything here is editable. Missions and their checks are on the stage sheet.
A3: PASS CODE | B3: SEEKER | D3: ◀ Back to F4-1 Seeker
B5: ID | C5: Product | D5: Category | E5: Price | F5: Stock | I5: Find ID | J5: Price
B6: P-01 | C6: Apple | D6: Fruit | E6: 0.5 | F6: 120 | I6: P-07
B7: P-02 | C7: Banana | D7: Fruit | E7: 0.25 | F7: 200
B8: P-03 | C8: Carrot | D8: Veg | E8: 0.3 | F8: 80
B9: P-04 | C9: Dragonfruit | D9: Fruit | E9: 3.5 | F9: 12 | I9: Order IDs | J9: Stock
B10: P-05 | C10: Eggplant | D10: Veg | E10: 1.2 | F10: 30 | I10: P-03
B11: P-06 | C11: Fig | D11: Fruit | E11: 2 | F11: 25 | I11: P-11
B12: P-07 | C12: Garlic | D12: Veg | E12: 0.8 | F12: 60 | I12: P-01
B13: P-08 | C13: Honeydew | D13: Fruit | E13: 4 | F13: 8 | I13: P-14
B14: P-09 | C14: Iceberg | D14: Veg | E14: 1.5 | F14: 40
B15: P-10 | C15: Jalapeno | D15: Veg | E15: 0.2 | F15: 150
B16: P-11 | C16: Kiwi | D16: Fruit | E16: 0.6 | F16: 90
B17: P-12 | C17: Leek | D17: Veg | E17: 1.1 | F17: 35
B18: P-13 | C18: Mango | D18: Fruit | E18: 1.8 | F18: 45
B19: P-14 | C19: Nectarine | D19: Fruit | E19: 0.9 | F19: 70
B20: P-15 | C20: Okra | D20: Veg | E20: 2.2 | F20: 18

Sheet F4-2 Safety Net
A1: STAGE F4-2 ▸ SAFETY NET
A2: Goal: handle missing values and return several columns
A3: {="SCORE "&TEXT(SUM($G$12:$G$34),"0000")&" / 0160"} -> SCORE 0000 / 0160 | C3: {=IF(SUM($G$12:$G$34)>=160,"★★★",IF(SUM($G$12:$G$34)>=160*0.8,"★★☆",IF(SUM($G$12:$G$34)>=160*0.5,"★☆☆","☆☆☆")))} -> ☆☆☆ | D3: {=REPT("█",ROUND(10*SUM($G$12:$G$34)/160,0))&REPT("░",10-ROUND(10*SUM($G$12:$G$34)/160,0))&" "&TEXT(SUM($G$12:$G$34)/160,"0%")} -> ░░░░░░░░░░ 0% | F3: {=IF(SUM($G$12:$G$34)>=160*0.5,"STAGE CLEAR! ▶ Next: F4-3 Old School","")}
A5: BRIEFING · new moves in this stage
A6: # | B6: What it does · Pro tip | C6: Keys / Syntax
A7: 1 | B7: XLOOKUP's 4th argument: what to show when nothing matches. Tip: =XLOOKUP(A2,B:B,C:C,"Not found") instead of #N/A. | C7: if_not_found
A8: 2 | B8: Give XLOOKUP a return range two columns wide and both values spill out. Tip: One formula, several answers side by side. | C8: return 2+ columns
A10: WARM-UP · flashback to earlier stages
A11: # | B11: Mission | C11: Your answer | D11: Result | E11: Hint? | F11: Hint | G11: XP
A12: W1 | B12: Which modern function finds a value and returns the matching item from another column? (from F4-1 Seeker) | D12: {=IFERROR(_xlfn.LET(_xlpm.a,'F4-2 Safety Net'!$C$12,IF(TRIM(_xlpm.a&"")="","",IF(OR(SUBSTITUTE(SUBSTITUTE(SUBSTITUTE(SUBSTITUTE(SUBSTITUTE(SUBSTITUTE(SUBSTITUTE(SUBSTITUTE(SUBSTITUTE(SUBSTITUTE(SUBSTITUTE(SUBSTITUTE(SUBSTITUTE(SUBSTITUTE(SUBSTITUTE(SUBSTITUTE(SUBSTITUTE(SUBSTITUTE(SUBSTITUTE(SUBSTITUTE(SUBSTITUTE(SUBSTITUTE(SUBSTITUTE(SUBSTITUTE(SUBSTITUTE(SUBSTITUTE(SUBSTITUTE(UPPER(_xlpm.a)," ",""),"CONTROL","CTRL"),"CTL","CTRL"),"ESCAPE","ESC"),"RETURN","ENTER"),"PAGEDOWN","PGDN"),"PGDOWN","PGDN"),"PAGEUP","PGUP"),"ARROWKEYS","ARROW"),"ARROWKEY","ARROW"),"ARROWS","ARROW"),"DOWNARROW","DOWN"),"UPARROW","UP"),"LEFTARROW","LEFT"),"RIGHTARROW","RIGHT"),"ARROWDOWN","DOWN"),"ARROWUP","UP"),"ARROWLEFT","LEFT"),"ARROWRIGHT","RIGHT"),"↓","DOWN"),"↑","UP"),"←","LEFT"),"→","RIGHT"),"SPACEBAR","SPACE"),"−","-"),"MINUS","-"),"PLUS","+")=Key!$E$18:$J$18),"✔ CLEAR","✘ TRY AGAIN"))),"✘ TRY AGAIN")} | F12: {=IF(E12="Show hint",Key!$B$18,"")} | G12: {=IF(LEFT(D12,1)="✔",IF(E12="Show hint",5,10),0)} -> 0
A13: W2 | B13: Which symbol locks a range so it doesn't shift when you fill down? (from F4-1 Seeker) | D13: {=IFERROR(_xlfn.LET(_xlpm.a,'F4-2 Safety Net'!$C$13,IF(TRIM(_xlpm.a&"")="","",IF(OR(SUBSTITUTE(SUBSTITUTE(SUBSTITUTE(SUBSTITUTE(SUBSTITUTE(SUBSTITUTE(SUBSTITUTE(SUBSTITUTE(SUBSTITUTE(SUBSTITUTE(SUBSTITUTE(SUBSTITUTE(SUBSTITUTE(SUBSTITUTE(SUBSTITUTE(SUBSTITUTE(SUBSTITUTE(SUBSTITUTE(SUBSTITUTE(SUBSTITUTE(SUBSTITUTE(SUBSTITUTE(SUBSTITUTE(SUBSTITUTE(SUBSTITUTE(SUBSTITUTE(SUBSTITUTE(UPPER(_xlpm.a)," ",""),"CONTROL","CTRL"),"CTL","CTRL"),"ESCAPE","ESC"),"RETURN","ENTER"),"PAGEDOWN","PGDN"),"PGDOWN","PGDN"),"PAGEUP","PGUP"),"ARROWKEYS","ARROW"),"ARROWKEY","ARROW"),"ARROWS","ARROW"),"DOWNARROW","DOWN"),"UPARROW","UP"),"LEFTARROW","LEFT"),"RIGHTARROW","RIGHT"),"ARROWDOWN","DOWN"),"ARROWUP","UP"),"ARROWLEFT","LEFT"),"ARROWRIGHT","RIGHT"),"↓","DOWN"),"↑","UP"),"←","LEFT"),"→","RIGHT"),"SPACEBAR","SPACE"),"−","-"),"MINUS","-"),"PLUS","+")=Key!$E$19:$G$19),"✔ CLEAR","✘ TRY AGAIN"))),"✘ TRY AGAIN")} | F13: {=IF(E13="Show hint",Key!$B$19,"")} | G13: {=IF(LEFT(D13,1)="✔",IF(E13="Show hint",5,10),0)} -> 0
A14: W3 | B14: Which keys open Find? (from S4-3 Detective) | D14: {=IFERROR(_xlfn.LET(_xlpm.a,'F4-2 Safety Net'!$C$14,IF(TRIM(_xlpm.a&"")="","",IF(OR(SUBSTITUTE(SUBSTITUTE(SUBSTITUTE(SUBSTITUTE(SUBSTITUTE(SUBSTITUTE(SUBSTITUTE(SUBSTITUTE(SUBSTITUTE(SUBSTITUTE(SUBSTITUTE(SUBSTITUTE(SUBSTITUTE(SUBSTITUTE(SUBSTITUTE(SUBSTITUTE(SUBSTITUTE(SUBSTITUTE(SUBSTITUTE(SUBSTITUTE(SUBSTITUTE(SUBSTITUTE(SUBSTITUTE(SUBSTITUTE(SUBSTITUTE(SUBSTITUTE(SUBSTITUTE(UPPER(_xlpm.a)," ",""),"CONTROL","CTRL"),"CTL","CTRL"),"ESCAPE","ESC"),"RETURN","ENTER"),"PAGEDOWN","PGDN"),"PGDOWN","PGDN"),"PAGEUP","PGUP"),"ARROWKEYS","ARROW"),"ARROWKEY","ARROW"),"ARROWS","ARROW"),"DOWNARROW","DOWN"),"UPARROW","UP"),"LEFTARROW","LEFT"),"RIGHTARROW","RIGHT"),"ARROWDOWN","DOWN"),"ARROWUP","UP"),"ARROWLEFT","LEFT"),"ARROWRIGHT","RIGHT"),"↓","DOWN"),"↑","UP"),"←","LEFT"),"→","RIGHT"),"SPACEBAR","SPACE"),"−","-"),"MINUS","-"),"PLUS","+")=Key!$E$20:$E$20),"✔ CLEAR","✘ TRY AGAIN"))),"✘ TRY AGAIN")} | F14: {=IF(E14="Show hint",Key!$B$20,"")} | G14: {=IF(LEFT(D14,1)="✔",IF(E14="Show hint",5,10),0)} -> 0
A15: W4 | B15: Which keys open Find and Replace on the Replace tab? (from S4-3 Detective) | D15: {=IFERROR(_xlfn.LET(_xlpm.a,'F4-2 Safety Net'!$C$15,IF(TRIM(_xlpm.a&"")="","",IF(OR(SUBSTITUTE(SUBSTITUTE(SUBSTITUTE(SUBSTITUTE(SUBSTITUTE(SUBSTITUTE(SUBSTITUTE(SUBSTITUTE(SUBSTITUTE(SUBSTITUTE(SUBSTITUTE(SUBSTITUTE(SUBSTITUTE(SUBSTITUTE(SUBSTITUTE(SUBSTITUTE(SUBSTITUTE(SUBSTITUTE(SUBSTITUTE(SUBSTITUTE(SUBSTITUTE(SUBSTITUTE(SUBSTITUTE(SUBSTITUTE(SUBSTITUTE(SUBSTITUTE(SUBSTITUTE(UPPER(_xlpm.a)," ",""),"CONTROL","CTRL"),"CTL","CTRL"),"ESCAPE","ESC"),"RETURN","ENTER"),"PAGEDOWN","PGDN"),"PGDOWN","PGDN"),"PAGEUP","PGUP"),"ARROWKEYS","ARROW"),"ARROWKEY","ARROW"),"ARROWS","ARROW"),"DOWNARROW","DOWN"),"UPARROW","UP"),"LEFTARROW","LEFT"),"RIGHTARROW","RIGHT"),"ARROWDOWN","DOWN"),"ARROWUP","UP"),"ARROWLEFT","LEFT"),"ARROWRIGHT","RIGHT"),"↓","DOWN"),"↑","UP"),"←","LEFT"),"→","RIGHT"),"SPACEBAR","SPACE"),"−","-"),"MINUS","-"),"PLUS","+")=Key!$E$21:$E$21),"✔ CLEAR","✘ TRY AGAIN"))),"✘ TRY AGAIN")} | F15: {=IF(E15="Show hint",Key!$B$21,"")} | G15: {=IF(LEFT(D15,1)="✔",IF(E15="Show hint",5,10),0)} -> 0
A16: W5 | B16: Which function is TRUE when a value is a number? (from F2-5 Error Shield) | D16: {=IFERROR(_xlfn.LET(_xlpm.a,'F4-2 Safety Net'!$C$16,IF(TRIM(_xlpm.a&"")="","",IF(OR(SUBSTITUTE(SUBSTITUTE(SUBSTITUTE(SUBSTITUTE(SUBSTITUTE(SUBSTITUTE(SUBSTITUTE(SUBSTITUTE(SUBSTITUTE(SUBSTITUTE(SUBSTITUTE(SUBSTITUTE(SUBSTITUTE(SUBSTITUTE(SUBSTITUTE(SUBSTITUTE(SUBSTITUTE(SUBSTITUTE(SUBSTITUTE(SUBSTITUTE(SUBSTITUTE(SUBSTITUTE(SUBSTITUTE(SUBSTITUTE(SUBSTITUTE(SUBSTITUTE(SUBSTITUTE(UPPER(_xlpm.a)," ",""),"CONTROL","CTRL"),"CTL","CTRL"),"ESCAPE","ESC"),"RETURN","ENTER"),"PAGEDOWN","PGDN"),"PGDOWN","PGDN"),"PAGEUP","PGUP"),"ARROWKEYS","ARROW"),"ARROWKEY","ARROW"),"ARROWS","ARROW"),"DOWNARROW","DOWN"),"UPARROW","UP"),"LEFTARROW","LEFT"),"RIGHTARROW","RIGHT"),"ARROWDOWN","DOWN"),"ARROWUP","UP"),"ARROWLEFT","LEFT"),"ARROWRIGHT","RIGHT"),"↓","DOWN"),"↑","UP"),"←","LEFT"),"→","RIGHT"),"SPACEBAR","SPACE"),"−","-"),"MINUS","-"),"PLUS","+")=Key!$E$22:$J$22),"✔ CLEAR","✘ TRY AGAIN"))),"✘ TRY AGAIN")} | F16: {=IF(E16="Show hint",Key!$B$22,"")} | G16: {=IF(LEFT(D16,1)="✔",IF(E16="Show hint",5,10),0)} -> 0
A17: W6 | B17: Which keys apply the Currency format? (from S3-1 Number Skins) | D17: {=IFERROR(_xlfn.LET(_xlpm.a,'F4-2 Safety Net'!$C$17,IF(TRIM(_xlpm.a&"")="","",IF(OR(SUBSTITUTE(SUBSTITUTE(SUBSTITUTE(SUBSTITUTE(SUBSTITUTE(SUBSTITUTE(SUBSTITUTE(SUBSTITUTE(SUBSTITUTE(SUBSTITUTE(SUBSTITUTE(SUBSTITUTE(SUBSTITUTE(SUBSTITUTE(SUBSTITUTE(SUBSTITUTE(SUBSTITUTE(SUBSTITUTE(SUBSTITUTE(SUBSTITUTE(SUBSTITUTE(SUBSTITUTE(SUBSTITUTE(SUBSTITUTE(SUBSTITUTE(SUBSTITUTE(SUBSTITUTE(UPPER(_xlpm.a)," ",""),"CONTROL","CTRL"),"CTL","CTRL"),"ESCAPE","ESC"),"RETURN","ENTER"),"PAGEDOWN","PGDN"),"PGDOWN","PGDN"),"PAGEUP","PGUP"),"ARROWKEYS","ARROW"),"ARROWKEY","ARROW"),"ARROWS","ARROW"),"DOWNARROW","DOWN"),"UPARROW","UP"),"LEFTARROW","LEFT"),"RIGHTARROW","RIGHT"),"ARROWDOWN","DOWN"),"ARROWUP","UP"),"ARROWLEFT","LEFT"),"ARROWRIGHT","RIGHT"),"↓","DOWN"),"↑","UP"),"←","LEFT"),"→","RIGHT"),"SPACEBAR","SPACE"),"−","-"),"MINUS","-"),"PLUS","+")=Key!$E$23:$H$23),"✔ CLEAR","✘ TRY AGAIN"))),"✘ TRY AGAIN")} | F17: {=IF(E17="Show hint",Key!$B$23,"")} | G17: {=IF(LEFT(D17,1)="✔",IF(E17="Show hint",5,10),0)} -> 0
A18: W7 | B18: Which keys apply the Percent format? (from S3-1 Number Skins) | D18: {=IFERROR(_xlfn.LET(_xlpm.a,'F4-2 Safety Net'!$C$18,IF(TRIM(_xlpm.a&"")="","",IF(OR(SUBSTITUTE(SUBSTITUTE(SUBSTITUTE(SUBSTITUTE(SUBSTITUTE(SUBSTITUTE(SUBSTITUTE(SUBSTITUTE(SUBSTITUTE(SUBSTITUTE(SUBSTITUTE(SUBSTITUTE(SUBSTITUTE(SUBSTITUTE(SUBSTITUTE(SUBSTITUTE(SUBSTITUTE(SUBSTITUTE(SUBSTITUTE(SUBSTITUTE(SUBSTITUTE(SUBSTITUTE(SUBSTITUTE(SUBSTITUTE(SUBSTITUTE(SUBSTITUTE(SUBSTITUTE(UPPER(_xlpm.a)," ",""),"CONTROL","CTRL"),"CTL","CTRL"),"ESCAPE","ESC"),"RETURN","ENTER"),"PAGEDOWN","PGDN"),"PGDOWN","PGDN"),"PAGEUP","PGUP"),"ARROWKEYS","ARROW"),"ARROWKEY","ARROW"),"ARROWS","ARROW"),"DOWNARROW","DOWN"),"UPARROW","UP"),"LEFTARROW","LEFT"),"RIGHTARROW","RIGHT"),"ARROWDOWN","DOWN"),"ARROWUP","UP"),"ARROWLEFT","LEFT"),"ARROWRIGHT","RIGHT"),"↓","DOWN"),"↑","UP"),"←","LEFT"),"→","RIGHT"),"SPACEBAR","SPACE"),"−","-"),"MINUS","-"),"PLUS","+")=Key!$E$24:$H$24),"✔ CLEAR","✘ TRY AGAIN"))),"✘ TRY AGAIN")} | F18: {=IF(E18="Show hint",Key!$B$24,"")} | G18: {=IF(LEFT(D18,1)="✔",IF(E18="Show hint",5,10),0)} -> 0
A19: W8 | B19: Which keys apply the Number format with a thousands separator? (from S3-1 Number Skins) | D19: {=IFERROR(_xlfn.LET(_xlpm.a,'F4-2 Safety Net'!$C$19,IF(TRIM(_xlpm.a&"")="","",IF(OR(SUBSTITUTE(SUBSTITUTE(SUBSTITUTE(SUBSTITUTE(SUBSTITUTE(SUBSTITUTE(SUBSTITUTE(SUBSTITUTE(SUBSTITUTE(SUBSTITUTE(SUBSTITUTE(SUBSTITUTE(SUBSTITUTE(SUBSTITUTE(SUBSTITUTE(SUBSTITUTE(SUBSTITUTE(SUBSTITUTE(SUBSTITUTE(SUBSTITUTE(SUBSTITUTE(SUBSTITUTE(SUBSTITUTE(SUBSTITUTE(SUBSTITUTE(SUBSTITUTE(SUBSTITUTE(UPPER(_xlpm.a)," ",""),"CONTROL","CTRL"),"CTL","CTRL"),"ESCAPE","ESC"),"RETURN","ENTER"),"PAGEDOWN","PGDN"),"PGDOWN","PGDN"),"PAGEUP","PGUP"),"ARROWKEYS","ARROW"),"ARROWKEY","ARROW"),"ARROWS","ARROW"),"DOWNARROW","DOWN"),"UPARROW","UP"),"LEFTARROW","LEFT"),"RIGHTARROW","RIGHT"),"ARROWDOWN","DOWN"),"ARROWUP","UP"),"ARROWLEFT","LEFT"),"ARROWRIGHT","RIGHT"),"↓","DOWN"),"↑","UP"),"←","LEFT"),"→","RIGHT"),"SPACEBAR","SPACE"),"−","-"),"MINUS","-"),"PLUS","+")=Key!$E$25:$H$25),"✔ CLEAR","✘ TRY AGAIN"))),"✘ TRY AGAIN")} | F19: {=IF(E19="Show hint",Key!$B$25,"")} | G19: {=IF(LEFT(D19,1)="✔",IF(E19="Show hint",5,10),0)} -> 0
A20: W9 | B20: Which keys apply the Date format? (from S3-1 Number Skins) | D20: {=IFERROR(_xlfn.LET(_xlpm.a,'F4-2 Safety Net'!$C$20,IF(TRIM(_xlpm.a&"")="","",IF(OR(SUBSTITUTE(SUBSTITUTE(SUBSTITUTE(SUBSTITUTE(SUBSTITUTE(SUBSTITUTE(SUBSTITUTE(SUBSTITUTE(SUBSTITUTE(SUBSTITUTE(SUBSTITUTE(SUBSTITUTE(SUBSTITUTE(SUBSTITUTE(SUBSTITUTE(SUBSTITUTE(SUBSTITUTE(SUBSTITUTE(SUBSTITUTE(SUBSTITUTE(SUBSTITUTE(SUBSTITUTE(SUBSTITUTE(SUBSTITUTE(SUBSTITUTE(SUBSTITUTE(SUBSTITUTE(UPPER(_xlpm.a)," ",""),"CONTROL","CTRL"),"CTL","CTRL"),"ESCAPE","ESC"),"RETURN","ENTER"),"PAGEDOWN","PGDN"),"PGDOWN","PGDN"),"PAGEUP","PGUP"),"ARROWKEYS","ARROW"),"ARROWKEY","ARROW"),"ARROWS","ARROW"),"DOWNARROW","DOWN"),"UPARROW","UP"),"LEFTARROW","LEFT"),"RIGHTARROW","RIGHT"),"ARROWDOWN","DOWN"),"ARROWUP","UP"),"ARROWLEFT","LEFT"),"ARROWRIGHT","RIGHT"),"↓","DOWN"),"↑","UP"),"←","LEFT"),"→","RIGHT"),"SPACEBAR","SPACE"),"−","-"),"MINUS","-"),"PLUS","+")=Key!$E$26:$H$26),"✔ CLEAR","✘ TRY AGAIN"))),"✘ TRY AGAIN")} | F20: {=IF(E20="Show hint",Key!$B$26,"")} | G20: {=IF(LEFT(D20,1)="✔",IF(E20="Show hint",5,10),0)} -> 0
A21: W10 | B21: Which keys apply the Time format? (from S3-1 Number Skins) | D21: {=IFERROR(_xlfn.LET(_xlpm.a,'F4-2 Safety Net'!$C$21,IF(TRIM(_xlpm.a&"")="","",IF(OR(SUBSTITUTE(SUBSTITUTE(SUBSTITUTE(SUBSTITUTE(SUBSTITUTE(SUBSTITUTE(SUBSTITUTE(SUBSTITUTE(SUBSTITUTE(SUBSTITUTE(SUBSTITUTE(SUBSTITUTE(SUBSTITUTE(SUBSTITUTE(SUBSTITUTE(SUBSTITUTE(SUBSTITUTE(SUBSTITUTE(SUBSTITUTE(SUBSTITUTE(SUBSTITUTE(SUBSTITUTE(SUBSTITUTE(SUBSTITUTE(SUBSTITUTE(SUBSTITUTE(SUBSTITUTE(UPPER(_xlpm.a)," ",""),"CONTROL","CTRL"),"CTL","CTRL"),"ESCAPE","ESC"),"RETURN","ENTER"),"PAGEDOWN","PGDN"),"PGDOWN","PGDN"),"PAGEUP","PGUP"),"ARROWKEYS","ARROW"),"ARROWKEY","ARROW"),"ARROWS","ARROW"),"DOWNARROW","DOWN"),"UPARROW","UP"),"LEFTARROW","LEFT"),"RIGHTARROW","RIGHT"),"ARROWDOWN","DOWN"),"ARROWUP","UP"),"ARROWLEFT","LEFT"),"ARROWRIGHT","RIGHT"),"↓","DOWN"),"↑","UP"),"←","LEFT"),"→","RIGHT"),"SPACEBAR","SPACE"),"−","-"),"MINUS","-"),"PLUS","+")=Key!$E$27:$H$27),"✔ CLEAR","✘ TRY AGAIN"))),"✘ TRY AGAIN")} | F21: {=IF(E21="Show hint",Key!$B$27,"")} | G21: {=IF(LEFT(D21,1)="✔",IF(E21="Show hint",5,10),0)} -> 0
A23: TRAINING · recognize the move (pick from the list)
A24: # | B24: Mission | C24: Your answer | D24: Result | E24: Hint? | F24: Hint | G24: XP
A25: T1 | B25: Which XLOOKUP argument number sets the result when no match is found? | D25: {=IFERROR(IF('F4-2 Safety Net'!$C$25&""="","",IF('F4-2 Safety Net'!$C$25&""=Key!$C$28&"","✔ CLEAR","✘ TRY AGAIN")),"✘ TRY AGAIN")} | F25: {=IF(E25="Show hint",Key!$B$28,"")} | G25: {=IF(LEFT(D25,1)="✔",IF(E25="Show hint",5,10),0)} -> 0
A26: T2 | B26: If the return array is E6:F20, how many columns does the result spill into? | D26: {=IFERROR(IF('F4-2 Safety Net'!$C$26&""="","",IF('F4-2 Safety Net'!$C$26&""=Key!$C$29&"","✔ CLEAR","✘ TRY AGAIN")),"✘ TRY AGAIN")} | F26: {=IF(E26="Show hint",Key!$B$29,"")} | G26: {=IF(LEFT(D26,1)="✔",IF(E26="Show hint",5,10),0)} -> 0
A28: CHALLENGES · recall it, then do it
B29: ▶ Open F4-2 Arena (or press Ctrl+PgDn)
A30: # | B30: Mission | C30: Your answer | D30: Result | E30: Hint? | F30: Hint | G30: XP
A31: C1 | B31: Which XLOOKUP argument number sets the result when no match is found? | D31: {=IFERROR(_xlfn.LET(_xlpm.a,'F4-2 Safety Net'!$C$31,IF(TRIM(_xlpm.a&"")="","",IF(OR(SUBSTITUTE(SUBSTITUTE(SUBSTITUTE(SUBSTITUTE(SUBSTITUTE(SUBSTITUTE(SUBSTITUTE(SUBSTITUTE(SUBSTITUTE(SUBSTITUTE(SUBSTITUTE(SUBSTITUTE(SUBSTITUTE(SUBSTITUTE(SUBSTITUTE(SUBSTITUTE(SUBSTITUTE(SUBSTITUTE(SUBSTITUTE(SUBSTITUTE(SUBSTITUTE(SUBSTITUTE(SUBSTITUTE(SUBSTITUTE(SUBSTITUTE(SUBSTITUTE(SUBSTITUTE(UPPER(_xlpm.a)," ",""),"CONTROL","CTRL"),"CTL","CTRL"),"ESCAPE","ESC"),"RETURN","ENTER"),"PAGEDOWN","PGDN"),"PGDOWN","PGDN"),"PAGEUP","PGUP"),"ARROWKEYS","ARROW"),"ARROWKEY","ARROW"),"ARROWS","ARROW"),"DOWNARROW","DOWN"),"UPARROW","UP"),"LEFTARROW","LEFT"),"RIGHTARROW","RIGHT"),"ARROWDOWN","DOWN"),"ARROWUP","UP"),"ARROWLEFT","LEFT"),"ARROWRIGHT","RIGHT"),"↓","DOWN"),"↑","UP"),"←","LEFT"),"→","RIGHT"),"SPACEBAR","SPACE"),"−","-"),"MINUS","-"),"PLUS","+")=Key!$E$30:$H$30),"✔ CLEAR","✘ TRY AGAIN"))),"✘ TRY AGAIN")} | F31: {=IF(E31="Show hint",Key!$B$30,"")} | G31: {=IF(LEFT(D31,1)="✔",IF(E31="Show hint",5,10),0)} -> 0
A32: C2 | B32: If the return array is E6:F20, how many columns does the result spill into? | D32: {=IFERROR(_xlfn.LET(_xlpm.a,'F4-2 Safety Net'!$C$32,IF(TRIM(_xlpm.a&"")="","",IF(OR(SUBSTITUTE(SUBSTITUTE(SUBSTITUTE(SUBSTITUTE(SUBSTITUTE(SUBSTITUTE(SUBSTITUTE(SUBSTITUTE(SUBSTITUTE(SUBSTITUTE(SUBSTITUTE(SUBSTITUTE(SUBSTITUTE(SUBSTITUTE(SUBSTITUTE(SUBSTITUTE(SUBSTITUTE(SUBSTITUTE(SUBSTITUTE(SUBSTITUTE(SUBSTITUTE(SUBSTITUTE(SUBSTITUTE(SUBSTITUTE(SUBSTITUTE(SUBSTITUTE(SUBSTITUTE(UPPER(_xlpm.a)," ",""),"CONTROL","CTRL"),"CTL","CTRL"),"ESCAPE","ESC"),"RETURN","ENTER"),"PAGEDOWN","PGDN"),"PGDOWN","PGDN"),"PAGEUP","PGUP"),"ARROWKEYS","ARROW"),"ARROWKEY","ARROW"),"ARROWS","ARROW"),"DOWNARROW","DOWN"),"UPARROW","UP"),"LEFTARROW","LEFT"),"RIGHTARROW","RIGHT"),"ARROWDOWN","DOWN"),"ARROWUP","UP"),"ARROWLEFT","LEFT"),"ARROWRIGHT","RIGHT"),"↓","DOWN"),"↑","UP"),"←","LEFT"),"→","RIGHT"),"SPACEBAR","SPACE"),"−","-"),"MINUS","-"),"PLUS","+")=Key!$E$31:$F$31),"✔ CLEAR","✘ TRY AGAIN"))),"✘ TRY AGAIN")} | F32: {=IF(E32="Show hint",Key!$B$31,"")} | G32: {=IF(LEFT(D32,1)="✔",IF(E32="Show hint",5,10),0)} -> 0
A33: C3 | B33: I6 holds an ID that doesn't exist. In J6 look up its Product (column C) and show "Not found" instead of an error. | C33: ▶ ARENA C3 (cell J6) | D33: {=IF(ISBLANK('F4-2 Arena'!$J$6),"",IF(NOT(_xlfn.ISFORMULA('F4-2 Arena'!$J$6)),"✘ That's a typed value · enter a formula",IF(ISERROR('F4-2 Arena'!$J$6),"✘ Your formula returns "&IFERROR(CHOOSE(ERROR.TYPE('F4-2 Arena'!$J$6),"#NULL!","#DIV/0!","#VALUE!","#REF!","#NAME?","#NUM!","#N/A","#GETTING_DATA","#SPILL!","#CONNECT!","#BLOCKED!","#UNKNOWN!","#FIELD!","#CALC!"),"an error"),IF(NOT(AND(IFERROR(AND(ISTEXT('F4-2 Arena'!$J$6),'F4-2 Arena'!$J$6=Key!$C$32),FALSE))),"✘ TRY AGAIN",IF(AND(OR(ISNUMBER(FIND({"=","(",",","+","-","*","/","&"," ","<",">",":","@","^"}&"XLOOKUP"&"(",UPPER(_xlfn.FORMULATEXT('F4-2 Arena'!$J$6)))))),"✔ CLEAR","✘ CLOSE · right value, but use XLOOKUP")))))} | F33: {=IF(E33="Show hint",Key!$B$32,"")} | G33: {=IF(LEFT(D33,1)="✔",IF(E33="Show hint",5,10),0)} -> 0
A34: C4 | B34: In J9 return BOTH the Price and the Stock of the ID in I9 with one XLOOKUP: make the return array E6:F20. | C34: ▶ ARENA C4 (cell J9) | D34: {=IF(ISBLANK('F4-2 Arena'!$J$9),"",IF(NOT(_xlfn.ISFORMULA('F4-2 Arena'!$J$9)),"✘ That's a typed value · enter a formula",IF(ISERROR('F4-2 Arena'!$J$9),"✘ Your formula returns "&IFERROR(CHOOSE(ERROR.TYPE('F4-2 Arena'!$J$9),"#NULL!","#DIV/0!","#VALUE!","#REF!","#NAME?","#NUM!","#N/A","#GETTING_DATA","#SPILL!","#CONNECT!","#BLOCKED!","#UNKNOWN!","#FIELD!","#CALC!"),"an error"),IF(IFERROR(AND(ROWS(_xlfn.ANCHORARRAY('F4-2 Arena'!$J$9))=ROWS(_xlfn.ANCHORARRAY(Key!$E$2001)),COLUMNS(_xlfn.ANCHORARRAY('F4-2 Arena'!$J$9))=COLUMNS(_xlfn.ANCHORARRAY(Key!$E$2001)),SUM(--(_xlfn.ANCHORARRAY('F4-2 Arena'!$J$9)=_xlfn.ANCHORARRAY(Key!$E$2001)))=ROWS(_xlfn.ANCHORARRAY(Key!$E$2001))*COLUMNS(_xlfn.ANCHORARRAY(Key!$E$2001))),FALSE),IF(AND(OR(ISNUMBER(FIND({"=","(",",","+","-","*","/","&"," ","<",">",":","@","^"}&"XLOOKUP"&"(",UPPER(_xlfn.FORMULATEXT('F4-2 Arena'!$J$9)))))),"✔ CLEAR","✘ CLOSE · right result, but use XLOOKUP"),"✘ TRY AGAIN"))))} | F34: {=IF(E34="Show hint",Key!$B$33,"")} | G34: {=IF(LEFT(D34,1)="✔",IF(E34="Show hint",5,10),0)} -> 0

Sheet F4-2 Arena
A1: ARENA ▸ F4-2 SAFETY NET
A2: Practice area · everything here is editable. Missions and their checks are on the stage sheet.
A3: PASS CODE | B3: SAFETYNET | D3: ◀ Back to F4-2 Safety Net
B5: ID | C5: Product | D5: Category | E5: Price | F5: Stock | I5: Find ID | J5: Product
B6: P-01 | C6: Apple | D6: Fruit | E6: 0.5 | F6: 120 | I6: P-99
B7: P-02 | C7: Banana | D7: Fruit | E7: 0.25 | F7: 200
B8: P-03 | C8: Carrot | D8: Veg | E8: 0.3 | F8: 80 | I8: Find ID | J8: Price | K8: Stock
B9: P-04 | C9: Dragonfruit | D9: Fruit | E9: 3.5 | F9: 12 | I9: P-05
B10: P-05 | C10: Eggplant | D10: Veg | E10: 1.2 | F10: 30
B11: P-06 | C11: Fig | D11: Fruit | E11: 2 | F11: 25
B12: P-07 | C12: Garlic | D12: Veg | E12: 0.8 | F12: 60
B13: P-08 | C13: Honeydew | D13: Fruit | E13: 4 | F13: 8
B14: P-09 | C14: Iceberg | D14: Veg | E14: 1.5 | F14: 40
B15: P-10 | C15: Jalapeno | D15: Veg | E15: 0.2 | F15: 150
B16: P-11 | C16: Kiwi | D16: Fruit | E16: 0.6 | F16: 90
B17: P-12 | C17: Leek | D17: Veg | E17: 1.1 | F17: 35
B18: P-13 | C18: Mango | D18: Fruit | E18: 1.8 | F18: 45
B19: P-14 | C19: Nectarine | D19: Fruit | E19: 0.9 | F19: 70
B20: P-15 | C20: Okra | D20: Veg | E20: 2.2 | F20: 18

Sheet F4-3 Old School
A1: STAGE F4-3 ▸ OLD SCHOOL
A2: Goal: read and write classic VLOOKUP
A3: {="SCORE "&TEXT(SUM($G$12:$G$34),"0000")&" / 0160"} -> SCORE 0000 / 0160 | C3: {=IF(SUM($G$12:$G$34)>=160,"★★★",IF(SUM($G$12:$G$34)>=160*0.8,"★★☆",IF(SUM($G$12:$G$34)>=160*0.5,"★☆☆","☆☆☆")))} -> ☆☆☆ | D3: {=REPT("█",ROUND(10*SUM($G$12:$G$34)/160,0))&REPT("░",10-ROUND(10*SUM($G$12:$G$34)/160,0))&" "&TEXT(SUM($G$12:$G$34)/160,"0%")} -> ░░░░░░░░░░ 0% | F3: {=IF(SUM($G$12:$G$34)>=160*0.5,"STAGE CLEAR! ▶ Next: F4-4 Power Couple","")}
A5: BRIEFING · new moves in this stage
A6: # | B6: What it does · Pro tip | C6: Keys / Syntax
A7: 1 | B7: VLOOKUP(value, table, column_number, FALSE) searches the FIRST column of a table. Tip: Still everywhere in older files. | C7: VLOOKUP
A8: 2 | B8: End VLOOKUP with FALSE for an exact match. Tip: Forget it and VLOOKUP may return a wrong neighbor. | C8: FALSE = exact
A10: WARM-UP · flashback to earlier stages
A11: # | B11: Mission | C11: Your answer | D11: Result | E11: Hint? | F11: Hint | G11: XP
A12: W1 | B12: Which XLOOKUP argument number sets the result when no match is found? (from F4-2 Safety Net) | D12: {=IFERROR(_xlfn.LET(_xlpm.a,'F4-3 Old School'!$C$12,IF(TRIM(_xlpm.a&"")="","",IF(OR(SUBSTITUTE(SUBSTITUTE(SUBSTITUTE(SUBSTITUTE(SUBSTITUTE(SUBSTITUTE(SUBSTITUTE(SUBSTITUTE(SUBSTITUTE(SUBSTITUTE(SUBSTITUTE(SUBSTITUTE(SUBSTITUTE(SUBSTITUTE(SUBSTITUTE(SUBSTITUTE(SUBSTITUTE(SUBSTITUTE(SUBSTITUTE(SUBSTITUTE(SUBSTITUTE(SUBSTITUTE(SUBSTITUTE(SUBSTITUTE(SUBSTITUTE(SUBSTITUTE(SUBSTITUTE(UPPER(_xlpm.a)," ",""),"CONTROL","CTRL"),"CTL","CTRL"),"ESCAPE","ESC"),"RETURN","ENTER"),"PAGEDOWN","PGDN"),"PGDOWN","PGDN"),"PAGEUP","PGUP"),"ARROWKEYS","ARROW"),"ARROWKEY","ARROW"),"ARROWS","ARROW"),"DOWNARROW","DOWN"),"UPARROW","UP"),"LEFTARROW","LEFT"),"RIGHTARROW","RIGHT"),"ARROWDOWN","DOWN"),"ARROWUP","UP"),"ARROWLEFT","LEFT"),"ARROWRIGHT","RIGHT"),"↓","DOWN"),"↑","UP"),"←","LEFT"),"→","RIGHT"),"SPACEBAR","SPACE"),"−","-"),"MINUS","-"),"PLUS","+")=Key!$E$34:$H$34),"✔ CLEAR","✘ TRY AGAIN"))),"✘ TRY AGAIN")} | F12: {=IF(E12="Show hint",Key!$B$34,"")} | G12: {=IF(LEFT(D12,1)="✔",IF(E12="Show hint",5,10),0)} -> 0
A13: W2 | B13: If the return array is E6:F20, how many columns does the result spill into? (from F4-2 Safety Net) | D13: {=IFERROR(_xlfn.LET(_xlpm.a,'F4-3 Old School'!$C$13,IF(TRIM(_xlpm.a&"")="","",IF(OR(SUBSTITUTE(SUBSTITUTE(SUBSTITUTE(SUBSTITUTE(SUBSTITUTE(SUBSTITUTE(SUBSTITUTE(SUBSTITUTE(SUBSTITUTE(SUBSTITUTE(SUBSTITUTE(SUBSTITUTE(SUBSTITUTE(SUBSTITUTE(SUBSTITUTE(SUBSTITUTE(SUBSTITUTE(SUBSTITUTE(SUBSTITUTE(SUBSTITUTE(SUBSTITUTE(SUBSTITUTE(SUBSTITUTE(SUBSTITUTE(SUBSTITUTE(SUBSTITUTE(SUBSTITUTE(UPPER(_xlpm.a)," ",""),"CONTROL","CTRL"),"CTL","CTRL"),"ESCAPE","ESC"),"RETURN","ENTER"),"PAGEDOWN","PGDN"),"PGDOWN","PGDN"),"PAGEUP","PGUP"),"ARROWKEYS","ARROW"),"ARROWKEY","ARROW"),"ARROWS","ARROW"),"DOWNARROW","DOWN"),"UPARROW","UP"),"LEFTARROW","LEFT"),"RIGHTARROW","RIGHT"),"ARROWDOWN","DOWN"),"ARROWUP","UP"),"ARROWLEFT","LEFT"),"ARROWRIGHT","RIGHT"),"↓","DOWN"),"↑","UP"),"←","LEFT"),"→","RIGHT"),"SPACEBAR","SPACE"),"−","-"),"MINUS","-"),"PLUS","+")=Key!$E$35:$F$35),"✔ CLEAR","✘ TRY AGAIN"))),"✘ TRY AGAIN")} | F13: {=IF(E13="Show hint",Key!$B$35,"")} | G13: {=IF(LEFT(D13,1)="✔",IF(E13="Show hint",5,10),0)} -> 0
A14: W3 | B14: Which keys turn filter buttons on and off? (from S4-4 Data Wrangler) | D14: {=IFERROR(_xlfn.LET(_xlpm.a,'F4-3 Old School'!$C$14,IF(TRIM(_xlpm.a&"")="","",IF(OR(SUBSTITUTE(SUBSTITUTE(SUBSTITUTE(SUBSTITUTE(SUBSTITUTE(SUBSTITUTE(SUBSTITUTE(SUBSTITUTE(SUBSTITUTE(SUBSTITUTE(SUBSTITUTE(SUBSTITUTE(SUBSTITUTE(SUBSTITUTE(SUBSTITUTE(SUBSTITUTE(SUBSTITUTE(SUBSTITUTE(SUBSTITUTE(SUBSTITUTE(SUBSTITUTE(SUBSTITUTE(SUBSTITUTE(SUBSTITUTE(SUBSTITUTE(SUBSTITUTE(SUBSTITUTE(UPPER(_xlpm.a)," ",""),"CONTROL","CTRL"),"CTL","CTRL"),"ESCAPE","ESC"),"RETURN","ENTER"),"PAGEDOWN","PGDN"),"PGDOWN","PGDN"),"PAGEUP","PGUP"),"ARROWKEYS","ARROW"),"ARROWKEY","ARROW"),"ARROWS","ARROW"),"DOWNARROW","DOWN"),"UPARROW","UP"),"LEFTARROW","LEFT"),"RIGHTARROW","RIGHT"),"ARROWDOWN","DOWN"),"ARROWUP","UP"),"ARROWLEFT","LEFT"),"ARROWRIGHT","RIGHT"),"↓","DOWN"),"↑","UP"),"←","LEFT"),"→","RIGHT"),"SPACEBAR","SPACE"),"−","-"),"MINUS","-"),"PLUS","+")=Key!$E$36:$F$36),"✔ CLEAR","✘ TRY AGAIN"))),"✘ TRY AGAIN")} | F14: {=IF(E14="Show hint",Key!$B$36,"")} | G14: {=IF(LEFT(D14,1)="✔",IF(E14="Show hint",5,10),0)} -> 0
A15: W4 | B15: Which keys open the filter menu of a header cell? (from S4-4 Data Wrangler) | D15: {=IFERROR(_xlfn.LET(_xlpm.a,'F4-3 Old School'!$C$15,IF(TRIM(_xlpm.a&"")="","",IF(OR(SUBSTITUTE(SUBSTITUTE(SUBSTITUTE(SUBSTITUTE(SUBSTITUTE(SUBSTITUTE(SUBSTITUTE(SUBSTITUTE(SUBSTITUTE(SUBSTITUTE(SUBSTITUTE(SUBSTITUTE(SUBSTITUTE(SUBSTITUTE(SUBSTITUTE(SUBSTITUTE(SUBSTITUTE(SUBSTITUTE(SUBSTITUTE(SUBSTITUTE(SUBSTITUTE(SUBSTITUTE(SUBSTITUTE(SUBSTITUTE(SUBSTITUTE(SUBSTITUTE(SUBSTITUTE(UPPER(_xlpm.a)," ",""),"CONTROL","CTRL"),"CTL","CTRL"),"ESCAPE","ESC"),"RETURN","ENTER"),"PAGEDOWN","PGDN"),"PGDOWN","PGDN"),"PAGEUP","PGUP"),"ARROWKEYS","ARROW"),"ARROWKEY","ARROW"),"ARROWS","ARROW"),"DOWNARROW","DOWN"),"UPARROW","UP"),"LEFTARROW","LEFT"),"RIGHTARROW","RIGHT"),"ARROWDOWN","DOWN"),"ARROWUP","UP"),"ARROWLEFT","LEFT"),"ARROWRIGHT","RIGHT"),"↓","DOWN"),"↑","UP"),"←","LEFT"),"→","RIGHT"),"SPACEBAR","SPACE"),"−","-"),"MINUS","-"),"PLUS","+")=Key!$E$37:$E$37),"✔ CLEAR","✘ TRY AGAIN"))),"✘ TRY AGAIN")} | F15: {=IF(E15="Show hint",Key!$B$37,"")} | G15: {=IF(LEFT(D15,1)="✔",IF(E15="Show hint",5,10),0)} -> 0
A16: W5 | B16: Which keys turn a range into a Table? (from S4-4 Data Wrangler) | D16: {=IFERROR(_xlfn.LET(_xlpm.a,'F4-3 Old School'!$C$16,IF(TRIM(_xlpm.a&"")="","",IF(OR(SUBSTITUTE(SUBSTITUTE(SUBSTITUTE(SUBSTITUTE(SUBSTITUTE(SUBSTITUTE(SUBSTITUTE(SUBSTITUTE(SUBSTITUTE(SUBSTITUTE(SUBSTITUTE(SUBSTITUTE(SUBSTITUTE(SUBSTITUTE(SUBSTITUTE(SUBSTITUTE(SUBSTITUTE(SUBSTITUTE(SUBSTITUTE(SUBSTITUTE(SUBSTITUTE(SUBSTITUTE(SUBSTITUTE(SUBSTITUTE(SUBSTITUTE(SUBSTITUTE(SUBSTITUTE(UPPER(_xlpm.a)," ",""),"CONTROL","CTRL"),"CTL","CTRL"),"ESCAPE","ESC"),"RETURN","ENTER"),"PAGEDOWN","PGDN"),"PGDOWN","PGDN"),"PAGEUP","PGUP"),"ARROWKEYS","ARROW"),"ARROWKEY","ARROW"),"ARROWS","ARROW"),"DOWNARROW","DOWN"),"UPARROW","UP"),"LEFTARROW","LEFT"),"RIGHTARROW","RIGHT"),"ARROWDOWN","DOWN"),"ARROWUP","UP"),"ARROWLEFT","LEFT"),"ARROWRIGHT","RIGHT"),"↓","DOWN"),"↑","UP"),"←","LEFT"),"→","RIGHT"),"SPACEBAR","SPACE"),"−","-"),"MINUS","-"),"PLUS","+")=Key!$E$38:$F$38),"✔ CLEAR","✘ TRY AGAIN"))),"✘ TRY AGAIN")} | F16: {=IF(E16="Show hint",Key!$B$38,"")} | G16: {=IF(LEFT(D16,1)="✔",IF(E16="Show hint",5,10),0)} -> 0
A17: W6 | B17: Which KeyTips sort A to Z? (from S4-4 Data Wrangler) | D17: {=IFERROR(_xlfn.LET(_xlpm.a,'F4-3 Old School'!$C$17,IF(TRIM(_xlpm.a&"")="","",IF(OR(SUBSTITUTE(SUBSTITUTE(SUBSTITUTE(SUBSTITUTE(SUBSTITUTE(SUBSTITUTE(SUBSTITUTE(SUBSTITUTE(SUBSTITUTE(SUBSTITUTE(SUBSTITUTE(SUBSTITUTE(SUBSTITUTE(SUBSTITUTE(SUBSTITUTE(SUBSTITUTE(SUBSTITUTE(SUBSTITUTE(SUBSTITUTE(SUBSTITUTE(SUBSTITUTE(SUBSTITUTE(SUBSTITUTE(SUBSTITUTE(SUBSTITUTE(SUBSTITUTE(SUBSTITUTE(UPPER(_xlpm.a)," ",""),"CONTROL","CTRL"),"CTL","CTRL"),"ESCAPE","ESC"),"RETURN","ENTER"),"PAGEDOWN","PGDN"),"PGDOWN","PGDN"),"PAGEUP","PGUP"),"ARROWKEYS","ARROW"),"ARROWKEY","ARROW"),"ARROWS","ARROW"),"DOWNARROW","DOWN"),"UPARROW","UP"),"LEFTARROW","LEFT"),"RIGHTARROW","RIGHT"),"ARROWDOWN","DOWN"),"ARROWUP","UP"),"ARROWLEFT","LEFT"),"ARROWRIGHT","RIGHT"),"↓","DOWN"),"↑","UP"),"←","LEFT"),"→","RIGHT"),"SPACEBAR","SPACE"),"−","-"),"MINUS","-"),"PLUS","+")=Key!$E$39:$T$39),"✔ CLEAR","✘ TRY AGAIN"))),"✘ TRY AGAIN")} | F17: {=IF(E17="Show hint",Key!$B$39,"")} | G17: {=IF(LEFT(D17,1)="✔",IF(E17="Show hint",5,10),0)} -> 0
A18: W7 | B18: Which KeyTips sort Z to A? (from S4-4 Data Wrangler) | D18: {=IFERROR(_xlfn.LET(_xlpm.a,'F4-3 Old School'!$C$18,IF(TRIM(_xlpm.a&"")="","",IF(OR(SUBSTITUTE(SUBSTITUTE(SUBSTITUTE(SUBSTITUTE(SUBSTITUTE(SUBSTITUTE(SUBSTITUTE(SUBSTITUTE(SUBSTITUTE(SUBSTITUTE(SUBSTITUTE(SUBSTITUTE(SUBSTITUTE(SUBSTITUTE(SUBSTITUTE(SUBSTITUTE(SUBSTITUTE(SUBSTITUTE(SUBSTITUTE(SUBSTITUTE(SUBSTITUTE(SUBSTITUTE(SUBSTITUTE(SUBSTITUTE(SUBSTITUTE(SUBSTITUTE(SUBSTITUTE(UPPER(_xlpm.a)," ",""),"CONTROL","CTRL"),"CTL","CTRL"),"ESCAPE","ESC"),"RETURN","ENTER"),"PAGEDOWN","PGDN"),"PGDOWN","PGDN"),"PAGEUP","PGUP"),"ARROWKEYS","ARROW"),"ARROWKEY","ARROW"),"ARROWS","ARROW"),"DOWNARROW","DOWN"),"UPARROW","UP"),"LEFTARROW","LEFT"),"RIGHTARROW","RIGHT"),"ARROWDOWN","DOWN"),"ARROWUP","UP"),"ARROWLEFT","LEFT"),"ARROWRIGHT","RIGHT"),"↓","DOWN"),"↑","UP"),"←","LEFT"),"→","RIGHT"),"SPACEBAR","SPACE"),"−","-"),"MINUS","-"),"PLUS","+")=Key!$E$40:$T$40),"✔ CLEAR","✘ TRY AGAIN"))),"✘ TRY AGAIN")} | F18: {=IF(E18="Show hint",Key!$B$40,"")} | G18: {=IF(LEFT(D18,1)="✔",IF(E18="Show hint",5,10),0)} -> 0
A19: W8 | B19: Which keys insert an instant chart on the sheet? (from S4-4 Data Wrangler) | D19: {=IFERROR(_xlfn.LET(_xlpm.a,'F4-3 Old School'!$C$19,IF(TRIM(_xlpm.a&"")="","",IF(OR(SUBSTITUTE(SUBSTITUTE(SUBSTITUTE(SUBSTITUTE(SUBSTITUTE(SUBSTITUTE(SUBSTITUTE(SUBSTITUTE(SUBSTITUTE(SUBSTITUTE(SUBSTITUTE(SUBSTITUTE(SUBSTITUTE(SUBSTITUTE(SUBSTITUTE(SUBSTITUTE(SUBSTITUTE(SUBSTITUTE(SUBSTITUTE(SUBSTITUTE(SUBSTITUTE(SUBSTITUTE(SUBSTITUTE(SUBSTITUTE(SUBSTITUTE(SUBSTITUTE(SUBSTITUTE(UPPER(_xlpm.a)," ",""),"CONTROL","CTRL"),"CTL","CTRL"),"ESCAPE","ESC"),"RETURN","ENTER"),"PAGEDOWN","PGDN"),"PGDOWN","PGDN"),"PAGEUP","PGUP"),"ARROWKEYS","ARROW"),"ARROWKEY","ARROW"),"ARROWS","ARROW"),"DOWNARROW","DOWN"),"UPARROW","UP"),"LEFTARROW","LEFT"),"RIGHTARROW","RIGHT"),"ARROWDOWN","DOWN"),"ARROWUP","UP"),"ARROWLEFT","LEFT"),"ARROWRIGHT","RIGHT"),"↓","DOWN"),"↑","UP"),"←","LEFT"),"→","RIGHT"),"SPACEBAR","SPACE"),"−","-"),"MINUS","-"),"PLUS","+")=Key!$E$41:$E$41),"✔ CLEAR","✘ TRY AGAIN"))),"✘ TRY AGAIN")} | F19: {=IF(E19="Show hint",Key!$B$41,"")} | G19: {=IF(LEFT(D19,1)="✔",IF(E19="Show hint",5,10),0)} -> 0
A20: W9 | B20: Which keys reset a cell to the General format? (from S3-1 Number Skins) | D20: {=IFERROR(_xlfn.LET(_xlpm.a,'F4-3 Old School'!$C$20,IF(TRIM(_xlpm.a&"")="","",IF(OR(SUBSTITUTE(SUBSTITUTE(SUBSTITUTE(SUBSTITUTE(SUBSTITUTE(SUBSTITUTE(SUBSTITUTE(SUBSTITUTE(SUBSTITUTE(SUBSTITUTE(SUBSTITUTE(SUBSTITUTE(SUBSTITUTE(SUBSTITUTE(SUBSTITUTE(SUBSTITUTE(SUBSTITUTE(SUBSTITUTE(SUBSTITUTE(SUBSTITUTE(SUBSTITUTE(SUBSTITUTE(SUBSTITUTE(SUBSTITUTE(SUBSTITUTE(SUBSTITUTE(SUBSTITUTE(UPPER(_xlpm.a)," ",""),"CONTROL","CTRL"),"CTL","CTRL"),"ESCAPE","ESC"),"RETURN","ENTER"),"PAGEDOWN","PGDN"),"PGDOWN","PGDN"),"PAGEUP","PGUP"),"ARROWKEYS","ARROW"),"ARROWKEY","ARROW"),"ARROWS","ARROW"),"DOWNARROW","DOWN"),"UPARROW","UP"),"LEFTARROW","LEFT"),"RIGHTARROW","RIGHT"),"ARROWDOWN","DOWN"),"ARROWUP","UP"),"ARROWLEFT","LEFT"),"ARROWRIGHT","RIGHT"),"↓","DOWN"),"↑","UP"),"←","LEFT"),"→","RIGHT"),"SPACEBAR","SPACE"),"−","-"),"MINUS","-"),"PLUS","+")=Key!$E$42:$H$42),"✔ CLEAR","✘ TRY AGAIN"))),"✘ TRY AGAIN")} | F20: {=IF(E20="Show hint",Key!$B$42,"")} | G20: {=IF(LEFT(D20,1)="✔",IF(E20="Show hint",5,10),0)} -> 0
A21: W10 | B21: Which keys toggle bold? (from S3-2 Text Style) | D21: {=IFERROR(_xlfn.LET(_xlpm.a,'F4-3 Old School'!$C$21,IF(TRIM(_xlpm.a&"")="","",IF(OR(SUBSTITUTE(SUBSTITUTE(SUBSTITUTE(SUBSTITUTE(SUBSTITUTE(SUBSTITUTE(SUBSTITUTE(SUBSTITUTE(SUBSTITUTE(SUBSTITUTE(SUBSTITUTE(SUBSTITUTE(SUBSTITUTE(SUBSTITUTE(SUBSTITUTE(SUBSTITUTE(SUBSTITUTE(SUBSTITUTE(SUBSTITUTE(SUBSTITUTE(SUBSTITUTE(SUBSTITUTE(SUBSTITUTE(SUBSTITUTE(SUBSTITUTE(SUBSTITUTE(SUBSTITUTE(UPPER(_xlpm.a)," ",""),"CONTROL","CTRL"),"CTL","CTRL"),"ESCAPE","ESC"),"RETURN","ENTER"),"PAGEDOWN","PGDN"),"PGDOWN","PGDN"),"PAGEUP","PGUP"),"ARROWKEYS","ARROW"),"ARROWKEY","ARROW"),"ARROWS","ARROW"),"DOWNARROW","DOWN"),"UPARROW","UP"),"LEFTARROW","LEFT"),"RIGHTARROW","RIGHT"),"ARROWDOWN","DOWN"),"ARROWUP","UP"),"ARROWLEFT","LEFT"),"ARROWRIGHT","RIGHT"),"↓","DOWN"),"↑","UP"),"←","LEFT"),"→","RIGHT"),"SPACEBAR","SPACE"),"−","-"),"MINUS","-"),"PLUS","+")=Key!$E$43:$F$43),"✔ CLEAR","✘ TRY AGAIN"))),"✘ TRY AGAIN")} | F21: {=IF(E21="Show hint",Key!$B$43,"")} | G21: {=IF(LEFT(D21,1)="✔",IF(E21="Show hint",5,10),0)} -> 0
A23: TRAINING · recognize the move (pick from the list)
A24: # | B24: Mission | C24: Your answer | D24: Result | E24: Hint? | F24: Hint | G24: XP
A25: T1 | B25: Which classic function searches the first column of a table and returns a column by number? | D25: {=IFERROR(IF('F4-3 Old School'!$C$25&""="","",IF('F4-3 Old School'!$C$25&""=Key!$C$44&"","✔ CLEAR","✘ TRY AGAIN")),"✘ TRY AGAIN")} | F25: {=IF(E25="Show hint",Key!$B$44,"")} | G25: {=IF(LEFT(D25,1)="✔",IF(E25="Show hint",5,10),0)} -> 0
A26: T2 | B26: Which 4th argument makes VLOOKUP find an exact match? | D26: {=IFERROR(IF('F4-3 Old School'!$C$26&""="","",IF('F4-3 Old School'!$C$26&""=Key!$C$45&"","✔ CLEAR","✘ TRY AGAIN")),"✘ TRY AGAIN")} | F26: {=IF(E26="Show hint",Key!$B$45,"")} | G26: {=IF(LEFT(D26,1)="✔",IF(E26="Show hint",5,10),0)} -> 0
A28: CHALLENGES · recall it, then do it
B29: ▶ Open F4-3 Arena (or press Ctrl+PgDn)
A30: # | B30: Mission | C30: Your answer | D30: Result | E30: Hint? | F30: Hint | G30: XP
A31: C1 | B31: Which classic function searches the first column of a table and returns a column by number? | D31: {=IFERROR(_xlfn.LET(_xlpm.a,'F4-3 Old School'!$C$31,IF(TRIM(_xlpm.a&"")="","",IF(OR(SUBSTITUTE(SUBSTITUTE(SUBSTITUTE(SUBSTITUTE(SUBSTITUTE(SUBSTITUTE(SUBSTITUTE(SUBSTITUTE(SUBSTITUTE(SUBSTITUTE(SUBSTITUTE(SUBSTITUTE(SUBSTITUTE(SUBSTITUTE(SUBSTITUTE(SUBSTITUTE(SUBSTITUTE(SUBSTITUTE(SUBSTITUTE(SUBSTITUTE(SUBSTITUTE(SUBSTITUTE(SUBSTITUTE(SUBSTITUTE(SUBSTITUTE(SUBSTITUTE(SUBSTITUTE(UPPER(_xlpm.a)," ",""),"CONTROL","CTRL"),"CTL","CTRL"),"ESCAPE","ESC"),"RETURN","ENTER"),"PAGEDOWN","PGDN"),"PGDOWN","PGDN"),"PAGEUP","PGUP"),"ARROWKEYS","ARROW"),"ARROWKEY","ARROW"),"ARROWS","ARROW"),"DOWNARROW","DOWN"),"UPARROW","UP"),"LEFTARROW","LEFT"),"RIGHTARROW","RIGHT"),"ARROWDOWN","DOWN"),"ARROWUP","UP"),"ARROWLEFT","LEFT"),"ARROWRIGHT","RIGHT"),"↓","DOWN"),"↑","UP"),"←","LEFT"),"→","RIGHT"),"SPACEBAR","SPACE"),"−","-"),"MINUS","-"),"PLUS","+")=Key!$E$46:$J$46),"✔ CLEAR","✘ TRY AGAIN"))),"✘ TRY AGAIN")} | F31: {=IF(E31="Show hint",Key!$B$46,"")} | G31: {=IF(LEFT(D31,1)="✔",IF(E31="Show hint",5,10),0)} -> 0
A32: C2 | B32: Which 4th argument makes VLOOKUP find an exact match? | D32: {=IFERROR(_xlfn.LET(_xlpm.a,'F4-3 Old School'!$C$32,IF(TRIM(_xlpm.a&"")="","",IF(OR(SUBSTITUTE(SUBSTITUTE(SUBSTITUTE(SUBSTITUTE(SUBSTITUTE(SUBSTITUTE(SUBSTITUTE(SUBSTITUTE(SUBSTITUTE(SUBSTITUTE(SUBSTITUTE(SUBSTITUTE(SUBSTITUTE(SUBSTITUTE(SUBSTITUTE(SUBSTITUTE(SUBSTITUTE(SUBSTITUTE(SUBSTITUTE(SUBSTITUTE(SUBSTITUTE(SUBSTITUTE(SUBSTITUTE(SUBSTITUTE(SUBSTITUTE(SUBSTITUTE(SUBSTITUTE(UPPER(_xlpm.a)," ",""),"CONTROL","CTRL"),"CTL","CTRL"),"ESCAPE","ESC"),"RETURN","ENTER"),"PAGEDOWN","PGDN"),"PGDOWN","PGDN"),"PAGEUP","PGUP"),"ARROWKEYS","ARROW"),"ARROWKEY","ARROW"),"ARROWS","ARROW"),"DOWNARROW","DOWN"),"UPARROW","UP"),"LEFTARROW","LEFT"),"RIGHTARROW","RIGHT"),"ARROWDOWN","DOWN"),"ARROWUP","UP"),"ARROWLEFT","LEFT"),"ARROWRIGHT","RIGHT"),"↓","DOWN"),"↑","UP"),"←","LEFT"),"→","RIGHT"),"SPACEBAR","SPACE"),"−","-"),"MINUS","-"),"PLUS","+")=Key!$E$47:$F$47),"✔ CLEAR","✘ TRY AGAIN"))),"✘ TRY AGAIN")} | F32: {=IF(E32="Show hint",Key!$B$47,"")} | G32: {=IF(LEFT(D32,1)="✔",IF(E32="Show hint",5,10),0)} -> 0
A33: C3 | B33: In J6 return the Category of the ID in I6 with =VLOOKUP(I6,B6:F20,3,FALSE). Category is the 3rd column of B:F. | C33: ▶ ARENA C3 (cell J6) | D33: {=IF(ISBLANK('F4-3 Arena'!$J$6),"",IF(NOT(_xlfn.ISFORMULA('F4-3 Arena'!$J$6)),"✘ That's a typed value · enter a formula",IF(ISERROR('F4-3 Arena'!$J$6),"✘ Your formula returns "&IFERROR(CHOOSE(ERROR.TYPE('F4-3 Arena'!$J$6),"#NULL!","#DIV/0!","#VALUE!","#REF!","#NAME?","#NUM!","#N/A","#GETTING_DATA","#SPILL!","#CONNECT!","#BLOCKED!","#UNKNOWN!","#FIELD!","#CALC!"),"an error"),IF(NOT(AND(IFERROR(AND(ISTEXT('F4-3 Arena'!$J$6),'F4-3 Arena'!$J$6=Key!$C$48),FALSE))),"✘ TRY AGAIN",IF(AND(OR(ISNUMBER(FIND({"=","(",",","+","-","*","/","&"," ","<",">",":","@","^"}&"VLOOKUP"&"(",UPPER(_xlfn.FORMULATEXT('F4-3 Arena'!$J$6)))))),"✔ CLEAR","✘ CLOSE · right value, but use VLOOKUP")))))} | F33: {=IF(E33="Show hint",Key!$B$48,"")} | G33: {=IF(LEFT(D33,1)="✔",IF(E33="Show hint",5,10),0)} -> 0
A34: C4 | B34: In J9 return the Stock of the ID in I9 with VLOOKUP. Stock is column 5 of B:F. | C34: ▶ ARENA C4 (cell J9) | D34: {=IF(ISBLANK('F4-3 Arena'!$J$9),"",IF(NOT(_xlfn.ISFORMULA('F4-3 Arena'!$J$9)),"✘ That's a typed value · enter a formula",IF(ISERROR('F4-3 Arena'!$J$9),"✘ Your formula returns "&IFERROR(CHOOSE(ERROR.TYPE('F4-3 Arena'!$J$9),"#NULL!","#DIV/0!","#VALUE!","#REF!","#NAME?","#NUM!","#N/A","#GETTING_DATA","#SPILL!","#CONNECT!","#BLOCKED!","#UNKNOWN!","#FIELD!","#CALC!"),"an error"),IF(NOT(AND(IFERROR(AND(ISNUMBER('F4-3 Arena'!$J$9),ABS('F4-3 Arena'!$J$9-Key!$C$49)<=1E-9*MAX(1,ABS(Key!$C$49))),FALSE))),"✘ TRY AGAIN",IF(AND(OR(ISNUMBER(FIND({"=","(",",","+","-","*","/","&"," ","<",">",":","@","^"}&"VLOOKUP"&"(",UPPER(_xlfn.FORMULATEXT('F4-3 Arena'!$J$9)))))),"✔ CLEAR","✘ CLOSE · right value, but use VLOOKUP")))))} | F34: {=IF(E34="Show hint",Key!$B$49,"")} | G34: {=IF(LEFT(D34,1)="✔",IF(E34="Show hint",5,10),0)} -> 0

Sheet F4-3 Arena
A1: ARENA ▸ F4-3 OLD SCHOOL
A2: Practice area · everything here is editable. Missions and their checks are on the stage sheet.
A3: PASS CODE | B3: CLASSIC | D3: ◀ Back to F4-3 Old School
B5: ID | C5: Product | D5: Category | E5: Price | F5: Stock | I5: Find ID | J5: Category
B6: P-01 | C6: Apple | D6: Fruit | E6: 0.5 | F6: 120 | I6: P-12
B7: P-02 | C7: Banana | D7: Fruit | E7: 0.25 | F7: 200
B8: P-03 | C8: Carrot | D8: Veg | E8: 0.3 | F8: 80 | I8: Find ID | J8: Stock
B9: P-04 | C9: Dragonfruit | D9: Fruit | E9: 3.5 | F9: 12 | I9: P-04
B10: P-05 | C10: Eggplant | D10: Veg | E10: 1.2 | F10: 30
B11: P-06 | C11: Fig | D11: Fruit | E11: 2 | F11: 25
B12: P-07 | C12: Garlic | D12: Veg | E12: 0.8 | F12: 60
B13: P-08 | C13: Honeydew | D13: Fruit | E13: 4 | F13: 8
B14: P-09 | C14: Iceberg | D14: Veg | E14: 1.5 | F14: 40
B15: P-10 | C15: Jalapeno | D15: Veg | E15: 0.2 | F15: 150
B16: P-11 | C16: Kiwi | D16: Fruit | E16: 0.6 | F16: 90
B17: P-12 | C17: Leek | D17: Veg | E17: 1.1 | F17: 35
B18: P-13 | C18: Mango | D18: Fruit | E18: 1.8 | F18: 45
B19: P-14 | C19: Nectarine | D19: Fruit | E19: 0.9 | F19: 70
B20: P-15 | C20: Okra | D20: Veg | E20: 2.2 | F20: 18

Sheet F4-4 Power Couple
A1: STAGE F4-4 ▸ POWER COUPLE
A2: Goal: combine INDEX and MATCH for any-direction lookups
A3: {="SCORE "&TEXT(SUM($G$14:$G$42),"0000")&" / 0220"} -> SCORE 0000 / 0220 | C3: {=IF(SUM($G$14:$G$42)>=220,"★★★",IF(SUM($G$14:$G$42)>=220*0.8,"★★☆",IF(SUM($G$14:$G$42)>=220*0.5,"★☆☆","☆☆☆")))} -> ☆☆☆ | D3: {=REPT("█",ROUND(10*SUM($G$14:$G$42)/220,0))&REPT("░",10-ROUND(10*SUM($G$14:$G$42)/220,0))&" "&TEXT(SUM($G$14:$G$42)/220,"0%")} -> ░░░░░░░░░░ 0% | F3: {=IF(SUM($G$14:$G$42)>=220*0.5,"STAGE CLEAR! ▶ Next: F4-5 Tiers","")}
A5: BRIEFING · new moves in this stage
A6: # | B6: What it does · Pro tip | C6: Keys / Syntax
A7: 1 | B7: INDEX(range, n) returns the n-th item of a range. Tip: =INDEX(E6:E20,5) is the 5th price. | C7: INDEX
A8: 2 | B8: MATCH(value, range, 0) returns the position of a value. Tip: The 0 means exact match. | C8: MATCH
A9: 3 | B9: =INDEX(return_range, MATCH(value, lookup_range, 0)) looks up in any direction. Tip: Works even when the answer is LEFT of the lookup column. | C9: INDEX+MATCH
A10: 4 | B10: Modern MATCH: exact match by default. Tip: =XMATCH("Kiwi",C6:C20) | C10: XMATCH
A12: WARM-UP · flashback to earlier stages
A13: # | B13: Mission | C13: Your answer | D13: Result | E13: Hint? | F13: Hint | G13: XP
A14: W1 | B14: Which classic function searches the first column of a table and returns a column by number? (from F4-3 Old School) | D14: {=IFERROR(_xlfn.LET(_xlpm.a,'F4-4 Power Couple'!$C$14,IF(TRIM(_xlpm.a&"")="","",IF(OR(SUBSTITUTE(SUBSTITUTE(SUBSTITUTE(SUBSTITUTE(SUBSTITUTE(SUBSTITUTE(SUBSTITUTE(SUBSTITUTE(SUBSTITUTE(SUBSTITUTE(SUBSTITUTE(SUBSTITUTE(SUBSTITUTE(SUBSTITUTE(SUBSTITUTE(SUBSTITUTE(SUBSTITUTE(SUBSTITUTE(SUBSTITUTE(SUBSTITUTE(SUBSTITUTE(SUBSTITUTE(SUBSTITUTE(SUBSTITUTE(SUBSTITUTE(SUBSTITUTE(SUBSTITUTE(UPPER(_xlpm.a)," ",""),"CONTROL","CTRL"),"CTL","CTRL"),"ESCAPE","ESC"),"RETURN","ENTER"),"PAGEDOWN","PGDN"),"PGDOWN","PGDN"),"PAGEUP","PGUP"),"ARROWKEYS","ARROW"),"ARROWKEY","ARROW"),"ARROWS","ARROW"),"DOWNARROW","DOWN"),"UPARROW","UP"),"LEFTARROW","LEFT"),"RIGHTARROW","RIGHT"),"ARROWDOWN","DOWN"),"ARROWUP","UP"),"ARROWLEFT","LEFT"),"ARROWRIGHT","RIGHT"),"↓","DOWN"),"↑","UP"),"←","LEFT"),"→","RIGHT"),"SPACEBAR","SPACE"),"−","-"),"MINUS","-"),"PLUS","+")=Key!$E$50:$J$50),"✔ CLEAR","✘ TRY AGAIN"))),"✘ TRY AGAIN")} | F14: {=IF(E14="Show hint",Key!$B$50,"")} | G14: {=IF(LEFT(D14,1)="✔",IF(E14="Show hint",5,10),0)} -> 0
A15: W2 | B15: Which 4th argument makes VLOOKUP find an exact match? (from F4-3 Old School) | D15: {=IFERROR(_xlfn.LET(_xlpm.a,'F4-4 Power Couple'!$C$15,IF(TRIM(_xlpm.a&"")="","",IF(OR(SUBSTITUTE(SUBSTITUTE(SUBSTITUTE(SUBSTITUTE(SUBSTITUTE(SUBSTITUTE(SUBSTITUTE(SUBSTITUTE(SUBSTITUTE(SUBSTITUTE(SUBSTITUTE(SUBSTITUTE(SUBSTITUTE(SUBSTITUTE(SUBSTITUTE(SUBSTITUTE(SUBSTITUTE(SUBSTITUTE(SUBSTITUTE(SUBSTITUTE(SUBSTITUTE(SUBSTITUTE(SUBSTITUTE(SUBSTITUTE(SUBSTITUTE(SUBSTITUTE(SUBSTITUTE(UPPER(_xlpm.a)," ",""),"CONTROL","CTRL"),"CTL","CTRL"),"ESCAPE","ESC"),"RETURN","ENTER"),"PAGEDOWN","PGDN"),"PGDOWN","PGDN"),"PAGEUP","PGUP"),"ARROWKEYS","ARROW"),"ARROWKEY","ARROW"),"ARROWS","ARROW"),"DOWNARROW","DOWN"),"UPARROW","UP"),"LEFTARROW","LEFT"),"RIGHTARROW","RIGHT"),"ARROWDOWN","DOWN"),"ARROWUP","UP"),"ARROWLEFT","LEFT"),"ARROWRIGHT","RIGHT"),"↓","DOWN"),"↑","UP"),"←","LEFT"),"→","RIGHT"),"SPACEBAR","SPACE"),"−","-"),"MINUS","-"),"PLUS","+")=Key!$E$51:$F$51),"✔ CLEAR","✘ TRY AGAIN"))),"✘ TRY AGAIN")} | F15: {=IF(E15="Show hint",Key!$B$51,"")} | G15: {=IF(LEFT(D15,1)="✔",IF(E15="Show hint",5,10),0)} -> 0
A16: W3 | B16: Which keys toggle italic? (from S3-2 Text Style) | D16: {=IFERROR(_xlfn.LET(_xlpm.a,'F4-4 Power Couple'!$C$16,IF(TRIM(_xlpm.a&"")="","",IF(OR(SUBSTITUTE(SUBSTITUTE(SUBSTITUTE(SUBSTITUTE(SUBSTITUTE(SUBSTITUTE(SUBSTITUTE(SUBSTITUTE(SUBSTITUTE(SUBSTITUTE(SUBSTITUTE(SUBSTITUTE(SUBSTITUTE(SUBSTITUTE(SUBSTITUTE(SUBSTITUTE(SUBSTITUTE(SUBSTITUTE(SUBSTITUTE(SUBSTITUTE(SUBSTITUTE(SUBSTITUTE(SUBSTITUTE(SUBSTITUTE(SUBSTITUTE(SUBSTITUTE(SUBSTITUTE(UPPER(_xlpm.a)," ",""),"CONTROL","CTRL"),"CTL","CTRL"),"ESCAPE","ESC"),"RETURN","ENTER"),"PAGEDOWN","PGDN"),"PGDOWN","PGDN"),"PAGEUP","PGUP"),"ARROWKEYS","ARROW"),"ARROWKEY","ARROW"),"ARROWS","ARROW"),"DOWNARROW","DOWN"),"UPARROW","UP"),"LEFTARROW","LEFT"),"RIGHTARROW","RIGHT"),"ARROWDOWN","DOWN"),"ARROWUP","UP"),"ARROWLEFT","LEFT"),"ARROWRIGHT","RIGHT"),"↓","DOWN"),"↑","UP"),"←","LEFT"),"→","RIGHT"),"SPACEBAR","SPACE"),"−","-"),"MINUS","-"),"PLUS","+")=Key!$E$52:$F$52),"✔ CLEAR","✘ TRY AGAIN"))),"✘ TRY AGAIN")} | F16: {=IF(E16="Show hint",Key!$B$52,"")} | G16: {=IF(LEFT(D16,1)="✔",IF(E16="Show hint",5,10),0)} -> 0
A17: W4 | B17: Which keys toggle underline? (from S3-2 Text Style) | D17: {=IFERROR(_xlfn.LET(_xlpm.a,'F4-4 Power Couple'!$C$17,IF(TRIM(_xlpm.a&"")="","",IF(OR(SUBSTITUTE(SUBSTITUTE(SUBSTITUTE(SUBSTITUTE(SUBSTITUTE(SUBSTITUTE(SUBSTITUTE(SUBSTITUTE(SUBSTITUTE(SUBSTITUTE(SUBSTITUTE(SUBSTITUTE(SUBSTITUTE(SUBSTITUTE(SUBSTITUTE(SUBSTITUTE(SUBSTITUTE(SUBSTITUTE(SUBSTITUTE(SUBSTITUTE(SUBSTITUTE(SUBSTITUTE(SUBSTITUTE(SUBSTITUTE(SUBSTITUTE(SUBSTITUTE(SUBSTITUTE(UPPER(_xlpm.a)," ",""),"CONTROL","CTRL"),"CTL","CTRL"),"ESCAPE","ESC"),"RETURN","ENTER"),"PAGEDOWN","PGDN"),"PGDOWN","PGDN"),"PAGEUP","PGUP"),"ARROWKEYS","ARROW"),"ARROWKEY","ARROW"),"ARROWS","ARROW"),"DOWNARROW","DOWN"),"UPARROW","UP"),"LEFTARROW","LEFT"),"RIGHTARROW","RIGHT"),"ARROWDOWN","DOWN"),"ARROWUP","UP"),"ARROWLEFT","LEFT"),"ARROWRIGHT","RIGHT"),"↓","DOWN"),"↑","UP"),"←","LEFT"),"→","RIGHT"),"SPACEBAR","SPACE"),"−","-"),"MINUS","-"),"PLUS","+")=Key!$E$53:$F$53),"✔ CLEAR","✘ TRY AGAIN"))),"✘ TRY AGAIN")} | F17: {=IF(E17="Show hint",Key!$B$53,"")} | G17: {=IF(LEFT(D17,1)="✔",IF(E17="Show hint",5,10),0)} -> 0
A18: W5 | B18: Which keys toggle strikethrough? (from S3-2 Text Style) | D18: {=IFERROR(_xlfn.LET(_xlpm.a,'F4-4 Power Couple'!$C$18,IF(TRIM(_xlpm.a&"")="","",IF(OR(SUBSTITUTE(SUBSTITUTE(SUBSTITUTE(SUBSTITUTE(SUBSTITUTE(SUBSTITUTE(SUBSTITUTE(SUBSTITUTE(SUBSTITUTE(SUBSTITUTE(SUBSTITUTE(SUBSTITUTE(SUBSTITUTE(SUBSTITUTE(SUBSTITUTE(SUBSTITUTE(SUBSTITUTE(SUBSTITUTE(SUBSTITUTE(SUBSTITUTE(SUBSTITUTE(SUBSTITUTE(SUBSTITUTE(SUBSTITUTE(SUBSTITUTE(SUBSTITUTE(SUBSTITUTE(UPPER(_xlpm.a)," ",""),"CONTROL","CTRL"),"CTL","CTRL"),"ESCAPE","ESC"),"RETURN","ENTER"),"PAGEDOWN","PGDN"),"PGDOWN","PGDN"),"PAGEUP","PGUP"),"ARROWKEYS","ARROW"),"ARROWKEY","ARROW"),"ARROWS","ARROW"),"DOWNARROW","DOWN"),"UPARROW","UP"),"LEFTARROW","LEFT"),"RIGHTARROW","RIGHT"),"ARROWDOWN","DOWN"),"ARROWUP","UP"),"ARROWLEFT","LEFT"),"ARROWRIGHT","RIGHT"),"↓","DOWN"),"↑","UP"),"←","LEFT"),"→","RIGHT"),"SPACEBAR","SPACE"),"−","-"),"MINUS","-"),"PLUS","+")=Key!$E$54:$E$54),"✔ CLEAR","✘ TRY AGAIN"))),"✘ TRY AGAIN")} | F18: {=IF(E18="Show hint",Key!$B$54,"")} | G18: {=IF(LEFT(D18,1)="✔",IF(E18="Show hint",5,10),0)} -> 0
A19: W6 | B19: Which keys open the Format Cells dialog? (from S3-3 Format Power) | D19: {=IFERROR(_xlfn.LET(_xlpm.a,'F4-4 Power Couple'!$C$19,IF(TRIM(_xlpm.a&"")="","",IF(OR(SUBSTITUTE(SUBSTITUTE(SUBSTITUTE(SUBSTITUTE(SUBSTITUTE(SUBSTITUTE(SUBSTITUTE(SUBSTITUTE(SUBSTITUTE(SUBSTITUTE(SUBSTITUTE(SUBSTITUTE(SUBSTITUTE(SUBSTITUTE(SUBSTITUTE(SUBSTITUTE(SUBSTITUTE(SUBSTITUTE(SUBSTITUTE(SUBSTITUTE(SUBSTITUTE(SUBSTITUTE(SUBSTITUTE(SUBSTITUTE(SUBSTITUTE(SUBSTITUTE(SUBSTITUTE(UPPER(_xlpm.a)," ",""),"CONTROL","CTRL"),"CTL","CTRL"),"ESCAPE","ESC"),"RETURN","ENTER"),"PAGEDOWN","PGDN"),"PGDOWN","PGDN"),"PAGEUP","PGUP"),"ARROWKEYS","ARROW"),"ARROWKEY","ARROW"),"ARROWS","ARROW"),"DOWNARROW","DOWN"),"UPARROW","UP"),"LEFTARROW","LEFT"),"RIGHTARROW","RIGHT"),"ARROWDOWN","DOWN"),"ARROWUP","UP"),"ARROWLEFT","LEFT"),"ARROWRIGHT","RIGHT"),"↓","DOWN"),"↑","UP"),"←","LEFT"),"→","RIGHT"),"SPACEBAR","SPACE"),"−","-"),"MINUS","-"),"PLUS","+")=Key!$E$55:$E$55),"✔ CLEAR","✘ TRY AGAIN"))),"✘ TRY AGAIN")} | F19: {=IF(E19="Show hint",Key!$B$55,"")} | G19: {=IF(LEFT(D19,1)="✔",IF(E19="Show hint",5,10),0)} -> 0
A20: W7 | B20: Which keys add an outline border? (from S3-3 Format Power) | D20: {=IFERROR(_xlfn.LET(_xlpm.a,'F4-4 Power Couple'!$C$20,IF(TRIM(_xlpm.a&"")="","",IF(OR(SUBSTITUTE(SUBSTITUTE(SUBSTITUTE(SUBSTITUTE(SUBSTITUTE(SUBSTITUTE(SUBSTITUTE(SUBSTITUTE(SUBSTITUTE(SUBSTITUTE(SUBSTITUTE(SUBSTITUTE(SUBSTITUTE(SUBSTITUTE(SUBSTITUTE(SUBSTITUTE(SUBSTITUTE(SUBSTITUTE(SUBSTITUTE(SUBSTITUTE(SUBSTITUTE(SUBSTITUTE(SUBSTITUTE(SUBSTITUTE(SUBSTITUTE(SUBSTITUTE(SUBSTITUTE(UPPER(_xlpm.a)," ",""),"CONTROL","CTRL"),"CTL","CTRL"),"ESCAPE","ESC"),"RETURN","ENTER"),"PAGEDOWN","PGDN"),"PGDOWN","PGDN"),"PAGEUP","PGUP"),"ARROWKEYS","ARROW"),"ARROWKEY","ARROW"),"ARROWS","ARROW"),"DOWNARROW","DOWN"),"UPARROW","UP"),"LEFTARROW","LEFT"),"RIGHTARROW","RIGHT"),"ARROWDOWN","DOWN"),"ARROWUP","UP"),"ARROWLEFT","LEFT"),"ARROWRIGHT","RIGHT"),"↓","DOWN"),"↑","UP"),"←","LEFT"),"→","RIGHT"),"SPACEBAR","SPACE"),"−","-"),"MINUS","-"),"PLUS","+")=Key!$E$56:$H$56),"✔ CLEAR","✘ TRY AGAIN"))),"✘ TRY AGAIN")} | F20: {=IF(E20="Show hint",Key!$B$56,"")} | G20: {=IF(LEFT(D20,1)="✔",IF(E20="Show hint",5,10),0)} -> 0
A21: W8 | B21: Which keys remove the outline border? (from S3-3 Format Power) | D21: {=IFERROR(_xlfn.LET(_xlpm.a,'F4-4 Power Couple'!$C$21,IF(TRIM(_xlpm.a&"")="","",IF(OR(SUBSTITUTE(SUBSTITUTE(SUBSTITUTE(SUBSTITUTE(SUBSTITUTE(SUBSTITUTE(SUBSTITUTE(SUBSTITUTE(SUBSTITUTE(SUBSTITUTE(SUBSTITUTE(SUBSTITUTE(SUBSTITUTE(SUBSTITUTE(SUBSTITUTE(SUBSTITUTE(SUBSTITUTE(SUBSTITUTE(SUBSTITUTE(SUBSTITUTE(SUBSTITUTE(SUBSTITUTE(SUBSTITUTE(SUBSTITUTE(SUBSTITUTE(SUBSTITUTE(SUBSTITUTE(UPPER(_xlpm.a)," ",""),"CONTROL","CTRL"),"CTL","CTRL"),"ESCAPE","ESC"),"RETURN","ENTER"),"PAGEDOWN","PGDN"),"PGDOWN","PGDN"),"PAGEUP","PGUP"),"ARROWKEYS","ARROW"),"ARROWKEY","ARROW"),"ARROWS","ARROW"),"DOWNARROW","DOWN"),"UPARROW","UP"),"LEFTARROW","LEFT"),"RIGHTARROW","RIGHT"),"ARROWDOWN","DOWN"),"ARROWUP","UP"),"ARROWLEFT","LEFT"),"ARROWRIGHT","RIGHT"),"↓","DOWN"),"↑","UP"),"←","LEFT"),"→","RIGHT"),"SPACEBAR","SPACE"),"−","-"),"MINUS","-"),"PLUS","+")=Key!$E$57:$H$57),"✔ CLEAR","✘ TRY AGAIN"))),"✘ TRY AGAIN")} | F21: {=IF(E21="Show hint",Key!$B$57,"")} | G21: {=IF(LEFT(D21,1)="✔",IF(E21="Show hint",5,10),0)} -> 0
A22: W9 | B22: Which key shows the ribbon KeyTips? (from S3-3 Format Power) | D22: {=IFERROR(_xlfn.LET(_xlpm.a,'F4-4 Power Couple'!$C$22,IF(TRIM(_xlpm.a&"")="","",IF(OR(SUBSTITUTE(SUBSTITUTE(SUBSTITUTE(SUBSTITUTE(SUBSTITUTE(SUBSTITUTE(SUBSTITUTE(SUBSTITUTE(SUBSTITUTE(SUBSTITUTE(SUBSTITUTE(SUBSTITUTE(SUBSTITUTE(SUBSTITUTE(SUBSTITUTE(SUBSTITUTE(SUBSTITUTE(SUBSTITUTE(SUBSTITUTE(SUBSTITUTE(SUBSTITUTE(SUBSTITUTE(SUBSTITUTE(SUBSTITUTE(SUBSTITUTE(SUBSTITUTE(SUBSTITUTE(UPPER(_xlpm.a)," ",""),"CONTROL","CTRL"),"CTL","CTRL"),"ESCAPE","ESC"),"RETURN","ENTER"),"PAGEDOWN","PGDN"),"PGDOWN","PGDN"),"PAGEUP","PGUP"),"ARROWKEYS","ARROW"),"ARROWKEY","ARROW"),"ARROWS","ARROW"),"DOWNARROW","DOWN"),"UPARROW","UP"),"LEFTARROW","LEFT"),"RIGHTARROW","RIGHT"),"ARROWDOWN","DOWN"),"ARROWUP","UP"),"ARROWLEFT","LEFT"),"ARROWRIGHT","RIGHT"),"↓","DOWN"),"↑","UP"),"←","LEFT"),"→","RIGHT"),"SPACEBAR","SPACE"),"−","-"),"MINUS","-"),"PLUS","+")=Key!$E$58:$F$58),"✔ CLEAR","✘ TRY AGAIN"))),"✘ TRY AGAIN")} | F22: {=IF(E22="Show hint",Key!$B$58,"")} | G22: {=IF(LEFT(D22,1)="✔",IF(E22="Show hint",5,10),0)} -> 0
A23: W10 | B23: Which KeyTips center the selected cells? (from S3-3 Format Power) | D23: {=IFERROR(_xlfn.LET(_xlpm.a,'F4-4 Power Couple'!$C$23,IF(TRIM(_xlpm.a&"")="","",IF(OR(SUBSTITUTE(SUBSTITUTE(SUBSTITUTE(SUBSTITUTE(SUBSTITUTE(SUBSTITUTE(SUBSTITUTE(SUBSTITUTE(SUBSTITUTE(SUBSTITUTE(SUBSTITUTE(SUBSTITUTE(SUBSTITUTE(SUBSTITUTE(SUBSTITUTE(SUBSTITUTE(SUBSTITUTE(SUBSTITUTE(SUBSTITUTE(SUBSTITUTE(SUBSTITUTE(SUBSTITUTE(SUBSTITUTE(SUBSTITUTE(SUBSTITUTE(SUBSTITUTE(SUBSTITUTE(UPPER(_xlpm.a)," ",""),"CONTROL","CTRL"),"CTL","CTRL"),"ESCAPE","ESC"),"RETURN","ENTER"),"PAGEDOWN","PGDN"),"PGDOWN","PGDN"),"PAGEUP","PGUP"),"ARROWKEYS","ARROW"),"ARROWKEY","ARROW"),"ARROWS","ARROW"),"DOWNARROW","DOWN"),"UPARROW","UP"),"LEFTARROW","LEFT"),"RIGHTARROW","RIGHT"),"ARROWDOWN","DOWN"),"ARROWUP","UP"),"ARROWLEFT","LEFT"),"ARROWRIGHT","RIGHT"),"↓","DOWN"),"↑","UP"),"←","LEFT"),"→","RIGHT"),"SPACEBAR","SPACE"),"−","-"),"MINUS","-"),"PLUS","+")=Key!$E$59:$T$59),"✔ CLEAR","✘ TRY AGAIN"))),"✘ TRY AGAIN")} | F23: {=IF(E23="Show hint",Key!$B$59,"")} | G23: {=IF(LEFT(D23,1)="✔",IF(E23="Show hint",5,10),0)} -> 0
A25: TRAINING · recognize the move (pick from the list)
A26: # | B26: Mission | C26: Your answer | D26: Result | E26: Hint? | F26: Hint | G26: XP
A27: T1 | B27: Which function returns the item at a given position in a range? | D27: {=IFERROR(IF('F4-4 Power Couple'!$C$27&""="","",IF('F4-4 Power Couple'!$C$27&""=Key!$C$60&"","✔ CLEAR","✘ TRY AGAIN")),"✘ TRY AGAIN")} | F27: {=IF(E27="Show hint",Key!$B$60,"")} | G27: {=IF(LEFT(D27,1)="✔",IF(E27="Show hint",5,10),0)} -> 0
A28: T2 | B28: Which function returns the position of a value in a range? | D28: {=IFERROR(IF('F4-4 Power Couple'!$C$28&""="","",IF('F4-4 Power Couple'!$C$28&""=Key!$C$61&"","✔ CLEAR","✘ TRY AGAIN")),"✘ TRY AGAIN")} | F28: {=IF(E28="Show hint",Key!$B$61,"")} | G28: {=IF(LEFT(D28,1)="✔",IF(E28="Show hint",5,10),0)} -> 0
A29: T3 | B29: Which function goes inside INDEX to find the row position? | D29: {=IFERROR(IF('F4-4 Power Couple'!$C$29&""="","",IF('F4-4 Power Couple'!$C$29&""=Key!$C$62&"","✔ CLEAR","✘ TRY AGAIN")),"✘ TRY AGAIN")} | F29: {=IF(E29="Show hint",Key!$B$62,"")} | G29: {=IF(LEFT(D29,1)="✔",IF(E29="Show hint",5,10),0)} -> 0
A30: T4 | B30: Which modern function returns a position with an exact match by default? | D30: {=IFERROR(IF('F4-4 Power Couple'!$C$30&""="","",IF('F4-4 Power Couple'!$C$30&""=Key!$C$63&"","✔ CLEAR","✘ TRY AGAIN")),"✘ TRY AGAIN")} | F30: {=IF(E30="Show hint",Key!$B$63,"")} | G30: {=IF(LEFT(D30,1)="✔",IF(E30="Show hint",5,10),0)} -> 0
A32: CHALLENGES · recall it, then do it
B33: ▶ Open F4-4 Arena (or press Ctrl+PgDn)
A34: # | B34: Mission | C34: Your answer | D34: Result | E34: Hint? | F34: Hint | G34: XP
A35: C1 | B35: Which function returns the item at a given position in a range? | D35: {=IFERROR(_xlfn.LET(_xlpm.a,'F4-4 Power Couple'!$C$35,IF(TRIM(_xlpm.a&"")="","",IF(OR(SUBSTITUTE(SUBSTITUTE(SUBSTITUTE(SUBSTITUTE(SUBSTITUTE(SUBSTITUTE(SUBSTITUTE(SUBSTITUTE(SUBSTITUTE(SUBSTITUTE(SUBSTITUTE(SUBSTITUTE(SUBSTITUTE(SUBSTITUTE(SUBSTITUTE(SUBSTITUTE(SUBSTITUTE(SUBSTITUTE(SUBSTITUTE(SUBSTITUTE(SUBSTITUTE(SUBSTITUTE(SUBSTITUTE(SUBSTITUTE(SUBSTITUTE(SUBSTITUTE(SUBSTITUTE(UPPER(_xlpm.a)," ",""),"CONTROL","CTRL"),"CTL","CTRL"),"ESCAPE","ESC"),"RETURN","ENTER"),"PAGEDOWN","PGDN"),"PGDOWN","PGDN"),"PAGEUP","PGUP"),"ARROWKEYS","ARROW"),"ARROWKEY","ARROW"),"ARROWS","ARROW"),"DOWNARROW","DOWN"),"UPARROW","UP"),"LEFTARROW","LEFT"),"RIGHTARROW","RIGHT"),"ARROWDOWN","DOWN"),"ARROWUP","UP"),"ARROWLEFT","LEFT"),"ARROWRIGHT","RIGHT"),"↓","DOWN"),"↑","UP"),"←","LEFT"),"→","RIGHT"),"SPACEBAR","SPACE"),"−","-"),"MINUS","-"),"PLUS","+")=Key!$E$64:$J$64),"✔ CLEAR","✘ TRY AGAIN"))),"✘ TRY AGAIN")} | F35: {=IF(E35="Show hint",Key!$B$64,"")} | G35: {=IF(LEFT(D35,1)="✔",IF(E35="Show hint",5,10),0)} -> 0
A36: C2 | B36: Which function returns the position of a value in a range? | D36: {=IFERROR(_xlfn.LET(_xlpm.a,'F4-4 Power Couple'!$C$36,IF(TRIM(_xlpm.a&"")="","",IF(OR(SUBSTITUTE(SUBSTITUTE(SUBSTITUTE(SUBSTITUTE(SUBSTITUTE(SUBSTITUTE(SUBSTITUTE(SUBSTITUTE(SUBSTITUTE(SUBSTITUTE(SUBSTITUTE(SUBSTITUTE(SUBSTITUTE(SUBSTITUTE(SUBSTITUTE(SUBSTITUTE(SUBSTITUTE(SUBSTITUTE(SUBSTITUTE(SUBSTITUTE(SUBSTITUTE(SUBSTITUTE(SUBSTITUTE(SUBSTITUTE(SUBSTITUTE(SUBSTITUTE(SUBSTITUTE(UPPER(_xlpm.a)," ",""),"CONTROL","CTRL"),"CTL","CTRL"),"ESCAPE","ESC"),"RETURN","ENTER"),"PAGEDOWN","PGDN"),"PGDOWN","PGDN"),"PAGEUP","PGUP"),"ARROWKEYS","ARROW"),"ARROWKEY","ARROW"),"ARROWS","ARROW"),"DOWNARROW","DOWN"),"UPARROW","UP"),"LEFTARROW","LEFT"),"RIGHTARROW","RIGHT"),"ARROWDOWN","DOWN"),"ARROWUP","UP"),"ARROWLEFT","LEFT"),"ARROWRIGHT","RIGHT"),"↓","DOWN"),"↑","UP"),"←","LEFT"),"→","RIGHT"),"SPACEBAR","SPACE"),"−","-"),"MINUS","-"),"PLUS","+")=Key!$E$65:$J$65),"✔ CLEAR","✘ TRY AGAIN"))),"✘ TRY AGAIN")} | F36: {=IF(E36="Show hint",Key!$B$65,"")} | G36: {=IF(LEFT(D36,1)="✔",IF(E36="Show hint",5,10),0)} -> 0
A37: C3 | B37: Which function goes inside INDEX to find the row position? | D37: {=IFERROR(_xlfn.LET(_xlpm.a,'F4-4 Power Couple'!$C$37,IF(TRIM(_xlpm.a&"")="","",IF(OR(SUBSTITUTE(SUBSTITUTE(SUBSTITUTE(SUBSTITUTE(SUBSTITUTE(SUBSTITUTE(SUBSTITUTE(SUBSTITUTE(SUBSTITUTE(SUBSTITUTE(SUBSTITUTE(SUBSTITUTE(SUBSTITUTE(SUBSTITUTE(SUBSTITUTE(SUBSTITUTE(SUBSTITUTE(SUBSTITUTE(SUBSTITUTE(SUBSTITUTE(SUBSTITUTE(SUBSTITUTE(SUBSTITUTE(SUBSTITUTE(SUBSTITUTE(SUBSTITUTE(SUBSTITUTE(UPPER(_xlpm.a)," ",""),"CONTROL","CTRL"),"CTL","CTRL"),"ESCAPE","ESC"),"RETURN","ENTER"),"PAGEDOWN","PGDN"),"PGDOWN","PGDN"),"PAGEUP","PGUP"),"ARROWKEYS","ARROW"),"ARROWKEY","ARROW"),"ARROWS","ARROW"),"DOWNARROW","DOWN"),"UPARROW","UP"),"LEFTARROW","LEFT"),"RIGHTARROW","RIGHT"),"ARROWDOWN","DOWN"),"ARROWUP","UP"),"ARROWLEFT","LEFT"),"ARROWRIGHT","RIGHT"),"↓","DOWN"),"↑","UP"),"←","LEFT"),"→","RIGHT"),"SPACEBAR","SPACE"),"−","-"),"MINUS","-"),"PLUS","+")=Key!$E$66:$E$66),"✔ CLEAR","✘ TRY AGAIN"))),"✘ TRY AGAIN")} | F37: {=IF(E37="Show hint",Key!$B$66,"")} | G37: {=IF(LEFT(D37,1)="✔",IF(E37="Show hint",5,10),0)} -> 0
A38: C4 | B38: Which modern function returns a position with an exact match by default? | D38: {=IFERROR(_xlfn.LET(_xlpm.a,'F4-4 Power Couple'!$C$38,IF(TRIM(_xlpm.a&"")="","",IF(OR(SUBSTITUTE(SUBSTITUTE(SUBSTITUTE(SUBSTITUTE(SUBSTITUTE(SUBSTITUTE(SUBSTITUTE(SUBSTITUTE(SUBSTITUTE(SUBSTITUTE(SUBSTITUTE(SUBSTITUTE(SUBSTITUTE(SUBSTITUTE(SUBSTITUTE(SUBSTITUTE(SUBSTITUTE(SUBSTITUTE(SUBSTITUTE(SUBSTITUTE(SUBSTITUTE(SUBSTITUTE(SUBSTITUTE(SUBSTITUTE(SUBSTITUTE(SUBSTITUTE(SUBSTITUTE(UPPER(_xlpm.a)," ",""),"CONTROL","CTRL"),"CTL","CTRL"),"ESCAPE","ESC"),"RETURN","ENTER"),"PAGEDOWN","PGDN"),"PGDOWN","PGDN"),"PAGEUP","PGUP"),"ARROWKEYS","ARROW"),"ARROWKEY","ARROW"),"ARROWS","ARROW"),"DOWNARROW","DOWN"),"UPARROW","UP"),"LEFTARROW","LEFT"),"RIGHTARROW","RIGHT"),"ARROWDOWN","DOWN"),"ARROWUP","UP"),"ARROWLEFT","LEFT"),"ARROWRIGHT","RIGHT"),"↓","DOWN"),"↑","UP"),"←","LEFT"),"→","RIGHT"),"SPACEBAR","SPACE"),"−","-"),"MINUS","-"),"PLUS","+")=Key!$E$67:$J$67),"✔ CLEAR","✘ TRY AGAIN"))),"✘ TRY AGAIN")} | F38: {=IF(E38="Show hint",Key!$B$67,"")} | G38: {=IF(LEFT(D38,1)="✔",IF(E38="Show hint",5,10),0)} -> 0
A39: C5 | B39: In J6 return the position of the name in I6 within C6:C20: =MATCH(I6,C6:C20,0). | C39: ▶ ARENA C5 (cell J6) | D39: {=IF(ISBLANK('F4-4 Arena'!$J$6),"",IF(NOT(_xlfn.ISFORMULA('F4-4 Arena'!$J$6)),"✘ That's a typed value · enter a formula",IF(ISERROR('F4-4 Arena'!$J$6),"✘ Your formula returns "&IFERROR(CHOOSE(ERROR.TYPE('F4-4 Arena'!$J$6),"#NULL!","#DIV/0!","#VALUE!","#REF!","#NAME?","#NUM!","#N/A","#GETTING_DATA","#SPILL!","#CONNECT!","#BLOCKED!","#UNKNOWN!","#FIELD!","#CALC!"),"an error"),IF(NOT(AND(IFERROR(AND(ISNUMBER('F4-4 Arena'!$J$6),ABS('F4-4 Arena'!$J$6-Key!$C$68)<=1E-9*MAX(1,ABS(Key!$C$68))),FALSE))),"✘ TRY AGAIN",IF(AND(OR(ISNUMBER(FIND({"=","(",",","+","-","*","/","&"," ","<",">",":","@","^"}&"MATCH"&"(",UPPER(_xlfn.FORMULATEXT('F4-4 Arena'!$J$6)))))),"✔ CLEAR","✘ CLOSE · right value, but use MATCH")))))} | F39: {=IF(E39="Show hint",Key!$B$68,"")} | G39: {=IF(LEFT(D39,1)="✔",IF(E39="Show hint",5,10),0)} -> 0
A40: C6 | B40: The ID is LEFT of the names. In J9 return the ID of the product named in I9 with =INDEX(B6:B20,MATCH(I9,C6:C20,0)). | C40: ▶ ARENA C6 (cell J9) | D40: {=IF(ISBLANK('F4-4 Arena'!$J$9),"",IF(NOT(_xlfn.ISFORMULA('F4-4 Arena'!$J$9)),"✘ That's a typed value · enter a formula",IF(ISERROR('F4-4 Arena'!$J$9),"✘ Your formula returns "&IFERROR(CHOOSE(ERROR.TYPE('F4-4 Arena'!$J$9),"#NULL!","#DIV/0!","#VALUE!","#REF!","#NAME?","#NUM!","#N/A","#GETTING_DATA","#SPILL!","#CONNECT!","#BLOCKED!","#UNKNOWN!","#FIELD!","#CALC!"),"an error"),IF(NOT(AND(IFERROR(AND(ISTEXT('F4-4 Arena'!$J$9),'F4-4 Arena'!$J$9=Key!$C$69),FALSE))),"✘ TRY AGAIN",IF(AND(OR(ISNUMBER(FIND({"=","(",",","+","-","*","/","&"," ","<",">",":","@","^"}&"INDEX"&"(",UPPER(_xlfn.FORMULATEXT('F4-4 Arena'!$J$9))))),OR(ISNUMBER(FIND({"=","(",",","+","-","*","/","&"," ","<",">",":","@","^"}&"MATCH"&"(",UPPER(_xlfn.FORMULATEXT('F4-4 Arena'!$J$9)))))),"✔ CLEAR","✘ CLOSE · right value, but use INDEX and MATCH")))))} | F40: {=IF(E40="Show hint",Key!$B$69,"")} | G40: {=IF(LEFT(D40,1)="✔",IF(E40="Show hint",5,10),0)} -> 0
A41: C7 | B41: In J12 return the position of the name in I12 with XMATCH. | C41: ▶ ARENA C7 (cell J12) | D41: {=IF(ISBLANK('F4-4 Arena'!$J$12),"",IF(NOT(_xlfn.ISFORMULA('F4-4 Arena'!$J$12)),"✘ That's a typed value · enter a formula",IF(ISERROR('F4-4 Arena'!$J$12),"✘ Your formula returns "&IFERROR(CHOOSE(ERROR.TYPE('F4-4 Arena'!$J$12),"#NULL!","#DIV/0!","#VALUE!","#REF!","#NAME?","#NUM!","#N/A","#GETTING_DATA","#SPILL!","#CONNECT!","#BLOCKED!","#UNKNOWN!","#FIELD!","#CALC!"),"an error"),IF(NOT(AND(IFERROR(AND(ISNUMBER('F4-4 Arena'!$J$12),ABS('F4-4 Arena'!$J$12-Key!$C$70)<=1E-9*MAX(1,ABS(Key!$C$70))),FALSE))),"✘ TRY AGAIN",IF(AND(OR(ISNUMBER(FIND({"=","(",",","+","-","*","/","&"," ","<",">",":","@","^"}&"XMATCH"&"(",UPPER(_xlfn.FORMULATEXT('F4-4 Arena'!$J$12)))))),"✔ CLEAR","✘ CLOSE · right value, but use XMATCH")))))} | F41: {=IF(E41="Show hint",Key!$B$70,"")} | G41: {=IF(LEFT(D41,1)="✔",IF(E41="Show hint",5,10),0)} -> 0
A42: C8 | B42: In J14 return the 5th Price in E6:E20 with INDEX. | C42: ▶ ARENA C8 (cell J14) | D42: {=IF(ISBLANK('F4-4 Arena'!$J$14),"",IF(NOT(_xlfn.ISFORMULA('F4-4 Arena'!$J$14)),"✘ That's a typed value · enter a formula",IF(ISERROR('F4-4 Arena'!$J$14),"✘ Your formula returns "&IFERROR(CHOOSE(ERROR.TYPE('F4-4 Arena'!$J$14),"#NULL!","#DIV/0!","#VALUE!","#REF!","#NAME?","#NUM!","#N/A","#GETTING_DATA","#SPILL!","#CONNECT!","#BLOCKED!","#UNKNOWN!","#FIELD!","#CALC!"),"an error"),IF(NOT(AND(IFERROR(AND(ISNUMBER('F4-4 Arena'!$J$14),ABS('F4-4 Arena'!$J$14-Key!$C$71)<=1E-9*MAX(1,ABS(Key!$C$71))),FALSE))),"✘ TRY AGAIN",IF(AND(OR(ISNUMBER(FIND({"=","(",",","+","-","*","/","&"," ","<",">",":","@","^"}&"INDEX"&"(",UPPER(_xlfn.FORMULATEXT('F4-4 Arena'!$J$14)))))),"✔ CLEAR","✘ CLOSE · right value, but use INDEX")))))} | F42: {=IF(E42="Show hint",Key!$B$71,"")} | G42: {=IF(LEFT(D42,1)="✔",IF(E42="Show hint",5,10),0)} -> 0

Sheet F4-4 Arena
A1: ARENA ▸ F4-4 POWER COUPLE
A2: Practice area · everything here is editable. Missions and their checks are on the stage sheet.
A3: PASS CODE | B3: COUPLE | D3: ◀ Back to F4-4 Power Couple
B5: ID | C5: Product | D5: Category | E5: Price | F5: Stock | I5: Find name | J5: Position
B6: P-01 | C6: Apple | D6: Fruit | E6: 0.5 | F6: 120 | I6: Kiwi
B7: P-02 | C7: Banana | D7: Fruit | E7: 0.25 | F7: 200
B8: P-03 | C8: Carrot | D8: Veg | E8: 0.3 | F8: 80 | I8: Find name | J8: ID
B9: P-04 | C9: Dragonfruit | D9: Fruit | E9: 3.5 | F9: 12 | I9: Mango
B10: P-05 | C10: Eggplant | D10: Veg | E10: 1.2 | F10: 30
B11: P-06 | C11: Fig | D11: Fruit | E11: 2 | F11: 25 | I11: Find name | J11: XMATCH
B12: P-07 | C12: Garlic | D12: Veg | E12: 0.8 | F12: 60 | I12: Okra
B13: P-08 | C13: Honeydew | D13: Fruit | E13: 4 | F13: 8
B14: P-09 | C14: Iceberg | D14: Veg | E14: 1.5 | F14: 40 | I14: 5th price →
B15: P-10 | C15: Jalapeno | D15: Veg | E15: 0.2 | F15: 150
B16: P-11 | C16: Kiwi | D16: Fruit | E16: 0.6 | F16: 90
B17: P-12 | C17: Leek | D17: Veg | E17: 1.1 | F17: 35
B18: P-13 | C18: Mango | D18: Fruit | E18: 1.8 | F18: 45
B19: P-14 | C19: Nectarine | D19: Fruit | E19: 0.9 | F19: 70
B20: P-15 | C20: Okra | D20: Veg | E20: 2.2 | F20: 18

Sheet F4-5 Tiers
A1: STAGE F4-5 ▸ TIERS
A2: Goal: look up bands, tiers and grades
A3: {="SCORE "&TEXT(SUM($G$12:$G$34),"0000")&" / 0160"} -> SCORE 0000 / 0160 | C3: {=IF(SUM($G$12:$G$34)>=160,"★★★",IF(SUM($G$12:$G$34)>=160*0.8,"★★☆",IF(SUM($G$12:$G$34)>=160*0.5,"★☆☆","☆☆☆")))} -> ☆☆☆ | D3: {=REPT("█",ROUND(10*SUM($G$12:$G$34)/160,0))&REPT("░",10-ROUND(10*SUM($G$12:$G$34)/160,0))&" "&TEXT(SUM($G$12:$G$34)/160,"0%")} -> ░░░░░░░░░░ 0% | F3: {=IF(SUM($G$12:$G$34)>=160*0.5,"STAGE CLEAR! ▶ Next: Boss","")}
A5: BRIEFING · new moves in this stage
A6: # | B6: What it does · Pro tip | C6: Keys / Syntax
A7: 1 | B7: XLOOKUP(…,,-1): exact match or the next smaller item. Tip: Perfect for discount tiers and grade bands. | C7: match_mode -1
A8: 2 | B8: Approximate VLOOKUP: the first column must be sorted smallest to largest. Tip: Unsorted bands give wrong answers silently. | C8: VLOOKUP TRUE
A10: WARM-UP · flashback to earlier stages
A11: # | B11: Mission | C11: Your answer | D11: Result | E11: Hint? | F11: Hint | G11: XP
A12: W1 | B12: Which function returns the item at a given position in a range? (from F4-4 Power Couple) | D12: {=IFERROR(_xlfn.LET(_xlpm.a,'F4-5 Tiers'!$C$12,IF(TRIM(_xlpm.a&"")="","",IF(OR(SUBSTITUTE(SUBSTITUTE(SUBSTITUTE(SUBSTITUTE(SUBSTITUTE(SUBSTITUTE(SUBSTITUTE(SUBSTITUTE(SUBSTITUTE(SUBSTITUTE(SUBSTITUTE(SUBSTITUTE(SUBSTITUTE(SUBSTITUTE(SUBSTITUTE(SUBSTITUTE(SUBSTITUTE(SUBSTITUTE(SUBSTITUTE(SUBSTITUTE(SUBSTITUTE(SUBSTITUTE(SUBSTITUTE(SUBSTITUTE(SUBSTITUTE(SUBSTITUTE(SUBSTITUTE(UPPER(_xlpm.a)," ",""),"CONTROL","CTRL"),"CTL","CTRL"),"ESCAPE","ESC"),"RETURN","ENTER"),"PAGEDOWN","PGDN"),"PGDOWN","PGDN"),"PAGEUP","PGUP"),"ARROWKEYS","ARROW"),"ARROWKEY","ARROW"),"ARROWS","ARROW"),"DOWNARROW","DOWN"),"UPARROW","UP"),"LEFTARROW","LEFT"),"RIGHTARROW","RIGHT"),"ARROWDOWN","DOWN"),"ARROWUP","UP"),"ARROWLEFT","LEFT"),"ARROWRIGHT","RIGHT"),"↓","DOWN"),"↑","UP"),"←","LEFT"),"→","RIGHT"),"SPACEBAR","SPACE"),"−","-"),"MINUS","-"),"PLUS","+")=Key!$E$72:$J$72),"✔ CLEAR","✘ TRY AGAIN"))),"✘ TRY AGAIN")} | F12: {=IF(E12="Show hint",Key!$B$72,"")} | G12: {=IF(LEFT(D12,1)="✔",IF(E12="Show hint",5,10),0)} -> 0
A13: W2 | B13: Which function returns the position of a value in a range? (from F4-4 Power Couple) | D13: {=IFERROR(_xlfn.LET(_xlpm.a,'F4-5 Tiers'!$C$13,IF(TRIM(_xlpm.a&"")="","",IF(OR(SUBSTITUTE(SUBSTITUTE(SUBSTITUTE(SUBSTITUTE(SUBSTITUTE(SUBSTITUTE(SUBSTITUTE(SUBSTITUTE(SUBSTITUTE(SUBSTITUTE(SUBSTITUTE(SUBSTITUTE(SUBSTITUTE(SUBSTITUTE(SUBSTITUTE(SUBSTITUTE(SUBSTITUTE(SUBSTITUTE(SUBSTITUTE(SUBSTITUTE(SUBSTITUTE(SUBSTITUTE(SUBSTITUTE(SUBSTITUTE(SUBSTITUTE(SUBSTITUTE(SUBSTITUTE(UPPER(_xlpm.a)," ",""),"CONTROL","CTRL"),"CTL","CTRL"),"ESCAPE","ESC"),"RETURN","ENTER"),"PAGEDOWN","PGDN"),"PGDOWN","PGDN"),"PAGEUP","PGUP"),"ARROWKEYS","ARROW"),"ARROWKEY","ARROW"),"ARROWS","ARROW"),"DOWNARROW","DOWN"),"UPARROW","UP"),"LEFTARROW","LEFT"),"RIGHTARROW","RIGHT"),"ARROWDOWN","DOWN"),"ARROWUP","UP"),"ARROWLEFT","LEFT"),"ARROWRIGHT","RIGHT"),"↓","DOWN"),"↑","UP"),"←","LEFT"),"→","RIGHT"),"SPACEBAR","SPACE"),"−","-"),"MINUS","-"),"PLUS","+")=Key!$E$73:$J$73),"✔ CLEAR","✘ TRY AGAIN"))),"✘ TRY AGAIN")} | F13: {=IF(E13="Show hint",Key!$B$73,"")} | G13: {=IF(LEFT(D13,1)="✔",IF(E13="Show hint",5,10),0)} -> 0
A14: W3 | B14: Which function goes inside INDEX to find the row position? (from F4-4 Power Couple) | D14: {=IFERROR(_xlfn.LET(_xlpm.a,'F4-5 Tiers'!$C$14,IF(TRIM(_xlpm.a&"")="","",IF(OR(SUBSTITUTE(SUBSTITUTE(SUBSTITUTE(SUBSTITUTE(SUBSTITUTE(SUBSTITUTE(SUBSTITUTE(SUBSTITUTE(SUBSTITUTE(SUBSTITUTE(SUBSTITUTE(SUBSTITUTE(SUBSTITUTE(SUBSTITUTE(SUBSTITUTE(SUBSTITUTE(SUBSTITUTE(SUBSTITUTE(SUBSTITUTE(SUBSTITUTE(SUBSTITUTE(SUBSTITUTE(SUBSTITUTE(SUBSTITUTE(SUBSTITUTE(SUBSTITUTE(SUBSTITUTE(UPPER(_xlpm.a)," ",""),"CONTROL","CTRL"),"CTL","CTRL"),"ESCAPE","ESC"),"RETURN","ENTER"),"PAGEDOWN","PGDN"),"PGDOWN","PGDN"),"PAGEUP","PGUP"),"ARROWKEYS","ARROW"),"ARROWKEY","ARROW"),"ARROWS","ARROW"),"DOWNARROW","DOWN"),"UPARROW","UP"),"LEFTARROW","LEFT"),"RIGHTARROW","RIGHT"),"ARROWDOWN","DOWN"),"ARROWUP","UP"),"ARROWLEFT","LEFT"),"ARROWRIGHT","RIGHT"),"↓","DOWN"),"↑","UP"),"←","LEFT"),"→","RIGHT"),"SPACEBAR","SPACE"),"−","-"),"MINUS","-"),"PLUS","+")=Key!$E$74:$E$74),"✔ CLEAR","✘ TRY AGAIN"))),"✘ TRY AGAIN")} | F14: {=IF(E14="Show hint",Key!$B$74,"")} | G14: {=IF(LEFT(D14,1)="✔",IF(E14="Show hint",5,10),0)} -> 0
A15: W4 | B15: Which modern function returns a position with an exact match by default? (from F4-4 Power Couple) | D15: {=IFERROR(_xlfn.LET(_xlpm.a,'F4-5 Tiers'!$C$15,IF(TRIM(_xlpm.a&"")="","",IF(OR(SUBSTITUTE(SUBSTITUTE(SUBSTITUTE(SUBSTITUTE(SUBSTITUTE(SUBSTITUTE(SUBSTITUTE(SUBSTITUTE(SUBSTITUTE(SUBSTITUTE(SUBSTITUTE(SUBSTITUTE(SUBSTITUTE(SUBSTITUTE(SUBSTITUTE(SUBSTITUTE(SUBSTITUTE(SUBSTITUTE(SUBSTITUTE(SUBSTITUTE(SUBSTITUTE(SUBSTITUTE(SUBSTITUTE(SUBSTITUTE(SUBSTITUTE(SUBSTITUTE(SUBSTITUTE(UPPER(_xlpm.a)," ",""),"CONTROL","CTRL"),"CTL","CTRL"),"ESCAPE","ESC"),"RETURN","ENTER"),"PAGEDOWN","PGDN"),"PGDOWN","PGDN"),"PAGEUP","PGUP"),"ARROWKEYS","ARROW"),"ARROWKEY","ARROW"),"ARROWS","ARROW"),"DOWNARROW","DOWN"),"UPARROW","UP"),"LEFTARROW","LEFT"),"RIGHTARROW","RIGHT"),"ARROWDOWN","DOWN"),"ARROWUP","UP"),"ARROWLEFT","LEFT"),"ARROWRIGHT","RIGHT"),"↓","DOWN"),"↑","UP"),"←","LEFT"),"→","RIGHT"),"SPACEBAR","SPACE"),"−","-"),"MINUS","-"),"PLUS","+")=Key!$E$75:$J$75),"✔ CLEAR","✘ TRY AGAIN"))),"✘ TRY AGAIN")} | F15: {=IF(E15="Show hint",Key!$B$75,"")} | G15: {=IF(LEFT(D15,1)="✔",IF(E15="Show hint",5,10),0)} -> 0
A16: W5 | B16: Which modern function finds a value and returns the matching item from another column? (from F4-1 Seeker) | D16: {=IFERROR(_xlfn.LET(_xlpm.a,'F4-5 Tiers'!$C$16,IF(TRIM(_xlpm.a&"")="","",IF(OR(SUBSTITUTE(SUBSTITUTE(SUBSTITUTE(SUBSTITUTE(SUBSTITUTE(SUBSTITUTE(SUBSTITUTE(SUBSTITUTE(SUBSTITUTE(SUBSTITUTE(SUBSTITUTE(SUBSTITUTE(SUBSTITUTE(SUBSTITUTE(SUBSTITUTE(SUBSTITUTE(SUBSTITUTE(SUBSTITUTE(SUBSTITUTE(SUBSTITUTE(SUBSTITUTE(SUBSTITUTE(SUBSTITUTE(SUBSTITUTE(SUBSTITUTE(SUBSTITUTE(SUBSTITUTE(UPPER(_xlpm.a)," ",""),"CONTROL","CTRL"),"CTL","CTRL"),"ESCAPE","ESC"),"RETURN","ENTER"),"PAGEDOWN","PGDN"),"PGDOWN","PGDN"),"PAGEUP","PGUP"),"ARROWKEYS","ARROW"),"ARROWKEY","ARROW"),"ARROWS","ARROW"),"DOWNARROW","DOWN"),"UPARROW","UP"),"LEFTARROW","LEFT"),"RIGHTARROW","RIGHT"),"ARROWDOWN","DOWN"),"ARROWUP","UP"),"ARROWLEFT","LEFT"),"ARROWRIGHT","RIGHT"),"↓","DOWN"),"↑","UP"),"←","LEFT"),"→","RIGHT"),"SPACEBAR","SPACE"),"−","-"),"MINUS","-"),"PLUS","+")=Key!$E$76:$J$76),"✔ CLEAR","✘ TRY AGAIN"))),"✘ TRY AGAIN")} | F16: {=IF(E16="Show hint",Key!$B$76,"")} | G16: {=IF(LEFT(D16,1)="✔",IF(E16="Show hint",5,10),0)} -> 0
A17: W6 | B17: Which symbol locks a range so it doesn't shift when you fill down? (from F4-1 Seeker) | D17: {=IFERROR(_xlfn.LET(_xlpm.a,'F4-5 Tiers'!$C$17,IF(TRIM(_xlpm.a&"")="","",IF(OR(SUBSTITUTE(SUBSTITUTE(SUBSTITUTE(SUBSTITUTE(SUBSTITUTE(SUBSTITUTE(SUBSTITUTE(SUBSTITUTE(SUBSTITUTE(SUBSTITUTE(SUBSTITUTE(SUBSTITUTE(SUBSTITUTE(SUBSTITUTE(SUBSTITUTE(SUBSTITUTE(SUBSTITUTE(SUBSTITUTE(SUBSTITUTE(SUBSTITUTE(SUBSTITUTE(SUBSTITUTE(SUBSTITUTE(SUBSTITUTE(SUBSTITUTE(SUBSTITUTE(SUBSTITUTE(UPPER(_xlpm.a)," ",""),"CONTROL","CTRL"),"CTL","CTRL"),"ESCAPE","ESC"),"RETURN","ENTER"),"PAGEDOWN","PGDN"),"PGDOWN","PGDN"),"PAGEUP","PGUP"),"ARROWKEYS","ARROW"),"ARROWKEY","ARROW"),"ARROWS","ARROW"),"DOWNARROW","DOWN"),"UPARROW","UP"),"LEFTARROW","LEFT"),"RIGHTARROW","RIGHT"),"ARROWDOWN","DOWN"),"ARROWUP","UP"),"ARROWLEFT","LEFT"),"ARROWRIGHT","RIGHT"),"↓","DOWN"),"↑","UP"),"←","LEFT"),"→","RIGHT"),"SPACEBAR","SPACE"),"−","-"),"MINUS","-"),"PLUS","+")=Key!$E$77:$G$77),"✔ CLEAR","✘ TRY AGAIN"))),"✘ TRY AGAIN")} | F17: {=IF(E17="Show hint",Key!$B$77,"")} | G17: {=IF(LEFT(D17,1)="✔",IF(E17="Show hint",5,10),0)} -> 0
A18: W7 | B18: Which KeyTips open the Fill Color menu? (from S3-3 Format Power) | D18: {=IFERROR(_xlfn.LET(_xlpm.a,'F4-5 Tiers'!$C$18,IF(TRIM(_xlpm.a&"")="","",IF(OR(SUBSTITUTE(SUBSTITUTE(SUBSTITUTE(SUBSTITUTE(SUBSTITUTE(SUBSTITUTE(SUBSTITUTE(SUBSTITUTE(SUBSTITUTE(SUBSTITUTE(SUBSTITUTE(SUBSTITUTE(SUBSTITUTE(SUBSTITUTE(SUBSTITUTE(SUBSTITUTE(SUBSTITUTE(SUBSTITUTE(SUBSTITUTE(SUBSTITUTE(SUBSTITUTE(SUBSTITUTE(SUBSTITUTE(SUBSTITUTE(SUBSTITUTE(SUBSTITUTE(SUBSTITUTE(UPPER(_xlpm.a)," ",""),"CONTROL","CTRL"),"CTL","CTRL"),"ESCAPE","ESC"),"RETURN","ENTER"),"PAGEDOWN","PGDN"),"PGDOWN","PGDN"),"PAGEUP","PGUP"),"ARROWKEYS","ARROW"),"ARROWKEY","ARROW"),"ARROWS","ARROW"),"DOWNARROW","DOWN"),"UPARROW","UP"),"LEFTARROW","LEFT"),"RIGHTARROW","RIGHT"),"ARROWDOWN","DOWN"),"ARROWUP","UP"),"ARROWLEFT","LEFT"),"ARROWRIGHT","RIGHT"),"↓","DOWN"),"↑","UP"),"←","LEFT"),"→","RIGHT"),"SPACEBAR","SPACE"),"−","-"),"MINUS","-"),"PLUS","+")=Key!$E$78:$T$78),"✔ CLEAR","✘ TRY AGAIN"))),"✘ TRY AGAIN")} | F18: {=IF(E18="Show hint",Key!$B$78,"")} | G18: {=IF(LEFT(D18,1)="✔",IF(E18="Show hint",5,10),0)} -> 0
A19: W8 | B19: Which key repeats your last action? (from S3-3 Format Power) | D19: {=IFERROR(_xlfn.LET(_xlpm.a,'F4-5 Tiers'!$C$19,IF(TRIM(_xlpm.a&"")="","",IF(OR(SUBSTITUTE(SUBSTITUTE(SUBSTITUTE(SUBSTITUTE(SUBSTITUTE(SUBSTITUTE(SUBSTITUTE(SUBSTITUTE(SUBSTITUTE(SUBSTITUTE(SUBSTITUTE(SUBSTITUTE(SUBSTITUTE(SUBSTITUTE(SUBSTITUTE(SUBSTITUTE(SUBSTITUTE(SUBSTITUTE(SUBSTITUTE(SUBSTITUTE(SUBSTITUTE(SUBSTITUTE(SUBSTITUTE(SUBSTITUTE(SUBSTITUTE(SUBSTITUTE(SUBSTITUTE(UPPER(_xlpm.a)," ",""),"CONTROL","CTRL"),"CTL","CTRL"),"ESCAPE","ESC"),"RETURN","ENTER"),"PAGEDOWN","PGDN"),"PGDOWN","PGDN"),"PAGEUP","PGUP"),"ARROWKEYS","ARROW"),"ARROWKEY","ARROW"),"ARROWS","ARROW"),"DOWNARROW","DOWN"),"UPARROW","UP"),"LEFTARROW","LEFT"),"RIGHTARROW","RIGHT"),"ARROWDOWN","DOWN"),"ARROWUP","UP"),"ARROWLEFT","LEFT"),"ARROWRIGHT","RIGHT"),"↓","DOWN"),"↑","UP"),"←","LEFT"),"→","RIGHT"),"SPACEBAR","SPACE"),"−","-"),"MINUS","-"),"PLUS","+")=Key!$E$79:$F$79),"✔ CLEAR","✘ TRY AGAIN"))),"✘ TRY AGAIN")} | F19: {=IF(E19="Show hint",Key!$B$79,"")} | G19: {=IF(LEFT(D19,1)="✔",IF(E19="Show hint",5,10),0)} -> 0
A20: W9 | B20: Which function counts cells that meet one condition? (from F3-1 Counters) | D20: {=IFERROR(_xlfn.LET(_xlpm.a,'F4-5 Tiers'!$C$20,IF(TRIM(_xlpm.a&"")="","",IF(OR(SUBSTITUTE(SUBSTITUTE(SUBSTITUTE(SUBSTITUTE(SUBSTITUTE(SUBSTITUTE(SUBSTITUTE(SUBSTITUTE(SUBSTITUTE(SUBSTITUTE(SUBSTITUTE(SUBSTITUTE(SUBSTITUTE(SUBSTITUTE(SUBSTITUTE(SUBSTITUTE(SUBSTITUTE(SUBSTITUTE(SUBSTITUTE(SUBSTITUTE(SUBSTITUTE(SUBSTITUTE(SUBSTITUTE(SUBSTITUTE(SUBSTITUTE(SUBSTITUTE(SUBSTITUTE(UPPER(_xlpm.a)," ",""),"CONTROL","CTRL"),"CTL","CTRL"),"ESCAPE","ESC"),"RETURN","ENTER"),"PAGEDOWN","PGDN"),"PGDOWN","PGDN"),"PAGEUP","PGUP"),"ARROWKEYS","ARROW"),"ARROWKEY","ARROW"),"ARROWS","ARROW"),"DOWNARROW","DOWN"),"UPARROW","UP"),"LEFTARROW","LEFT"),"RIGHTARROW","RIGHT"),"ARROWDOWN","DOWN"),"ARROWUP","UP"),"ARROWLEFT","LEFT"),"ARROWRIGHT","RIGHT"),"↓","DOWN"),"↑","UP"),"←","LEFT"),"→","RIGHT"),"SPACEBAR","SPACE"),"−","-"),"MINUS","-"),"PLUS","+")=Key!$E$80:$J$80),"✔ CLEAR","✘ TRY AGAIN"))),"✘ TRY AGAIN")} | F20: {=IF(E20="Show hint",Key!$B$80,"")} | G20: {=IF(LEFT(D20,1)="✔",IF(E20="Show hint",5,10),0)} -> 0
A21: W10 | B21: Type the COUNTIF criteria for "greater than 50", quotes included. (from F3-1 Counters) | D21: {=IFERROR(_xlfn.LET(_xlpm.a,'F4-5 Tiers'!$C$21,IF(TRIM(_xlpm.a&"")="","",IF(OR(SUBSTITUTE(SUBSTITUTE(SUBSTITUTE(SUBSTITUTE(SUBSTITUTE(SUBSTITUTE(SUBSTITUTE(SUBSTITUTE(SUBSTITUTE(SUBSTITUTE(SUBSTITUTE(SUBSTITUTE(SUBSTITUTE(SUBSTITUTE(SUBSTITUTE(SUBSTITUTE(SUBSTITUTE(SUBSTITUTE(SUBSTITUTE(SUBSTITUTE(SUBSTITUTE(SUBSTITUTE(SUBSTITUTE(SUBSTITUTE(SUBSTITUTE(SUBSTITUTE(SUBSTITUTE(UPPER(_xlpm.a)," ",""),"CONTROL","CTRL"),"CTL","CTRL"),"ESCAPE","ESC"),"RETURN","ENTER"),"PAGEDOWN","PGDN"),"PGDOWN","PGDN"),"PAGEUP","PGUP"),"ARROWKEYS","ARROW"),"ARROWKEY","ARROW"),"ARROWS","ARROW"),"DOWNARROW","DOWN"),"UPARROW","UP"),"LEFTARROW","LEFT"),"RIGHTARROW","RIGHT"),"ARROWDOWN","DOWN"),"ARROWUP","UP"),"ARROWLEFT","LEFT"),"ARROWRIGHT","RIGHT"),"↓","DOWN"),"↑","UP"),"←","LEFT"),"→","RIGHT"),"SPACEBAR","SPACE"),"−","-"),"MINUS","-"),"PLUS","+")=Key!$E$81:$E$81),"✔ CLEAR","✘ TRY AGAIN"))),"✘ TRY AGAIN")} | F21: {=IF(E21="Show hint",Key!$B$81,"")} | G21: {=IF(LEFT(D21,1)="✔",IF(E21="Show hint",5,10),0)} -> 0
A23: TRAINING · recognize the move (pick from the list)
A24: # | B24: Mission | C24: Your answer | D24: Result | E24: Hint? | F24: Hint | G24: XP
A25: T1 | B25: Which XLOOKUP match_mode returns an exact match or the next smaller item? | D25: {=IFERROR(IF('F4-5 Tiers'!$C$25&""="","",IF('F4-5 Tiers'!$C$25&""=Key!$C$82&"","✔ CLEAR","✘ TRY AGAIN")),"✘ TRY AGAIN")} | F25: {=IF(E25="Show hint",Key!$B$82,"")} | G25: {=IF(LEFT(D25,1)="✔",IF(E25="Show hint",5,10),0)} -> 0
A26: T2 | B26: For an approximate VLOOKUP, how must the first column be sorted? | D26: {=IFERROR(IF('F4-5 Tiers'!$C$26&""="","",IF('F4-5 Tiers'!$C$26&""=Key!$C$83&"","✔ CLEAR","✘ TRY AGAIN")),"✘ TRY AGAIN")} | F26: {=IF(E26="Show hint",Key!$B$83,"")} | G26: {=IF(LEFT(D26,1)="✔",IF(E26="Show hint",5,10),0)} -> 0
A28: CHALLENGES · recall it, then do it
B29: ▶ Open F4-5 Arena (or press Ctrl+PgDn)
A30: # | B30: Mission | C30: Your answer | D30: Result | E30: Hint? | F30: Hint | G30: XP
A31: C1 | B31: Which XLOOKUP match_mode returns an exact match or the next smaller item? | D31: {=IFERROR(_xlfn.LET(_xlpm.a,'F4-5 Tiers'!$C$31,IF(TRIM(_xlpm.a&"")="","",IF(OR(SUBSTITUTE(SUBSTITUTE(SUBSTITUTE(SUBSTITUTE(SUBSTITUTE(SUBSTITUTE(SUBSTITUTE(SUBSTITUTE(SUBSTITUTE(SUBSTITUTE(SUBSTITUTE(SUBSTITUTE(SUBSTITUTE(SUBSTITUTE(SUBSTITUTE(SUBSTITUTE(SUBSTITUTE(SUBSTITUTE(SUBSTITUTE(SUBSTITUTE(SUBSTITUTE(SUBSTITUTE(SUBSTITUTE(SUBSTITUTE(SUBSTITUTE(SUBSTITUTE(SUBSTITUTE(UPPER(_xlpm.a)," ",""),"CONTROL","CTRL"),"CTL","CTRL"),"ESCAPE","ESC"),"RETURN","ENTER"),"PAGEDOWN","PGDN"),"PGDOWN","PGDN"),"PAGEUP","PGUP"),"ARROWKEYS","ARROW"),"ARROWKEY","ARROW"),"ARROWS","ARROW"),"DOWNARROW","DOWN"),"UPARROW","UP"),"LEFTARROW","LEFT"),"RIGHTARROW","RIGHT"),"ARROWDOWN","DOWN"),"ARROWUP","UP"),"ARROWLEFT","LEFT"),"ARROWRIGHT","RIGHT"),"↓","DOWN"),"↑","UP"),"←","LEFT"),"→","RIGHT"),"SPACEBAR","SPACE"),"−","-"),"MINUS","-"),"PLUS","+")=Key!$E$84:$E$84),"✔ CLEAR","✘ TRY AGAIN"))),"✘ TRY AGAIN")} | F31: {=IF(E31="Show hint",Key!$B$84,"")} | G31: {=IF(LEFT(D31,1)="✔",IF(E31="Show hint",5,10),0)} -> 0
A32: C2 | B32: For an approximate VLOOKUP, how must the first column be sorted? | D32: {=IFERROR(_xlfn.LET(_xlpm.a,'F4-5 Tiers'!$C$32,IF(TRIM(_xlpm.a&"")="","",IF(OR(SUBSTITUTE(SUBSTITUTE(SUBSTITUTE(SUBSTITUTE(SUBSTITUTE(SUBSTITUTE(SUBSTITUTE(SUBSTITUTE(SUBSTITUTE(SUBSTITUTE(SUBSTITUTE(SUBSTITUTE(SUBSTITUTE(SUBSTITUTE(SUBSTITUTE(SUBSTITUTE(SUBSTITUTE(SUBSTITUTE(SUBSTITUTE(SUBSTITUTE(SUBSTITUTE(SUBSTITUTE(SUBSTITUTE(SUBSTITUTE(SUBSTITUTE(SUBSTITUTE(SUBSTITUTE(UPPER(_xlpm.a)," ",""),"CONTROL","CTRL"),"CTL","CTRL"),"ESCAPE","ESC"),"RETURN","ENTER"),"PAGEDOWN","PGDN"),"PGDOWN","PGDN"),"PAGEUP","PGUP"),"ARROWKEYS","ARROW"),"ARROWKEY","ARROW"),"ARROWS","ARROW"),"DOWNARROW","DOWN"),"UPARROW","UP"),"LEFTARROW","LEFT"),"RIGHTARROW","RIGHT"),"ARROWDOWN","DOWN"),"ARROWUP","UP"),"ARROWLEFT","LEFT"),"ARROWRIGHT","RIGHT"),"↓","DOWN"),"↑","UP"),"←","LEFT"),"→","RIGHT"),"SPACEBAR","SPACE"),"−","-"),"MINUS","-"),"PLUS","+")=Key!$E$85:$H$85),"✔ CLEAR","✘ TRY AGAIN"))),"✘ TRY AGAIN")} | F32: {=IF(E32="Show hint",Key!$B$85,"")} | G32: {=IF(LEFT(D32,1)="✔",IF(E32="Show hint",5,10),0)} -> 0
A33: C3 | B33: In J6 find the discount for the quantity in I6 from the tiers in L6:M9: =XLOOKUP(I6,L6:L9,M6:M9,,-1). | C33: ▶ ARENA C3 (cell J6) | D33: {=IF(ISBLANK('F4-5 Arena'!$J$6),"",IF(NOT(_xlfn.ISFORMULA('F4-5 Arena'!$J$6)),"✘ That's a typed value · enter a formula",IF(ISERROR('F4-5 Arena'!$J$6),"✘ Your formula returns "&IFERROR(CHOOSE(ERROR.TYPE('F4-5 Arena'!$J$6),"#NULL!","#DIV/0!","#VALUE!","#REF!","#NAME?","#NUM!","#N/A","#GETTING_DATA","#SPILL!","#CONNECT!","#BLOCKED!","#UNKNOWN!","#FIELD!","#CALC!"),"an error"),IF(NOT(AND(IFERROR(AND(ISNUMBER('F4-5 Arena'!$J$6),ABS('F4-5 Arena'!$J$6-Key!$C$86)<=1E-9*MAX(1,ABS(Key!$C$86))),FALSE))),"✘ TRY AGAIN",IF(AND(OR(ISNUMBER(FIND({"=","(",",","+","-","*","/","&"," ","<",">",":","@","^"}&"XLOOKUP"&"(",UPPER(_xlfn.FORMULATEXT('F4-5 Arena'!$J$6)))))),IF(ISNUMBER(FIND("-1",_xlfn.FORMULATEXT('F4-5 Arena'!$J$6))),"✔ CLEAR","✘ CLOSE · your formula needs -1"),"✘ CLOSE · right value, but use XLOOKUP")))))} | F33: {=IF(E33="Show hint",Key!$B$86,"")} | G33: {=IF(LEFT(D33,1)="✔",IF(E33="Show hint",5,10),0)} -> 0
A34: C4 | B34: In J9 find the grade for the score in I9 from L13:M17 with =VLOOKUP(I9,L13:M17,2,TRUE). | C34: ▶ ARENA C4 (cell J9) | D34: {=IF(ISBLANK('F4-5 Arena'!$J$9),"",IF(NOT(_xlfn.ISFORMULA('F4-5 Arena'!$J$9)),"✘ That's a typed value · enter a formula",IF(ISERROR('F4-5 Arena'!$J$9),"✘ Your formula returns "&IFERROR(CHOOSE(ERROR.TYPE('F4-5 Arena'!$J$9),"#NULL!","#DIV/0!","#VALUE!","#REF!","#NAME?","#NUM!","#N/A","#GETTING_DATA","#SPILL!","#CONNECT!","#BLOCKED!","#UNKNOWN!","#FIELD!","#CALC!"),"an error"),IF(NOT(AND(IFERROR(AND(ISTEXT('F4-5 Arena'!$J$9),'F4-5 Arena'!$J$9=Key!$C$87),FALSE))),"✘ TRY AGAIN",IF(AND(OR(ISNUMBER(FIND({"=","(",",","+","-","*","/","&"," ","<",">",":","@","^"}&"VLOOKUP"&"(",UPPER(_xlfn.FORMULATEXT('F4-5 Arena'!$J$9)))))),"✔ CLEAR","✘ CLOSE · right value, but use VLOOKUP")))))} | F34: {=IF(E34="Show hint",Key!$B$87,"")} | G34: {=IF(LEFT(D34,1)="✔",IF(E34="Show hint",5,10),0)} -> 0

Sheet F4-5 Arena
A1: ARENA ▸ F4-5 TIERS
A2: Practice area · everything here is editable. Missions and their checks are on the stage sheet.
A3: PASS CODE | B3: TIERS | D3: ◀ Back to F4-5 Tiers
B5: ID | C5: Product | D5: Category | E5: Price | F5: Stock | I5: Quantity | J5: Discount | L5: Min qty | M5: Discount
B6: P-01 | C6: Apple | D6: Fruit | E6: 0.5 | F6: 120 | I6: 64 | L6: 0 | M6: 0
B7: P-02 | C7: Banana | D7: Fruit | E7: 0.25 | F7: 200 | L7: 10 | M7: 0.05
B8: P-03 | C8: Carrot | D8: Veg | E8: 0.3 | F8: 80 | I8: Score | J8: Grade | L8: 50 | M8: 0.1
B9: P-04 | C9: Dragonfruit | D9: Fruit | E9: 3.5 | F9: 12 | I9: 83 | L9: 100 | M9: 0.15
B10: P-05 | C10: Eggplant | D10: Veg | E10: 1.2 | F10: 30
B11: P-06 | C11: Fig | D11: Fruit | E11: 2 | F11: 25
B12: P-07 | C12: Garlic | D12: Veg | E12: 0.8 | F12: 60 | L12: Min score | M12: Grade
B13: P-08 | C13: Honeydew | D13: Fruit | E13: 4 | F13: 8 | L13: 0 | M13: F
B14: P-09 | C14: Iceberg | D14: Veg | E14: 1.5 | F14: 40 | L14: 60 | M14: D
B15: P-10 | C15: Jalapeno | D15: Veg | E15: 0.2 | F15: 150 | L15: 70 | M15: C
B16: P-11 | C16: Kiwi | D16: Fruit | E16: 0.6 | F16: 90 | L16: 80 | M16: B
B17: P-12 | C17: Leek | D17: Veg | E17: 1.1 | F17: 35 | L17: 90 | M17: A
B18: P-13 | C18: Mango | D18: Fruit | E18: 1.8 | F18: 45
B19: P-14 | C19: Nectarine | D19: Fruit | E19: 0.9 | F19: 70
B20: P-15 | C20: Okra | D20: Veg | E20: 2.2 | F20: 18

Sheet Boss
A1: BOSS ▸ LOOKUPS
A2: Every move from this world in one gauntlet. Clear it under par for rank S.
A3: {="SCORE "&TEXT(SUM($G$14:$G$33),"0000")&" / 0160"} -> SCORE 0000 / 0160 | C3: {=IF(SUM($G$14:$G$33)>=160,"★★★",IF(SUM($G$14:$G$33)>=160*0.8,"★★☆",IF(SUM($G$14:$G$33)>=160*0.5,"★☆☆","☆☆☆")))} -> ☆☆☆ | D3: {=REPT("█",ROUND(10*SUM($G$14:$G$33)/160,0))&REPT("░",10-ROUND(10*SUM($G$14:$G$33)/160,0))&" "&TEXT(SUM($G$14:$G$33)/160,"0%")} -> ░░░░░░░░░░ 0%
A5: SPEEDRUN · stamp START, beat the Boss, stamp FINISH
B6: START · select C6 and press Ctrl+Shift+:
B7: FINISH · select C7 and press Ctrl+Shift+:
B8: TIME | C8: {=IF(OR(C6="",C7=""),"",ROUND(MOD(C7-C6,1)*1440,0))}
B9: PAR | C9: 15
B10: BOSS GATE | C10: {=IF(AND(SUM('F4-1 Seeker'!$G$12:$G$34)>=160*0.5,SUM('F4-2 Safety Net'!$G$12:$G$34)>=160*0.5,SUM('F4-3 Old School'!$G$12:$G$34)>=160*0.5,SUM('F4-4 Power Couple'!$G$14:$G$42)>=220*0.5,SUM('F4-5 Tiers'!$G$12:$G$34)>=160*0.5),"OPEN","LOCKED")} -> LOCKED | D10: {=IF(C10="OPEN","Gate open · go!","Earn ★ on every stage to open the gate")} -> Earn ★ on every stage to open the gate
A12: FLASHBACK · moves from earlier worlds
A13: # | B13: Mission | C13: Your answer | D13: Result | E13: Hint? | F13: Hint | G13: XP
A14: F1 | B14: {=IF($C$10="OPEN","Which XLOOKUP match_mode returns an exact match or the next smaller item? (from F4-5 Tiers)","LOCKED · earn ★ on every stage to open the Boss gate")} -> LOCKED · earn ★ on every stage to open the Boss gate | D14: {=IF($C$10="OPEN",IFERROR(_xlfn.LET(_xlpm.a,Boss!$C$14,IF(TRIM(_xlpm.a&"")="","",IF(OR(SUBSTITUTE(SUBSTITUTE(SUBSTITUTE(SUBSTITUTE(SUBSTITUTE(SUBSTITUTE(SUBSTITUTE(SUBSTITUTE(SUBSTITUTE(SUBSTITUTE(SUBSTITUTE(SUBSTITUTE(SUBSTITUTE(SUBSTITUTE(SUBSTITUTE(SUBSTITUTE(SUBSTITUTE(SUBSTITUTE(SUBSTITUTE(SUBSTITUTE(SUBSTITUTE(SUBSTITUTE(SUBSTITUTE(SUBSTITUTE(SUBSTITUTE(SUBSTITUTE(SUBSTITUTE(UPPER(_xlpm.a)," ",""),"CONTROL","CTRL"),"CTL","CTRL"),"ESCAPE","ESC"),"RETURN","ENTER"),"PAGEDOWN","PGDN"),"PGDOWN","PGDN"),"PAGEUP","PGUP"),"ARROWKEYS","ARROW"),"ARROWKEY","ARROW"),"ARROWS","ARROW"),"DOWNARROW","DOWN"),"UPARROW","UP"),"LEFTARROW","LEFT"),"RIGHTARROW","RIGHT"),"ARROWDOWN","DOWN"),"ARROWUP","UP"),"ARROWLEFT","LEFT"),"ARROWRIGHT","RIGHT"),"↓","DOWN"),"↑","UP"),"←","LEFT"),"→","RIGHT"),"SPACEBAR","SPACE"),"−","-"),"MINUS","-"),"PLUS","+")=Key!$E$88:$E$88),"✔ CLEAR","✘ TRY AGAIN"))),"✘ TRY AGAIN"),"LOCKED")} -> LOCKED | F14: {=IF(E14="Show hint",Key!$B$88,"")} | G14: {=IF(LEFT(D14,1)="✔",IF(E14="Show hint",5,10),0)} -> 0
A15: F2 | B15: {=IF($C$10="OPEN","For an approximate VLOOKUP, how must the first column be sorted? (from F4-5 Tiers)","LOCKED · earn ★ on every stage to open the Boss gate")} -> LOCKED · earn ★ on every stage to open the Boss gate | D15: {=IF($C$10="OPEN",IFERROR(_xlfn.LET(_xlpm.a,Boss!$C$15,IF(TRIM(_xlpm.a&"")="","",IF(OR(SUBSTITUTE(SUBSTITUTE(SUBSTITUTE(SUBSTITUTE(SUBSTITUTE(SUBSTITUTE(SUBSTITUTE(SUBSTITUTE(SUBSTITUTE(SUBSTITUTE(SUBSTITUTE(SUBSTITUTE(SUBSTITUTE(SUBSTITUTE(SUBSTITUTE(SUBSTITUTE(SUBSTITUTE(SUBSTITUTE(SUBSTITUTE(SUBSTITUTE(SUBSTITUTE(SUBSTITUTE(SUBSTITUTE(SUBSTITUTE(SUBSTITUTE(SUBSTITUTE(SUBSTITUTE(UPPER(_xlpm.a)," ",""),"CONTROL","CTRL"),"CTL","CTRL"),"ESCAPE","ESC"),"RETURN","ENTER"),"PAGEDOWN","PGDN"),"PGDOWN","PGDN"),"PAGEUP","PGUP"),"ARROWKEYS","ARROW"),"ARROWKEY","ARROW"),"ARROWS","ARROW"),"DOWNARROW","DOWN"),"UPARROW","UP"),"LEFTARROW","LEFT"),"RIGHTARROW","RIGHT"),"ARROWDOWN","DOWN"),"ARROWUP","UP"),"ARROWLEFT","LEFT"),"ARROWRIGHT","RIGHT"),"↓","DOWN"),"↑","UP"),"←","LEFT"),"→","RIGHT"),"SPACEBAR","SPACE"),"−","-"),"MINUS","-"),"PLUS","+")=Key!$E$89:$H$89),"✔ CLEAR","✘ TRY AGAIN"))),"✘ TRY AGAIN"),"LOCKED")} -> LOCKED | F15: {=IF(E15="Show hint",Key!$B$89,"")} | G15: {=IF(LEFT(D15,1)="✔",IF(E15="Show hint",5,10),0)} -> 0
A16: F3 | B16: {=IF($C$10="OPEN","Which XLOOKUP argument number sets the result when no match is found? (from F4-2 Safety Net)","LOCKED · earn ★ on every stage to open the Boss gate")} -> LOCKED · earn ★ on every stage to open the Boss gate | D16: {=IF($C$10="OPEN",IFERROR(_xlfn.LET(_xlpm.a,Boss!$C$16,IF(TRIM(_xlpm.a&"")="","",IF(OR(SUBSTITUTE(SUBSTITUTE(SUBSTITUTE(SUBSTITUTE(SUBSTITUTE(SUBSTITUTE(SUBSTITUTE(SUBSTITUTE(SUBSTITUTE(SUBSTITUTE(SUBSTITUTE(SUBSTITUTE(SUBSTITUTE(SUBSTITUTE(SUBSTITUTE(SUBSTITUTE(SUBSTITUTE(SUBSTITUTE(SUBSTITUTE(SUBSTITUTE(SUBSTITUTE(SUBSTITUTE(SUBSTITUTE(SUBSTITUTE(SUBSTITUTE(SUBSTITUTE(SUBSTITUTE(UPPER(_xlpm.a)," ",""),"CONTROL","CTRL"),"CTL","CTRL"),"ESCAPE","ESC"),"RETURN","ENTER"),"PAGEDOWN","PGDN"),"PGDOWN","PGDN"),"PAGEUP","PGUP"),"ARROWKEYS","ARROW"),"ARROWKEY","ARROW"),"ARROWS","ARROW"),"DOWNARROW","DOWN"),"UPARROW","UP"),"LEFTARROW","LEFT"),"RIGHTARROW","RIGHT"),"ARROWDOWN","DOWN"),"ARROWUP","UP"),"ARROWLEFT","LEFT"),"ARROWRIGHT","RIGHT"),"↓","DOWN"),"↑","UP"),"←","LEFT"),"→","RIGHT"),"SPACEBAR","SPACE"),"−","-"),"MINUS","-"),"PLUS","+")=Key!$E$90:$H$90),"✔ CLEAR","✘ TRY AGAIN"))),"✘ TRY AGAIN"),"LOCKED")} -> LOCKED | F16: {=IF(E16="Show hint",Key!$B$90,"")} | G16: {=IF(LEFT(D16,1)="✔",IF(E16="Show hint",5,10),0)} -> 0
A17: F4 | B17: {=IF($C$10="OPEN","If the return array is E6:F20, how many columns does the result spill into? (from F4-2 Safety Net)","LOCKED · earn ★ on every stage to open the Boss gate")} -> LOCKED · earn ★ on every stage to open the Boss gate | D17: {=IF($C$10="OPEN",IFERROR(_xlfn.LET(_xlpm.a,Boss!$C$17,IF(TRIM(_xlpm.a&"")="","",IF(OR(SUBSTITUTE(SUBSTITUTE(SUBSTITUTE(SUBSTITUTE(SUBSTITUTE(SUBSTITUTE(SUBSTITUTE(SUBSTITUTE(SUBSTITUTE(SUBSTITUTE(SUBSTITUTE(SUBSTITUTE(SUBSTITUTE(SUBSTITUTE(SUBSTITUTE(SUBSTITUTE(SUBSTITUTE(SUBSTITUTE(SUBSTITUTE(SUBSTITUTE(SUBSTITUTE(SUBSTITUTE(SUBSTITUTE(SUBSTITUTE(SUBSTITUTE(SUBSTITUTE(SUBSTITUTE(UPPER(_xlpm.a)," ",""),"CONTROL","CTRL"),"CTL","CTRL"),"ESCAPE","ESC"),"RETURN","ENTER"),"PAGEDOWN","PGDN"),"PGDOWN","PGDN"),"PAGEUP","PGUP"),"ARROWKEYS","ARROW"),"ARROWKEY","ARROW"),"ARROWS","ARROW"),"DOWNARROW","DOWN"),"UPARROW","UP"),"LEFTARROW","LEFT"),"RIGHTARROW","RIGHT"),"ARROWDOWN","DOWN"),"ARROWUP","UP"),"ARROWLEFT","LEFT"),"ARROWRIGHT","RIGHT"),"↓","DOWN"),"↑","UP"),"←","LEFT"),"→","RIGHT"),"SPACEBAR","SPACE"),"−","-"),"MINUS","-"),"PLUS","+")=Key!$E$91:$F$91),"✔ CLEAR","✘ TRY AGAIN"))),"✘ TRY AGAIN"),"LOCKED")} -> LOCKED | F17: {=IF(E17="Show hint",Key!$B$91,"")} | G17: {=IF(LEFT(D17,1)="✔",IF(E17="Show hint",5,10),0)} -> 0
A18: F5 | B18: {=IF($C$10="OPEN","Which wildcard matches any number of characters? (from F3-1 Counters)","LOCKED · earn ★ on every stage to open the Boss gate")} -> LOCKED · earn ★ on every stage to open the Boss gate | D18: {=IF($C$10="OPEN",IFERROR(_xlfn.LET(_xlpm.a,Boss!$C$18,IF(TRIM(_xlpm.a&"")="","",IF(OR(SUBSTITUTE(SUBSTITUTE(SUBSTITUTE(SUBSTITUTE(SUBSTITUTE(SUBSTITUTE(SUBSTITUTE(SUBSTITUTE(SUBSTITUTE(SUBSTITUTE(SUBSTITUTE(SUBSTITUTE(SUBSTITUTE(SUBSTITUTE(SUBSTITUTE(SUBSTITUTE(SUBSTITUTE(SUBSTITUTE(SUBSTITUTE(SUBSTITUTE(SUBSTITUTE(SUBSTITUTE(SUBSTITUTE(SUBSTITUTE(SUBSTITUTE(SUBSTITUTE(SUBSTITUTE(UPPER(_xlpm.a)," ",""),"CONTROL","CTRL"),"CTL","CTRL"),"ESCAPE","ESC"),"RETURN","ENTER"),"PAGEDOWN","PGDN"),"PGDOWN","PGDN"),"PAGEUP","PGUP"),"ARROWKEYS","ARROW"),"ARROWKEY","ARROW"),"ARROWS","ARROW"),"DOWNARROW","DOWN"),"UPARROW","UP"),"LEFTARROW","LEFT"),"RIGHTARROW","RIGHT"),"ARROWDOWN","DOWN"),"ARROWUP","UP"),"ARROWLEFT","LEFT"),"ARROWRIGHT","RIGHT"),"↓","DOWN"),"↑","UP"),"←","LEFT"),"→","RIGHT"),"SPACEBAR","SPACE"),"−","-"),"MINUS","-"),"PLUS","+")=Key!$E$92:$F$92),"✔ CLEAR","✘ TRY AGAIN"))),"✘ TRY AGAIN"),"LOCKED")} -> LOCKED | F18: {=IF(E18="Show hint",Key!$B$92,"")} | G18: {=IF(LEFT(D18,1)="✔",IF(E18="Show hint",5,10),0)} -> 0
A19: F6 | B19: {=IF($C$10="OPEN","Which function adds values that meet one condition? (from F3-2 Money Bags)","LOCKED · earn ★ on every stage to open the Boss gate")} -> LOCKED · earn ★ on every stage to open the Boss gate | D19: {=IF($C$10="OPEN",IFERROR(_xlfn.LET(_xlpm.a,Boss!$C$19,IF(TRIM(_xlpm.a&"")="","",IF(OR(SUBSTITUTE(SUBSTITUTE(SUBSTITUTE(SUBSTITUTE(SUBSTITUTE(SUBSTITUTE(SUBSTITUTE(SUBSTITUTE(SUBSTITUTE(SUBSTITUTE(SUBSTITUTE(SUBSTITUTE(SUBSTITUTE(SUBSTITUTE(SUBSTITUTE(SUBSTITUTE(SUBSTITUTE(SUBSTITUTE(SUBSTITUTE(SUBSTITUTE(SUBSTITUTE(SUBSTITUTE(SUBSTITUTE(SUBSTITUTE(SUBSTITUTE(SUBSTITUTE(SUBSTITUTE(UPPER(_xlpm.a)," ",""),"CONTROL","CTRL"),"CTL","CTRL"),"ESCAPE","ESC"),"RETURN","ENTER"),"PAGEDOWN","PGDN"),"PGDOWN","PGDN"),"PAGEUP","PGUP"),"ARROWKEYS","ARROW"),"ARROWKEY","ARROW"),"ARROWS","ARROW"),"DOWNARROW","DOWN"),"UPARROW","UP"),"LEFTARROW","LEFT"),"RIGHTARROW","RIGHT"),"ARROWDOWN","DOWN"),"ARROWUP","UP"),"ARROWLEFT","LEFT"),"ARROWRIGHT","RIGHT"),"↓","DOWN"),"↑","UP"),"←","LEFT"),"→","RIGHT"),"SPACEBAR","SPACE"),"−","-"),"MINUS","-"),"PLUS","+")=Key!$E$93:$J$93),"✔ CLEAR","✘ TRY AGAIN"))),"✘ TRY AGAIN"),"LOCKED")} -> LOCKED | F19: {=IF(E19="Show hint",Key!$B$93,"")} | G19: {=IF(LEFT(D19,1)="✔",IF(E19="Show hint",5,10),0)} -> 0
A20: F7 | B20: {=IF($C$10="OPEN","Which function averages values that meet one condition? (from F3-2 Money Bags)","LOCKED · earn ★ on every stage to open the Boss gate")} -> LOCKED · earn ★ on every stage to open the Boss gate | D20: {=IF($C$10="OPEN",IFERROR(_xlfn.LET(_xlpm.a,Boss!$C$20,IF(TRIM(_xlpm.a&"")="","",IF(OR(SUBSTITUTE(SUBSTITUTE(SUBSTITUTE(SUBSTITUTE(SUBSTITUTE(SUBSTITUTE(SUBSTITUTE(SUBSTITUTE(SUBSTITUTE(SUBSTITUTE(SUBSTITUTE(SUBSTITUTE(SUBSTITUTE(SUBSTITUTE(SUBSTITUTE(SUBSTITUTE(SUBSTITUTE(SUBSTITUTE(SUBSTITUTE(SUBSTITUTE(SUBSTITUTE(SUBSTITUTE(SUBSTITUTE(SUBSTITUTE(SUBSTITUTE(SUBSTITUTE(SUBSTITUTE(UPPER(_xlpm.a)," ",""),"CONTROL","CTRL"),"CTL","CTRL"),"ESCAPE","ESC"),"RETURN","ENTER"),"PAGEDOWN","PGDN"),"PGDOWN","PGDN"),"PAGEUP","PGUP"),"ARROWKEYS","ARROW"),"ARROWKEY","ARROW"),"ARROWS","ARROW"),"DOWNARROW","DOWN"),"UPARROW","UP"),"LEFTARROW","LEFT"),"RIGHTARROW","RIGHT"),"ARROWDOWN","DOWN"),"ARROWUP","UP"),"ARROWLEFT","LEFT"),"ARROWRIGHT","RIGHT"),"↓","DOWN"),"↑","UP"),"←","LEFT"),"→","RIGHT"),"SPACEBAR","SPACE"),"−","-"),"MINUS","-"),"PLUS","+")=Key!$E$94:$J$94),"✔ CLEAR","✘ TRY AGAIN"))),"✘ TRY AGAIN"),"LOCKED")} -> LOCKED | F20: {=IF(E20="Show hint",Key!$B$94,"")} | G20: {=IF(LEFT(D20,1)="✔",IF(E20="Show hint",5,10),0)} -> 0
A21: F8 | B21: {=IF($C$10="OPEN","Which function counts rows that meet several conditions? (from F3-3 Multi-Filter)","LOCKED · earn ★ on every stage to open the Boss gate")} -> LOCKED · earn ★ on every stage to open the Boss gate | D21: {=IF($C$10="OPEN",IFERROR(_xlfn.LET(_xlpm.a,Boss!$C$21,IF(TRIM(_xlpm.a&"")="","",IF(OR(SUBSTITUTE(SUBSTITUTE(SUBSTITUTE(SUBSTITUTE(SUBSTITUTE(SUBSTITUTE(SUBSTITUTE(SUBSTITUTE(SUBSTITUTE(SUBSTITUTE(SUBSTITUTE(SUBSTITUTE(SUBSTITUTE(SUBSTITUTE(SUBSTITUTE(SUBSTITUTE(SUBSTITUTE(SUBSTITUTE(SUBSTITUTE(SUBSTITUTE(SUBSTITUTE(SUBSTITUTE(SUBSTITUTE(SUBSTITUTE(SUBSTITUTE(SUBSTITUTE(SUBSTITUTE(UPPER(_xlpm.a)," ",""),"CONTROL","CTRL"),"CTL","CTRL"),"ESCAPE","ESC"),"RETURN","ENTER"),"PAGEDOWN","PGDN"),"PGDOWN","PGDN"),"PAGEUP","PGUP"),"ARROWKEYS","ARROW"),"ARROWKEY","ARROW"),"ARROWS","ARROW"),"DOWNARROW","DOWN"),"UPARROW","UP"),"LEFTARROW","LEFT"),"RIGHTARROW","RIGHT"),"ARROWDOWN","DOWN"),"ARROWUP","UP"),"ARROWLEFT","LEFT"),"ARROWRIGHT","RIGHT"),"↓","DOWN"),"↑","UP"),"←","LEFT"),"→","RIGHT"),"SPACEBAR","SPACE"),"−","-"),"MINUS","-"),"PLUS","+")=Key!$E$95:$J$95),"✔ CLEAR","✘ TRY AGAIN"))),"✘ TRY AGAIN"),"LOCKED")} -> LOCKED | F21: {=IF(E21="Show hint",Key!$B$95,"")} | G21: {=IF(LEFT(D21,1)="✔",IF(E21="Show hint",5,10),0)} -> 0
A23: BOSS MISSIONS
B24: ▶ Open Boss Arena (or press Ctrl+PgDn)
A25: # | B25: Mission | C25: Your answer | D25: Result | E25: Hint? | F25: Hint | G25: XP
A26: B1 | B26: {=IF($C$10="OPEN","In J6 return the Price of the ID in I6 with XLOOKUP.","LOCKED · earn ★ on every stage to open the Boss gate")} -> LOCKED · earn ★ on every stage to open the Boss gate | C26: ▶ ARENA B1 (cell J6) | D26: {=IF($C$10="OPEN",IF(ISBLANK('Boss Arena'!$J$6),"",IF(NOT(_xlfn.ISFORMULA('Boss Arena'!$J$6)),"✘ That's a typed value · enter a formula",IF(ISERROR('Boss Arena'!$J$6),"✘ Your formula returns "&IFERROR(CHOOSE(ERROR.TYPE('Boss Arena'!$J$6),"#NULL!","#DIV/0!","#VALUE!","#REF!","#NAME?","#NUM!","#N/A","#GETTING_DATA","#SPILL!","#CONNECT!","#BLOCKED!","#UNKNOWN!","#FIELD!","#CALC!"),"an error"),IF(NOT(AND(IFERROR(AND(ISNUMBER('Boss Arena'!$J$6),ABS('Boss Arena'!$J$6-Key!$C$96)<=1E-9*MAX(1,ABS(Key!$C$96))),FALSE))),"✘ TRY AGAIN",IF(AND(OR(ISNUMBER(FIND({"=","(",",","+","-","*","/","&"," ","<",">",":","@","^"}&"XLOOKUP"&"(",UPPER(_xlfn.FORMULATEXT('Boss Arena'!$J$6)))))),"✔ CLEAR","✘ CLOSE · right value, but use XLOOKUP"))))),"LOCKED")} -> LOCKED | F26: {=IF(E26="Show hint",Key!$B$96,"")} | G26: {=IF(LEFT(D26,1)="✔",IF(E26="Show hint",5,10),0)} -> 0
A27: B2 | B27: {=IF($C$10="OPEN","In J9 return the Stock of I9 with locked ranges, then fill down to J12.","LOCKED · earn ★ on every stage to open the Boss gate")} -> LOCKED · earn ★ on every stage to open the Boss gate | C27: ▶ ARENA B2 (cell J9) | D27: {=IF($C$10="OPEN",IF(COUNTA('Boss Arena'!$J$9,'Boss Arena'!$J$10,'Boss Arena'!$J$11,'Boss Arena'!$J$12)=0,"",IF(OR(NOT(_xlfn.ISFORMULA('Boss Arena'!$J$9)),NOT(_xlfn.ISFORMULA('Boss Arena'!$J$10)),NOT(_xlfn.ISFORMULA('Boss Arena'!$J$11)),NOT(_xlfn.ISFORMULA('Boss Arena'!$J$12))),"✘ Some cells aren't formulas yet",IF(OR(ISERROR('Boss Arena'!$J$9),ISERROR('Boss Arena'!$J$10),ISERROR('Boss Arena'!$J$11),ISERROR('Boss Arena'!$J$12)),"✘ Some cells show an error",IF(NOT(AND(IFERROR(AND(ISNUMBER('Boss Arena'!$J$9),ABS('Boss Arena'!$J$9-Key!$E$97)<=1E-9*MAX(1,ABS(Key!$E$97))),FALSE),IFERROR(AND(ISNUMBER('Boss Arena'!$J$10),ABS('Boss Arena'!$J$10-Key!$F$97)<=1E-9*MAX(1,ABS(Key!$F$97))),FALSE),IFERROR(AND(ISNUMBER('Boss Arena'!$J$11),ABS('Boss Arena'!$J$11-Key!$G$97)<=1E-9*MAX(1,ABS(Key!$G$97))),FALSE),IFERROR(AND(ISNUMBER('Boss Arena'!$J$12),ABS('Boss Arena'!$J$12-Key!$H$97)<=1E-9*MAX(1,ABS(Key!$H$97))),FALSE))),"✘ TRY AGAIN",IF(AND(OR(ISNUMBER(FIND({"=","(",",","+","-","*","/","&"," ","<",">",":","@","^"}&"XLOOKUP"&"(",UPPER(_xlfn.FORMULATEXT('Boss Arena'!$J$9)))))),IF(ISNUMBER(FIND("$",_xlfn.FORMULATEXT('Boss Arena'!$J$9))),"✔ CLEAR","✘ CLOSE · add $ so it fills correctly (F4)"),"✘ CLOSE · right value, but use XLOOKUP"))))),"LOCKED")} -> LOCKED | F27: {=IF(E27="Show hint",Key!$B$97,"")} | G27: {=IF(LEFT(D27,1)="✔",IF(E27="Show hint",5,10),0)} -> 0
A28: B3 | B28: {=IF($C$10="OPEN","In J15 look up the Product for I15 and show ""Not found"" when it is missing.","LOCKED · earn ★ on every stage to open the Boss gate")} -> LOCKED · earn ★ on every stage to open the Boss gate | C28: ▶ ARENA B3 (cell J15) | D28: {=IF($C$10="OPEN",IF(ISBLANK('Boss Arena'!$J$15),"",IF(NOT(_xlfn.ISFORMULA('Boss Arena'!$J$15)),"✘ That's a typed value · enter a formula",IF(ISERROR('Boss Arena'!$J$15),"✘ Your formula returns "&IFERROR(CHOOSE(ERROR.TYPE('Boss Arena'!$J$15),"#NULL!","#DIV/0!","#VALUE!","#REF!","#NAME?","#NUM!","#N/A","#GETTING_DATA","#SPILL!","#CONNECT!","#BLOCKED!","#UNKNOWN!","#FIELD!","#CALC!"),"an error"),IF(NOT(AND(IFERROR(AND(ISTEXT('Boss Arena'!$J$15),'Boss Arena'!$J$15=Key!$C$98),FALSE))),"✘ TRY AGAIN",IF(AND(OR(ISNUMBER(FIND({"=","(",",","+","-","*","/","&"," ","<",">",":","@","^"}&"XLOOKUP"&"(",UPPER(_xlfn.FORMULATEXT('Boss Arena'!$J$15)))))),"✔ CLEAR","✘ CLOSE · right value, but use XLOOKUP"))))),"LOCKED")} -> LOCKED | F28: {=IF(E28="Show hint",Key!$B$98,"")} | G28: {=IF(LEFT(D28,1)="✔",IF(E28="Show hint",5,10),0)} -> 0
A29: B4 | B29: {=IF($C$10="OPEN","In J18 return the Price AND the Stock of I18 with one XLOOKUP.","LOCKED · earn ★ on every stage to open the Boss gate")} -> LOCKED · earn ★ on every stage to open the Boss gate | C29: ▶ ARENA B4 (cell J18) | D29: {=IF($C$10="OPEN",IF(ISBLANK('Boss Arena'!$J$18),"",IF(NOT(_xlfn.ISFORMULA('Boss Arena'!$J$18)),"✘ That's a typed value · enter a formula",IF(ISERROR('Boss Arena'!$J$18),"✘ Your formula returns "&IFERROR(CHOOSE(ERROR.TYPE('Boss Arena'!$J$18),"#NULL!","#DIV/0!","#VALUE!","#REF!","#NAME?","#NUM!","#N/A","#GETTING_DATA","#SPILL!","#CONNECT!","#BLOCKED!","#UNKNOWN!","#FIELD!","#CALC!"),"an error"),IF(IFERROR(AND(ROWS(_xlfn.ANCHORARRAY('Boss Arena'!$J$18))=ROWS(_xlfn.ANCHORARRAY(Key!$E$2101)),COLUMNS(_xlfn.ANCHORARRAY('Boss Arena'!$J$18))=COLUMNS(_xlfn.ANCHORARRAY(Key!$E$2101)),SUM(--(_xlfn.ANCHORARRAY('Boss Arena'!$J$18)=_xlfn.ANCHORARRAY(Key!$E$2101)))=ROWS(_xlfn.ANCHORARRAY(Key!$E$2101))*COLUMNS(_xlfn.ANCHORARRAY(Key!$E$2101))),FALSE),IF(AND(OR(ISNUMBER(FIND({"=","(",",","+","-","*","/","&"," ","<",">",":","@","^"}&"XLOOKUP"&"(",UPPER(_xlfn.FORMULATEXT('Boss Arena'!$J$18)))))),"✔ CLEAR","✘ CLOSE · right result, but use XLOOKUP"),"✘ TRY AGAIN")))),"LOCKED")} -> LOCKED | F29: {=IF(E29="Show hint",Key!$B$99,"")} | G29: {=IF(LEFT(D29,1)="✔",IF(E29="Show hint",5,10),0)} -> 0
A30: B5 | B30: {=IF($C$10="OPEN","In J21 return the Category of I21 with VLOOKUP (exact match).","LOCKED · earn ★ on every stage to open the Boss gate")} -> LOCKED · earn ★ on every stage to open the Boss gate | C30: ▶ ARENA B5 (cell J21) | D30: {=IF($C$10="OPEN",IF(ISBLANK('Boss Arena'!$J$21),"",IF(NOT(_xlfn.ISFORMULA('Boss Arena'!$J$21)),"✘ That's a typed value · enter a formula",IF(ISERROR('Boss Arena'!$J$21),"✘ Your formula returns "&IFERROR(CHOOSE(ERROR.TYPE('Boss Arena'!$J$21),"#NULL!","#DIV/0!","#VALUE!","#REF!","#NAME?","#NUM!","#N/A","#GETTING_DATA","#SPILL!","#CONNECT!","#BLOCKED!","#UNKNOWN!","#FIELD!","#CALC!"),"an error"),IF(NOT(AND(IFERROR(AND(ISTEXT('Boss Arena'!$J$21),'Boss Arena'!$J$21=Key!$C$100),FALSE))),"✘ TRY AGAIN",IF(AND(OR(ISNUMBER(FIND({"=","(",",","+","-","*","/","&"," ","<",">",":","@","^"}&"VLOOKUP"&"(",UPPER(_xlfn.FORMULATEXT('Boss Arena'!$J$21)))))),"✔ CLEAR","✘ CLOSE · right value, but use VLOOKUP"))))),"LOCKED")} -> LOCKED | F30: {=IF(E30="Show hint",Key!$B$100,"")} | G30: {=IF(LEFT(D30,1)="✔",IF(E30="Show hint",5,10),0)} -> 0
A31: B6 | B31: {=IF($C$10="OPEN","In J24 return the ID of the product named in I24 (the ID is to the LEFT). Use INDEX and MATCH.","LOCKED · earn ★ on every stage to open the Boss gate")} -> LOCKED · earn ★ on every stage to open the Boss gate | C31: ▶ ARENA B6 (cell J24) | D31: {=IF($C$10="OPEN",IF(ISBLANK('Boss Arena'!$J$24),"",IF(NOT(_xlfn.ISFORMULA('Boss Arena'!$J$24)),"✘ That's a typed value · enter a formula",IF(ISERROR('Boss Arena'!$J$24),"✘ Your formula returns "&IFERROR(CHOOSE(ERROR.TYPE('Boss Arena'!$J$24),"#NULL!","#DIV/0!","#VALUE!","#REF!","#NAME?","#NUM!","#N/A","#GETTING_DATA","#SPILL!","#CONNECT!","#BLOCKED!","#UNKNOWN!","#FIELD!","#CALC!"),"an error"),IF(NOT(AND(IFERROR(AND(ISTEXT('Boss Arena'!$J$24),'Boss Arena'!$J$24=Key!$C$101),FALSE))),"✘ TRY AGAIN",IF(AND(OR(ISNUMBER(FIND({"=","(",",","+","-","*","/","&"," ","<",">",":","@","^"}&"INDEX"&"(",UPPER(_xlfn.FORMULATEXT('Boss Arena'!$J$24))))),OR(ISNUMBER(FIND({"=","(",",","+","-","*","/","&"," ","<",">",":","@","^"}&"MATCH"&"(",UPPER(_xlfn.FORMULATEXT('Boss Arena'!$J$24)))))),"✔ CLEAR","✘ CLOSE · right value, but use INDEX and MATCH"))))),"LOCKED")} -> LOCKED | F31: {=IF(E31="Show hint",Key!$B$101,"")} | G31: {=IF(LEFT(D31,1)="✔",IF(E31="Show hint",5,10),0)} -> 0
A32: B7 | B32: {=IF($C$10="OPEN","In J27 return the position of I27 in C6:C20 with XMATCH.","LOCKED · earn ★ on every stage to open the Boss gate")} -> LOCKED · earn ★ on every stage to open the Boss gate | C32: ▶ ARENA B7 (cell J27) | D32: {=IF($C$10="OPEN",IF(ISBLANK('Boss Arena'!$J$27),"",IF(NOT(_xlfn.ISFORMULA('Boss Arena'!$J$27)),"✘ That's a typed value · enter a formula",IF(ISERROR('Boss Arena'!$J$27),"✘ Your formula returns "&IFERROR(CHOOSE(ERROR.TYPE('Boss Arena'!$J$27),"#NULL!","#DIV/0!","#VALUE!","#REF!","#NAME?","#NUM!","#N/A","#GETTING_DATA","#SPILL!","#CONNECT!","#BLOCKED!","#UNKNOWN!","#FIELD!","#CALC!"),"an error"),IF(NOT(AND(IFERROR(AND(ISNUMBER('Boss Arena'!$J$27),ABS('Boss Arena'!$J$27-Key!$C$102)<=1E-9*MAX(1,ABS(Key!$C$102))),FALSE))),"✘ TRY AGAIN",IF(AND(OR(ISNUMBER(FIND({"=","(",",","+","-","*","/","&"," ","<",">",":","@","^"}&"XMATCH"&"(",UPPER(_xlfn.FORMULATEXT('Boss Arena'!$J$27)))))),"✔ CLEAR","✘ CLOSE · right value, but use XMATCH"))))),"LOCKED")} -> LOCKED | F32: {=IF(E32="Show hint",Key!$B$102,"")} | G32: {=IF(LEFT(D32,1)="✔",IF(E32="Show hint",5,10),0)} -> 0
A33: B8 | B33: {=IF($C$10="OPEN","In J30 find the discount tier for the quantity in I30 from L6:M9.","LOCKED · earn ★ on every stage to open the Boss gate")} -> LOCKED · earn ★ on every stage to open the Boss gate | C33: ▶ ARENA B8 (cell J30) | D33: {=IF($C$10="OPEN",IF(ISBLANK('Boss Arena'!$J$30),"",IF(NOT(_xlfn.ISFORMULA('Boss Arena'!$J$30)),"✘ That's a typed value · enter a formula",IF(ISERROR('Boss Arena'!$J$30),"✘ Your formula returns "&IFERROR(CHOOSE(ERROR.TYPE('Boss Arena'!$J$30),"#NULL!","#DIV/0!","#VALUE!","#REF!","#NAME?","#NUM!","#N/A","#GETTING_DATA","#SPILL!","#CONNECT!","#BLOCKED!","#UNKNOWN!","#FIELD!","#CALC!"),"an error"),IF(NOT(AND(IFERROR(AND(ISNUMBER('Boss Arena'!$J$30),ABS('Boss Arena'!$J$30-Key!$C$103)<=1E-9*MAX(1,ABS(Key!$C$103))),FALSE))),"✘ TRY AGAIN",IF(AND(OR(ISNUMBER(FIND({"=","(",",","+","-","*","/","&"," ","<",">",":","@","^"}&"XLOOKUP"&"(",UPPER(_xlfn.FORMULATEXT('Boss Arena'!$J$30)))))),IF(ISNUMBER(FIND("-1",_xlfn.FORMULATEXT('Boss Arena'!$J$30))),"✔ CLEAR","✘ CLOSE · your formula needs -1"),"✘ CLOSE · right value, but use XLOOKUP"))))),"LOCKED")} -> LOCKED | F33: {=IF(E33="Show hint",Key!$B$103,"")} | G33: {=IF(LEFT(D33,1)="✔",IF(E33="Show hint",5,10),0)} -> 0

Sheet Boss Arena
A1: BOSS ARENA ▸ LOOKUPS
A2: Practice area · everything here is editable. Missions and their checks are on the stage sheet.
A3: PASS CODE | B3: LOOKOUT | D3: ◀ Back to Boss
B5: ID | C5: Product | D5: Category | E5: Price | F5: Stock | I5: Find ID | J5: Price | L5: Min qty | M5: Discount
B6: P-01 | C6: Apple | D6: Fruit | E6: 0.5 | F6: 120 | I6: P-10 | L6: 0 | M6: 0
B7: P-02 | C7: Banana | D7: Fruit | E7: 0.25 | F7: 200 | L7: 10 | M7: 0.05
B8: P-03 | C8: Carrot | D8: Veg | E8: 0.3 | F8: 80 | I8: Order IDs | J8: Stock | L8: 50 | M8: 0.1
B9: P-04 | C9: Dragonfruit | D9: Fruit | E9: 3.5 | F9: 12 | I9: P-02 | L9: 100 | M9: 0.15
B10: P-05 | C10: Eggplant | D10: Veg | E10: 1.2 | F10: 30 | I10: P-08
B11: P-06 | C11: Fig | D11: Fruit | E11: 2 | F11: 25 | I11: P-15
B12: P-07 | C12: Garlic | D12: Veg | E12: 0.8 | F12: 60 | I12: P-06
B13: P-08 | C13: Honeydew | D13: Fruit | E13: 4 | F13: 8
B14: P-09 | C14: Iceberg | D14: Veg | E14: 1.5 | F14: 40 | I14: Find ID | J14: Product
B15: P-10 | C15: Jalapeno | D15: Veg | E15: 0.2 | F15: 150 | I15: P-77
B16: P-11 | C16: Kiwi | D16: Fruit | E16: 0.6 | F16: 90
B17: P-12 | C17: Leek | D17: Veg | E17: 1.1 | F17: 35 | I17: Find ID | J17: Price | K17: Stock
B18: P-13 | C18: Mango | D18: Fruit | E18: 1.8 | F18: 45 | I18: P-13
B19: P-14 | C19: Nectarine | D19: Fruit | E19: 0.9 | F19: 70
B20: P-15 | C20: Okra | D20: Veg | E20: 2.2 | F20: 18 | I20: Find ID | J20: Category
I21: P-09
I23: Find name | J23: ID
I24: Fig
I26: Find name | J26: Position
I27: Leek
I29: Quantity | J29: Discount
I30: 120

Sheet Cheat Codes
A1: CHEAT CODES ▸ LOOKUPS
A2: Every move from this world on one page. Keep it open while you play, or print it (Ctrl+P).
A4: Stage | B4: Keys / Syntax | C4: What it does | D4: Pro tip
A5: F4-1 | B5: XLOOKUP | C5: XLOOKUP(lookup_value, lookup_array, return_array) finds a match and returns its partner. | D5: Works left or right, exact match by default.
A6: F4-1 | B6: $B$6:$B$20 | C6: Lock lookup ranges with $ before you fill the formula down. | D6: Otherwise the ranges slide down and miss rows.
A7: F4-2 | B7: if_not_found | C7: XLOOKUP's 4th argument: what to show when nothing matches. | D7: =XLOOKUP(A2,B:B,C:C,"Not found") instead of #N/A.
A8: F4-2 | B8: return 2+ columns | C8: Give XLOOKUP a return range two columns wide and both values spill out. | D8: One formula, several answers side by side.
A9: F4-3 | B9: VLOOKUP | C9: VLOOKUP(value, table, column_number, FALSE) searches the FIRST column of a table. | D9: Still everywhere in older files.
A10: F4-3 | B10: FALSE = exact | C10: End VLOOKUP with FALSE for an exact match. | D10: Forget it and VLOOKUP may return a wrong neighbor.
A11: F4-4 | B11: INDEX | C11: INDEX(range, n) returns the n-th item of a range. | D11: =INDEX(E6:E20,5) is the 5th price.
A12: F4-4 | B12: MATCH | C12: MATCH(value, range, 0) returns the position of a value. | D12: The 0 means exact match.
A13: F4-4 | B13: INDEX+MATCH | C13: =INDEX(return_range, MATCH(value, lookup_range, 0)) looks up in any direction. | D13: Works even when the answer is LEFT of the lookup column.
A14: F4-4 | B14: XMATCH | C14: Modern MATCH: exact match by default. | D14: =XMATCH("Kiwi",C6:C20)
A15: F4-5 | B15: match_mode -1 | C15: XLOOKUP(…,,-1): exact match or the next smaller item. | D15: Perfect for discount tiers and grade bands.
A16: F4-5 | B16: VLOOKUP TRUE | C16: Approximate VLOOKUP: the first column must be sorted smallest to largest. | D16: Unsorted bands give wrong answers silently.

Sheet Key
A1: Challenge | B1: Hint | C1: Expected | E1: Lists / per-cell expectations →
A2: F4-1 Seeker W1 | B2: Ctrl plus a number key. | E2: CTRL+9
A3: F4-1 Seeker W2 | B3: Ctrl plus zero. | E3: CTRL+0
A4: F4-1 Seeker W3 | B4: Shift plus F11. | E4: ALT+SHIFT+F1 | F4: SHIFT+ALT+F1 | G4: SHIFT+F11
A5: F4-1 Seeker W4 | B5: Alt, H, O, R one after another. | E5: ALT+H+O+R | F5: ALT+H,O,R | G5: ALT+H>O>R | H5: ALT+HOR | I5: ALT,H+O+R | J5: ALT,H,O,R | K5: ALT,H>O>R | L5: ALT,HOR | M5: ALT>H+O+R | N5: ALT>H,O,R | O5: ALT>H>O>R | P5: ALT>HOR | Q5: ALTH+O+R | R5: ALTH,O,R | S5: ALTH>O>R | T5: ALTHOR
A6: F4-1 Seeker W5 | B6: S for Save. | E6: CTRL+S
A7: F4-1 Seeker W6 | B7: The last function key. | E7: F12
A8: F4-1 Seeker W7 | B8: N for New. | E8: CTRL+N
A9: F4-1 Seeker W8 | B9: O for Open. | E9: CTRL+O
A10: F4-1 Seeker W9 | B10: W for Window. | E10: CTRL+W
A11: F4-1 Seeker W10 | B11: P for Print. | E11: CTRL+P
A12: F4-1 Seeker T1 | B12: X plus LOOKUP. | C12: XLOOKUP | E12: INDEX | F12: MATCH | G12: XLOOKUP | H12: VLOOKUP
A13: F4-1 Seeker T2 | B13: The F4 symbol. | C13: $B$6:$B$20 | E13: $B$6:$B$20 | F13: FALSE = exact | G13: if_not_found | H13: VLOOKUP TRUE
A14: F4-1 Seeker C1 | B14: X plus LOOKUP. | E14: =XLOOKUP | F14: =XLOOKUP( | G14: =XLOOKUP() | H14: XLOOKUP | I14: XLOOKUP( | J14: XLOOKUP()
A15: F4-1 Seeker C2 | B15: The F4 symbol. | E15: $ | F15: DOLLAR | G15: DOLLARSIGN
A16: F4-1 Seeker C3 | B16: Look up in IDs, return from Price. | C16: {=_xlfn.XLOOKUP('F4-1 Arena'!$I$6,'F4-1 Arena'!$B$6:$B$20,'F4-1 Arena'!$E$6:$E$20)} -> 0.8
A17: F4-1 Seeker C4 | B17: Lock both ranges with F4. | E17: {=_xlfn.XLOOKUP('F4-1 Arena'!$I$10,'F4-1 Arena'!$B$6:$B$20,'F4-1 Arena'!$F$6:$F$20)} -> 80 | F17: {=_xlfn.XLOOKUP('F4-1 Arena'!$I$11,'F4-1 Arena'!$B$6:$B$20,'F4-1 Arena'!$F$6:$F$20)} -> 90 | G17: {=_xlfn.XLOOKUP('F4-1 Arena'!$I$12,'F4-1 Arena'!$B$6:$B$20,'F4-1 Arena'!$F$6:$F$20)} -> 120 | H17: {=_xlfn.XLOOKUP('F4-1 Arena'!$I$13,'F4-1 Arena'!$B$6:$B$20,'F4-1 Arena'!$F$6:$F$20)} -> 70
A18: F4-2 Safety Net W1 | B18: X plus LOOKUP. | E18: =XLOOKUP | F18: =XLOOKUP( | G18: =XLOOKUP() | H18: XLOOKUP | I18: XLOOKUP( | J18: XLOOKUP()
A19: F4-2 Safety Net W2 | B19: The F4 symbol. | E19: $ | F19: DOLLAR | G19: DOLLARSIGN
A20: F4-2 Safety Net W3 | B20: F for Find. | E20: CTRL+F
A21: F4-2 Safety Net W4 | B21: The letter after G. | E21: CTRL+H
A22: F4-2 Safety Net W5 | B22: IS plus NUMBER. | E22: =ISNUMBER | F22: =ISNUMBER( | G22: =ISNUMBER() | H22: ISNUMBER | I22: ISNUMBER( | J22: ISNUMBER()
A23: F4-2 Safety Net W6 | B23: Ctrl+Shift plus the dollar key. | E23: CTRL+SHIFT+$ | F23: CTRL+SHIFT+4 | G23: SHIFT+CTRL+$ | H23: SHIFT+CTRL+4
A24: F4-2 Safety Net W7 | B24: Ctrl+Shift plus the % key. | E24: CTRL+SHIFT+% | F24: CTRL+SHIFT+5 | G24: SHIFT+CTRL+% | H24: SHIFT+CTRL+5
A25: F4-2 Safety Net W8 | B25: Ctrl+Shift plus the ! key. | E25: CTRL+SHIFT+! | F25: CTRL+SHIFT+1 | G25: SHIFT+CTRL+! | H25: SHIFT+CTRL+1
A26: F4-2 Safety Net W9 | B26: Ctrl+Shift plus the # key. | E26: CTRL+SHIFT+# | F26: CTRL+SHIFT+3 | G26: SHIFT+CTRL+# | H26: SHIFT+CTRL+3
A27: F4-2 Safety Net W10 | B27: Ctrl+Shift plus the @ key. | E27: CTRL+SHIFT+2 | F27: CTRL+SHIFT+@ | G27: SHIFT+CTRL+2 | H27: SHIFT+CTRL+@
A28: F4-2 Safety Net T1 | B28: After lookup, lookup array, return array. | C28: if_not_found | E28: if_not_found | F28: VLOOKUP TRUE | G28: INDEX+MATCH | H28: FALSE = exact
A29: F4-2 Safety Net T2 | B29: Count E and F. | C29: return 2+ columns | E29: match_mode -1 | F29: FALSE = exact | G29: return 2+ columns | H29: INDEX+MATCH
A30: F4-2 Safety Net C1 | B30: After lookup, lookup array, return array. | E30: 4 | F30: 4TH | G30: FOURTH | H30: IF_NOT_FOUND
A31: F4-2 Safety Net C2 | B31: Count E and F. | E31: 2 | F31: TWO
A32: F4-2 Safety Net C3 | B32: Use XLOOKUP's 4th argument. | C32: {=_xlfn.XLOOKUP('F4-2 Arena'!$I$6,'F4-2 Arena'!$B$6:$B$20,'F4-2 Arena'!$C$6:$C$20,"Not found")} -> Not found
A33: F4-2 Safety Net C4 | B33: The result spills into J9:K9.
A34: F4-3 Old School W1 | B34: After lookup, lookup array, return array. | E34: 4 | F34: 4TH | G34: FOURTH | H34: IF_NOT_FOUND
A35: F4-3 Old School W2 | B35: Count E and F. | E35: 2 | F35: TWO
A36: F4-3 Old School W3 | B36: Ctrl+Shift plus L. | E36: CTRL+SHIFT+L | F36: SHIFT+CTRL+L
A37: F4-3 Old School W4 | B37: The same keys that open a dropdown. | E37: ALT+DOWN
A38: F4-3 Old School W5 | B38: T for Table. | E38: CTRL+L | F38: CTRL+T
A39: F4-3 Old School W6 | B39: Alt, A, S, then A for ascending. | E39: ALT+A+S+A | F39: ALT+A,S,A | G39: ALT+A>S>A | H39: ALT+ASA | I39: ALT,A+S+A | J39: ALT,A,S,A | K39: ALT,A>S>A | L39: ALT,ASA | M39: ALT>A+S+A | N39: ALT>A,S,A | O39: ALT>A>S>A | P39: ALT>ASA | Q39: ALTA+S+A | R39: ALTA,S,A | S39: ALTA>S>A | T39: ALTASA
A40: F4-3 Old School W7 | B40: Alt, A, S, then D for descending. | E40: ALT+A+S+D | F40: ALT+A,S,D | G40: ALT+A>S>D | H40: ALT+ASD | I40: ALT,A+S+D | J40: ALT,A,S,D | K40: ALT,A>S>D | L40: ALT,ASD | M40: ALT>A+S+D | N40: ALT>A,S,D | O40: ALT>A>S>D | P40: ALT>ASD | Q40: ALTA+S+D | R40: ALTA,S,D | S40: ALTA>S>D | T40: ALTASD
A41: F4-3 Old School W8 | B41: Alt plus F1. | E41: ALT+F1
A42: F4-3 Old School W9 | B42: Ctrl+Shift plus the ~ key. | E42: CTRL+SHIFT+` | F42: CTRL+SHIFT+~ | G42: SHIFT+CTRL+` | H42: SHIFT+CTRL+~
A43: F4-3 Old School W10 | B43: B for Bold. | E43: CTRL+2 | F43: CTRL+B
A44: F4-3 Old School T1 | B44: V for vertical. | C44: VLOOKUP | E44: VLOOKUP | F44: MATCH | G44: XMATCH | H44: INDEX
A45: F4-3 Old School T2 | B45: The opposite of TRUE. | C45: FALSE = exact | E45: $B$6:$B$20 | F45: VLOOKUP TRUE | G45: INDEX+MATCH | H45: FALSE = exact
A46: F4-3 Old School C1 | B46: V for vertical. | E46: =VLOOKUP | F46: =VLOOKUP( | G46: =VLOOKUP() | H46: VLOOKUP | I46: VLOOKUP( | J46: VLOOKUP()
A47: F4-3 Old School C2 | B47: The opposite of TRUE. | E47: 0 | F47: FALSE
A48: F4-3 Old School C3 | B48: Count columns from B. | C48: {=VLOOKUP('F4-3 Arena'!$I$6,'F4-3 Arena'!$B$6:$F$20,3,FALSE)} -> Veg
A49: F4-3 Old School C4 | B49: B=1 … F=5. | C49: {=VLOOKUP('F4-3 Arena'!$I$9,'F4-3 Arena'!$B$6:$F$20,5,FALSE)} -> 12
A50: F4-4 Power Couple W1 | B50: V for vertical. | E50: =VLOOKUP | F50: =VLOOKUP( | G50: =VLOOKUP() | H50: VLOOKUP | I50: VLOOKUP( | J50: VLOOKUP()
A51: F4-4 Power Couple W2 | B51: The opposite of TRUE. | E51: 0 | F51: FALSE
A52: F4-4 Power Couple W3 | B52: I for Italic. | E52: CTRL+3 | F52: CTRL+I
A53: F4-4 Power Couple W4 | B53: U for Underline. | E53: CTRL+4 | F53: CTRL+U
A54: F4-4 Power Couple W5 | B54: Ctrl plus a number key. | E54: CTRL+5
A55: F4-4 Power Couple W6 | B55: Ctrl plus the number 1. | E55: CTRL+1
A56: F4-4 Power Couple W7 | B56: Ctrl+Shift plus the & key. | E56: CTRL+SHIFT+& | F56: CTRL+SHIFT+7 | G56: SHIFT+CTRL+& | H56: SHIFT+CTRL+7
A57: F4-4 Power Couple W8 | B57: Ctrl+Shift plus the underscore key. | E57: CTRL+SHIFT+- | F57: CTRL+SHIFT+_ | G57: SHIFT+CTRL+- | H57: SHIFT+CTRL+_
A58: F4-4 Power Couple W9 | B58: The key next to the spacebar. | E58: ALT | F58: F10
A59: F4-4 Power Couple W10 | B59: Alt, then H, then A, then C. | E59: ALT+H+A+C | F59: ALT+H,A,C | G59: ALT+H>A>C | H59: ALT+HAC | I59: ALT,H+A+C | J59: ALT,H,A,C | K59: ALT,H>A>C | L59: ALT,HAC | M59: ALT>H+A+C | N59: ALT>H,A,C | O59: ALT>H>A>C | P59: ALT>HAC | Q59: ALTH+A+C | R59: ALTH,A,C | S59: ALTH>A>C | T59: ALTHAC
A60: F4-4 Power Couple T1 | B60: Like a book's index. | C60: INDEX | E60: INDEX | F60: XMATCH | G60: MATCH | H60: VLOOKUP
A61: F4-4 Power Couple T2 | B61: It finds a match. | C61: MATCH | E61: MATCH | F61: XLOOKUP | G61: INDEX | H61: VLOOKUP
A62: F4-4 Power Couple T3 | B62: The position finder. | C62: INDEX+MATCH | E62: INDEX+MATCH | F62: if_not_found | G62: $B$6:$B$20 | H62: match_mode -1
A63: F4-4 Power Couple T4 | B63: X plus MATCH. | C63: XMATCH | E63: INDEX | F63: VLOOKUP | G63: XMATCH | H63: XLOOKUP
A64: F4-4 Power Couple C1 | B64: Like a book's index. | E64: =INDEX | F64: =INDEX( | G64: =INDEX() | H64: INDEX | I64: INDEX( | J64: INDEX()
A65: F4-4 Power Couple C2 | B65: It finds a match. | E65: =MATCH | F65: =MATCH( | G65: =MATCH() | H65: MATCH | I65: MATCH( | J65: MATCH()
A66: F4-4 Power Couple C3 | B66: The position finder. | E66: MATCH
A67: F4-4 Power Couple C4 | B67: X plus MATCH. | E67: =XMATCH | F67: =XMATCH( | G67: =XMATCH() | H67: XMATCH | I67: XMATCH( | J67: XMATCH()
A68: F4-4 Power Couple C5 | B68: 0 = exact. | C68: {=MATCH('F4-4 Arena'!$I$6,'F4-4 Arena'!$C$6:$C$20,0)} -> 11
A69: F4-4 Power Couple C6 | B69: MATCH finds the row, INDEX fetches it. | C69: {=INDEX('F4-4 Arena'!$B$6:$B$20,MATCH('F4-4 Arena'!$I$9,'F4-4 Arena'!$C$6:$C$20,0))} -> P-13
A70: F4-4 Power Couple C7 | B70: No 0 needed. | C70: {=_xlfn.XMATCH('F4-4 Arena'!$I$12,'F4-4 Arena'!$C$6:$C$20)} -> 15
A71: F4-4 Power Couple C8 | B71: =INDEX(E6:E20,5) | C71: {=INDEX('F4-4 Arena'!$E$6:$E$20,5)} -> 1.2
A72: F4-5 Tiers W1 | B72: Like a book's index. | E72: =INDEX | F72: =INDEX( | G72: =INDEX() | H72: INDEX | I72: INDEX( | J72: INDEX()
A73: F4-5 Tiers W2 | B73: It finds a match. | E73: =MATCH | F73: =MATCH( | G73: =MATCH() | H73: MATCH | I73: MATCH( | J73: MATCH()
A74: F4-5 Tiers W3 | B74: The position finder. | E74: MATCH
A75: F4-5 Tiers W4 | B75: X plus MATCH. | E75: =XMATCH | F75: =XMATCH( | G75: =XMATCH() | H75: XMATCH | I75: XMATCH( | J75: XMATCH()
A76: F4-5 Tiers W5 | B76: X plus LOOKUP. | E76: =XLOOKUP | F76: =XLOOKUP( | G76: =XLOOKUP() | H76: XLOOKUP | I76: XLOOKUP( | J76: XLOOKUP()
A77: F4-5 Tiers W6 | B77: The F4 symbol. | E77: $ | F77: DOLLAR | G77: DOLLARSIGN
A78: F4-5 Tiers W7 | B78: Alt, then H, then H again. | E78: ALT+H+H | F78: ALT+H,H | G78: ALT+H>H | H78: ALT+HH | I78: ALT,H+H | J78: ALT,H,H | K78: ALT,H>H | L78: ALT,HH | M78: ALT>H+H | N78: ALT>H,H | O78: ALT>H>H | P78: ALT>HH | Q78: ALTH+H | R78: ALTH,H | S78: ALTH>H | T78: ALTHH
A79: F4-5 Tiers W8 | B79: A function key. | E79: CTRL+Y | F79: F4
A80: F4-5 Tiers W9 | B80: COUNT plus IF. | E80: =COUNTIF | F80: =COUNTIF( | G80: =COUNTIF() | H80: COUNTIF | I80: COUNTIF( | J80: COUNTIF()
A81: F4-5 Tiers W10 | B81: Quotes around >50. | E81: ">50"
A82: F4-5 Tiers T1 | B82: Minus one. | C82: match_mode -1 | E82: match_mode -1 | F82: return 2+ columns | G82: $B$6:$B$20 | H82: if_not_found
A83: F4-5 Tiers T2 | B83: Low to high. | C83: VLOOKUP TRUE | E83: INDEX+MATCH | F83: VLOOKUP TRUE | G83: return 2+ columns | H83: match_mode -1
A84: F4-5 Tiers C1 | B84: Minus one. | E84: -1
A85: F4-5 Tiers C2 | B85: Low to high. | E85: A-Z | F85: ASCENDING | G85: ATOZ | H85: SMALLESTTOLARGEST
A86: F4-5 Tiers C3 | B86: -1 = exact or next smaller. | C86: {=_xlfn.XLOOKUP('F4-5 Arena'!$I$6,'F4-5 Arena'!$L$6:$L$9,'F4-5 Arena'!$M$6:$M$9,,-1)} -> 0.1
A87: F4-5 Tiers C4 | B87: TRUE = approximate (sorted bands). | C87: {=VLOOKUP('F4-5 Arena'!$I$9,'F4-5 Arena'!$L$13:$M$17,2,TRUE)} -> B
A88: Boss F1 | B88: Minus one. | E88: -1
A89: Boss F2 | B89: Low to high. | E89: A-Z | F89: ASCENDING | G89: ATOZ | H89: SMALLESTTOLARGEST
A90: Boss F3 | B90: After lookup, lookup array, return array. | E90: 4 | F90: 4TH | G90: FOURTH | H90: IF_NOT_FOUND
A91: Boss F4 | B91: Count E and F. | E91: 2 | F91: TWO
A92: Boss F5 | B92: Shift+8. | E92: * | F92: ASTERISK
A93: Boss F6 | B93: SUM plus IF. | E93: =SUMIF | F93: =SUMIF( | G93: =SUMIF() | H93: SUMIF | I93: SUMIF( | J93: SUMIF()
A94: Boss F7 | B94: AVERAGE plus IF. | E94: =AVERAGEIF | F94: =AVERAGEIF( | G94: =AVERAGEIF() | H94: AVERAGEIF | I94: AVERAGEIF( | J94: AVERAGEIF()
A95: Boss F8 | B95: COUNTIF plus S. | E95: =COUNTIFS | F95: =COUNTIFS( | G95: =COUNTIFS() | H95: COUNTIFS | I95: COUNTIFS( | J95: COUNTIFS()
A96: Boss B1 | B96: XLOOKUP(I6,…). | C96: {=_xlfn.XLOOKUP('Boss Arena'!$I$6,'Boss Arena'!$B$6:$B$20,'Boss Arena'!$E$6:$E$20)} -> 0.2
A97: Boss B2 | B97: $ on both ranges. | E97: {=_xlfn.XLOOKUP('Boss Arena'!$I$9,'Boss Arena'!$B$6:$B$20,'Boss Arena'!$F$6:$F$20)} -> 200 | F97: {=_xlfn.XLOOKUP('Boss Arena'!$I$10,'Boss Arena'!$B$6:$B$20,'Boss Arena'!$F$6:$F$20)} -> 8 | G97: {=_xlfn.XLOOKUP('Boss Arena'!$I$11,'Boss Arena'!$B$6:$B$20,'Boss Arena'!$F$6:$F$20)} -> 18 | H97: {=_xlfn.XLOOKUP('Boss Arena'!$I$12,'Boss Arena'!$B$6:$B$20,'Boss Arena'!$F$6:$F$20)} -> 25
A98: Boss B3 | B98: 4th argument. | C98: {=_xlfn.XLOOKUP('Boss Arena'!$I$15,'Boss Arena'!$B$6:$B$20,'Boss Arena'!$C$6:$C$20,"Not found")} -> Not found
A99: Boss B4 | B99: Return array E6:F20.
A100: Boss B5 | B100: Column 3, FALSE. | C100: {=VLOOKUP('Boss Arena'!$I$21,'Boss Arena'!$B$6:$F$20,3,FALSE)} -> Veg
...
