Workbook

Sheet Start
A1: FORMULAS 5 ▸ TEXT
A2: Cut, clean, search and assemble text with formulas.
A4: HOW TO PLAY
A5: 1 · Each stage: read the BRIEFING, then answer WARM-UP, TRAINING and CHALLENGES.
A6: 2 · Yellow cells are yours: type, pick from a list (Alt+↓), or follow a ▶ ARENA link and do the move there.
A7: 3 · ✔ CLEAR = right · ✘ = try again · · not yet = drill not done. Stuck? Pick 'Show hint' (5 XP instead of 10).
A8: 4 · Formatting or hiding drills: press F9 to refresh the check. Tab jumps between yellow cells.
A9: Needs Windows with Microsoft Excel 365 or 2021+ (English). In Protected View, click Enable Editing.
A11: STAGE SELECT
A12: Stage | B12: Name | C12: Score | D12: Stars | E12: Status | F12: Go
A13: F5-1 | B13: Cut & Splice | C13: {=SUM('F5-1 Cut & Splice'!$G$15:$G$46)&" / 250"} -> 0 / 250 | D13: {=IF(SUM('F5-1 Cut & Splice'!$G$15:$G$46)>=250,"★★★",IF(SUM('F5-1 Cut & Splice'!$G$15:$G$46)>=250*0.8,"★★☆",IF(SUM('F5-1 Cut & Splice'!$G$15:$G$46)>=250*0.5,"★☆☆","☆☆☆")))} -> ☆☆☆ | E13: {=IF(SUM('F5-1 Cut & Splice'!$G$15:$G$46)>=250,"PERFECT",IF(SUM('F5-1 Cut & Splice'!$G$15:$G$46)>=250*0.5,"CLEARED",IF(SUM('F5-1 Cut & Splice'!$G$15:$G$46)>0,"IN PROGRESS","NEW")))} -> NEW | F13: Go to F5-1 Cut & Splice
A14: F5-2 | B14: Clean Up | C14: {=SUM('F5-2 Clean Up'!$G$15:$G$46)&" / 250"} -> 0 / 250 | D14: {=IF(SUM('F5-2 Clean Up'!$G$15:$G$46)>=250,"★★★",IF(SUM('F5-2 Clean Up'!$G$15:$G$46)>=250*0.8,"★★☆",IF(SUM('F5-2 Clean Up'!$G$15:$G$46)>=250*0.5,"★☆☆","☆☆☆")))} -> ☆☆☆ | E14: {=IF(SUM('F5-2 Clean Up'!$G$15:$G$46)>=250,"PERFECT",IF(SUM('F5-2 Clean Up'!$G$15:$G$46)>=250*0.5,"CLEARED",IF(SUM('F5-2 Clean Up'!$G$15:$G$46)>0,"IN PROGRESS","NEW")))} -> NEW | F14: Go to F5-2 Clean Up
A15: F5-3 | B15: Find the Gem | C15: {=SUM('F5-3 Find the Gem'!$G$13:$G$39)&" / 200"} -> 0 / 200 | D15: {=IF(SUM('F5-3 Find the Gem'!$G$13:$G$39)>=200,"★★★",IF(SUM('F5-3 Find the Gem'!$G$13:$G$39)>=200*0.8,"★★☆",IF(SUM('F5-3 Find the Gem'!$G$13:$G$39)>=200*0.5,"★☆☆","☆☆☆")))} -> ☆☆☆ | E15: {=IF(SUM('F5-3 Find the Gem'!$G$13:$G$39)>=200,"PERFECT",IF(SUM('F5-3 Find the Gem'!$G$13:$G$39)>=200*0.5,"CLEARED",IF(SUM('F5-3 Find the Gem'!$G$13:$G$39)>0,"IN PROGRESS","NEW")))} -> NEW | F15: Go to F5-3 Find the Gem
A16: F5-4 | B16: Assemble | C16: {=SUM('F5-4 Assemble'!$G$13:$G$39)&" / 200"} -> 0 / 200 | D16: {=IF(SUM('F5-4 Assemble'!$G$13:$G$39)>=200,"★★★",IF(SUM('F5-4 Assemble'!$G$13:$G$39)>=200*0.8,"★★☆",IF(SUM('F5-4 Assemble'!$G$13:$G$39)>=200*0.5,"★☆☆","☆☆☆")))} -> ☆☆☆ | E16: {=IF(SUM('F5-4 Assemble'!$G$13:$G$39)>=200,"PERFECT",IF(SUM('F5-4 Assemble'!$G$13:$G$39)>=200*0.5,"CLEARED",IF(SUM('F5-4 Assemble'!$G$13:$G$39)>0,"IN PROGRESS","NEW")))} -> NEW | F16: Go to F5-4 Assemble
A17: BOSS | B17: Boss | C17: {=SUM(Boss!$G$14:$G$33)&" / 160"} -> 0 / 160 | D17: {=IF(SUM(Boss!$G$14:$G$33)>=160,"★★★",IF(SUM(Boss!$G$14:$G$33)>=160*0.8,"★★☆",IF(SUM(Boss!$G$14:$G$33)>=160*0.5,"★☆☆","☆☆☆")))} -> ☆☆☆ | E17: {=IF(Boss!$C$10="OPEN",IF(SUM(Boss!$G$14:$G$33)>=160*0.5,"DEFEATED","OPEN"),"LOCKED")} -> LOCKED | F17: Go to the Boss
A19: TOTAL SCORE | B19: {=(SUM('F5-1 Cut & Splice'!$G$15:$G$46)+SUM('F5-2 Clean Up'!$G$15:$G$46)+SUM('F5-3 Find the Gem'!$G$13:$G$39)+SUM('F5-4 Assemble'!$G$13:$G$39)+SUM(Boss!$G$14:$G$33))&" / 1060"} -> 0 / 1060
A20: RANK | B20: {=_xlfn.LET(_xlpm.p,(SUM('F5-1 Cut & Splice'!$G$15:$G$46)+SUM('F5-2 Clean Up'!$G$15:$G$46)+SUM('F5-3 Find the Gem'!$G$13:$G$39)+SUM('F5-4 Assemble'!$G$13:$G$39)+SUM(Boss!$G$14:$G$33))/1060,IF(AND(_xlpm.p>=1,ISNUMBER(Boss!$C$8),Boss!$C$8<=15),"S",IF(_xlpm.p>=0.9,"A",IF(_xlpm.p>=0.75,"B",IF(_xlpm.p>=0.5,"C","D")))))} -> D | C20: S = 100% and under par · A ≥ 90% · B ≥ 75% · C ≥ 50%
A21: BEST TIME | B21: {=IF(ISNUMBER(Boss!$C$8),Boss!$C$8&" min (par 15)","—")} -> —
A22: NEXT UP | B22: {=IFERROR(INDEX($A$13:$A$16,MATCH("☆☆☆",$D$13:$D$16,0))&" "&INDEX($B$13:$B$16,MATCH("☆☆☆",$D$13:$D$16,0)),IF(Boss!$C$10="OPEN","the Boss","All clear! Aim for rank S"))} -> F5-1 Cut & Splice
A24: Replay a stage: select its yellow answer cells and press Delete. Undo an arena drill with Ctrl+Z.

Sheet F5-1 Cut & Splice
A1: STAGE F5-1 ▸ CUT & SPLICE
A2: Goal: cut pieces out of text and glue them together
A3: {="SCORE "&TEXT(SUM($G$15:$G$46),"0000")&" / 0250"} -> SCORE 0000 / 0250 | C3: {=IF(SUM($G$15:$G$46)>=250,"★★★",IF(SUM($G$15:$G$46)>=250*0.8,"★★☆",IF(SUM($G$15:$G$46)>=250*0.5,"★☆☆","☆☆☆")))} -> ☆☆☆ | D3: {=REPT("█",ROUND(10*SUM($G$15:$G$46)/250,0))&REPT("░",10-ROUND(10*SUM($G$15:$G$46)/250,0))&" "&TEXT(SUM($G$15:$G$46)/250,"0%")} -> ░░░░░░░░░░ 0% | F3: {=IF(SUM($G$15:$G$46)>=250*0.5,"STAGE CLEAR! ▶ Next: F5-2 Clean Up","")}
A5: BRIEFING · new moves in this stage
A6: # | B6: What it does · Pro tip | C6: Keys / Syntax
A7: 1 | B7: LEFT(text, n): the first n characters. Tip: =LEFT("AB-1234-X",2) gives AB. | C7: LEFT
A8: 2 | B8: RIGHT(text, n): the last n characters. Tip: =RIGHT("AB-1234-X",1) gives X. | C8: RIGHT
A9: 3 | B9: MID(text, start, n): n characters from position start. Tip: =MID("AB-1234-X",4,4) gives 1234. | C9: MID
A10: 4 | B10: LEN(text): how many characters, spaces included. Tip: Great for spotting extra spaces. | C10: LEN
A11: 5 | B11: Join text with &: =B13&" "&C13. Tip: Add " " between pieces for a space. | C11: &
A13: WARM-UP · flashback to earlier stages
A14: # | B14: Mission | C14: Your answer | D14: Result | E14: Hint? | F14: Hint | G14: XP
A15: W1 | B15: Which classic function searches the first column of a table and returns a column by number? (from F4-3 Old School) | D15: {=IFERROR(_xlfn.LET(_xlpm.a,'F5-1 Cut & Splice'!$C$15,IF(TRIM(_xlpm.a&"")="","",IF(OR(SUBSTITUTE(SUBSTITUTE(SUBSTITUTE(SUBSTITUTE(SUBSTITUTE(SUBSTITUTE(SUBSTITUTE(SUBSTITUTE(SUBSTITUTE(SUBSTITUTE(SUBSTITUTE(SUBSTITUTE(SUBSTITUTE(SUBSTITUTE(SUBSTITUTE(SUBSTITUTE(SUBSTITUTE(SUBSTITUTE(SUBSTITUTE(SUBSTITUTE(SUBSTITUTE(SUBSTITUTE(SUBSTITUTE(SUBSTITUTE(SUBSTITUTE(SUBSTITUTE(SUBSTITUTE(UPPER(_xlpm.a)," ",""),"CONTROL","CTRL"),"CTL","CTRL"),"ESCAPE","ESC"),"RETURN","ENTER"),"PAGEDOWN","PGDN"),"PGDOWN","PGDN"),"PAGEUP","PGUP"),"ARROWKEYS","ARROW"),"ARROWKEY","ARROW"),"ARROWS","ARROW"),"DOWNARROW","DOWN"),"UPARROW","UP"),"LEFTARROW","LEFT"),"RIGHTARROW","RIGHT"),"ARROWDOWN","DOWN"),"ARROWUP","UP"),"ARROWLEFT","LEFT"),"ARROWRIGHT","RIGHT"),"↓","DOWN"),"↑","UP"),"←","LEFT"),"→","RIGHT"),"SPACEBAR","SPACE"),"−","-"),"MINUS","-"),"PLUS","+")=Key!$E$2:$J$2),"✔ CLEAR","✘ TRY AGAIN"))),"✘ TRY AGAIN")} | F15: {=IF(E15="Show hint",Key!$B$2,"")} | G15: {=IF(LEFT(D15,1)="✔",IF(E15="Show hint",5,10),0)} -> 0
A16: W2 | B16: Which 4th argument makes VLOOKUP find an exact match? (from F4-3 Old School) | D16: {=IFERROR(_xlfn.LET(_xlpm.a,'F5-1 Cut & Splice'!$C$16,IF(TRIM(_xlpm.a&"")="","",IF(OR(SUBSTITUTE(SUBSTITUTE(SUBSTITUTE(SUBSTITUTE(SUBSTITUTE(SUBSTITUTE(SUBSTITUTE(SUBSTITUTE(SUBSTITUTE(SUBSTITUTE(SUBSTITUTE(SUBSTITUTE(SUBSTITUTE(SUBSTITUTE(SUBSTITUTE(SUBSTITUTE(SUBSTITUTE(SUBSTITUTE(SUBSTITUTE(SUBSTITUTE(SUBSTITUTE(SUBSTITUTE(SUBSTITUTE(SUBSTITUTE(SUBSTITUTE(SUBSTITUTE(SUBSTITUTE(UPPER(_xlpm.a)," ",""),"CONTROL","CTRL"),"CTL","CTRL"),"ESCAPE","ESC"),"RETURN","ENTER"),"PAGEDOWN","PGDN"),"PGDOWN","PGDN"),"PAGEUP","PGUP"),"ARROWKEYS","ARROW"),"ARROWKEY","ARROW"),"ARROWS","ARROW"),"DOWNARROW","DOWN"),"UPARROW","UP"),"LEFTARROW","LEFT"),"RIGHTARROW","RIGHT"),"ARROWDOWN","DOWN"),"ARROWUP","UP"),"ARROWLEFT","LEFT"),"ARROWRIGHT","RIGHT"),"↓","DOWN"),"↑","UP"),"←","LEFT"),"→","RIGHT"),"SPACEBAR","SPACE"),"−","-"),"MINUS","-"),"PLUS","+")=Key!$E$3:$F$3),"✔ CLEAR","✘ TRY AGAIN"))),"✘ TRY AGAIN")} | F16: {=IF(E16="Show hint",Key!$B$3,"")} | G16: {=IF(LEFT(D16,1)="✔",IF(E16="Show hint",5,10),0)} -> 0
A17: W3 | B17: Which function adds values that meet several conditions? (from F3-3 Multi-Filter) | D17: {=IFERROR(_xlfn.LET(_xlpm.a,'F5-1 Cut & Splice'!$C$17,IF(TRIM(_xlpm.a&"")="","",IF(OR(SUBSTITUTE(SUBSTITUTE(SUBSTITUTE(SUBSTITUTE(SUBSTITUTE(SUBSTITUTE(SUBSTITUTE(SUBSTITUTE(SUBSTITUTE(SUBSTITUTE(SUBSTITUTE(SUBSTITUTE(SUBSTITUTE(SUBSTITUTE(SUBSTITUTE(SUBSTITUTE(SUBSTITUTE(SUBSTITUTE(SUBSTITUTE(SUBSTITUTE(SUBSTITUTE(SUBSTITUTE(SUBSTITUTE(SUBSTITUTE(SUBSTITUTE(SUBSTITUTE(SUBSTITUTE(UPPER(_xlpm.a)," ",""),"CONTROL","CTRL"),"CTL","CTRL"),"ESCAPE","ESC"),"RETURN","ENTER"),"PAGEDOWN","PGDN"),"PGDOWN","PGDN"),"PAGEUP","PGUP"),"ARROWKEYS","ARROW"),"ARROWKEY","ARROW"),"ARROWS","ARROW"),"DOWNARROW","DOWN"),"UPARROW","UP"),"LEFTARROW","LEFT"),"RIGHTARROW","RIGHT"),"ARROWDOWN","DOWN"),"ARROWUP","UP"),"ARROWLEFT","LEFT"),"ARROWRIGHT","RIGHT"),"↓","DOWN"),"↑","UP"),"←","LEFT"),"→","RIGHT"),"SPACEBAR","SPACE"),"−","-"),"MINUS","-"),"PLUS","+")=Key!$E$4:$J$4),"✔ CLEAR","✘ TRY AGAIN"))),"✘ TRY AGAIN")} | F17: {=IF(E17="Show hint",Key!$B$4,"")} | G17: {=IF(LEFT(D17,1)="✔",IF(E17="Show hint",5,10),0)} -> 0
A18: W4 | B18: Which function averages values that meet several conditions? (from F3-3 Multi-Filter) | D18: {=IFERROR(_xlfn.LET(_xlpm.a,'F5-1 Cut & Splice'!$C$18,IF(TRIM(_xlpm.a&"")="","",IF(OR(SUBSTITUTE(SUBSTITUTE(SUBSTITUTE(SUBSTITUTE(SUBSTITUTE(SUBSTITUTE(SUBSTITUTE(SUBSTITUTE(SUBSTITUTE(SUBSTITUTE(SUBSTITUTE(SUBSTITUTE(SUBSTITUTE(SUBSTITUTE(SUBSTITUTE(SUBSTITUTE(SUBSTITUTE(SUBSTITUTE(SUBSTITUTE(SUBSTITUTE(SUBSTITUTE(SUBSTITUTE(SUBSTITUTE(SUBSTITUTE(SUBSTITUTE(SUBSTITUTE(SUBSTITUTE(UPPER(_xlpm.a)," ",""),"CONTROL","CTRL"),"CTL","CTRL"),"ESCAPE","ESC"),"RETURN","ENTER"),"PAGEDOWN","PGDN"),"PGDOWN","PGDN"),"PAGEUP","PGUP"),"ARROWKEYS","ARROW"),"ARROWKEY","ARROW"),"ARROWS","ARROW"),"DOWNARROW","DOWN"),"UPARROW","UP"),"LEFTARROW","LEFT"),"RIGHTARROW","RIGHT"),"ARROWDOWN","DOWN"),"ARROWUP","UP"),"ARROWLEFT","LEFT"),"ARROWRIGHT","RIGHT"),"↓","DOWN"),"↑","UP"),"←","LEFT"),"→","RIGHT"),"SPACEBAR","SPACE"),"−","-"),"MINUS","-"),"PLUS","+")=Key!$E$5:$J$5),"✔ CLEAR","✘ TRY AGAIN"))),"✘ TRY AGAIN")} | F18: {=IF(E18="Show hint",Key!$B$5,"")} | G18: {=IF(LEFT(D18,1)="✔",IF(E18="Show hint",5,10),0)} -> 0
A19: W5 | B19: Which function returns the largest value that meets conditions? (from F3-4 Extremes) | D19: {=IFERROR(_xlfn.LET(_xlpm.a,'F5-1 Cut & Splice'!$C$19,IF(TRIM(_xlpm.a&"")="","",IF(OR(SUBSTITUTE(SUBSTITUTE(SUBSTITUTE(SUBSTITUTE(SUBSTITUTE(SUBSTITUTE(SUBSTITUTE(SUBSTITUTE(SUBSTITUTE(SUBSTITUTE(SUBSTITUTE(SUBSTITUTE(SUBSTITUTE(SUBSTITUTE(SUBSTITUTE(SUBSTITUTE(SUBSTITUTE(SUBSTITUTE(SUBSTITUTE(SUBSTITUTE(SUBSTITUTE(SUBSTITUTE(SUBSTITUTE(SUBSTITUTE(SUBSTITUTE(SUBSTITUTE(SUBSTITUTE(UPPER(_xlpm.a)," ",""),"CONTROL","CTRL"),"CTL","CTRL"),"ESCAPE","ESC"),"RETURN","ENTER"),"PAGEDOWN","PGDN"),"PGDOWN","PGDN"),"PAGEUP","PGUP"),"ARROWKEYS","ARROW"),"ARROWKEY","ARROW"),"ARROWS","ARROW"),"DOWNARROW","DOWN"),"UPARROW","UP"),"LEFTARROW","LEFT"),"RIGHTARROW","RIGHT"),"ARROWDOWN","DOWN"),"ARROWUP","UP"),"ARROWLEFT","LEFT"),"ARROWRIGHT","RIGHT"),"↓","DOWN"),"↑","UP"),"←","LEFT"),"→","RIGHT"),"SPACEBAR","SPACE"),"−","-"),"MINUS","-"),"PLUS","+")=Key!$E$6:$J$6),"✔ CLEAR","✘ TRY AGAIN"))),"✘ TRY AGAIN")} | F19: {=IF(E19="Show hint",Key!$B$6,"")} | G19: {=IF(LEFT(D19,1)="✔",IF(E19="Show hint",5,10),0)} -> 0
A20: W6 | B20: Which function returns the smallest value that meets conditions? (from F3-4 Extremes) | D20: {=IFERROR(_xlfn.LET(_xlpm.a,'F5-1 Cut & Splice'!$C$20,IF(TRIM(_xlpm.a&"")="","",IF(OR(SUBSTITUTE(SUBSTITUTE(SUBSTITUTE(SUBSTITUTE(SUBSTITUTE(SUBSTITUTE(SUBSTITUTE(SUBSTITUTE(SUBSTITUTE(SUBSTITUTE(SUBSTITUTE(SUBSTITUTE(SUBSTITUTE(SUBSTITUTE(SUBSTITUTE(SUBSTITUTE(SUBSTITUTE(SUBSTITUTE(SUBSTITUTE(SUBSTITUTE(SUBSTITUTE(SUBSTITUTE(SUBSTITUTE(SUBSTITUTE(SUBSTITUTE(SUBSTITUTE(SUBSTITUTE(UPPER(_xlpm.a)," ",""),"CONTROL","CTRL"),"CTL","CTRL"),"ESCAPE","ESC"),"RETURN","ENTER"),"PAGEDOWN","PGDN"),"PGDOWN","PGDN"),"PAGEUP","PGUP"),"ARROWKEYS","ARROW"),"ARROWKEY","ARROW"),"ARROWS","ARROW"),"DOWNARROW","DOWN"),"UPARROW","UP"),"LEFTARROW","LEFT"),"RIGHTARROW","RIGHT"),"ARROWDOWN","DOWN"),"ARROWUP","UP"),"ARROWLEFT","LEFT"),"ARROWRIGHT","RIGHT"),"↓","DOWN"),"↑","UP"),"←","LEFT"),"→","RIGHT"),"SPACEBAR","SPACE"),"−","-"),"MINUS","-"),"PLUS","+")=Key!$E$7:$J$7),"✔ CLEAR","✘ TRY AGAIN"))),"✘ TRY AGAIN")} | F20: {=IF(E20="Show hint",Key!$B$7,"")} | G20: {=IF(LEFT(D20,1)="✔",IF(E20="Show hint",5,10),0)} -> 0
A21: W7 | B21: Which character joins ">=" to a cell reference in criteria? (from F3-4 Extremes) | D21: {=IFERROR(_xlfn.LET(_xlpm.a,'F5-1 Cut & Splice'!$C$21,IF(TRIM(_xlpm.a&"")="","",IF(OR(SUBSTITUTE(SUBSTITUTE(SUBSTITUTE(SUBSTITUTE(SUBSTITUTE(SUBSTITUTE(SUBSTITUTE(SUBSTITUTE(SUBSTITUTE(SUBSTITUTE(SUBSTITUTE(SUBSTITUTE(SUBSTITUTE(SUBSTITUTE(SUBSTITUTE(SUBSTITUTE(SUBSTITUTE(SUBSTITUTE(SUBSTITUTE(SUBSTITUTE(SUBSTITUTE(SUBSTITUTE(SUBSTITUTE(SUBSTITUTE(SUBSTITUTE(SUBSTITUTE(SUBSTITUTE(UPPER(_xlpm.a)," ",""),"CONTROL","CTRL"),"CTL","CTRL"),"ESCAPE","ESC"),"RETURN","ENTER"),"PAGEDOWN","PGDN"),"PGDOWN","PGDN"),"PAGEUP","PGUP"),"ARROWKEYS","ARROW"),"ARROWKEY","ARROW"),"ARROWS","ARROW"),"DOWNARROW","DOWN"),"UPARROW","UP"),"LEFTARROW","LEFT"),"RIGHTARROW","RIGHT"),"ARROWDOWN","DOWN"),"ARROWUP","UP"),"ARROWLEFT","LEFT"),"ARROWRIGHT","RIGHT"),"↓","DOWN"),"↑","UP"),"←","LEFT"),"→","RIGHT"),"SPACEBAR","SPACE"),"−","-"),"MINUS","-"),"PLUS","+")=Key!$E$8:$F$8),"✔ CLEAR","✘ TRY AGAIN"))),"✘ TRY AGAIN")} | F21: {=IF(E21="Show hint",Key!$B$8,"")} | G21: {=IF(LEFT(D21,1)="✔",IF(E21="Show hint",5,10),0)} -> 0
A22: W8 | B22: How many range/criteria pairs do you need for 'dates between a start and an end'? (from F3-4 Extremes) | D22: {=IFERROR(_xlfn.LET(_xlpm.a,'F5-1 Cut & Splice'!$C$22,IF(TRIM(_xlpm.a&"")="","",IF(OR(SUBSTITUTE(SUBSTITUTE(SUBSTITUTE(SUBSTITUTE(SUBSTITUTE(SUBSTITUTE(SUBSTITUTE(SUBSTITUTE(SUBSTITUTE(SUBSTITUTE(SUBSTITUTE(SUBSTITUTE(SUBSTITUTE(SUBSTITUTE(SUBSTITUTE(SUBSTITUTE(SUBSTITUTE(SUBSTITUTE(SUBSTITUTE(SUBSTITUTE(SUBSTITUTE(SUBSTITUTE(SUBSTITUTE(SUBSTITUTE(SUBSTITUTE(SUBSTITUTE(SUBSTITUTE(UPPER(_xlpm.a)," ",""),"CONTROL","CTRL"),"CTL","CTRL"),"ESCAPE","ESC"),"RETURN","ENTER"),"PAGEDOWN","PGDN"),"PGDOWN","PGDN"),"PAGEUP","PGUP"),"ARROWKEYS","ARROW"),"ARROWKEY","ARROW"),"ARROWS","ARROW"),"DOWNARROW","DOWN"),"UPARROW","UP"),"LEFTARROW","LEFT"),"RIGHTARROW","RIGHT"),"ARROWDOWN","DOWN"),"ARROWUP","UP"),"ARROWLEFT","LEFT"),"ARROWRIGHT","RIGHT"),"↓","DOWN"),"↑","UP"),"←","LEFT"),"→","RIGHT"),"SPACEBAR","SPACE"),"−","-"),"MINUS","-"),"PLUS","+")=Key!$E$9:$F$9),"✔ CLEAR","✘ TRY AGAIN"))),"✘ TRY AGAIN")} | F22: {=IF(E22="Show hint",Key!$B$9,"")} | G22: {=IF(LEFT(D22,1)="✔",IF(E22="Show hint",5,10),0)} -> 0
A23: W9 | B23: Which keys insert cells or rows? (from S4-1 Construction Crew) | D23: {=IFERROR(_xlfn.LET(_xlpm.a,'F5-1 Cut & Splice'!$C$23,IF(TRIM(_xlpm.a&"")="","",IF(OR(SUBSTITUTE(SUBSTITUTE(SUBSTITUTE(SUBSTITUTE(SUBSTITUTE(SUBSTITUTE(SUBSTITUTE(SUBSTITUTE(SUBSTITUTE(SUBSTITUTE(SUBSTITUTE(SUBSTITUTE(SUBSTITUTE(SUBSTITUTE(SUBSTITUTE(SUBSTITUTE(SUBSTITUTE(SUBSTITUTE(SUBSTITUTE(SUBSTITUTE(SUBSTITUTE(SUBSTITUTE(SUBSTITUTE(SUBSTITUTE(SUBSTITUTE(SUBSTITUTE(SUBSTITUTE(UPPER(_xlpm.a)," ",""),"CONTROL","CTRL"),"CTL","CTRL"),"ESCAPE","ESC"),"RETURN","ENTER"),"PAGEDOWN","PGDN"),"PGDOWN","PGDN"),"PAGEUP","PGUP"),"ARROWKEYS","ARROW"),"ARROWKEY","ARROW"),"ARROWS","ARROW"),"DOWNARROW","DOWN"),"UPARROW","UP"),"LEFTARROW","LEFT"),"RIGHTARROW","RIGHT"),"ARROWDOWN","DOWN"),"ARROWUP","UP"),"ARROWLEFT","LEFT"),"ARROWRIGHT","RIGHT"),"↓","DOWN"),"↑","UP"),"←","LEFT"),"→","RIGHT"),"SPACEBAR","SPACE"),"−","-"),"MINUS","-"),"PLUS","+")=Key!$E$10:$I$10),"✔ CLEAR","✘ TRY AGAIN"))),"✘ TRY AGAIN")} | F23: {=IF(E23="Show hint",Key!$B$10,"")} | G23: {=IF(LEFT(D23,1)="✔",IF(E23="Show hint",5,10),0)} -> 0
A24: W10 | B24: Which keys delete the selected cells or rows? (from S4-1 Construction Crew) | D24: {=IFERROR(_xlfn.LET(_xlpm.a,'F5-1 Cut & Splice'!$C$24,IF(TRIM(_xlpm.a&"")="","",IF(OR(SUBSTITUTE(SUBSTITUTE(SUBSTITUTE(SUBSTITUTE(SUBSTITUTE(SUBSTITUTE(SUBSTITUTE(SUBSTITUTE(SUBSTITUTE(SUBSTITUTE(SUBSTITUTE(SUBSTITUTE(SUBSTITUTE(SUBSTITUTE(SUBSTITUTE(SUBSTITUTE(SUBSTITUTE(SUBSTITUTE(SUBSTITUTE(SUBSTITUTE(SUBSTITUTE(SUBSTITUTE(SUBSTITUTE(SUBSTITUTE(SUBSTITUTE(SUBSTITUTE(SUBSTITUTE(UPPER(_xlpm.a)," ",""),"CONTROL","CTRL"),"CTL","CTRL"),"ESCAPE","ESC"),"RETURN","ENTER"),"PAGEDOWN","PGDN"),"PGDOWN","PGDN"),"PAGEUP","PGUP"),"ARROWKEYS","ARROW"),"ARROWKEY","ARROW"),"ARROWS","ARROW"),"DOWNARROW","DOWN"),"UPARROW","UP"),"LEFTARROW","LEFT"),"RIGHTARROW","RIGHT"),"ARROWDOWN","DOWN"),"ARROWUP","UP"),"ARROWLEFT","LEFT"),"ARROWRIGHT","RIGHT"),"↓","DOWN"),"↑","UP"),"←","LEFT"),"→","RIGHT"),"SPACEBAR","SPACE"),"−","-"),"MINUS","-"),"PLUS","+")=Key!$E$11:$E$11),"✔ CLEAR","✘ TRY AGAIN"))),"✘ TRY AGAIN")} | F24: {=IF(E24="Show hint",Key!$B$11,"")} | G24: {=IF(LEFT(D24,1)="✔",IF(E24="Show hint",5,10),0)} -> 0
A26: TRAINING · recognize the move (pick from the list)
A27: # | B27: Mission | C27: Your answer | D27: Result | E27: Hint? | F27: Hint | G27: XP
A28: T1 | B28: Which function returns characters from the start of a text? | D28: {=IFERROR(IF('F5-1 Cut & Splice'!$C$28&""="","",IF('F5-1 Cut & Splice'!$C$28&""=Key!$C$12&"","✔ CLEAR","✘ TRY AGAIN")),"✘ TRY AGAIN")} | F28: {=IF(E28="Show hint",Key!$B$12,"")} | G28: {=IF(LEFT(D28,1)="✔",IF(E28="Show hint",5,10),0)} -> 0
A29: T2 | B29: Which function returns characters from the end of a text? | D29: {=IFERROR(IF('F5-1 Cut & Splice'!$C$29&""="","",IF('F5-1 Cut & Splice'!$C$29&""=Key!$C$13&"","✔ CLEAR","✘ TRY AGAIN")),"✘ TRY AGAIN")} | F29: {=IF(E29="Show hint",Key!$B$13,"")} | G29: {=IF(LEFT(D29,1)="✔",IF(E29="Show hint",5,10),0)} -> 0
A30: T3 | B30: Which function returns characters from the middle of a text? | D30: {=IFERROR(IF('F5-1 Cut & Splice'!$C$30&""="","",IF('F5-1 Cut & Splice'!$C$30&""=Key!$C$14&"","✔ CLEAR","✘ TRY AGAIN")),"✘ TRY AGAIN")} | F30: {=IF(E30="Show hint",Key!$B$14,"")} | G30: {=IF(LEFT(D30,1)="✔",IF(E30="Show hint",5,10),0)} -> 0
A31: T4 | B31: Which function counts the characters in a text? | D31: {=IFERROR(IF('F5-1 Cut & Splice'!$C$31&""="","",IF('F5-1 Cut & Splice'!$C$31&""=Key!$C$15&"","✔ CLEAR","✘ TRY AGAIN")),"✘ TRY AGAIN")} | F31: {=IF(E31="Show hint",Key!$B$15,"")} | G31: {=IF(LEFT(D31,1)="✔",IF(E31="Show hint",5,10),0)} -> 0
A32: T5 | B32: Which character joins pieces of text in a formula? | D32: {=IFERROR(IF('F5-1 Cut & Splice'!$C$32&""="","",IF('F5-1 Cut & Splice'!$C$32&""=Key!$C$16&"","✔ CLEAR","✘ TRY AGAIN")),"✘ TRY AGAIN")} | F32: {=IF(E32="Show hint",Key!$B$16,"")} | G32: {=IF(LEFT(D32,1)="✔",IF(E32="Show hint",5,10),0)} -> 0
A34: CHALLENGES · recall it, then do it
B35: ▶ Open F5-1 Arena (or press Ctrl+PgDn)
A36: # | B36: Mission | C36: Your answer | D36: Result | E36: Hint? | F36: Hint | G36: XP
A37: C1 | B37: Which function returns characters from the start of a text? | D37: {=IFERROR(_xlfn.LET(_xlpm.a,'F5-1 Cut & Splice'!$C$37,IF(TRIM(_xlpm.a&"")="","",IF(OR(SUBSTITUTE(SUBSTITUTE(SUBSTITUTE(SUBSTITUTE(SUBSTITUTE(SUBSTITUTE(SUBSTITUTE(SUBSTITUTE(SUBSTITUTE(SUBSTITUTE(SUBSTITUTE(SUBSTITUTE(SUBSTITUTE(SUBSTITUTE(SUBSTITUTE(SUBSTITUTE(SUBSTITUTE(SUBSTITUTE(SUBSTITUTE(SUBSTITUTE(SUBSTITUTE(SUBSTITUTE(SUBSTITUTE(SUBSTITUTE(SUBSTITUTE(SUBSTITUTE(SUBSTITUTE(UPPER(_xlpm.a)," ",""),"CONTROL","CTRL"),"CTL","CTRL"),"ESCAPE","ESC"),"RETURN","ENTER"),"PAGEDOWN","PGDN"),"PGDOWN","PGDN"),"PAGEUP","PGUP"),"ARROWKEYS","ARROW"),"ARROWKEY","ARROW"),"ARROWS","ARROW"),"DOWNARROW","DOWN"),"UPARROW","UP"),"LEFTARROW","LEFT"),"RIGHTARROW","RIGHT"),"ARROWDOWN","DOWN"),"ARROWUP","UP"),"ARROWLEFT","LEFT"),"ARROWRIGHT","RIGHT"),"↓","DOWN"),"↑","UP"),"←","LEFT"),"→","RIGHT"),"SPACEBAR","SPACE"),"−","-"),"MINUS","-"),"PLUS","+")=Key!$E$17:$J$17),"✔ CLEAR","✘ TRY AGAIN"))),"✘ TRY AGAIN")} | F37: {=IF(E37="Show hint",Key!$B$17,"")} | G37: {=IF(LEFT(D37,1)="✔",IF(E37="Show hint",5,10),0)} -> 0
A38: C2 | B38: Which function returns characters from the end of a text? | D38: {=IFERROR(_xlfn.LET(_xlpm.a,'F5-1 Cut & Splice'!$C$38,IF(TRIM(_xlpm.a&"")="","",IF(OR(SUBSTITUTE(SUBSTITUTE(SUBSTITUTE(SUBSTITUTE(SUBSTITUTE(SUBSTITUTE(SUBSTITUTE(SUBSTITUTE(SUBSTITUTE(SUBSTITUTE(SUBSTITUTE(SUBSTITUTE(SUBSTITUTE(SUBSTITUTE(SUBSTITUTE(SUBSTITUTE(SUBSTITUTE(SUBSTITUTE(SUBSTITUTE(SUBSTITUTE(SUBSTITUTE(SUBSTITUTE(SUBSTITUTE(SUBSTITUTE(SUBSTITUTE(SUBSTITUTE(SUBSTITUTE(UPPER(_xlpm.a)," ",""),"CONTROL","CTRL"),"CTL","CTRL"),"ESCAPE","ESC"),"RETURN","ENTER"),"PAGEDOWN","PGDN"),"PGDOWN","PGDN"),"PAGEUP","PGUP"),"ARROWKEYS","ARROW"),"ARROWKEY","ARROW"),"ARROWS","ARROW"),"DOWNARROW","DOWN"),"UPARROW","UP"),"LEFTARROW","LEFT"),"RIGHTARROW","RIGHT"),"ARROWDOWN","DOWN"),"ARROWUP","UP"),"ARROWLEFT","LEFT"),"ARROWRIGHT","RIGHT"),"↓","DOWN"),"↑","UP"),"←","LEFT"),"→","RIGHT"),"SPACEBAR","SPACE"),"−","-"),"MINUS","-"),"PLUS","+")=Key!$E$18:$J$18),"✔ CLEAR","✘ TRY AGAIN"))),"✘ TRY AGAIN")} | F38: {=IF(E38="Show hint",Key!$B$18,"")} | G38: {=IF(LEFT(D38,1)="✔",IF(E38="Show hint",5,10),0)} -> 0
A39: C3 | B39: Which function returns characters from the middle of a text? | D39: {=IFERROR(_xlfn.LET(_xlpm.a,'F5-1 Cut & Splice'!$C$39,IF(TRIM(_xlpm.a&"")="","",IF(OR(SUBSTITUTE(SUBSTITUTE(SUBSTITUTE(SUBSTITUTE(SUBSTITUTE(SUBSTITUTE(SUBSTITUTE(SUBSTITUTE(SUBSTITUTE(SUBSTITUTE(SUBSTITUTE(SUBSTITUTE(SUBSTITUTE(SUBSTITUTE(SUBSTITUTE(SUBSTITUTE(SUBSTITUTE(SUBSTITUTE(SUBSTITUTE(SUBSTITUTE(SUBSTITUTE(SUBSTITUTE(SUBSTITUTE(SUBSTITUTE(SUBSTITUTE(SUBSTITUTE(SUBSTITUTE(UPPER(_xlpm.a)," ",""),"CONTROL","CTRL"),"CTL","CTRL"),"ESCAPE","ESC"),"RETURN","ENTER"),"PAGEDOWN","PGDN"),"PGDOWN","PGDN"),"PAGEUP","PGUP"),"ARROWKEYS","ARROW"),"ARROWKEY","ARROW"),"ARROWS","ARROW"),"DOWNARROW","DOWN"),"UPARROW","UP"),"LEFTARROW","LEFT"),"RIGHTARROW","RIGHT"),"ARROWDOWN","DOWN"),"ARROWUP","UP"),"ARROWLEFT","LEFT"),"ARROWRIGHT","RIGHT"),"↓","DOWN"),"↑","UP"),"←","LEFT"),"→","RIGHT"),"SPACEBAR","SPACE"),"−","-"),"MINUS","-"),"PLUS","+")=Key!$E$19:$J$19),"✔ CLEAR","✘ TRY AGAIN"))),"✘ TRY AGAIN")} | F39: {=IF(E39="Show hint",Key!$B$19,"")} | G39: {=IF(LEFT(D39,1)="✔",IF(E39="Show hint",5,10),0)} -> 0
A40: C4 | B40: Which function counts the characters in a text? | D40: {=IFERROR(_xlfn.LET(_xlpm.a,'F5-1 Cut & Splice'!$C$40,IF(TRIM(_xlpm.a&"")="","",IF(OR(SUBSTITUTE(SUBSTITUTE(SUBSTITUTE(SUBSTITUTE(SUBSTITUTE(SUBSTITUTE(SUBSTITUTE(SUBSTITUTE(SUBSTITUTE(SUBSTITUTE(SUBSTITUTE(SUBSTITUTE(SUBSTITUTE(SUBSTITUTE(SUBSTITUTE(SUBSTITUTE(SUBSTITUTE(SUBSTITUTE(SUBSTITUTE(SUBSTITUTE(SUBSTITUTE(SUBSTITUTE(SUBSTITUTE(SUBSTITUTE(SUBSTITUTE(SUBSTITUTE(SUBSTITUTE(UPPER(_xlpm.a)," ",""),"CONTROL","CTRL"),"CTL","CTRL"),"ESCAPE","ESC"),"RETURN","ENTER"),"PAGEDOWN","PGDN"),"PGDOWN","PGDN"),"PAGEUP","PGUP"),"ARROWKEYS","ARROW"),"ARROWKEY","ARROW"),"ARROWS","ARROW"),"DOWNARROW","DOWN"),"UPARROW","UP"),"LEFTARROW","LEFT"),"RIGHTARROW","RIGHT"),"ARROWDOWN","DOWN"),"ARROWUP","UP"),"ARROWLEFT","LEFT"),"ARROWRIGHT","RIGHT"),"↓","DOWN"),"↑","UP"),"←","LEFT"),"→","RIGHT"),"SPACEBAR","SPACE"),"−","-"),"MINUS","-"),"PLUS","+")=Key!$E$20:$J$20),"✔ CLEAR","✘ TRY AGAIN"))),"✘ TRY AGAIN")} | F40: {=IF(E40="Show hint",Key!$B$20,"")} | G40: {=IF(LEFT(D40,1)="✔",IF(E40="Show hint",5,10),0)} -> 0
A41: C5 | B41: Which character joins pieces of text in a formula? | D41: {=IFERROR(_xlfn.LET(_xlpm.a,'F5-1 Cut & Splice'!$C$41,IF(TRIM(_xlpm.a&"")="","",IF(OR(SUBSTITUTE(SUBSTITUTE(SUBSTITUTE(SUBSTITUTE(SUBSTITUTE(SUBSTITUTE(SUBSTITUTE(SUBSTITUTE(SUBSTITUTE(SUBSTITUTE(SUBSTITUTE(SUBSTITUTE(SUBSTITUTE(SUBSTITUTE(SUBSTITUTE(SUBSTITUTE(SUBSTITUTE(SUBSTITUTE(SUBSTITUTE(SUBSTITUTE(SUBSTITUTE(SUBSTITUTE(SUBSTITUTE(SUBSTITUTE(SUBSTITUTE(SUBSTITUTE(SUBSTITUTE(UPPER(_xlpm.a)," ",""),"CONTROL","CTRL"),"CTL","CTRL"),"ESCAPE","ESC"),"RETURN","ENTER"),"PAGEDOWN","PGDN"),"PGDOWN","PGDN"),"PAGEUP","PGUP"),"ARROWKEYS","ARROW"),"ARROWKEY","ARROW"),"ARROWS","ARROW"),"DOWNARROW","DOWN"),"UPARROW","UP"),"LEFTARROW","LEFT"),"RIGHTARROW","RIGHT"),"ARROWDOWN","DOWN"),"ARROWUP","UP"),"ARROWLEFT","LEFT"),"ARROWRIGHT","RIGHT"),"↓","DOWN"),"↑","UP"),"←","LEFT"),"→","RIGHT"),"SPACEBAR","SPACE"),"−","-"),"MINUS","-"),"PLUS","+")=Key!$E$21:$F$21),"✔ CLEAR","✘ TRY AGAIN"))),"✘ TRY AGAIN")} | F41: {=IF(E41="Show hint",Key!$B$21,"")} | G41: {=IF(LEFT(D41,1)="✔",IF(E41="Show hint",5,10),0)} -> 0
A42: C6 | B42: In E6 return the first 2 characters of the code in B6 with LEFT. | C42: ▶ ARENA C6 (cell E6) | D42: {=IF(ISBLANK('F5-1 Arena'!$E$6),"",IF(NOT(_xlfn.ISFORMULA('F5-1 Arena'!$E$6)),"✘ That's a typed value · enter a formula",IF(ISERROR('F5-1 Arena'!$E$6),"✘ Your formula returns "&IFERROR(CHOOSE(ERROR.TYPE('F5-1 Arena'!$E$6),"#NULL!","#DIV/0!","#VALUE!","#REF!","#NAME?","#NUM!","#N/A","#GETTING_DATA","#SPILL!","#CONNECT!","#BLOCKED!","#UNKNOWN!","#FIELD!","#CALC!"),"an error"),IF(NOT(AND(IFERROR(AND(ISTEXT('F5-1 Arena'!$E$6),EXACT('F5-1 Arena'!$E$6,Key!$C$22)),FALSE))),"✘ TRY AGAIN",IF(AND(OR(ISNUMBER(FIND({"=","(",",","+","-","*","/","&"," ","<",">",":","@","^"}&"LEFT"&"(",UPPER(_xlfn.FORMULATEXT('F5-1 Arena'!$E$6)))))),"✔ CLEAR","✘ CLOSE · right value, but use LEFT")))))} | F42: {=IF(E42="Show hint",Key!$B$22,"")} | G42: {=IF(LEFT(D42,1)="✔",IF(E42="Show hint",5,10),0)} -> 0
A43: C7 | B43: In E7 return the last character of B6 with RIGHT. | C43: ▶ ARENA C7 (cell E7) | D43: {=IF(ISBLANK('F5-1 Arena'!$E$7),"",IF(NOT(_xlfn.ISFORMULA('F5-1 Arena'!$E$7)),"✘ That's a typed value · enter a formula",IF(ISERROR('F5-1 Arena'!$E$7),"✘ Your formula returns "&IFERROR(CHOOSE(ERROR.TYPE('F5-1 Arena'!$E$7),"#NULL!","#DIV/0!","#VALUE!","#REF!","#NAME?","#NUM!","#N/A","#GETTING_DATA","#SPILL!","#CONNECT!","#BLOCKED!","#UNKNOWN!","#FIELD!","#CALC!"),"an error"),IF(NOT(AND(IFERROR(AND(ISTEXT('F5-1 Arena'!$E$7),EXACT('F5-1 Arena'!$E$7,Key!$C$23)),FALSE))),"✘ TRY AGAIN",IF(AND(OR(ISNUMBER(FIND({"=","(",",","+","-","*","/","&"," ","<",">",":","@","^"}&"RIGHT"&"(",UPPER(_xlfn.FORMULATEXT('F5-1 Arena'!$E$7)))))),"✔ CLEAR","✘ CLOSE · right value, but use RIGHT")))))} | F43: {=IF(E43="Show hint",Key!$B$23,"")} | G43: {=IF(LEFT(D43,1)="✔",IF(E43="Show hint",5,10),0)} -> 0
A44: C8 | B44: In E8 return the 4 digits (they start at character 4) with MID. | C44: ▶ ARENA C8 (cell E8) | D44: {=IF(ISBLANK('F5-1 Arena'!$E$8),"",IF(NOT(_xlfn.ISFORMULA('F5-1 Arena'!$E$8)),"✘ That's a typed value · enter a formula",IF(ISERROR('F5-1 Arena'!$E$8),"✘ Your formula returns "&IFERROR(CHOOSE(ERROR.TYPE('F5-1 Arena'!$E$8),"#NULL!","#DIV/0!","#VALUE!","#REF!","#NAME?","#NUM!","#N/A","#GETTING_DATA","#SPILL!","#CONNECT!","#BLOCKED!","#UNKNOWN!","#FIELD!","#CALC!"),"an error"),IF(NOT(AND(IFERROR(AND(ISTEXT('F5-1 Arena'!$E$8),EXACT('F5-1 Arena'!$E$8,Key!$C$24)),FALSE))),"✘ TRY AGAIN",IF(AND(OR(ISNUMBER(FIND({"=","(",",","+","-","*","/","&"," ","<",">",":","@","^"}&"MID"&"(",UPPER(_xlfn.FORMULATEXT('F5-1 Arena'!$E$8)))))),"✔ CLEAR","✘ CLOSE · right value, but use MID")))))} | F44: {=IF(E44="Show hint",Key!$B$24,"")} | G44: {=IF(LEFT(D44,1)="✔",IF(E44="Show hint",5,10),0)} -> 0
A45: C9 | B45: In E9 count the characters in B6 with LEN. | C45: ▶ ARENA C9 (cell E9) | D45: {=IF(ISBLANK('F5-1 Arena'!$E$9),"",IF(NOT(_xlfn.ISFORMULA('F5-1 Arena'!$E$9)),"✘ That's a typed value · enter a formula",IF(ISERROR('F5-1 Arena'!$E$9),"✘ Your formula returns "&IFERROR(CHOOSE(ERROR.TYPE('F5-1 Arena'!$E$9),"#NULL!","#DIV/0!","#VALUE!","#REF!","#NAME?","#NUM!","#N/A","#GETTING_DATA","#SPILL!","#CONNECT!","#BLOCKED!","#UNKNOWN!","#FIELD!","#CALC!"),"an error"),IF(NOT(AND(IFERROR(AND(ISNUMBER('F5-1 Arena'!$E$9),ABS('F5-1 Arena'!$E$9-Key!$C$25)<=1E-9*MAX(1,ABS(Key!$C$25))),FALSE))),"✘ TRY AGAIN",IF(AND(OR(ISNUMBER(FIND({"=","(",",","+","-","*","/","&"," ","<",">",":","@","^"}&"LEN"&"(",UPPER(_xlfn.FORMULATEXT('F5-1 Arena'!$E$9)))))),"✔ CLEAR","✘ CLOSE · right value, but use LEN")))))} | F45: {=IF(E45="Show hint",Key!$B$25,"")} | G45: {=IF(LEFT(D45,1)="✔",IF(E45="Show hint",5,10),0)} -> 0
A46: C10 | B46: In E13 join B13 and C13 with a space between: =B13&" "&C13. | C46: ▶ ARENA C10 (cell E13) | D46: {=IF(ISBLANK('F5-1 Arena'!$E$13),"",IF(NOT(_xlfn.ISFORMULA('F5-1 Arena'!$E$13)),"✘ That's a typed value · enter a formula",IF(ISERROR('F5-1 Arena'!$E$13),"✘ Your formula returns "&IFERROR(CHOOSE(ERROR.TYPE('F5-1 Arena'!$E$13),"#NULL!","#DIV/0!","#VALUE!","#REF!","#NAME?","#NUM!","#N/A","#GETTING_DATA","#SPILL!","#CONNECT!","#BLOCKED!","#UNKNOWN!","#FIELD!","#CALC!"),"an error"),IF(NOT(AND(IFERROR(AND(ISTEXT('F5-1 Arena'!$E$13),EXACT('F5-1 Arena'!$E$13,Key!$C$26)),FALSE))),"✘ TRY AGAIN",IF(ISNUMBER(FIND("&",_xlfn.FORMULATEXT('F5-1 Arena'!$E$13))),"✔ CLEAR","✘ CLOSE · your formula needs &")))))} | F46: {=IF(E46="Show hint",Key!$B$26,"")} | G46: {=IF(LEFT(D46,1)="✔",IF(E46="Show hint",5,10),0)} -> 0

Sheet F5-1 Arena
A1: ARENA ▸ F5-1 CUT & SPLICE
A2: Practice area · everything here is editable. Missions and their checks are on the stage sheet.
A3: PASS CODE | B3: SPLICE | D3: ◀ Back to F5-1 Cut & Splice
B5: Code | D5: Task
B6: AB-1234-X | D6: First 2 characters
D7: Last character
D8: The 4 digits
D9: Length
B12: First | C12: Last
B13: Grace | C13: Hopper | D13: Full name →

Sheet F5-2 Clean Up
A1: STAGE F5-2 ▸ CLEAN UP
A2: Goal: tidy messy text
A3: {="SCORE "&TEXT(SUM($G$15:$G$46),"0000")&" / 0250"} -> SCORE 0000 / 0250 | C3: {=IF(SUM($G$15:$G$46)>=250,"★★★",IF(SUM($G$15:$G$46)>=250*0.8,"★★☆",IF(SUM($G$15:$G$46)>=250*0.5,"★☆☆","☆☆☆")))} -> ☆☆☆ | D3: {=REPT("█",ROUND(10*SUM($G$15:$G$46)/250,0))&REPT("░",10-ROUND(10*SUM($G$15:$G$46)/250,0))&" "&TEXT(SUM($G$15:$G$46)/250,"0%")} -> ░░░░░░░░░░ 0% | F3: {=IF(SUM($G$15:$G$46)>=250*0.5,"STAGE CLEAR! ▶ Next: F5-3 Find the Gem","")}
A5: BRIEFING · new moves in this stage
A6: # | B6: What it does · Pro tip | C6: Keys / Syntax
A7: 1 | B7: Remove extra spaces: leading, trailing and doubles. Tip: Imported data is full of hidden spaces. | C7: TRIM
A8: 2 | B8: Convert text to CAPITALS. Tip: Handy for codes and IDs. | C8: UPPER
A9: 3 | B9: Convert text to lowercase. Tip: Good for email addresses. | C9: LOWER
A10: 4 | B10: Capitalize Each Word. Tip: Combine with TRIM to tidy names. | C10: PROPER
A11: 5 | B11: SUBSTITUTE(text, old, new): replace every old with new. Tip: =SUBSTITUTE(A2,"-","/") turns 2026-03-15 into 2026/03/15. | C11: SUBSTITUTE
A13: WARM-UP · flashback to earlier stages
A14: # | B14: Mission | C14: Your answer | D14: Result | E14: Hint? | F14: Hint | G14: XP
A15: W1 | B15: Which function returns characters from the start of a text? (from F5-1 Cut & Splice) | D15: {=IFERROR(_xlfn.LET(_xlpm.a,'F5-2 Clean Up'!$C$15,IF(TRIM(_xlpm.a&"")="","",IF(OR(SUBSTITUTE(SUBSTITUTE(SUBSTITUTE(SUBSTITUTE(SUBSTITUTE(SUBSTITUTE(SUBSTITUTE(SUBSTITUTE(SUBSTITUTE(SUBSTITUTE(SUBSTITUTE(SUBSTITUTE(SUBSTITUTE(SUBSTITUTE(SUBSTITUTE(SUBSTITUTE(SUBSTITUTE(SUBSTITUTE(SUBSTITUTE(SUBSTITUTE(SUBSTITUTE(SUBSTITUTE(SUBSTITUTE(SUBSTITUTE(SUBSTITUTE(SUBSTITUTE(SUBSTITUTE(UPPER(_xlpm.a)," ",""),"CONTROL","CTRL"),"CTL","CTRL"),"ESCAPE","ESC"),"RETURN","ENTER"),"PAGEDOWN","PGDN"),"PGDOWN","PGDN"),"PAGEUP","PGUP"),"ARROWKEYS","ARROW"),"ARROWKEY","ARROW"),"ARROWS","ARROW"),"DOWNARROW","DOWN"),"UPARROW","UP"),"LEFTARROW","LEFT"),"RIGHTARROW","RIGHT"),"ARROWDOWN","DOWN"),"ARROWUP","UP"),"ARROWLEFT","LEFT"),"ARROWRIGHT","RIGHT"),"↓","DOWN"),"↑","UP"),"←","LEFT"),"→","RIGHT"),"SPACEBAR","SPACE"),"−","-"),"MINUS","-"),"PLUS","+")=Key!$E$27:$J$27),"✔ CLEAR","✘ TRY AGAIN"))),"✘ TRY AGAIN")} | F15: {=IF(E15="Show hint",Key!$B$27,"")} | G15: {=IF(LEFT(D15,1)="✔",IF(E15="Show hint",5,10),0)} -> 0
A16: W2 | B16: Which function returns characters from the end of a text? (from F5-1 Cut & Splice) | D16: {=IFERROR(_xlfn.LET(_xlpm.a,'F5-2 Clean Up'!$C$16,IF(TRIM(_xlpm.a&"")="","",IF(OR(SUBSTITUTE(SUBSTITUTE(SUBSTITUTE(SUBSTITUTE(SUBSTITUTE(SUBSTITUTE(SUBSTITUTE(SUBSTITUTE(SUBSTITUTE(SUBSTITUTE(SUBSTITUTE(SUBSTITUTE(SUBSTITUTE(SUBSTITUTE(SUBSTITUTE(SUBSTITUTE(SUBSTITUTE(SUBSTITUTE(SUBSTITUTE(SUBSTITUTE(SUBSTITUTE(SUBSTITUTE(SUBSTITUTE(SUBSTITUTE(SUBSTITUTE(SUBSTITUTE(SUBSTITUTE(UPPER(_xlpm.a)," ",""),"CONTROL","CTRL"),"CTL","CTRL"),"ESCAPE","ESC"),"RETURN","ENTER"),"PAGEDOWN","PGDN"),"PGDOWN","PGDN"),"PAGEUP","PGUP"),"ARROWKEYS","ARROW"),"ARROWKEY","ARROW"),"ARROWS","ARROW"),"DOWNARROW","DOWN"),"UPARROW","UP"),"LEFTARROW","LEFT"),"RIGHTARROW","RIGHT"),"ARROWDOWN","DOWN"),"ARROWUP","UP"),"ARROWLEFT","LEFT"),"ARROWRIGHT","RIGHT"),"↓","DOWN"),"↑","UP"),"←","LEFT"),"→","RIGHT"),"SPACEBAR","SPACE"),"−","-"),"MINUS","-"),"PLUS","+")=Key!$E$28:$J$28),"✔ CLEAR","✘ TRY AGAIN"))),"✘ TRY AGAIN")} | F16: {=IF(E16="Show hint",Key!$B$28,"")} | G16: {=IF(LEFT(D16,1)="✔",IF(E16="Show hint",5,10),0)} -> 0
A17: W3 | B17: Which function returns characters from the middle of a text? (from F5-1 Cut & Splice) | D17: {=IFERROR(_xlfn.LET(_xlpm.a,'F5-2 Clean Up'!$C$17,IF(TRIM(_xlpm.a&"")="","",IF(OR(SUBSTITUTE(SUBSTITUTE(SUBSTITUTE(SUBSTITUTE(SUBSTITUTE(SUBSTITUTE(SUBSTITUTE(SUBSTITUTE(SUBSTITUTE(SUBSTITUTE(SUBSTITUTE(SUBSTITUTE(SUBSTITUTE(SUBSTITUTE(SUBSTITUTE(SUBSTITUTE(SUBSTITUTE(SUBSTITUTE(SUBSTITUTE(SUBSTITUTE(SUBSTITUTE(SUBSTITUTE(SUBSTITUTE(SUBSTITUTE(SUBSTITUTE(SUBSTITUTE(SUBSTITUTE(UPPER(_xlpm.a)," ",""),"CONTROL","CTRL"),"CTL","CTRL"),"ESCAPE","ESC"),"RETURN","ENTER"),"PAGEDOWN","PGDN"),"PGDOWN","PGDN"),"PAGEUP","PGUP"),"ARROWKEYS","ARROW"),"ARROWKEY","ARROW"),"ARROWS","ARROW"),"DOWNARROW","DOWN"),"UPARROW","UP"),"LEFTARROW","LEFT"),"RIGHTARROW","RIGHT"),"ARROWDOWN","DOWN"),"ARROWUP","UP"),"ARROWLEFT","LEFT"),"ARROWRIGHT","RIGHT"),"↓","DOWN"),"↑","UP"),"←","LEFT"),"→","RIGHT"),"SPACEBAR","SPACE"),"−","-"),"MINUS","-"),"PLUS","+")=Key!$E$29:$J$29),"✔ CLEAR","✘ TRY AGAIN"))),"✘ TRY AGAIN")} | F17: {=IF(E17="Show hint",Key!$B$29,"")} | G17: {=IF(LEFT(D17,1)="✔",IF(E17="Show hint",5,10),0)} -> 0
A18: W4 | B18: Which function counts the characters in a text? (from F5-1 Cut & Splice) | D18: {=IFERROR(_xlfn.LET(_xlpm.a,'F5-2 Clean Up'!$C$18,IF(TRIM(_xlpm.a&"")="","",IF(OR(SUBSTITUTE(SUBSTITUTE(SUBSTITUTE(SUBSTITUTE(SUBSTITUTE(SUBSTITUTE(SUBSTITUTE(SUBSTITUTE(SUBSTITUTE(SUBSTITUTE(SUBSTITUTE(SUBSTITUTE(SUBSTITUTE(SUBSTITUTE(SUBSTITUTE(SUBSTITUTE(SUBSTITUTE(SUBSTITUTE(SUBSTITUTE(SUBSTITUTE(SUBSTITUTE(SUBSTITUTE(SUBSTITUTE(SUBSTITUTE(SUBSTITUTE(SUBSTITUTE(SUBSTITUTE(UPPER(_xlpm.a)," ",""),"CONTROL","CTRL"),"CTL","CTRL"),"ESCAPE","ESC"),"RETURN","ENTER"),"PAGEDOWN","PGDN"),"PGDOWN","PGDN"),"PAGEUP","PGUP"),"ARROWKEYS","ARROW"),"ARROWKEY","ARROW"),"ARROWS","ARROW"),"DOWNARROW","DOWN"),"UPARROW","UP"),"LEFTARROW","LEFT"),"RIGHTARROW","RIGHT"),"ARROWDOWN","DOWN"),"ARROWUP","UP"),"ARROWLEFT","LEFT"),"ARROWRIGHT","RIGHT"),"↓","DOWN"),"↑","UP"),"←","LEFT"),"→","RIGHT"),"SPACEBAR","SPACE"),"−","-"),"MINUS","-"),"PLUS","+")=Key!$E$30:$J$30),"✔ CLEAR","✘ TRY AGAIN"))),"✘ TRY AGAIN")} | F18: {=IF(E18="Show hint",Key!$B$30,"")} | G18: {=IF(LEFT(D18,1)="✔",IF(E18="Show hint",5,10),0)} -> 0
A19: W5 | B19: Which character joins pieces of text in a formula? (from F5-1 Cut & Splice) | D19: {=IFERROR(_xlfn.LET(_xlpm.a,'F5-2 Clean Up'!$C$19,IF(TRIM(_xlpm.a&"")="","",IF(OR(SUBSTITUTE(SUBSTITUTE(SUBSTITUTE(SUBSTITUTE(SUBSTITUTE(SUBSTITUTE(SUBSTITUTE(SUBSTITUTE(SUBSTITUTE(SUBSTITUTE(SUBSTITUTE(SUBSTITUTE(SUBSTITUTE(SUBSTITUTE(SUBSTITUTE(SUBSTITUTE(SUBSTITUTE(SUBSTITUTE(SUBSTITUTE(SUBSTITUTE(SUBSTITUTE(SUBSTITUTE(SUBSTITUTE(SUBSTITUTE(SUBSTITUTE(SUBSTITUTE(SUBSTITUTE(UPPER(_xlpm.a)," ",""),"CONTROL","CTRL"),"CTL","CTRL"),"ESCAPE","ESC"),"RETURN","ENTER"),"PAGEDOWN","PGDN"),"PGDOWN","PGDN"),"PAGEUP","PGUP"),"ARROWKEYS","ARROW"),"ARROWKEY","ARROW"),"ARROWS","ARROW"),"DOWNARROW","DOWN"),"UPARROW","UP"),"LEFTARROW","LEFT"),"RIGHTARROW","RIGHT"),"ARROWDOWN","DOWN"),"ARROWUP","UP"),"ARROWLEFT","LEFT"),"ARROWRIGHT","RIGHT"),"↓","DOWN"),"↑","UP"),"←","LEFT"),"→","RIGHT"),"SPACEBAR","SPACE"),"−","-"),"MINUS","-"),"PLUS","+")=Key!$E$31:$F$31),"✔ CLEAR","✘ TRY AGAIN"))),"✘ TRY AGAIN")} | F19: {=IF(E19="Show hint",Key!$B$31,"")} | G19: {=IF(LEFT(D19,1)="✔",IF(E19="Show hint",5,10),0)} -> 0
A20: W6 | B20: Which function returns the item at a given position in a range? (from F4-4 Power Couple) | D20: {=IFERROR(_xlfn.LET(_xlpm.a,'F5-2 Clean Up'!$C$20,IF(TRIM(_xlpm.a&"")="","",IF(OR(SUBSTITUTE(SUBSTITUTE(SUBSTITUTE(SUBSTITUTE(SUBSTITUTE(SUBSTITUTE(SUBSTITUTE(SUBSTITUTE(SUBSTITUTE(SUBSTITUTE(SUBSTITUTE(SUBSTITUTE(SUBSTITUTE(SUBSTITUTE(SUBSTITUTE(SUBSTITUTE(SUBSTITUTE(SUBSTITUTE(SUBSTITUTE(SUBSTITUTE(SUBSTITUTE(SUBSTITUTE(SUBSTITUTE(SUBSTITUTE(SUBSTITUTE(SUBSTITUTE(SUBSTITUTE(UPPER(_xlpm.a)," ",""),"CONTROL","CTRL"),"CTL","CTRL"),"ESCAPE","ESC"),"RETURN","ENTER"),"PAGEDOWN","PGDN"),"PGDOWN","PGDN"),"PAGEUP","PGUP"),"ARROWKEYS","ARROW"),"ARROWKEY","ARROW"),"ARROWS","ARROW"),"DOWNARROW","DOWN"),"UPARROW","UP"),"LEFTARROW","LEFT"),"RIGHTARROW","RIGHT"),"ARROWDOWN","DOWN"),"ARROWUP","UP"),"ARROWLEFT","LEFT"),"ARROWRIGHT","RIGHT"),"↓","DOWN"),"↑","UP"),"←","LEFT"),"→","RIGHT"),"SPACEBAR","SPACE"),"−","-"),"MINUS","-"),"PLUS","+")=Key!$E$32:$J$32),"✔ CLEAR","✘ TRY AGAIN"))),"✘ TRY AGAIN")} | F20: {=IF(E20="Show hint",Key!$B$32,"")} | G20: {=IF(LEFT(D20,1)="✔",IF(E20="Show hint",5,10),0)} -> 0
A21: W7 | B21: Which function returns the position of a value in a range? (from F4-4 Power Couple) | D21: {=IFERROR(_xlfn.LET(_xlpm.a,'F5-2 Clean Up'!$C$21,IF(TRIM(_xlpm.a&"")="","",IF(OR(SUBSTITUTE(SUBSTITUTE(SUBSTITUTE(SUBSTITUTE(SUBSTITUTE(SUBSTITUTE(SUBSTITUTE(SUBSTITUTE(SUBSTITUTE(SUBSTITUTE(SUBSTITUTE(SUBSTITUTE(SUBSTITUTE(SUBSTITUTE(SUBSTITUTE(SUBSTITUTE(SUBSTITUTE(SUBSTITUTE(SUBSTITUTE(SUBSTITUTE(SUBSTITUTE(SUBSTITUTE(SUBSTITUTE(SUBSTITUTE(SUBSTITUTE(SUBSTITUTE(SUBSTITUTE(UPPER(_xlpm.a)," ",""),"CONTROL","CTRL"),"CTL","CTRL"),"ESCAPE","ESC"),"RETURN","ENTER"),"PAGEDOWN","PGDN"),"PGDOWN","PGDN"),"PAGEUP","PGUP"),"ARROWKEYS","ARROW"),"ARROWKEY","ARROW"),"ARROWS","ARROW"),"DOWNARROW","DOWN"),"UPARROW","UP"),"LEFTARROW","LEFT"),"RIGHTARROW","RIGHT"),"ARROWDOWN","DOWN"),"ARROWUP","UP"),"ARROWLEFT","LEFT"),"ARROWRIGHT","RIGHT"),"↓","DOWN"),"↑","UP"),"←","LEFT"),"→","RIGHT"),"SPACEBAR","SPACE"),"−","-"),"MINUS","-"),"PLUS","+")=Key!$E$33:$J$33),"✔ CLEAR","✘ TRY AGAIN"))),"✘ TRY AGAIN")} | F21: {=IF(E21="Show hint",Key!$B$33,"")} | G21: {=IF(LEFT(D21,1)="✔",IF(E21="Show hint",5,10),0)} -> 0
A22: W8 | B22: Which function goes inside INDEX to find the row position? (from F4-4 Power Couple) | D22: {=IFERROR(_xlfn.LET(_xlpm.a,'F5-2 Clean Up'!$C$22,IF(TRIM(_xlpm.a&"")="","",IF(OR(SUBSTITUTE(SUBSTITUTE(SUBSTITUTE(SUBSTITUTE(SUBSTITUTE(SUBSTITUTE(SUBSTITUTE(SUBSTITUTE(SUBSTITUTE(SUBSTITUTE(SUBSTITUTE(SUBSTITUTE(SUBSTITUTE(SUBSTITUTE(SUBSTITUTE(SUBSTITUTE(SUBSTITUTE(SUBSTITUTE(SUBSTITUTE(SUBSTITUTE(SUBSTITUTE(SUBSTITUTE(SUBSTITUTE(SUBSTITUTE(SUBSTITUTE(SUBSTITUTE(SUBSTITUTE(UPPER(_xlpm.a)," ",""),"CONTROL","CTRL"),"CTL","CTRL"),"ESCAPE","ESC"),"RETURN","ENTER"),"PAGEDOWN","PGDN"),"PGDOWN","PGDN"),"PAGEUP","PGUP"),"ARROWKEYS","ARROW"),"ARROWKEY","ARROW"),"ARROWS","ARROW"),"DOWNARROW","DOWN"),"UPARROW","UP"),"LEFTARROW","LEFT"),"RIGHTARROW","RIGHT"),"ARROWDOWN","DOWN"),"ARROWUP","UP"),"ARROWLEFT","LEFT"),"ARROWRIGHT","RIGHT"),"↓","DOWN"),"↑","UP"),"←","LEFT"),"→","RIGHT"),"SPACEBAR","SPACE"),"−","-"),"MINUS","-"),"PLUS","+")=Key!$E$34:$E$34),"✔ CLEAR","✘ TRY AGAIN"))),"✘ TRY AGAIN")} | F22: {=IF(E22="Show hint",Key!$B$34,"")} | G22: {=IF(LEFT(D22,1)="✔",IF(E22="Show hint",5,10),0)} -> 0
A23: W9 | B23: Which modern function returns a position with an exact match by default? (from F4-4 Power Couple) | D23: {=IFERROR(_xlfn.LET(_xlpm.a,'F5-2 Clean Up'!$C$23,IF(TRIM(_xlpm.a&"")="","",IF(OR(SUBSTITUTE(SUBSTITUTE(SUBSTITUTE(SUBSTITUTE(SUBSTITUTE(SUBSTITUTE(SUBSTITUTE(SUBSTITUTE(SUBSTITUTE(SUBSTITUTE(SUBSTITUTE(SUBSTITUTE(SUBSTITUTE(SUBSTITUTE(SUBSTITUTE(SUBSTITUTE(SUBSTITUTE(SUBSTITUTE(SUBSTITUTE(SUBSTITUTE(SUBSTITUTE(SUBSTITUTE(SUBSTITUTE(SUBSTITUTE(SUBSTITUTE(SUBSTITUTE(SUBSTITUTE(UPPER(_xlpm.a)," ",""),"CONTROL","CTRL"),"CTL","CTRL"),"ESCAPE","ESC"),"RETURN","ENTER"),"PAGEDOWN","PGDN"),"PGDOWN","PGDN"),"PAGEUP","PGUP"),"ARROWKEYS","ARROW"),"ARROWKEY","ARROW"),"ARROWS","ARROW"),"DOWNARROW","DOWN"),"UPARROW","UP"),"LEFTARROW","LEFT"),"RIGHTARROW","RIGHT"),"ARROWDOWN","DOWN"),"ARROWUP","UP"),"ARROWLEFT","LEFT"),"ARROWRIGHT","RIGHT"),"↓","DOWN"),"↑","UP"),"←","LEFT"),"→","RIGHT"),"SPACEBAR","SPACE"),"−","-"),"MINUS","-"),"PLUS","+")=Key!$E$35:$J$35),"✔ CLEAR","✘ TRY AGAIN"))),"✘ TRY AGAIN")} | F23: {=IF(E23="Show hint",Key!$B$35,"")} | G23: {=IF(LEFT(D23,1)="✔",IF(E23="Show hint",5,10),0)} -> 0
A24: W10 | B24: Which keys hide the selected rows? (from S4-1 Construction Crew) | D24: {=IFERROR(_xlfn.LET(_xlpm.a,'F5-2 Clean Up'!$C$24,IF(TRIM(_xlpm.a&"")="","",IF(OR(SUBSTITUTE(SUBSTITUTE(SUBSTITUTE(SUBSTITUTE(SUBSTITUTE(SUBSTITUTE(SUBSTITUTE(SUBSTITUTE(SUBSTITUTE(SUBSTITUTE(SUBSTITUTE(SUBSTITUTE(SUBSTITUTE(SUBSTITUTE(SUBSTITUTE(SUBSTITUTE(SUBSTITUTE(SUBSTITUTE(SUBSTITUTE(SUBSTITUTE(SUBSTITUTE(SUBSTITUTE(SUBSTITUTE(SUBSTITUTE(SUBSTITUTE(SUBSTITUTE(SUBSTITUTE(UPPER(_xlpm.a)," ",""),"CONTROL","CTRL"),"CTL","CTRL"),"ESCAPE","ESC"),"RETURN","ENTER"),"PAGEDOWN","PGDN"),"PGDOWN","PGDN"),"PAGEUP","PGUP"),"ARROWKEYS","ARROW"),"ARROWKEY","ARROW"),"ARROWS","ARROW"),"DOWNARROW","DOWN"),"UPARROW","UP"),"LEFTARROW","LEFT"),"RIGHTARROW","RIGHT"),"ARROWDOWN","DOWN"),"ARROWUP","UP"),"ARROWLEFT","LEFT"),"ARROWRIGHT","RIGHT"),"↓","DOWN"),"↑","UP"),"←","LEFT"),"→","RIGHT"),"SPACEBAR","SPACE"),"−","-"),"MINUS","-"),"PLUS","+")=Key!$E$36:$E$36),"✔ CLEAR","✘ TRY AGAIN"))),"✘ TRY AGAIN")} | F24: {=IF(E24="Show hint",Key!$B$36,"")} | G24: {=IF(LEFT(D24,1)="✔",IF(E24="Show hint",5,10),0)} -> 0
A26: TRAINING · recognize the move (pick from the list)
A27: # | B27: Mission | C27: Your answer | D27: Result | E27: Hint? | F27: Hint | G27: XP
A28: T1 | B28: Which function removes extra spaces from text? | D28: {=IFERROR(IF('F5-2 Clean Up'!$C$28&""="","",IF('F5-2 Clean Up'!$C$28&""=Key!$C$37&"","✔ CLEAR","✘ TRY AGAIN")),"✘ TRY AGAIN")} | F28: {=IF(E28="Show hint",Key!$B$37,"")} | G28: {=IF(LEFT(D28,1)="✔",IF(E28="Show hint",5,10),0)} -> 0
A29: T2 | B29: Which function converts text to all capitals? | D29: {=IFERROR(IF('F5-2 Clean Up'!$C$29&""="","",IF('F5-2 Clean Up'!$C$29&""=Key!$C$38&"","✔ CLEAR","✘ TRY AGAIN")),"✘ TRY AGAIN")} | F29: {=IF(E29="Show hint",Key!$B$38,"")} | G29: {=IF(LEFT(D29,1)="✔",IF(E29="Show hint",5,10),0)} -> 0
A30: T3 | B30: Which function converts text to all lowercase? | D30: {=IFERROR(IF('F5-2 Clean Up'!$C$30&""="","",IF('F5-2 Clean Up'!$C$30&""=Key!$C$39&"","✔ CLEAR","✘ TRY AGAIN")),"✘ TRY AGAIN")} | F30: {=IF(E30="Show hint",Key!$B$39,"")} | G30: {=IF(LEFT(D30,1)="✔",IF(E30="Show hint",5,10),0)} -> 0
A31: T4 | B31: Which function capitalizes the first letter of each word? | D31: {=IFERROR(IF('F5-2 Clean Up'!$C$31&""="","",IF('F5-2 Clean Up'!$C$31&""=Key!$C$40&"","✔ CLEAR","✘ TRY AGAIN")),"✘ TRY AGAIN")} | F31: {=IF(E31="Show hint",Key!$B$40,"")} | G31: {=IF(LEFT(D31,1)="✔",IF(E31="Show hint",5,10),0)} -> 0
A32: T5 | B32: Which function replaces every occurrence of some text with other text? | D32: {=IFERROR(IF('F5-2 Clean Up'!$C$32&""="","",IF('F5-2 Clean Up'!$C$32&""=Key!$C$41&"","✔ CLEAR","✘ TRY AGAIN")),"✘ TRY AGAIN")} | F32: {=IF(E32="Show hint",Key!$B$41,"")} | G32: {=IF(LEFT(D32,1)="✔",IF(E32="Show hint",5,10),0)} -> 0
A34: CHALLENGES · recall it, then do it
B35: ▶ Open F5-2 Arena (or press Ctrl+PgDn)
A36: # | B36: Mission | C36: Your answer | D36: Result | E36: Hint? | F36: Hint | G36: XP
A37: C1 | B37: Which function removes extra spaces from text? | D37: {=IFERROR(_xlfn.LET(_xlpm.a,'F5-2 Clean Up'!$C$37,IF(TRIM(_xlpm.a&"")="","",IF(OR(SUBSTITUTE(SUBSTITUTE(SUBSTITUTE(SUBSTITUTE(SUBSTITUTE(SUBSTITUTE(SUBSTITUTE(SUBSTITUTE(SUBSTITUTE(SUBSTITUTE(SUBSTITUTE(SUBSTITUTE(SUBSTITUTE(SUBSTITUTE(SUBSTITUTE(SUBSTITUTE(SUBSTITUTE(SUBSTITUTE(SUBSTITUTE(SUBSTITUTE(SUBSTITUTE(SUBSTITUTE(SUBSTITUTE(SUBSTITUTE(SUBSTITUTE(SUBSTITUTE(SUBSTITUTE(UPPER(_xlpm.a)," ",""),"CONTROL","CTRL"),"CTL","CTRL"),"ESCAPE","ESC"),"RETURN","ENTER"),"PAGEDOWN","PGDN"),"PGDOWN","PGDN"),"PAGEUP","PGUP"),"ARROWKEYS","ARROW"),"ARROWKEY","ARROW"),"ARROWS","ARROW"),"DOWNARROW","DOWN"),"UPARROW","UP"),"LEFTARROW","LEFT"),"RIGHTARROW","RIGHT"),"ARROWDOWN","DOWN"),"ARROWUP","UP"),"ARROWLEFT","LEFT"),"ARROWRIGHT","RIGHT"),"↓","DOWN"),"↑","UP"),"←","LEFT"),"→","RIGHT"),"SPACEBAR","SPACE"),"−","-"),"MINUS","-"),"PLUS","+")=Key!$E$42:$J$42),"✔ CLEAR","✘ TRY AGAIN"))),"✘ TRY AGAIN")} | F37: {=IF(E37="Show hint",Key!$B$42,"")} | G37: {=IF(LEFT(D37,1)="✔",IF(E37="Show hint",5,10),0)} -> 0
A38: C2 | B38: Which function converts text to all capitals? | D38: {=IFERROR(_xlfn.LET(_xlpm.a,'F5-2 Clean Up'!$C$38,IF(TRIM(_xlpm.a&"")="","",IF(OR(SUBSTITUTE(SUBSTITUTE(SUBSTITUTE(SUBSTITUTE(SUBSTITUTE(SUBSTITUTE(SUBSTITUTE(SUBSTITUTE(SUBSTITUTE(SUBSTITUTE(SUBSTITUTE(SUBSTITUTE(SUBSTITUTE(SUBSTITUTE(SUBSTITUTE(SUBSTITUTE(SUBSTITUTE(SUBSTITUTE(SUBSTITUTE(SUBSTITUTE(SUBSTITUTE(SUBSTITUTE(SUBSTITUTE(SUBSTITUTE(SUBSTITUTE(SUBSTITUTE(SUBSTITUTE(UPPER(_xlpm.a)," ",""),"CONTROL","CTRL"),"CTL","CTRL"),"ESCAPE","ESC"),"RETURN","ENTER"),"PAGEDOWN","PGDN"),"PGDOWN","PGDN"),"PAGEUP","PGUP"),"ARROWKEYS","ARROW"),"ARROWKEY","ARROW"),"ARROWS","ARROW"),"DOWNARROW","DOWN"),"UPARROW","UP"),"LEFTARROW","LEFT"),"RIGHTARROW","RIGHT"),"ARROWDOWN","DOWN"),"ARROWUP","UP"),"ARROWLEFT","LEFT"),"ARROWRIGHT","RIGHT"),"↓","DOWN"),"↑","UP"),"←","LEFT"),"→","RIGHT"),"SPACEBAR","SPACE"),"−","-"),"MINUS","-"),"PLUS","+")=Key!$E$43:$J$43),"✔ CLEAR","✘ TRY AGAIN"))),"✘ TRY AGAIN")} | F38: {=IF(E38="Show hint",Key!$B$43,"")} | G38: {=IF(LEFT(D38,1)="✔",IF(E38="Show hint",5,10),0)} -> 0
A39: C3 | B39: Which function converts text to all lowercase? | D39: {=IFERROR(_xlfn.LET(_xlpm.a,'F5-2 Clean Up'!$C$39,IF(TRIM(_xlpm.a&"")="","",IF(OR(SUBSTITUTE(SUBSTITUTE(SUBSTITUTE(SUBSTITUTE(SUBSTITUTE(SUBSTITUTE(SUBSTITUTE(SUBSTITUTE(SUBSTITUTE(SUBSTITUTE(SUBSTITUTE(SUBSTITUTE(SUBSTITUTE(SUBSTITUTE(SUBSTITUTE(SUBSTITUTE(SUBSTITUTE(SUBSTITUTE(SUBSTITUTE(SUBSTITUTE(SUBSTITUTE(SUBSTITUTE(SUBSTITUTE(SUBSTITUTE(SUBSTITUTE(SUBSTITUTE(SUBSTITUTE(UPPER(_xlpm.a)," ",""),"CONTROL","CTRL"),"CTL","CTRL"),"ESCAPE","ESC"),"RETURN","ENTER"),"PAGEDOWN","PGDN"),"PGDOWN","PGDN"),"PAGEUP","PGUP"),"ARROWKEYS","ARROW"),"ARROWKEY","ARROW"),"ARROWS","ARROW"),"DOWNARROW","DOWN"),"UPARROW","UP"),"LEFTARROW","LEFT"),"RIGHTARROW","RIGHT"),"ARROWDOWN","DOWN"),"ARROWUP","UP"),"ARROWLEFT","LEFT"),"ARROWRIGHT","RIGHT"),"↓","DOWN"),"↑","UP"),"←","LEFT"),"→","RIGHT"),"SPACEBAR","SPACE"),"−","-"),"MINUS","-"),"PLUS","+")=Key!$E$44:$J$44),"✔ CLEAR","✘ TRY AGAIN"))),"✘ TRY AGAIN")} | F39: {=IF(E39="Show hint",Key!$B$44,"")} | G39: {=IF(LEFT(D39,1)="✔",IF(E39="Show hint",5,10),0)} -> 0
A40: C4 | B40: Which function capitalizes the first letter of each word? | D40: {=IFERROR(_xlfn.LET(_xlpm.a,'F5-2 Clean Up'!$C$40,IF(TRIM(_xlpm.a&"")="","",IF(OR(SUBSTITUTE(SUBSTITUTE(SUBSTITUTE(SUBSTITUTE(SUBSTITUTE(SUBSTITUTE(SUBSTITUTE(SUBSTITUTE(SUBSTITUTE(SUBSTITUTE(SUBSTITUTE(SUBSTITUTE(SUBSTITUTE(SUBSTITUTE(SUBSTITUTE(SUBSTITUTE(SUBSTITUTE(SUBSTITUTE(SUBSTITUTE(SUBSTITUTE(SUBSTITUTE(SUBSTITUTE(SUBSTITUTE(SUBSTITUTE(SUBSTITUTE(SUBSTITUTE(SUBSTITUTE(UPPER(_xlpm.a)," ",""),"CONTROL","CTRL"),"CTL","CTRL"),"ESCAPE","ESC"),"RETURN","ENTER"),"PAGEDOWN","PGDN"),"PGDOWN","PGDN"),"PAGEUP","PGUP"),"ARROWKEYS","ARROW"),"ARROWKEY","ARROW"),"ARROWS","ARROW"),"DOWNARROW","DOWN"),"UPARROW","UP"),"LEFTARROW","LEFT"),"RIGHTARROW","RIGHT"),"ARROWDOWN","DOWN"),"ARROWUP","UP"),"ARROWLEFT","LEFT"),"ARROWRIGHT","RIGHT"),"↓","DOWN"),"↑","UP"),"←","LEFT"),"→","RIGHT"),"SPACEBAR","SPACE"),"−","-"),"MINUS","-"),"PLUS","+")=Key!$E$45:$J$45),"✔ CLEAR","✘ TRY AGAIN"))),"✘ TRY AGAIN")} | F40: {=IF(E40="Show hint",Key!$B$45,"")} | G40: {=IF(LEFT(D40,1)="✔",IF(E40="Show hint",5,10),0)} -> 0
A41: C5 | B41: Which function replaces every occurrence of some text with other text? | D41: {=IFERROR(_xlfn.LET(_xlpm.a,'F5-2 Clean Up'!$C$41,IF(TRIM(_xlpm.a&"")="","",IF(OR(SUBSTITUTE(SUBSTITUTE(SUBSTITUTE(SUBSTITUTE(SUBSTITUTE(SUBSTITUTE(SUBSTITUTE(SUBSTITUTE(SUBSTITUTE(SUBSTITUTE(SUBSTITUTE(SUBSTITUTE(SUBSTITUTE(SUBSTITUTE(SUBSTITUTE(SUBSTITUTE(SUBSTITUTE(SUBSTITUTE(SUBSTITUTE(SUBSTITUTE(SUBSTITUTE(SUBSTITUTE(SUBSTITUTE(SUBSTITUTE(SUBSTITUTE(SUBSTITUTE(SUBSTITUTE(UPPER(_xlpm.a)," ",""),"CONTROL","CTRL"),"CTL","CTRL"),"ESCAPE","ESC"),"RETURN","ENTER"),"PAGEDOWN","PGDN"),"PGDOWN","PGDN"),"PAGEUP","PGUP"),"ARROWKEYS","ARROW"),"ARROWKEY","ARROW"),"ARROWS","ARROW"),"DOWNARROW","DOWN"),"UPARROW","UP"),"LEFTARROW","LEFT"),"RIGHTARROW","RIGHT"),"ARROWDOWN","DOWN"),"ARROWUP","UP"),"ARROWLEFT","LEFT"),"ARROWRIGHT","RIGHT"),"↓","DOWN"),"↑","UP"),"←","LEFT"),"→","RIGHT"),"SPACEBAR","SPACE"),"−","-"),"MINUS","-"),"PLUS","+")=Key!$E$46:$J$46),"✔ CLEAR","✘ TRY AGAIN"))),"✘ TRY AGAIN")} | F41: {=IF(E41="Show hint",Key!$B$46,"")} | G41: {=IF(LEFT(D41,1)="✔",IF(E41="Show hint",5,10),0)} -> 0
A42: C6 | B42: In D6 remove the extra spaces from B6 with TRIM. | C42: ▶ ARENA C6 (cell D6) | D42: {=IF(ISBLANK('F5-2 Arena'!$D$6),"",IF(NOT(_xlfn.ISFORMULA('F5-2 Arena'!$D$6)),"✘ That's a typed value · enter a formula",IF(ISERROR('F5-2 Arena'!$D$6),"✘ Your formula returns "&IFERROR(CHOOSE(ERROR.TYPE('F5-2 Arena'!$D$6),"#NULL!","#DIV/0!","#VALUE!","#REF!","#NAME?","#NUM!","#N/A","#GETTING_DATA","#SPILL!","#CONNECT!","#BLOCKED!","#UNKNOWN!","#FIELD!","#CALC!"),"an error"),IF(NOT(AND(IFERROR(AND(ISTEXT('F5-2 Arena'!$D$6),EXACT('F5-2 Arena'!$D$6,Key!$C$47)),FALSE))),"✘ TRY AGAIN",IF(AND(OR(ISNUMBER(FIND({"=","(",",","+","-","*","/","&"," ","<",">",":","@","^"}&"TRIM"&"(",UPPER(_xlfn.FORMULATEXT('F5-2 Arena'!$D$6)))))),"✔ CLEAR","✘ CLOSE · right value, but use TRIM")))))} | F42: {=IF(E42="Show hint",Key!$B$47,"")} | G42: {=IF(LEFT(D42,1)="✔",IF(E42="Show hint",5,10),0)} -> 0
A43: C7 | B43: In D7 convert B7 to capitals with UPPER. | C43: ▶ ARENA C7 (cell D7) | D43: {=IF(ISBLANK('F5-2 Arena'!$D$7),"",IF(NOT(_xlfn.ISFORMULA('F5-2 Arena'!$D$7)),"✘ That's a typed value · enter a formula",IF(ISERROR('F5-2 Arena'!$D$7),"✘ Your formula returns "&IFERROR(CHOOSE(ERROR.TYPE('F5-2 Arena'!$D$7),"#NULL!","#DIV/0!","#VALUE!","#REF!","#NAME?","#NUM!","#N/A","#GETTING_DATA","#SPILL!","#CONNECT!","#BLOCKED!","#UNKNOWN!","#FIELD!","#CALC!"),"an error"),IF(NOT(AND(IFERROR(AND(ISTEXT('F5-2 Arena'!$D$7),EXACT('F5-2 Arena'!$D$7,Key!$C$48)),FALSE))),"✘ TRY AGAIN",IF(AND(OR(ISNUMBER(FIND({"=","(",",","+","-","*","/","&"," ","<",">",":","@","^"}&"UPPER"&"(",UPPER(_xlfn.FORMULATEXT('F5-2 Arena'!$D$7)))))),"✔ CLEAR","✘ CLOSE · right value, but use UPPER")))))} | F43: {=IF(E43="Show hint",Key!$B$48,"")} | G43: {=IF(LEFT(D43,1)="✔",IF(E43="Show hint",5,10),0)} -> 0
A44: C8 | B44: In D8 convert B8 to lowercase with LOWER. | C44: ▶ ARENA C8 (cell D8) | D44: {=IF(ISBLANK('F5-2 Arena'!$D$8),"",IF(NOT(_xlfn.ISFORMULA('F5-2 Arena'!$D$8)),"✘ That's a typed value · enter a formula",IF(ISERROR('F5-2 Arena'!$D$8),"✘ Your formula returns "&IFERROR(CHOOSE(ERROR.TYPE('F5-2 Arena'!$D$8),"#NULL!","#DIV/0!","#VALUE!","#REF!","#NAME?","#NUM!","#N/A","#GETTING_DATA","#SPILL!","#CONNECT!","#BLOCKED!","#UNKNOWN!","#FIELD!","#CALC!"),"an error"),IF(NOT(AND(IFERROR(AND(ISTEXT('F5-2 Arena'!$D$8),EXACT('F5-2 Arena'!$D$8,Key!$C$49)),FALSE))),"✘ TRY AGAIN",IF(AND(OR(ISNUMBER(FIND({"=","(",",","+","-","*","/","&"," ","<",">",":","@","^"}&"LOWER"&"(",UPPER(_xlfn.FORMULATEXT('F5-2 Arena'!$D$8)))))),"✔ CLEAR","✘ CLOSE · right value, but use LOWER")))))} | F44: {=IF(E44="Show hint",Key!$B$49,"")} | G44: {=IF(LEFT(D44,1)="✔",IF(E44="Show hint",5,10),0)} -> 0
A45: C9 | B45: In D9 replace every "-" in B9 with "/" using SUBSTITUTE. | C45: ▶ ARENA C9 (cell D9) | D45: {=IF(ISBLANK('F5-2 Arena'!$D$9),"",IF(NOT(_xlfn.ISFORMULA('F5-2 Arena'!$D$9)),"✘ That's a typed value · enter a formula",IF(ISERROR('F5-2 Arena'!$D$9),"✘ Your formula returns "&IFERROR(CHOOSE(ERROR.TYPE('F5-2 Arena'!$D$9),"#NULL!","#DIV/0!","#VALUE!","#REF!","#NAME?","#NUM!","#N/A","#GETTING_DATA","#SPILL!","#CONNECT!","#BLOCKED!","#UNKNOWN!","#FIELD!","#CALC!"),"an error"),IF(NOT(AND(IFERROR(AND(ISTEXT('F5-2 Arena'!$D$9),'F5-2 Arena'!$D$9=Key!$C$50),FALSE))),"✘ TRY AGAIN",IF(AND(OR(ISNUMBER(FIND({"=","(",",","+","-","*","/","&"," ","<",">",":","@","^"}&"SUBSTITUTE"&"(",UPPER(_xlfn.FORMULATEXT('F5-2 Arena'!$D$9)))))),"✔ CLEAR","✘ CLOSE · right value, but use SUBSTITUTE")))))} | F45: {=IF(E45="Show hint",Key!$B$50,"")} | G45: {=IF(LEFT(D45,1)="✔",IF(E45="Show hint",5,10),0)} -> 0
A46: C10 | B46: In D10 tidy the name in B6: remove the extra spaces AND capitalize each word in one formula. | C46: ▶ ARENA C10 (cell D10) | D46: {=IF(ISBLANK('F5-2 Arena'!$D$10),"",IF(NOT(_xlfn.ISFORMULA('F5-2 Arena'!$D$10)),"✘ That's a typed value · enter a formula",IF(ISERROR('F5-2 Arena'!$D$10),"✘ Your formula returns "&IFERROR(CHOOSE(ERROR.TYPE('F5-2 Arena'!$D$10),"#NULL!","#DIV/0!","#VALUE!","#REF!","#NAME?","#NUM!","#N/A","#GETTING_DATA","#SPILL!","#CONNECT!","#BLOCKED!","#UNKNOWN!","#FIELD!","#CALC!"),"an error"),IF(NOT(AND(IFERROR(AND(ISTEXT('F5-2 Arena'!$D$10),EXACT('F5-2 Arena'!$D$10,Key!$C$51)),FALSE))),"✘ TRY AGAIN",IF(AND(OR(ISNUMBER(FIND({"=","(",",","+","-","*","/","&"," ","<",">",":","@","^"}&"PROPER"&"(",UPPER(_xlfn.FORMULATEXT('F5-2 Arena'!$D$10))))),OR(ISNUMBER(FIND({"=","(",",","+","-","*","/","&"," ","<",">",":","@","^"}&"TRIM"&"(",UPPER(_xlfn.FORMULATEXT('F5-2 Arena'!$D$10)))))),"✔ CLEAR","✘ CLOSE · right value, but use PROPER and TRIM")))))} | F46: {=IF(E46="Show hint",Key!$B$51,"")} | G46: {=IF(LEFT(D46,1)="✔",IF(E46="Show hint",5,10),0)} -> 0

Sheet F5-2 Arena
A1: ARENA ▸ F5-2 CLEAN UP
A2: Practice area · everything here is editable. Missions and their checks are on the stage sheet.
A3: PASS CODE | B3: CLEANUP | D3: ◀ Back to F5-2 Clean Up
B5: Raw text | C5: Task
B6: ada LOVELACE | C6: Trim it
B7: grace hopper | C7: Capitals
B8: ALAN TURING | C8: Lowercase
B9: 2026-03-15 | C9: Slashes
C10: Tidy B6 name

Sheet F5-3 Find the Gem
A1: STAGE F5-3 ▸ FIND THE GEM
A2: Goal: locate text inside text and cut around it
A3: {="SCORE "&TEXT(SUM($G$13:$G$39),"0000")&" / 0200"} -> SCORE 0000 / 0200 | C3: {=IF(SUM($G$13:$G$39)>=200,"★★★",IF(SUM($G$13:$G$39)>=200*0.8,"★★☆",IF(SUM($G$13:$G$39)>=200*0.5,"★☆☆","☆☆☆")))} -> ☆☆☆ | D3: {=REPT("█",ROUND(10*SUM($G$13:$G$39)/200,0))&REPT("░",10-ROUND(10*SUM($G$13:$G$39)/200,0))&" "&TEXT(SUM($G$13:$G$39)/200,"0%")} -> ░░░░░░░░░░ 0% | F3: {=IF(SUM($G$13:$G$39)>=200*0.5,"STAGE CLEAR! ▶ Next: F5-4 Assemble","")}
A5: BRIEFING · new moves in this stage
A6: # | B6: What it does · Pro tip | C6: Keys / Syntax
A7: 1 | B7: FIND(what, text): the position of what. Case-sensitive. Tip: =FIND("@","kim@arcade.io") gives 4. | C7: FIND
A8: 2 | B8: SEARCH(what, text): like FIND, but ignores case and allows wildcards. Tip: Use SEARCH when you don't care about capitals. | C8: SEARCH
A9: 3 | B9: =LEFT(A2,FIND("@",A2)-1) takes everything before the @. Tip: FIND supplies the cut point; -1 drops the @ itself. | C9: LEFT + FIND
A11: WARM-UP · flashback to earlier stages
A12: # | B12: Mission | C12: Your answer | D12: Result | E12: Hint? | F12: Hint | G12: XP
A13: W1 | B13: Which function removes extra spaces from text? (from F5-2 Clean Up) | D13: {=IFERROR(_xlfn.LET(_xlpm.a,'F5-3 Find the Gem'!$C$13,IF(TRIM(_xlpm.a&"")="","",IF(OR(SUBSTITUTE(SUBSTITUTE(SUBSTITUTE(SUBSTITUTE(SUBSTITUTE(SUBSTITUTE(SUBSTITUTE(SUBSTITUTE(SUBSTITUTE(SUBSTITUTE(SUBSTITUTE(SUBSTITUTE(SUBSTITUTE(SUBSTITUTE(SUBSTITUTE(SUBSTITUTE(SUBSTITUTE(SUBSTITUTE(SUBSTITUTE(SUBSTITUTE(SUBSTITUTE(SUBSTITUTE(SUBSTITUTE(SUBSTITUTE(SUBSTITUTE(SUBSTITUTE(SUBSTITUTE(UPPER(_xlpm.a)," ",""),"CONTROL","CTRL"),"CTL","CTRL"),"ESCAPE","ESC"),"RETURN","ENTER"),"PAGEDOWN","PGDN"),"PGDOWN","PGDN"),"PAGEUP","PGUP"),"ARROWKEYS","ARROW"),"ARROWKEY","ARROW"),"ARROWS","ARROW"),"DOWNARROW","DOWN"),"UPARROW","UP"),"LEFTARROW","LEFT"),"RIGHTARROW","RIGHT"),"ARROWDOWN","DOWN"),"ARROWUP","UP"),"ARROWLEFT","LEFT"),"ARROWRIGHT","RIGHT"),"↓","DOWN"),"↑","UP"),"←","LEFT"),"→","RIGHT"),"SPACEBAR","SPACE"),"−","-"),"MINUS","-"),"PLUS","+")=Key!$E$52:$J$52),"✔ CLEAR","✘ TRY AGAIN"))),"✘ TRY AGAIN")} | F13: {=IF(E13="Show hint",Key!$B$52,"")} | G13: {=IF(LEFT(D13,1)="✔",IF(E13="Show hint",5,10),0)} -> 0
A14: W2 | B14: Which function converts text to all capitals? (from F5-2 Clean Up) | D14: {=IFERROR(_xlfn.LET(_xlpm.a,'F5-3 Find the Gem'!$C$14,IF(TRIM(_xlpm.a&"")="","",IF(OR(SUBSTITUTE(SUBSTITUTE(SUBSTITUTE(SUBSTITUTE(SUBSTITUTE(SUBSTITUTE(SUBSTITUTE(SUBSTITUTE(SUBSTITUTE(SUBSTITUTE(SUBSTITUTE(SUBSTITUTE(SUBSTITUTE(SUBSTITUTE(SUBSTITUTE(SUBSTITUTE(SUBSTITUTE(SUBSTITUTE(SUBSTITUTE(SUBSTITUTE(SUBSTITUTE(SUBSTITUTE(SUBSTITUTE(SUBSTITUTE(SUBSTITUTE(SUBSTITUTE(SUBSTITUTE(UPPER(_xlpm.a)," ",""),"CONTROL","CTRL"),"CTL","CTRL"),"ESCAPE","ESC"),"RETURN","ENTER"),"PAGEDOWN","PGDN"),"PGDOWN","PGDN"),"PAGEUP","PGUP"),"ARROWKEYS","ARROW"),"ARROWKEY","ARROW"),"ARROWS","ARROW"),"DOWNARROW","DOWN"),"UPARROW","UP"),"LEFTARROW","LEFT"),"RIGHTARROW","RIGHT"),"ARROWDOWN","DOWN"),"ARROWUP","UP"),"ARROWLEFT","LEFT"),"ARROWRIGHT","RIGHT"),"↓","DOWN"),"↑","UP"),"←","LEFT"),"→","RIGHT"),"SPACEBAR","SPACE"),"−","-"),"MINUS","-"),"PLUS","+")=Key!$E$53:$J$53),"✔ CLEAR","✘ TRY AGAIN"))),"✘ TRY AGAIN")} | F14: {=IF(E14="Show hint",Key!$B$53,"")} | G14: {=IF(LEFT(D14,1)="✔",IF(E14="Show hint",5,10),0)} -> 0
A15: W3 | B15: Which function converts text to all lowercase? (from F5-2 Clean Up) | D15: {=IFERROR(_xlfn.LET(_xlpm.a,'F5-3 Find the Gem'!$C$15,IF(TRIM(_xlpm.a&"")="","",IF(OR(SUBSTITUTE(SUBSTITUTE(SUBSTITUTE(SUBSTITUTE(SUBSTITUTE(SUBSTITUTE(SUBSTITUTE(SUBSTITUTE(SUBSTITUTE(SUBSTITUTE(SUBSTITUTE(SUBSTITUTE(SUBSTITUTE(SUBSTITUTE(SUBSTITUTE(SUBSTITUTE(SUBSTITUTE(SUBSTITUTE(SUBSTITUTE(SUBSTITUTE(SUBSTITUTE(SUBSTITUTE(SUBSTITUTE(SUBSTITUTE(SUBSTITUTE(SUBSTITUTE(SUBSTITUTE(UPPER(_xlpm.a)," ",""),"CONTROL","CTRL"),"CTL","CTRL"),"ESCAPE","ESC"),"RETURN","ENTER"),"PAGEDOWN","PGDN"),"PGDOWN","PGDN"),"PAGEUP","PGUP"),"ARROWKEYS","ARROW"),"ARROWKEY","ARROW"),"ARROWS","ARROW"),"DOWNARROW","DOWN"),"UPARROW","UP"),"LEFTARROW","LEFT"),"RIGHTARROW","RIGHT"),"ARROWDOWN","DOWN"),"ARROWUP","UP"),"ARROWLEFT","LEFT"),"ARROWRIGHT","RIGHT"),"↓","DOWN"),"↑","UP"),"←","LEFT"),"→","RIGHT"),"SPACEBAR","SPACE"),"−","-"),"MINUS","-"),"PLUS","+")=Key!$E$54:$J$54),"✔ CLEAR","✘ TRY AGAIN"))),"✘ TRY AGAIN")} | F15: {=IF(E15="Show hint",Key!$B$54,"")} | G15: {=IF(LEFT(D15,1)="✔",IF(E15="Show hint",5,10),0)} -> 0
A16: W4 | B16: Which function capitalizes the first letter of each word? (from F5-2 Clean Up) | D16: {=IFERROR(_xlfn.LET(_xlpm.a,'F5-3 Find the Gem'!$C$16,IF(TRIM(_xlpm.a&"")="","",IF(OR(SUBSTITUTE(SUBSTITUTE(SUBSTITUTE(SUBSTITUTE(SUBSTITUTE(SUBSTITUTE(SUBSTITUTE(SUBSTITUTE(SUBSTITUTE(SUBSTITUTE(SUBSTITUTE(SUBSTITUTE(SUBSTITUTE(SUBSTITUTE(SUBSTITUTE(SUBSTITUTE(SUBSTITUTE(SUBSTITUTE(SUBSTITUTE(SUBSTITUTE(SUBSTITUTE(SUBSTITUTE(SUBSTITUTE(SUBSTITUTE(SUBSTITUTE(SUBSTITUTE(SUBSTITUTE(UPPER(_xlpm.a)," ",""),"CONTROL","CTRL"),"CTL","CTRL"),"ESCAPE","ESC"),"RETURN","ENTER"),"PAGEDOWN","PGDN"),"PGDOWN","PGDN"),"PAGEUP","PGUP"),"ARROWKEYS","ARROW"),"ARROWKEY","ARROW"),"ARROWS","ARROW"),"DOWNARROW","DOWN"),"UPARROW","UP"),"LEFTARROW","LEFT"),"RIGHTARROW","RIGHT"),"ARROWDOWN","DOWN"),"ARROWUP","UP"),"ARROWLEFT","LEFT"),"ARROWRIGHT","RIGHT"),"↓","DOWN"),"↑","UP"),"←","LEFT"),"→","RIGHT"),"SPACEBAR","SPACE"),"−","-"),"MINUS","-"),"PLUS","+")=Key!$E$55:$J$55),"✔ CLEAR","✘ TRY AGAIN"))),"✘ TRY AGAIN")} | F16: {=IF(E16="Show hint",Key!$B$55,"")} | G16: {=IF(LEFT(D16,1)="✔",IF(E16="Show hint",5,10),0)} -> 0
A17: W5 | B17: Which function replaces every occurrence of some text with other text? (from F5-2 Clean Up) | D17: {=IFERROR(_xlfn.LET(_xlpm.a,'F5-3 Find the Gem'!$C$17,IF(TRIM(_xlpm.a&"")="","",IF(OR(SUBSTITUTE(SUBSTITUTE(SUBSTITUTE(SUBSTITUTE(SUBSTITUTE(SUBSTITUTE(SUBSTITUTE(SUBSTITUTE(SUBSTITUTE(SUBSTITUTE(SUBSTITUTE(SUBSTITUTE(SUBSTITUTE(SUBSTITUTE(SUBSTITUTE(SUBSTITUTE(SUBSTITUTE(SUBSTITUTE(SUBSTITUTE(SUBSTITUTE(SUBSTITUTE(SUBSTITUTE(SUBSTITUTE(SUBSTITUTE(SUBSTITUTE(SUBSTITUTE(SUBSTITUTE(UPPER(_xlpm.a)," ",""),"CONTROL","CTRL"),"CTL","CTRL"),"ESCAPE","ESC"),"RETURN","ENTER"),"PAGEDOWN","PGDN"),"PGDOWN","PGDN"),"PAGEUP","PGUP"),"ARROWKEYS","ARROW"),"ARROWKEY","ARROW"),"ARROWS","ARROW"),"DOWNARROW","DOWN"),"UPARROW","UP"),"LEFTARROW","LEFT"),"RIGHTARROW","RIGHT"),"ARROWDOWN","DOWN"),"ARROWUP","UP"),"ARROWLEFT","LEFT"),"ARROWRIGHT","RIGHT"),"↓","DOWN"),"↑","UP"),"←","LEFT"),"→","RIGHT"),"SPACEBAR","SPACE"),"−","-"),"MINUS","-"),"PLUS","+")=Key!$E$56:$J$56),"✔ CLEAR","✘ TRY AGAIN"))),"✘ TRY AGAIN")} | F17: {=IF(E17="Show hint",Key!$B$56,"")} | G17: {=IF(LEFT(D17,1)="✔",IF(E17="Show hint",5,10),0)} -> 0
A18: W6 | B18: Which XLOOKUP match_mode returns an exact match or the next smaller item? (from F4-5 Tiers) | D18: {=IFERROR(_xlfn.LET(_xlpm.a,'F5-3 Find the Gem'!$C$18,IF(TRIM(_xlpm.a&"")="","",IF(OR(SUBSTITUTE(SUBSTITUTE(SUBSTITUTE(SUBSTITUTE(SUBSTITUTE(SUBSTITUTE(SUBSTITUTE(SUBSTITUTE(SUBSTITUTE(SUBSTITUTE(SUBSTITUTE(SUBSTITUTE(SUBSTITUTE(SUBSTITUTE(SUBSTITUTE(SUBSTITUTE(SUBSTITUTE(SUBSTITUTE(SUBSTITUTE(SUBSTITUTE(SUBSTITUTE(SUBSTITUTE(SUBSTITUTE(SUBSTITUTE(SUBSTITUTE(SUBSTITUTE(SUBSTITUTE(UPPER(_xlpm.a)," ",""),"CONTROL","CTRL"),"CTL","CTRL"),"ESCAPE","ESC"),"RETURN","ENTER"),"PAGEDOWN","PGDN"),"PGDOWN","PGDN"),"PAGEUP","PGUP"),"ARROWKEYS","ARROW"),"ARROWKEY","ARROW"),"ARROWS","ARROW"),"DOWNARROW","DOWN"),"UPARROW","UP"),"LEFTARROW","LEFT"),"RIGHTARROW","RIGHT"),"ARROWDOWN","DOWN"),"ARROWUP","UP"),"ARROWLEFT","LEFT"),"ARROWRIGHT","RIGHT"),"↓","DOWN"),"↑","UP"),"←","LEFT"),"→","RIGHT"),"SPACEBAR","SPACE"),"−","-"),"MINUS","-"),"PLUS","+")=Key!$E$57:$E$57),"✔ CLEAR","✘ TRY AGAIN"))),"✘ TRY AGAIN")} | F18: {=IF(E18="Show hint",Key!$B$57,"")} | G18: {=IF(LEFT(D18,1)="✔",IF(E18="Show hint",5,10),0)} -> 0
A19: W7 | B19: For an approximate VLOOKUP, how must the first column be sorted? (from F4-5 Tiers) | D19: {=IFERROR(_xlfn.LET(_xlpm.a,'F5-3 Find the Gem'!$C$19,IF(TRIM(_xlpm.a&"")="","",IF(OR(SUBSTITUTE(SUBSTITUTE(SUBSTITUTE(SUBSTITUTE(SUBSTITUTE(SUBSTITUTE(SUBSTITUTE(SUBSTITUTE(SUBSTITUTE(SUBSTITUTE(SUBSTITUTE(SUBSTITUTE(SUBSTITUTE(SUBSTITUTE(SUBSTITUTE(SUBSTITUTE(SUBSTITUTE(SUBSTITUTE(SUBSTITUTE(SUBSTITUTE(SUBSTITUTE(SUBSTITUTE(SUBSTITUTE(SUBSTITUTE(SUBSTITUTE(SUBSTITUTE(SUBSTITUTE(UPPER(_xlpm.a)," ",""),"CONTROL","CTRL"),"CTL","CTRL"),"ESCAPE","ESC"),"RETURN","ENTER"),"PAGEDOWN","PGDN"),"PGDOWN","PGDN"),"PAGEUP","PGUP"),"ARROWKEYS","ARROW"),"ARROWKEY","ARROW"),"ARROWS","ARROW"),"DOWNARROW","DOWN"),"UPARROW","UP"),"LEFTARROW","LEFT"),"RIGHTARROW","RIGHT"),"ARROWDOWN","DOWN"),"ARROWUP","UP"),"ARROWLEFT","LEFT"),"ARROWRIGHT","RIGHT"),"↓","DOWN"),"↑","UP"),"←","LEFT"),"→","RIGHT"),"SPACEBAR","SPACE"),"−","-"),"MINUS","-"),"PLUS","+")=Key!$E$58:$H$58),"✔ CLEAR","✘ TRY AGAIN"))),"✘ TRY AGAIN")} | F19: {=IF(E19="Show hint",Key!$B$58,"")} | G19: {=IF(LEFT(D19,1)="✔",IF(E19="Show hint",5,10),0)} -> 0
A20: W8 | B20: Which keys hide the selected columns? (from S4-1 Construction Crew) | D20: {=IFERROR(_xlfn.LET(_xlpm.a,'F5-3 Find the Gem'!$C$20,IF(TRIM(_xlpm.a&"")="","",IF(OR(SUBSTITUTE(SUBSTITUTE(SUBSTITUTE(SUBSTITUTE(SUBSTITUTE(SUBSTITUTE(SUBSTITUTE(SUBSTITUTE(SUBSTITUTE(SUBSTITUTE(SUBSTITUTE(SUBSTITUTE(SUBSTITUTE(SUBSTITUTE(SUBSTITUTE(SUBSTITUTE(SUBSTITUTE(SUBSTITUTE(SUBSTITUTE(SUBSTITUTE(SUBSTITUTE(SUBSTITUTE(SUBSTITUTE(SUBSTITUTE(SUBSTITUTE(SUBSTITUTE(SUBSTITUTE(UPPER(_xlpm.a)," ",""),"CONTROL","CTRL"),"CTL","CTRL"),"ESCAPE","ESC"),"RETURN","ENTER"),"PAGEDOWN","PGDN"),"PGDOWN","PGDN"),"PAGEUP","PGUP"),"ARROWKEYS","ARROW"),"ARROWKEY","ARROW"),"ARROWS","ARROW"),"DOWNARROW","DOWN"),"UPARROW","UP"),"LEFTARROW","LEFT"),"RIGHTARROW","RIGHT"),"ARROWDOWN","DOWN"),"ARROWUP","UP"),"ARROWLEFT","LEFT"),"ARROWRIGHT","RIGHT"),"↓","DOWN"),"↑","UP"),"←","LEFT"),"→","RIGHT"),"SPACEBAR","SPACE"),"−","-"),"MINUS","-"),"PLUS","+")=Key!$E$59:$E$59),"✔ CLEAR","✘ TRY AGAIN"))),"✘ TRY AGAIN")} | F20: {=IF(E20="Show hint",Key!$B$59,"")} | G20: {=IF(LEFT(D20,1)="✔",IF(E20="Show hint",5,10),0)} -> 0
A21: W9 | B21: Which keys insert a new worksheet? (from S4-2 Sheet Master) | D21: {=IFERROR(_xlfn.LET(_xlpm.a,'F5-3 Find the Gem'!$C$21,IF(TRIM(_xlpm.a&"")="","",IF(OR(SUBSTITUTE(SUBSTITUTE(SUBSTITUTE(SUBSTITUTE(SUBSTITUTE(SUBSTITUTE(SUBSTITUTE(SUBSTITUTE(SUBSTITUTE(SUBSTITUTE(SUBSTITUTE(SUBSTITUTE(SUBSTITUTE(SUBSTITUTE(SUBSTITUTE(SUBSTITUTE(SUBSTITUTE(SUBSTITUTE(SUBSTITUTE(SUBSTITUTE(SUBSTITUTE(SUBSTITUTE(SUBSTITUTE(SUBSTITUTE(SUBSTITUTE(SUBSTITUTE(SUBSTITUTE(UPPER(_xlpm.a)," ",""),"CONTROL","CTRL"),"CTL","CTRL"),"ESCAPE","ESC"),"RETURN","ENTER"),"PAGEDOWN","PGDN"),"PGDOWN","PGDN"),"PAGEUP","PGUP"),"ARROWKEYS","ARROW"),"ARROWKEY","ARROW"),"ARROWS","ARROW"),"DOWNARROW","DOWN"),"UPARROW","UP"),"LEFTARROW","LEFT"),"RIGHTARROW","RIGHT"),"ARROWDOWN","DOWN"),"ARROWUP","UP"),"ARROWLEFT","LEFT"),"ARROWRIGHT","RIGHT"),"↓","DOWN"),"↑","UP"),"←","LEFT"),"→","RIGHT"),"SPACEBAR","SPACE"),"−","-"),"MINUS","-"),"PLUS","+")=Key!$E$60:$G$60),"✔ CLEAR","✘ TRY AGAIN"))),"✘ TRY AGAIN")} | F21: {=IF(E21="Show hint",Key!$B$60,"")} | G21: {=IF(LEFT(D21,1)="✔",IF(E21="Show hint",5,10),0)} -> 0
A22: W10 | B22: Which KeyTips rename the current sheet? (from S4-2 Sheet Master) | D22: {=IFERROR(_xlfn.LET(_xlpm.a,'F5-3 Find the Gem'!$C$22,IF(TRIM(_xlpm.a&"")="","",IF(OR(SUBSTITUTE(SUBSTITUTE(SUBSTITUTE(SUBSTITUTE(SUBSTITUTE(SUBSTITUTE(SUBSTITUTE(SUBSTITUTE(SUBSTITUTE(SUBSTITUTE(SUBSTITUTE(SUBSTITUTE(SUBSTITUTE(SUBSTITUTE(SUBSTITUTE(SUBSTITUTE(SUBSTITUTE(SUBSTITUTE(SUBSTITUTE(SUBSTITUTE(SUBSTITUTE(SUBSTITUTE(SUBSTITUTE(SUBSTITUTE(SUBSTITUTE(SUBSTITUTE(SUBSTITUTE(UPPER(_xlpm.a)," ",""),"CONTROL","CTRL"),"CTL","CTRL"),"ESCAPE","ESC"),"RETURN","ENTER"),"PAGEDOWN","PGDN"),"PGDOWN","PGDN"),"PAGEUP","PGUP"),"ARROWKEYS","ARROW"),"ARROWKEY","ARROW"),"ARROWS","ARROW"),"DOWNARROW","DOWN"),"UPARROW","UP"),"LEFTARROW","LEFT"),"RIGHTARROW","RIGHT"),"ARROWDOWN","DOWN"),"ARROWUP","UP"),"ARROWLEFT","LEFT"),"ARROWRIGHT","RIGHT"),"↓","DOWN"),"↑","UP"),"←","LEFT"),"→","RIGHT"),"SPACEBAR","SPACE"),"−","-"),"MINUS","-"),"PLUS","+")=Key!$E$61:$T$61),"✔ CLEAR","✘ TRY AGAIN"))),"✘ TRY AGAIN")} | F22: {=IF(E22="Show hint",Key!$B$61,"")} | G22: {=IF(LEFT(D22,1)="✔",IF(E22="Show hint",5,10),0)} -> 0
A24: TRAINING · recognize the move (pick from the list)
A25: # | B25: Mission | C25: Your answer | D25: Result | E25: Hint? | F25: Hint | G25: XP
A26: T1 | B26: Which function returns the position of text, matching case? | D26: {=IFERROR(IF('F5-3 Find the Gem'!$C$26&""="","",IF('F5-3 Find the Gem'!$C$26&""=Key!$C$62&"","✔ CLEAR","✘ TRY AGAIN")),"✘ TRY AGAIN")} | F26: {=IF(E26="Show hint",Key!$B$62,"")} | G26: {=IF(LEFT(D26,1)="✔",IF(E26="Show hint",5,10),0)} -> 0
A27: T2 | B27: Which function returns a position while ignoring case? | D27: {=IFERROR(IF('F5-3 Find the Gem'!$C$27&""="","",IF('F5-3 Find the Gem'!$C$27&""=Key!$C$63&"","✔ CLEAR","✘ TRY AGAIN")),"✘ TRY AGAIN")} | F27: {=IF(E27="Show hint",Key!$B$63,"")} | G27: {=IF(LEFT(D27,1)="✔",IF(E27="Show hint",5,10),0)} -> 0
A28: T3 | B28: Which move is this? =LEFT(A2,FIND("@",A2)-1) takes everything before the @. | D28: {=IFERROR(IF('F5-3 Find the Gem'!$C$28&""="","",IF('F5-3 Find the Gem'!$C$28&""=Key!$C$64&"","✔ CLEAR","✘ TRY AGAIN")),"✘ TRY AGAIN")} | F28: {=IF(E28="Show hint",Key!$B$64,"")} | G28: {=IF(LEFT(D28,1)="✔",IF(E28="Show hint",5,10),0)} -> 0
A30: CHALLENGES · recall it, then do it
B31: ▶ Open F5-3 Arena (or press Ctrl+PgDn)
A32: # | B32: Mission | C32: Your answer | D32: Result | E32: Hint? | F32: Hint | G32: XP
A33: C1 | B33: Which function returns the position of text, matching case? | D33: {=IFERROR(_xlfn.LET(_xlpm.a,'F5-3 Find the Gem'!$C$33,IF(TRIM(_xlpm.a&"")="","",IF(OR(SUBSTITUTE(SUBSTITUTE(SUBSTITUTE(SUBSTITUTE(SUBSTITUTE(SUBSTITUTE(SUBSTITUTE(SUBSTITUTE(SUBSTITUTE(SUBSTITUTE(SUBSTITUTE(SUBSTITUTE(SUBSTITUTE(SUBSTITUTE(SUBSTITUTE(SUBSTITUTE(SUBSTITUTE(SUBSTITUTE(SUBSTITUTE(SUBSTITUTE(SUBSTITUTE(SUBSTITUTE(SUBSTITUTE(SUBSTITUTE(SUBSTITUTE(SUBSTITUTE(SUBSTITUTE(UPPER(_xlpm.a)," ",""),"CONTROL","CTRL"),"CTL","CTRL"),"ESCAPE","ESC"),"RETURN","ENTER"),"PAGEDOWN","PGDN"),"PGDOWN","PGDN"),"PAGEUP","PGUP"),"ARROWKEYS","ARROW"),"ARROWKEY","ARROW"),"ARROWS","ARROW"),"DOWNARROW","DOWN"),"UPARROW","UP"),"LEFTARROW","LEFT"),"RIGHTARROW","RIGHT"),"ARROWDOWN","DOWN"),"ARROWUP","UP"),"ARROWLEFT","LEFT"),"ARROWRIGHT","RIGHT"),"↓","DOWN"),"↑","UP"),"←","LEFT"),"→","RIGHT"),"SPACEBAR","SPACE"),"−","-"),"MINUS","-"),"PLUS","+")=Key!$E$65:$J$65),"✔ CLEAR","✘ TRY AGAIN"))),"✘ TRY AGAIN")} | F33: {=IF(E33="Show hint",Key!$B$65,"")} | G33: {=IF(LEFT(D33,1)="✔",IF(E33="Show hint",5,10),0)} -> 0
A34: C2 | B34: Which function returns a position while ignoring case? | D34: {=IFERROR(_xlfn.LET(_xlpm.a,'F5-3 Find the Gem'!$C$34,IF(TRIM(_xlpm.a&"")="","",IF(OR(SUBSTITUTE(SUBSTITUTE(SUBSTITUTE(SUBSTITUTE(SUBSTITUTE(SUBSTITUTE(SUBSTITUTE(SUBSTITUTE(SUBSTITUTE(SUBSTITUTE(SUBSTITUTE(SUBSTITUTE(SUBSTITUTE(SUBSTITUTE(SUBSTITUTE(SUBSTITUTE(SUBSTITUTE(SUBSTITUTE(SUBSTITUTE(SUBSTITUTE(SUBSTITUTE(SUBSTITUTE(SUBSTITUTE(SUBSTITUTE(SUBSTITUTE(SUBSTITUTE(SUBSTITUTE(UPPER(_xlpm.a)," ",""),"CONTROL","CTRL"),"CTL","CTRL"),"ESCAPE","ESC"),"RETURN","ENTER"),"PAGEDOWN","PGDN"),"PGDOWN","PGDN"),"PAGEUP","PGUP"),"ARROWKEYS","ARROW"),"ARROWKEY","ARROW"),"ARROWS","ARROW"),"DOWNARROW","DOWN"),"UPARROW","UP"),"LEFTARROW","LEFT"),"RIGHTARROW","RIGHT"),"ARROWDOWN","DOWN"),"ARROWUP","UP"),"ARROWLEFT","LEFT"),"ARROWRIGHT","RIGHT"),"↓","DOWN"),"↑","UP"),"←","LEFT"),"→","RIGHT"),"SPACEBAR","SPACE"),"−","-"),"MINUS","-"),"PLUS","+")=Key!$E$66:$J$66),"✔ CLEAR","✘ TRY AGAIN"))),"✘ TRY AGAIN")} | F34: {=IF(E34="Show hint",Key!$B$66,"")} | G34: {=IF(LEFT(D34,1)="✔",IF(E34="Show hint",5,10),0)} -> 0
A35: C3 | B35: Which function supplies the cut position inside =LEFT(A2, ____("@",A2)-1)? | D35: {=IFERROR(_xlfn.LET(_xlpm.a,'F5-3 Find the Gem'!$C$35,IF(TRIM(_xlpm.a&"")="","",IF(OR(SUBSTITUTE(SUBSTITUTE(SUBSTITUTE(SUBSTITUTE(SUBSTITUTE(SUBSTITUTE(SUBSTITUTE(SUBSTITUTE(SUBSTITUTE(SUBSTITUTE(SUBSTITUTE(SUBSTITUTE(SUBSTITUTE(SUBSTITUTE(SUBSTITUTE(SUBSTITUTE(SUBSTITUTE(SUBSTITUTE(SUBSTITUTE(SUBSTITUTE(SUBSTITUTE(SUBSTITUTE(SUBSTITUTE(SUBSTITUTE(SUBSTITUTE(SUBSTITUTE(SUBSTITUTE(UPPER(_xlpm.a)," ",""),"CONTROL","CTRL"),"CTL","CTRL"),"ESCAPE","ESC"),"RETURN","ENTER"),"PAGEDOWN","PGDN"),"PGDOWN","PGDN"),"PAGEUP","PGUP"),"ARROWKEYS","ARROW"),"ARROWKEY","ARROW"),"ARROWS","ARROW"),"DOWNARROW","DOWN"),"UPARROW","UP"),"LEFTARROW","LEFT"),"RIGHTARROW","RIGHT"),"ARROWDOWN","DOWN"),"ARROWUP","UP"),"ARROWLEFT","LEFT"),"ARROWRIGHT","RIGHT"),"↓","DOWN"),"↑","UP"),"←","LEFT"),"→","RIGHT"),"SPACEBAR","SPACE"),"−","-"),"MINUS","-"),"PLUS","+")=Key!$E$67:$E$67),"✔ CLEAR","✘ TRY AGAIN"))),"✘ TRY AGAIN")} | F35: {=IF(E35="Show hint",Key!$B$67,"")} | G35: {=IF(LEFT(D35,1)="✔",IF(E35="Show hint",5,10),0)} -> 0
A36: C4 | B36: In D6 find the position of "@" in B6 with FIND. | C36: ▶ ARENA C4 (cell D6) | D36: {=IF(ISBLANK('F5-3 Arena'!$D$6),"",IF(NOT(_xlfn.ISFORMULA('F5-3 Arena'!$D$6)),"✘ That's a typed value · enter a formula",IF(ISERROR('F5-3 Arena'!$D$6),"✘ Your formula returns "&IFERROR(CHOOSE(ERROR.TYPE('F5-3 Arena'!$D$6),"#NULL!","#DIV/0!","#VALUE!","#REF!","#NAME?","#NUM!","#N/A","#GETTING_DATA","#SPILL!","#CONNECT!","#BLOCKED!","#UNKNOWN!","#FIELD!","#CALC!"),"an error"),IF(NOT(AND(IFERROR(AND(ISNUMBER('F5-3 Arena'!$D$6),ABS('F5-3 Arena'!$D$6-Key!$C$68)<=1E-9*MAX(1,ABS(Key!$C$68))),FALSE))),"✘ TRY AGAIN",IF(AND(OR(ISNUMBER(FIND({"=","(",",","+","-","*","/","&"," ","<",">",":","@","^"}&"FIND"&"(",UPPER(_xlfn.FORMULATEXT('F5-3 Arena'!$D$6)))))),"✔ CLEAR","✘ CLOSE · right value, but use FIND")))))} | F36: {=IF(E36="Show hint",Key!$B$68,"")} | G36: {=IF(LEFT(D36,1)="✔",IF(E36="Show hint",5,10),0)} -> 0
A37: C5 | B37: In D7 find where "ARCADE" starts in B6, ignoring case. Use SEARCH (FIND would fail here). | C37: ▶ ARENA C5 (cell D7) | D37: {=IF(ISBLANK('F5-3 Arena'!$D$7),"",IF(NOT(_xlfn.ISFORMULA('F5-3 Arena'!$D$7)),"✘ That's a typed value · enter a formula",IF(ISERROR('F5-3 Arena'!$D$7),"✘ Your formula returns "&IFERROR(CHOOSE(ERROR.TYPE('F5-3 Arena'!$D$7),"#NULL!","#DIV/0!","#VALUE!","#REF!","#NAME?","#NUM!","#N/A","#GETTING_DATA","#SPILL!","#CONNECT!","#BLOCKED!","#UNKNOWN!","#FIELD!","#CALC!"),"an error"),IF(NOT(AND(IFERROR(AND(ISNUMBER('F5-3 Arena'!$D$7),ABS('F5-3 Arena'!$D$7-Key!$C$69)<=1E-9*MAX(1,ABS(Key!$C$69))),FALSE))),"✘ TRY AGAIN",IF(AND(OR(ISNUMBER(FIND({"=","(",",","+","-","*","/","&"," ","<",">",":","@","^"}&"SEARCH"&"(",UPPER(_xlfn.FORMULATEXT('F5-3 Arena'!$D$7)))))),"✔ CLEAR","✘ CLOSE · right value, but use SEARCH")))))} | F37: {=IF(E37="Show hint",Key!$B$69,"")} | G37: {=IF(LEFT(D37,1)="✔",IF(E37="Show hint",5,10),0)} -> 0
A38: C6 | B38: In D8 return the username: everything in B6 before the "@". Combine LEFT and FIND. | C38: ▶ ARENA C6 (cell D8) | D38: {=IF(ISBLANK('F5-3 Arena'!$D$8),"",IF(NOT(_xlfn.ISFORMULA('F5-3 Arena'!$D$8)),"✘ That's a typed value · enter a formula",IF(ISERROR('F5-3 Arena'!$D$8),"✘ Your formula returns "&IFERROR(CHOOSE(ERROR.TYPE('F5-3 Arena'!$D$8),"#NULL!","#DIV/0!","#VALUE!","#REF!","#NAME?","#NUM!","#N/A","#GETTING_DATA","#SPILL!","#CONNECT!","#BLOCKED!","#UNKNOWN!","#FIELD!","#CALC!"),"an error"),IF(NOT(AND(IFERROR(AND(ISTEXT('F5-3 Arena'!$D$8),EXACT('F5-3 Arena'!$D$8,Key!$C$70)),FALSE))),"✘ TRY AGAIN",IF(AND(OR(ISNUMBER(FIND({"=","(",",","+","-","*","/","&"," ","<",">",":","@","^"}&"LEFT"&"(",UPPER(_xlfn.FORMULATEXT('F5-3 Arena'!$D$8))))),OR(ISNUMBER(FIND({"=","(",",","+","-","*","/","&"," ","<",">",":","@","^"}&"FIND"&"(",UPPER(_xlfn.FORMULATEXT('F5-3 Arena'!$D$8)))))),"✔ CLEAR","✘ CLOSE · right value, but use LEFT and FIND")))))} | F38: {=IF(E38="Show hint",Key!$B$70,"")} | G38: {=IF(LEFT(D38,1)="✔",IF(E38="Show hint",5,10),0)} -> 0
A39: C7 | B39: In D9 return the last name from B7: everything after the space. Use MID and FIND. | C39: ▶ ARENA C7 (cell D9) | D39: {=IF(ISBLANK('F5-3 Arena'!$D$9),"",IF(NOT(_xlfn.ISFORMULA('F5-3 Arena'!$D$9)),"✘ That's a typed value · enter a formula",IF(ISERROR('F5-3 Arena'!$D$9),"✘ Your formula returns "&IFERROR(CHOOSE(ERROR.TYPE('F5-3 Arena'!$D$9),"#NULL!","#DIV/0!","#VALUE!","#REF!","#NAME?","#NUM!","#N/A","#GETTING_DATA","#SPILL!","#CONNECT!","#BLOCKED!","#UNKNOWN!","#FIELD!","#CALC!"),"an error"),IF(NOT(AND(IFERROR(AND(ISTEXT('F5-3 Arena'!$D$9),EXACT('F5-3 Arena'!$D$9,Key!$C$71)),FALSE))),"✘ TRY AGAIN",IF(AND(OR(ISNUMBER(FIND({"=","(",",","+","-","*","/","&"," ","<",">",":","@","^"}&"MID"&"(",UPPER(_xlfn.FORMULATEXT('F5-3 Arena'!$D$9))))),OR(ISNUMBER(FIND({"=","(",",","+","-","*","/","&"," ","<",">",":","@","^"}&"FIND"&"(",UPPER(_xlfn.FORMULATEXT('F5-3 Arena'!$D$9)))))),"✔ CLEAR","✘ CLOSE · right value, but use MID and FIND")))))} | F39: {=IF(E39="Show hint",Key!$B$71,"")} | G39: {=IF(LEFT(D39,1)="✔",IF(E39="Show hint",5,10),0)} -> 0

Sheet F5-3 Arena
A1: ARENA ▸ F5-3 FIND THE GEM
A2: Practice area · everything here is editable. Missions and their checks are on the stage sheet.
A3: PASS CODE | B3: GEMFIND | D3: ◀ Back to F5-3 Find the Gem
B5: Text | C5: Task
B6: kim@arcade.io | C6: Position of @
B7: Grace Hopper | C7: Position of ARCADE
C8: Username (before @)
C9: Last name

Sheet F5-4 Assemble
A1: STAGE F5-4 ▸ ASSEMBLE
A2: Goal: join, format and convert text
A3: {="SCORE "&TEXT(SUM($G$13:$G$39),"0000")&" / 0200"} -> SCORE 0000 / 0200 | C3: {=IF(SUM($G$13:$G$39)>=200,"★★★",IF(SUM($G$13:$G$39)>=200*0.8,"★★☆",IF(SUM($G$13:$G$39)>=200*0.5,"★☆☆","☆☆☆")))} -> ☆☆☆ | D3: {=REPT("█",ROUND(10*SUM($G$13:$G$39)/200,0))&REPT("░",10-ROUND(10*SUM($G$13:$G$39)/200,0))&" "&TEXT(SUM($G$13:$G$39)/200,"0%")} -> ░░░░░░░░░░ 0% | F3: {=IF(SUM($G$13:$G$39)>=200*0.5,"STAGE CLEAR! ▶ Next: Boss","")}
A5: BRIEFING · new moves in this stage
A6: # | B6: What it does · Pro tip | C6: Keys / Syntax
A7: 1 | B7: TEXTJOIN(delimiter, ignore_empty, range) joins a whole range. Tip: =TEXTJOIN(", ",TRUE,B6:B10) skips blanks. | C7: TEXTJOIN
A8: 2 | B8: TEXT(value, format) turns a number or date into formatted text. Tip: =TEXT(B12,"yyyy-mm-dd") gives 2026-03-15. | C8: TEXT
A9: 3 | B9: VALUE(text) turns number-looking text into a real number. Tip: Text "42" can't be summed until VALUE converts it. | C9: VALUE
A11: WARM-UP · flashback to earlier stages
A12: # | B12: Mission | C12: Your answer | D12: Result | E12: Hint? | F12: Hint | G12: XP
A13: W1 | B13: Which function returns the position of text, matching case? (from F5-3 Find the Gem) | D13: {=IFERROR(_xlfn.LET(_xlpm.a,'F5-4 Assemble'!$C$13,IF(TRIM(_xlpm.a&"")="","",IF(OR(SUBSTITUTE(SUBSTITUTE(SUBSTITUTE(SUBSTITUTE(SUBSTITUTE(SUBSTITUTE(SUBSTITUTE(SUBSTITUTE(SUBSTITUTE(SUBSTITUTE(SUBSTITUTE(SUBSTITUTE(SUBSTITUTE(SUBSTITUTE(SUBSTITUTE(SUBSTITUTE(SUBSTITUTE(SUBSTITUTE(SUBSTITUTE(SUBSTITUTE(SUBSTITUTE(SUBSTITUTE(SUBSTITUTE(SUBSTITUTE(SUBSTITUTE(SUBSTITUTE(SUBSTITUTE(UPPER(_xlpm.a)," ",""),"CONTROL","CTRL"),"CTL","CTRL"),"ESCAPE","ESC"),"RETURN","ENTER"),"PAGEDOWN","PGDN"),"PGDOWN","PGDN"),"PAGEUP","PGUP"),"ARROWKEYS","ARROW"),"ARROWKEY","ARROW"),"ARROWS","ARROW"),"DOWNARROW","DOWN"),"UPARROW","UP"),"LEFTARROW","LEFT"),"RIGHTARROW","RIGHT"),"ARROWDOWN","DOWN"),"ARROWUP","UP"),"ARROWLEFT","LEFT"),"ARROWRIGHT","RIGHT"),"↓","DOWN"),"↑","UP"),"←","LEFT"),"→","RIGHT"),"SPACEBAR","SPACE"),"−","-"),"MINUS","-"),"PLUS","+")=Key!$E$72:$J$72),"✔ CLEAR","✘ TRY AGAIN"))),"✘ TRY AGAIN")} | F13: {=IF(E13="Show hint",Key!$B$72,"")} | G13: {=IF(LEFT(D13,1)="✔",IF(E13="Show hint",5,10),0)} -> 0
A14: W2 | B14: Which function returns a position while ignoring case? (from F5-3 Find the Gem) | D14: {=IFERROR(_xlfn.LET(_xlpm.a,'F5-4 Assemble'!$C$14,IF(TRIM(_xlpm.a&"")="","",IF(OR(SUBSTITUTE(SUBSTITUTE(SUBSTITUTE(SUBSTITUTE(SUBSTITUTE(SUBSTITUTE(SUBSTITUTE(SUBSTITUTE(SUBSTITUTE(SUBSTITUTE(SUBSTITUTE(SUBSTITUTE(SUBSTITUTE(SUBSTITUTE(SUBSTITUTE(SUBSTITUTE(SUBSTITUTE(SUBSTITUTE(SUBSTITUTE(SUBSTITUTE(SUBSTITUTE(SUBSTITUTE(SUBSTITUTE(SUBSTITUTE(SUBSTITUTE(SUBSTITUTE(SUBSTITUTE(UPPER(_xlpm.a)," ",""),"CONTROL","CTRL"),"CTL","CTRL"),"ESCAPE","ESC"),"RETURN","ENTER"),"PAGEDOWN","PGDN"),"PGDOWN","PGDN"),"PAGEUP","PGUP"),"ARROWKEYS","ARROW"),"ARROWKEY","ARROW"),"ARROWS","ARROW"),"DOWNARROW","DOWN"),"UPARROW","UP"),"LEFTARROW","LEFT"),"RIGHTARROW","RIGHT"),"ARROWDOWN","DOWN"),"ARROWUP","UP"),"ARROWLEFT","LEFT"),"ARROWRIGHT","RIGHT"),"↓","DOWN"),"↑","UP"),"←","LEFT"),"→","RIGHT"),"SPACEBAR","SPACE"),"−","-"),"MINUS","-"),"PLUS","+")=Key!$E$73:$J$73),"✔ CLEAR","✘ TRY AGAIN"))),"✘ TRY AGAIN")} | F14: {=IF(E14="Show hint",Key!$B$73,"")} | G14: {=IF(LEFT(D14,1)="✔",IF(E14="Show hint",5,10),0)} -> 0
A15: W3 | B15: Which function supplies the cut position inside =LEFT(A2, ____("@",A2)-1)? (from F5-3 Find the Gem) | D15: {=IFERROR(_xlfn.LET(_xlpm.a,'F5-4 Assemble'!$C$15,IF(TRIM(_xlpm.a&"")="","",IF(OR(SUBSTITUTE(SUBSTITUTE(SUBSTITUTE(SUBSTITUTE(SUBSTITUTE(SUBSTITUTE(SUBSTITUTE(SUBSTITUTE(SUBSTITUTE(SUBSTITUTE(SUBSTITUTE(SUBSTITUTE(SUBSTITUTE(SUBSTITUTE(SUBSTITUTE(SUBSTITUTE(SUBSTITUTE(SUBSTITUTE(SUBSTITUTE(SUBSTITUTE(SUBSTITUTE(SUBSTITUTE(SUBSTITUTE(SUBSTITUTE(SUBSTITUTE(SUBSTITUTE(SUBSTITUTE(UPPER(_xlpm.a)," ",""),"CONTROL","CTRL"),"CTL","CTRL"),"ESCAPE","ESC"),"RETURN","ENTER"),"PAGEDOWN","PGDN"),"PGDOWN","PGDN"),"PAGEUP","PGUP"),"ARROWKEYS","ARROW"),"ARROWKEY","ARROW"),"ARROWS","ARROW"),"DOWNARROW","DOWN"),"UPARROW","UP"),"LEFTARROW","LEFT"),"RIGHTARROW","RIGHT"),"ARROWDOWN","DOWN"),"ARROWUP","UP"),"ARROWLEFT","LEFT"),"ARROWRIGHT","RIGHT"),"↓","DOWN"),"↑","UP"),"←","LEFT"),"→","RIGHT"),"SPACEBAR","SPACE"),"−","-"),"MINUS","-"),"PLUS","+")=Key!$E$74:$E$74),"✔ CLEAR","✘ TRY AGAIN"))),"✘ TRY AGAIN")} | F15: {=IF(E15="Show hint",Key!$B$74,"")} | G15: {=IF(LEFT(D15,1)="✔",IF(E15="Show hint",5,10),0)} -> 0
A16: W4 | B16: Which keys save the workbook? (from S4-2 Sheet Master) | D16: {=IFERROR(_xlfn.LET(_xlpm.a,'F5-4 Assemble'!$C$16,IF(TRIM(_xlpm.a&"")="","",IF(OR(SUBSTITUTE(SUBSTITUTE(SUBSTITUTE(SUBSTITUTE(SUBSTITUTE(SUBSTITUTE(SUBSTITUTE(SUBSTITUTE(SUBSTITUTE(SUBSTITUTE(SUBSTITUTE(SUBSTITUTE(SUBSTITUTE(SUBSTITUTE(SUBSTITUTE(SUBSTITUTE(SUBSTITUTE(SUBSTITUTE(SUBSTITUTE(SUBSTITUTE(SUBSTITUTE(SUBSTITUTE(SUBSTITUTE(SUBSTITUTE(SUBSTITUTE(SUBSTITUTE(SUBSTITUTE(UPPER(_xlpm.a)," ",""),"CONTROL","CTRL"),"CTL","CTRL"),"ESCAPE","ESC"),"RETURN","ENTER"),"PAGEDOWN","PGDN"),"PGDOWN","PGDN"),"PAGEUP","PGUP"),"ARROWKEYS","ARROW"),"ARROWKEY","ARROW"),"ARROWS","ARROW"),"DOWNARROW","DOWN"),"UPARROW","UP"),"LEFTARROW","LEFT"),"RIGHTARROW","RIGHT"),"ARROWDOWN","DOWN"),"ARROWUP","UP"),"ARROWLEFT","LEFT"),"ARROWRIGHT","RIGHT"),"↓","DOWN"),"↑","UP"),"←","LEFT"),"→","RIGHT"),"SPACEBAR","SPACE"),"−","-"),"MINUS","-"),"PLUS","+")=Key!$E$75:$E$75),"✔ CLEAR","✘ TRY AGAIN"))),"✘ TRY AGAIN")} | F16: {=IF(E16="Show hint",Key!$B$75,"")} | G16: {=IF(LEFT(D16,1)="✔",IF(E16="Show hint",5,10),0)} -> 0
A17: W5 | B17: Which key opens Save As? (from S4-2 Sheet Master) | D17: {=IFERROR(_xlfn.LET(_xlpm.a,'F5-4 Assemble'!$C$17,IF(TRIM(_xlpm.a&"")="","",IF(OR(SUBSTITUTE(SUBSTITUTE(SUBSTITUTE(SUBSTITUTE(SUBSTITUTE(SUBSTITUTE(SUBSTITUTE(SUBSTITUTE(SUBSTITUTE(SUBSTITUTE(SUBSTITUTE(SUBSTITUTE(SUBSTITUTE(SUBSTITUTE(SUBSTITUTE(SUBSTITUTE(SUBSTITUTE(SUBSTITUTE(SUBSTITUTE(SUBSTITUTE(SUBSTITUTE(SUBSTITUTE(SUBSTITUTE(SUBSTITUTE(SUBSTITUTE(SUBSTITUTE(SUBSTITUTE(UPPER(_xlpm.a)," ",""),"CONTROL","CTRL"),"CTL","CTRL"),"ESCAPE","ESC"),"RETURN","ENTER"),"PAGEDOWN","PGDN"),"PGDOWN","PGDN"),"PAGEUP","PGUP"),"ARROWKEYS","ARROW"),"ARROWKEY","ARROW"),"ARROWS","ARROW"),"DOWNARROW","DOWN"),"UPARROW","UP"),"LEFTARROW","LEFT"),"RIGHTARROW","RIGHT"),"ARROWDOWN","DOWN"),"ARROWUP","UP"),"ARROWLEFT","LEFT"),"ARROWRIGHT","RIGHT"),"↓","DOWN"),"↑","UP"),"←","LEFT"),"→","RIGHT"),"SPACEBAR","SPACE"),"−","-"),"MINUS","-"),"PLUS","+")=Key!$E$76:$E$76),"✔ CLEAR","✘ TRY AGAIN"))),"✘ TRY AGAIN")} | F17: {=IF(E17="Show hint",Key!$B$76,"")} | G17: {=IF(LEFT(D17,1)="✔",IF(E17="Show hint",5,10),0)} -> 0
A18: W6 | B18: Which keys create a new blank workbook? (from S4-2 Sheet Master) | D18: {=IFERROR(_xlfn.LET(_xlpm.a,'F5-4 Assemble'!$C$18,IF(TRIM(_xlpm.a&"")="","",IF(OR(SUBSTITUTE(SUBSTITUTE(SUBSTITUTE(SUBSTITUTE(SUBSTITUTE(SUBSTITUTE(SUBSTITUTE(SUBSTITUTE(SUBSTITUTE(SUBSTITUTE(SUBSTITUTE(SUBSTITUTE(SUBSTITUTE(SUBSTITUTE(SUBSTITUTE(SUBSTITUTE(SUBSTITUTE(SUBSTITUTE(SUBSTITUTE(SUBSTITUTE(SUBSTITUTE(SUBSTITUTE(SUBSTITUTE(SUBSTITUTE(SUBSTITUTE(SUBSTITUTE(SUBSTITUTE(UPPER(_xlpm.a)," ",""),"CONTROL","CTRL"),"CTL","CTRL"),"ESCAPE","ESC"),"RETURN","ENTER"),"PAGEDOWN","PGDN"),"PGDOWN","PGDN"),"PAGEUP","PGUP"),"ARROWKEYS","ARROW"),"ARROWKEY","ARROW"),"ARROWS","ARROW"),"DOWNARROW","DOWN"),"UPARROW","UP"),"LEFTARROW","LEFT"),"RIGHTARROW","RIGHT"),"ARROWDOWN","DOWN"),"ARROWUP","UP"),"ARROWLEFT","LEFT"),"ARROWRIGHT","RIGHT"),"↓","DOWN"),"↑","UP"),"←","LEFT"),"→","RIGHT"),"SPACEBAR","SPACE"),"−","-"),"MINUS","-"),"PLUS","+")=Key!$E$77:$E$77),"✔ CLEAR","✘ TRY AGAIN"))),"✘ TRY AGAIN")} | F18: {=IF(E18="Show hint",Key!$B$77,"")} | G18: {=IF(LEFT(D18,1)="✔",IF(E18="Show hint",5,10),0)} -> 0
A19: W7 | B19: Which keys open a workbook? (from S4-2 Sheet Master) | D19: {=IFERROR(_xlfn.LET(_xlpm.a,'F5-4 Assemble'!$C$19,IF(TRIM(_xlpm.a&"")="","",IF(OR(SUBSTITUTE(SUBSTITUTE(SUBSTITUTE(SUBSTITUTE(SUBSTITUTE(SUBSTITUTE(SUBSTITUTE(SUBSTITUTE(SUBSTITUTE(SUBSTITUTE(SUBSTITUTE(SUBSTITUTE(SUBSTITUTE(SUBSTITUTE(SUBSTITUTE(SUBSTITUTE(SUBSTITUTE(SUBSTITUTE(SUBSTITUTE(SUBSTITUTE(SUBSTITUTE(SUBSTITUTE(SUBSTITUTE(SUBSTITUTE(SUBSTITUTE(SUBSTITUTE(SUBSTITUTE(UPPER(_xlpm.a)," ",""),"CONTROL","CTRL"),"CTL","CTRL"),"ESCAPE","ESC"),"RETURN","ENTER"),"PAGEDOWN","PGDN"),"PGDOWN","PGDN"),"PAGEUP","PGUP"),"ARROWKEYS","ARROW"),"ARROWKEY","ARROW"),"ARROWS","ARROW"),"DOWNARROW","DOWN"),"UPARROW","UP"),"LEFTARROW","LEFT"),"RIGHTARROW","RIGHT"),"ARROWDOWN","DOWN"),"ARROWUP","UP"),"ARROWLEFT","LEFT"),"ARROWRIGHT","RIGHT"),"↓","DOWN"),"↑","UP"),"←","LEFT"),"→","RIGHT"),"SPACEBAR","SPACE"),"−","-"),"MINUS","-"),"PLUS","+")=Key!$E$78:$E$78),"✔ CLEAR","✘ TRY AGAIN"))),"✘ TRY AGAIN")} | F19: {=IF(E19="Show hint",Key!$B$78,"")} | G19: {=IF(LEFT(D19,1)="✔",IF(E19="Show hint",5,10),0)} -> 0
A20: W8 | B20: Which keys close the current workbook? (from S4-2 Sheet Master) | D20: {=IFERROR(_xlfn.LET(_xlpm.a,'F5-4 Assemble'!$C$20,IF(TRIM(_xlpm.a&"")="","",IF(OR(SUBSTITUTE(SUBSTITUTE(SUBSTITUTE(SUBSTITUTE(SUBSTITUTE(SUBSTITUTE(SUBSTITUTE(SUBSTITUTE(SUBSTITUTE(SUBSTITUTE(SUBSTITUTE(SUBSTITUTE(SUBSTITUTE(SUBSTITUTE(SUBSTITUTE(SUBSTITUTE(SUBSTITUTE(SUBSTITUTE(SUBSTITUTE(SUBSTITUTE(SUBSTITUTE(SUBSTITUTE(SUBSTITUTE(SUBSTITUTE(SUBSTITUTE(SUBSTITUTE(SUBSTITUTE(UPPER(_xlpm.a)," ",""),"CONTROL","CTRL"),"CTL","CTRL"),"ESCAPE","ESC"),"RETURN","ENTER"),"PAGEDOWN","PGDN"),"PGDOWN","PGDN"),"PAGEUP","PGUP"),"ARROWKEYS","ARROW"),"ARROWKEY","ARROW"),"ARROWS","ARROW"),"DOWNARROW","DOWN"),"UPARROW","UP"),"LEFTARROW","LEFT"),"RIGHTARROW","RIGHT"),"ARROWDOWN","DOWN"),"ARROWUP","UP"),"ARROWLEFT","LEFT"),"ARROWRIGHT","RIGHT"),"↓","DOWN"),"↑","UP"),"←","LEFT"),"→","RIGHT"),"SPACEBAR","SPACE"),"−","-"),"MINUS","-"),"PLUS","+")=Key!$E$79:$E$79),"✔ CLEAR","✘ TRY AGAIN"))),"✘ TRY AGAIN")} | F20: {=IF(E20="Show hint",Key!$B$79,"")} | G20: {=IF(LEFT(D20,1)="✔",IF(E20="Show hint",5,10),0)} -> 0
A21: W9 | B21: Which keys open Print? (from S4-2 Sheet Master) | D21: {=IFERROR(_xlfn.LET(_xlpm.a,'F5-4 Assemble'!$C$21,IF(TRIM(_xlpm.a&"")="","",IF(OR(SUBSTITUTE(SUBSTITUTE(SUBSTITUTE(SUBSTITUTE(SUBSTITUTE(SUBSTITUTE(SUBSTITUTE(SUBSTITUTE(SUBSTITUTE(SUBSTITUTE(SUBSTITUTE(SUBSTITUTE(SUBSTITUTE(SUBSTITUTE(SUBSTITUTE(SUBSTITUTE(SUBSTITUTE(SUBSTITUTE(SUBSTITUTE(SUBSTITUTE(SUBSTITUTE(SUBSTITUTE(SUBSTITUTE(SUBSTITUTE(SUBSTITUTE(SUBSTITUTE(SUBSTITUTE(UPPER(_xlpm.a)," ",""),"CONTROL","CTRL"),"CTL","CTRL"),"ESCAPE","ESC"),"RETURN","ENTER"),"PAGEDOWN","PGDN"),"PGDOWN","PGDN"),"PAGEUP","PGUP"),"ARROWKEYS","ARROW"),"ARROWKEY","ARROW"),"ARROWS","ARROW"),"DOWNARROW","DOWN"),"UPARROW","UP"),"LEFTARROW","LEFT"),"RIGHTARROW","RIGHT"),"ARROWDOWN","DOWN"),"ARROWUP","UP"),"ARROWLEFT","LEFT"),"ARROWRIGHT","RIGHT"),"↓","DOWN"),"↑","UP"),"←","LEFT"),"→","RIGHT"),"SPACEBAR","SPACE"),"−","-"),"MINUS","-"),"PLUS","+")=Key!$E$80:$E$80),"✔ CLEAR","✘ TRY AGAIN"))),"✘ TRY AGAIN")} | F21: {=IF(E21="Show hint",Key!$B$80,"")} | G21: {=IF(LEFT(D21,1)="✔",IF(E21="Show hint",5,10),0)} -> 0
A22: W10 | B22: Which keys open Find? (from S4-3 Detective) | D22: {=IFERROR(_xlfn.LET(_xlpm.a,'F5-4 Assemble'!$C$22,IF(TRIM(_xlpm.a&"")="","",IF(OR(SUBSTITUTE(SUBSTITUTE(SUBSTITUTE(SUBSTITUTE(SUBSTITUTE(SUBSTITUTE(SUBSTITUTE(SUBSTITUTE(SUBSTITUTE(SUBSTITUTE(SUBSTITUTE(SUBSTITUTE(SUBSTITUTE(SUBSTITUTE(SUBSTITUTE(SUBSTITUTE(SUBSTITUTE(SUBSTITUTE(SUBSTITUTE(SUBSTITUTE(SUBSTITUTE(SUBSTITUTE(SUBSTITUTE(SUBSTITUTE(SUBSTITUTE(SUBSTITUTE(SUBSTITUTE(UPPER(_xlpm.a)," ",""),"CONTROL","CTRL"),"CTL","CTRL"),"ESCAPE","ESC"),"RETURN","ENTER"),"PAGEDOWN","PGDN"),"PGDOWN","PGDN"),"PAGEUP","PGUP"),"ARROWKEYS","ARROW"),"ARROWKEY","ARROW"),"ARROWS","ARROW"),"DOWNARROW","DOWN"),"UPARROW","UP"),"LEFTARROW","LEFT"),"RIGHTARROW","RIGHT"),"ARROWDOWN","DOWN"),"ARROWUP","UP"),"ARROWLEFT","LEFT"),"ARROWRIGHT","RIGHT"),"↓","DOWN"),"↑","UP"),"←","LEFT"),"→","RIGHT"),"SPACEBAR","SPACE"),"−","-"),"MINUS","-"),"PLUS","+")=Key!$E$81:$E$81),"✔ CLEAR","✘ TRY AGAIN"))),"✘ TRY AGAIN")} | F22: {=IF(E22="Show hint",Key!$B$81,"")} | G22: {=IF(LEFT(D22,1)="✔",IF(E22="Show hint",5,10),0)} -> 0
A24: TRAINING · recognize the move (pick from the list)
A25: # | B25: Mission | C25: Your answer | D25: Result | E25: Hint? | F25: Hint | G25: XP
A26: T1 | B26: Which function joins a range of text with a delimiter? | D26: {=IFERROR(IF('F5-4 Assemble'!$C$26&""="","",IF('F5-4 Assemble'!$C$26&""=Key!$C$82&"","✔ CLEAR","✘ TRY AGAIN")),"✘ TRY AGAIN")} | F26: {=IF(E26="Show hint",Key!$B$82,"")} | G26: {=IF(LEFT(D26,1)="✔",IF(E26="Show hint",5,10),0)} -> 0
A27: T2 | B27: Which function turns a number or date into formatted text? | D27: {=IFERROR(IF('F5-4 Assemble'!$C$27&""="","",IF('F5-4 Assemble'!$C$27&""=Key!$C$83&"","✔ CLEAR","✘ TRY AGAIN")),"✘ TRY AGAIN")} | F27: {=IF(E27="Show hint",Key!$B$83,"")} | G27: {=IF(LEFT(D27,1)="✔",IF(E27="Show hint",5,10),0)} -> 0
A28: T3 | B28: Which function turns text that looks like a number into a number? | D28: {=IFERROR(IF('F5-4 Assemble'!$C$28&""="","",IF('F5-4 Assemble'!$C$28&""=Key!$C$84&"","✔ CLEAR","✘ TRY AGAIN")),"✘ TRY AGAIN")} | F28: {=IF(E28="Show hint",Key!$B$84,"")} | G28: {=IF(LEFT(D28,1)="✔",IF(E28="Show hint",5,10),0)} -> 0
A30: CHALLENGES · recall it, then do it
B31: ▶ Open F5-4 Arena (or press Ctrl+PgDn)
A32: # | B32: Mission | C32: Your answer | D32: Result | E32: Hint? | F32: Hint | G32: XP
A33: C1 | B33: Which function joins a range of text with a delimiter? | D33: {=IFERROR(_xlfn.LET(_xlpm.a,'F5-4 Assemble'!$C$33,IF(TRIM(_xlpm.a&"")="","",IF(OR(SUBSTITUTE(SUBSTITUTE(SUBSTITUTE(SUBSTITUTE(SUBSTITUTE(SUBSTITUTE(SUBSTITUTE(SUBSTITUTE(SUBSTITUTE(SUBSTITUTE(SUBSTITUTE(SUBSTITUTE(SUBSTITUTE(SUBSTITUTE(SUBSTITUTE(SUBSTITUTE(SUBSTITUTE(SUBSTITUTE(SUBSTITUTE(SUBSTITUTE(SUBSTITUTE(SUBSTITUTE(SUBSTITUTE(SUBSTITUTE(SUBSTITUTE(SUBSTITUTE(SUBSTITUTE(UPPER(_xlpm.a)," ",""),"CONTROL","CTRL"),"CTL","CTRL"),"ESCAPE","ESC"),"RETURN","ENTER"),"PAGEDOWN","PGDN"),"PGDOWN","PGDN"),"PAGEUP","PGUP"),"ARROWKEYS","ARROW"),"ARROWKEY","ARROW"),"ARROWS","ARROW"),"DOWNARROW","DOWN"),"UPARROW","UP"),"LEFTARROW","LEFT"),"RIGHTARROW","RIGHT"),"ARROWDOWN","DOWN"),"ARROWUP","UP"),"ARROWLEFT","LEFT"),"ARROWRIGHT","RIGHT"),"↓","DOWN"),"↑","UP"),"←","LEFT"),"→","RIGHT"),"SPACEBAR","SPACE"),"−","-"),"MINUS","-"),"PLUS","+")=Key!$E$85:$J$85),"✔ CLEAR","✘ TRY AGAIN"))),"✘ TRY AGAIN")} | F33: {=IF(E33="Show hint",Key!$B$85,"")} | G33: {=IF(LEFT(D33,1)="✔",IF(E33="Show hint",5,10),0)} -> 0
A34: C2 | B34: Which function turns a number or date into formatted text? | D34: {=IFERROR(_xlfn.LET(_xlpm.a,'F5-4 Assemble'!$C$34,IF(TRIM(_xlpm.a&"")="","",IF(OR(SUBSTITUTE(SUBSTITUTE(SUBSTITUTE(SUBSTITUTE(SUBSTITUTE(SUBSTITUTE(SUBSTITUTE(SUBSTITUTE(SUBSTITUTE(SUBSTITUTE(SUBSTITUTE(SUBSTITUTE(SUBSTITUTE(SUBSTITUTE(SUBSTITUTE(SUBSTITUTE(SUBSTITUTE(SUBSTITUTE(SUBSTITUTE(SUBSTITUTE(SUBSTITUTE(SUBSTITUTE(SUBSTITUTE(SUBSTITUTE(SUBSTITUTE(SUBSTITUTE(SUBSTITUTE(UPPER(_xlpm.a)," ",""),"CONTROL","CTRL"),"CTL","CTRL"),"ESCAPE","ESC"),"RETURN","ENTER"),"PAGEDOWN","PGDN"),"PGDOWN","PGDN"),"PAGEUP","PGUP"),"ARROWKEYS","ARROW"),"ARROWKEY","ARROW"),"ARROWS","ARROW"),"DOWNARROW","DOWN"),"UPARROW","UP"),"LEFTARROW","LEFT"),"RIGHTARROW","RIGHT"),"ARROWDOWN","DOWN"),"ARROWUP","UP"),"ARROWLEFT","LEFT"),"ARROWRIGHT","RIGHT"),"↓","DOWN"),"↑","UP"),"←","LEFT"),"→","RIGHT"),"SPACEBAR","SPACE"),"−","-"),"MINUS","-"),"PLUS","+")=Key!$E$86:$J$86),"✔ CLEAR","✘ TRY AGAIN"))),"✘ TRY AGAIN")} | F34: {=IF(E34="Show hint",Key!$B$86,"")} | G34: {=IF(LEFT(D34,1)="✔",IF(E34="Show hint",5,10),0)} -> 0
A35: C3 | B35: Which function turns text that looks like a number into a number? | D35: {=IFERROR(_xlfn.LET(_xlpm.a,'F5-4 Assemble'!$C$35,IF(TRIM(_xlpm.a&"")="","",IF(OR(SUBSTITUTE(SUBSTITUTE(SUBSTITUTE(SUBSTITUTE(SUBSTITUTE(SUBSTITUTE(SUBSTITUTE(SUBSTITUTE(SUBSTITUTE(SUBSTITUTE(SUBSTITUTE(SUBSTITUTE(SUBSTITUTE(SUBSTITUTE(SUBSTITUTE(SUBSTITUTE(SUBSTITUTE(SUBSTITUTE(SUBSTITUTE(SUBSTITUTE(SUBSTITUTE(SUBSTITUTE(SUBSTITUTE(SUBSTITUTE(SUBSTITUTE(SUBSTITUTE(SUBSTITUTE(UPPER(_xlpm.a)," ",""),"CONTROL","CTRL"),"CTL","CTRL"),"ESCAPE","ESC"),"RETURN","ENTER"),"PAGEDOWN","PGDN"),"PGDOWN","PGDN"),"PAGEUP","PGUP"),"ARROWKEYS","ARROW"),"ARROWKEY","ARROW"),"ARROWS","ARROW"),"DOWNARROW","DOWN"),"UPARROW","UP"),"LEFTARROW","LEFT"),"RIGHTARROW","RIGHT"),"ARROWDOWN","DOWN"),"ARROWUP","UP"),"ARROWLEFT","LEFT"),"ARROWRIGHT","RIGHT"),"↓","DOWN"),"↑","UP"),"←","LEFT"),"→","RIGHT"),"SPACEBAR","SPACE"),"−","-"),"MINUS","-"),"PLUS","+")=Key!$E$87:$J$87),"✔ CLEAR","✘ TRY AGAIN"))),"✘ TRY AGAIN")} | F35: {=IF(E35="Show hint",Key!$B$87,"")} | G35: {=IF(LEFT(D35,1)="✔",IF(E35="Show hint",5,10),0)} -> 0
A36: C4 | B36: In D6 join the tags in B6:B10 with ", " and skip the blank one: =TEXTJOIN(", ",TRUE,B6:B10). | C36: ▶ ARENA C4 (cell D6) | D36: {=IF(ISBLANK('F5-4 Arena'!$D$6),"",IF(NOT(_xlfn.ISFORMULA('F5-4 Arena'!$D$6)),"✘ That's a typed value · enter a formula",IF(ISERROR('F5-4 Arena'!$D$6),"✘ Your formula returns "&IFERROR(CHOOSE(ERROR.TYPE('F5-4 Arena'!$D$6),"#NULL!","#DIV/0!","#VALUE!","#REF!","#NAME?","#NUM!","#N/A","#GETTING_DATA","#SPILL!","#CONNECT!","#BLOCKED!","#UNKNOWN!","#FIELD!","#CALC!"),"an error"),IF(NOT(AND(IFERROR(AND(ISTEXT('F5-4 Arena'!$D$6),EXACT('F5-4 Arena'!$D$6,Key!$C$88)),FALSE))),"✘ TRY AGAIN",IF(AND(OR(ISNUMBER(FIND({"=","(",",","+","-","*","/","&"," ","<",">",":","@","^"}&"TEXTJOIN"&"(",UPPER(_xlfn.FORMULATEXT('F5-4 Arena'!$D$6)))))),"✔ CLEAR","✘ CLOSE · right value, but use TEXTJOIN")))))} | F36: {=IF(E36="Show hint",Key!$B$88,"")} | G36: {=IF(LEFT(D36,1)="✔",IF(E36="Show hint",5,10),0)} -> 0
A37: C5 | B37: In D12 show the date in B12 as text in the format yyyy-mm-dd. | C37: ▶ ARENA C5 (cell D12) | D37: {=IF(ISBLANK('F5-4 Arena'!$D$12),"",IF(NOT(_xlfn.ISFORMULA('F5-4 Arena'!$D$12)),"✘ That's a typed value · enter a formula",IF(ISERROR('F5-4 Arena'!$D$12),"✘ Your formula returns "&IFERROR(CHOOSE(ERROR.TYPE('F5-4 Arena'!$D$12),"#NULL!","#DIV/0!","#VALUE!","#REF!","#NAME?","#NUM!","#N/A","#GETTING_DATA","#SPILL!","#CONNECT!","#BLOCKED!","#UNKNOWN!","#FIELD!","#CALC!"),"an error"),IF(NOT(AND(IFERROR(AND(ISTEXT('F5-4 Arena'!$D$12),'F5-4 Arena'!$D$12=Key!$C$89),FALSE))),"✘ TRY AGAIN",IF(AND(OR(ISNUMBER(FIND({"=","(",",","+","-","*","/","&"," ","<",">",":","@","^"}&"TEXT"&"(",UPPER(_xlfn.FORMULATEXT('F5-4 Arena'!$D$12)))))),"✔ CLEAR","✘ CLOSE · right value, but use TEXT")))))} | F37: {=IF(E37="Show hint",Key!$B$89,"")} | G37: {=IF(LEFT(D37,1)="✔",IF(E37="Show hint",5,10),0)} -> 0
A38: C6 | B38: B14 holds the text "42". In D14 turn it into a real number with VALUE. | C38: ▶ ARENA C6 (cell D14) | D38: {=IF(ISBLANK('F5-4 Arena'!$D$14),"",IF(NOT(_xlfn.ISFORMULA('F5-4 Arena'!$D$14)),"✘ That's a typed value · enter a formula",IF(ISERROR('F5-4 Arena'!$D$14),"✘ Your formula returns "&IFERROR(CHOOSE(ERROR.TYPE('F5-4 Arena'!$D$14),"#NULL!","#DIV/0!","#VALUE!","#REF!","#NAME?","#NUM!","#N/A","#GETTING_DATA","#SPILL!","#CONNECT!","#BLOCKED!","#UNKNOWN!","#FIELD!","#CALC!"),"an error"),IF(NOT(AND(IFERROR(AND(ISNUMBER('F5-4 Arena'!$D$14),ABS('F5-4 Arena'!$D$14-Key!$C$90)<=1E-9*MAX(1,ABS(Key!$C$90))),FALSE))),"✘ TRY AGAIN",IF(AND(OR(ISNUMBER(FIND({"=","(",",","+","-","*","/","&"," ","<",">",":","@","^"}&"VALUE"&"(",UPPER(_xlfn.FORMULATEXT('F5-4 Arena'!$D$14)))))),"✔ CLEAR","✘ CLOSE · right value, but use VALUE")))))} | F38: {=IF(E38="Show hint",Key!$B$90,"")} | G38: {=IF(LEFT(D38,1)="✔",IF(E38="Show hint",5,10),0)} -> 0
A39: C7 | B39: In D16 build the label Total: $1,234.50 from B16 using & and TEXT with the format "$#,##0.00". | C39: ▶ ARENA C7 (cell D16) | D39: {=IF(ISBLANK('F5-4 Arena'!$D$16),"",IF(NOT(_xlfn.ISFORMULA('F5-4 Arena'!$D$16)),"✘ That's a typed value · enter a formula",IF(ISERROR('F5-4 Arena'!$D$16),"✘ Your formula returns "&IFERROR(CHOOSE(ERROR.TYPE('F5-4 Arena'!$D$16),"#NULL!","#DIV/0!","#VALUE!","#REF!","#NAME?","#NUM!","#N/A","#GETTING_DATA","#SPILL!","#CONNECT!","#BLOCKED!","#UNKNOWN!","#FIELD!","#CALC!"),"an error"),IF(NOT(AND(IFERROR(AND(ISTEXT('F5-4 Arena'!$D$16),EXACT('F5-4 Arena'!$D$16,Key!$C$91)),FALSE))),"✘ TRY AGAIN",IF(AND(OR(ISNUMBER(FIND({"=","(",",","+","-","*","/","&"," ","<",">",":","@","^"}&"TEXT"&"(",UPPER(_xlfn.FORMULATEXT('F5-4 Arena'!$D$16)))))),"✔ CLEAR","✘ CLOSE · right value, but use TEXT")))))} | F39: {=IF(E39="Show hint",Key!$B$91,"")} | G39: {=IF(LEFT(D39,1)="✔",IF(E39="Show hint",5,10),0)} -> 0

Sheet F5-4 Arena
A1: ARENA ▸ F5-4 ASSEMBLE
A2: Practice area · everything here is editable. Missions and their checks are on the stage sheet.
A3: PASS CODE | B3: ASSEMBLE | D3: ◀ Back to F5-4 Assemble
B5: Tags | C5: Task
B6: red | C6: Join the tags
B7: green
B9: blue
B10: gold
B11: Date
B12: 46096 | C12: Date as yyyy-mm-dd
B13: Text number
B14: 42 | C14: Make it a number
B15: Amount
B16: 1234.5 | C16: Label the amount

Sheet Boss
A1: BOSS ▸ TEXT
A2: Every move from this world in one gauntlet. Clear it under par for rank S.
A3: {="SCORE "&TEXT(SUM($G$14:$G$33),"0000")&" / 0160"} -> SCORE 0000 / 0160 | C3: {=IF(SUM($G$14:$G$33)>=160,"★★★",IF(SUM($G$14:$G$33)>=160*0.8,"★★☆",IF(SUM($G$14:$G$33)>=160*0.5,"★☆☆","☆☆☆")))} -> ☆☆☆ | D3: {=REPT("█",ROUND(10*SUM($G$14:$G$33)/160,0))&REPT("░",10-ROUND(10*SUM($G$14:$G$33)/160,0))&" "&TEXT(SUM($G$14:$G$33)/160,"0%")} -> ░░░░░░░░░░ 0%
A5: SPEEDRUN · stamp START, beat the Boss, stamp FINISH
B6: START · select C6 and press Ctrl+Shift+:
B7: FINISH · select C7 and press Ctrl+Shift+:
B8: TIME | C8: {=IF(OR(C6="",C7=""),"",ROUND(MOD(C7-C6,1)*1440,0))}
B9: PAR | C9: 15
B10: BOSS GATE | C10: {=IF(AND(SUM('F5-1 Cut & Splice'!$G$15:$G$46)>=250*0.5,SUM('F5-2 Clean Up'!$G$15:$G$46)>=250*0.5,SUM('F5-3 Find the Gem'!$G$13:$G$39)>=200*0.5,SUM('F5-4 Assemble'!$G$13:$G$39)>=200*0.5),"OPEN","LOCKED")} -> LOCKED | D10: {=IF(C10="OPEN","Gate open · go!","Earn ★ on every stage to open the gate")} -> Earn ★ on every stage to open the gate
A12: FLASHBACK · moves from earlier worlds
A13: # | B13: Mission | C13: Your answer | D13: Result | E13: Hint? | F13: Hint | G13: XP
A14: F1 | B14: {=IF($C$10="OPEN","Which function joins a range of text with a delimiter? (from F5-4 Assemble)","LOCKED · earn ★ on every stage to open the Boss gate")} -> LOCKED · earn ★ on every stage to open the Boss gate | D14: {=IF($C$10="OPEN",IFERROR(_xlfn.LET(_xlpm.a,Boss!$C$14,IF(TRIM(_xlpm.a&"")="","",IF(OR(SUBSTITUTE(SUBSTITUTE(SUBSTITUTE(SUBSTITUTE(SUBSTITUTE(SUBSTITUTE(SUBSTITUTE(SUBSTITUTE(SUBSTITUTE(SUBSTITUTE(SUBSTITUTE(SUBSTITUTE(SUBSTITUTE(SUBSTITUTE(SUBSTITUTE(SUBSTITUTE(SUBSTITUTE(SUBSTITUTE(SUBSTITUTE(SUBSTITUTE(SUBSTITUTE(SUBSTITUTE(SUBSTITUTE(SUBSTITUTE(SUBSTITUTE(SUBSTITUTE(SUBSTITUTE(UPPER(_xlpm.a)," ",""),"CONTROL","CTRL"),"CTL","CTRL"),"ESCAPE","ESC"),"RETURN","ENTER"),"PAGEDOWN","PGDN"),"PGDOWN","PGDN"),"PAGEUP","PGUP"),"ARROWKEYS","ARROW"),"ARROWKEY","ARROW"),"ARROWS","ARROW"),"DOWNARROW","DOWN"),"UPARROW","UP"),"LEFTARROW","LEFT"),"RIGHTARROW","RIGHT"),"ARROWDOWN","DOWN"),"ARROWUP","UP"),"ARROWLEFT","LEFT"),"ARROWRIGHT","RIGHT"),"↓","DOWN"),"↑","UP"),"←","LEFT"),"→","RIGHT"),"SPACEBAR","SPACE"),"−","-"),"MINUS","-"),"PLUS","+")=Key!$E$92:$J$92),"✔ CLEAR","✘ TRY AGAIN"))),"✘ TRY AGAIN"),"LOCKED")} -> LOCKED | F14: {=IF(E14="Show hint",Key!$B$92,"")} | G14: {=IF(LEFT(D14,1)="✔",IF(E14="Show hint",5,10),0)} -> 0
A15: F2 | B15: {=IF($C$10="OPEN","Which function turns a number or date into formatted text? (from F5-4 Assemble)","LOCKED · earn ★ on every stage to open the Boss gate")} -> LOCKED · earn ★ on every stage to open the Boss gate | D15: {=IF($C$10="OPEN",IFERROR(_xlfn.LET(_xlpm.a,Boss!$C$15,IF(TRIM(_xlpm.a&"")="","",IF(OR(SUBSTITUTE(SUBSTITUTE(SUBSTITUTE(SUBSTITUTE(SUBSTITUTE(SUBSTITUTE(SUBSTITUTE(SUBSTITUTE(SUBSTITUTE(SUBSTITUTE(SUBSTITUTE(SUBSTITUTE(SUBSTITUTE(SUBSTITUTE(SUBSTITUTE(SUBSTITUTE(SUBSTITUTE(SUBSTITUTE(SUBSTITUTE(SUBSTITUTE(SUBSTITUTE(SUBSTITUTE(SUBSTITUTE(SUBSTITUTE(SUBSTITUTE(SUBSTITUTE(SUBSTITUTE(UPPER(_xlpm.a)," ",""),"CONTROL","CTRL"),"CTL","CTRL"),"ESCAPE","ESC"),"RETURN","ENTER"),"PAGEDOWN","PGDN"),"PGDOWN","PGDN"),"PAGEUP","PGUP"),"ARROWKEYS","ARROW"),"ARROWKEY","ARROW"),"ARROWS","ARROW"),"DOWNARROW","DOWN"),"UPARROW","UP"),"LEFTARROW","LEFT"),"RIGHTARROW","RIGHT"),"ARROWDOWN","DOWN"),"ARROWUP","UP"),"ARROWLEFT","LEFT"),"ARROWRIGHT","RIGHT"),"↓","DOWN"),"↑","UP"),"←","LEFT"),"→","RIGHT"),"SPACEBAR","SPACE"),"−","-"),"MINUS","-"),"PLUS","+")=Key!$E$93:$J$93),"✔ CLEAR","✘ TRY AGAIN"))),"✘ TRY AGAIN"),"LOCKED")} -> LOCKED | F15: {=IF(E15="Show hint",Key!$B$93,"")} | G15: {=IF(LEFT(D15,1)="✔",IF(E15="Show hint",5,10),0)} -> 0
A16: F3 | B16: {=IF($C$10="OPEN","Which function turns text that looks like a number into a number? (from F5-4 Assemble)","LOCKED · earn ★ on every stage to open the Boss gate")} -> LOCKED · earn ★ on every stage to open the Boss gate | D16: {=IF($C$10="OPEN",IFERROR(_xlfn.LET(_xlpm.a,Boss!$C$16,IF(TRIM(_xlpm.a&"")="","",IF(OR(SUBSTITUTE(SUBSTITUTE(SUBSTITUTE(SUBSTITUTE(SUBSTITUTE(SUBSTITUTE(SUBSTITUTE(SUBSTITUTE(SUBSTITUTE(SUBSTITUTE(SUBSTITUTE(SUBSTITUTE(SUBSTITUTE(SUBSTITUTE(SUBSTITUTE(SUBSTITUTE(SUBSTITUTE(SUBSTITUTE(SUBSTITUTE(SUBSTITUTE(SUBSTITUTE(SUBSTITUTE(SUBSTITUTE(SUBSTITUTE(SUBSTITUTE(SUBSTITUTE(SUBSTITUTE(UPPER(_xlpm.a)," ",""),"CONTROL","CTRL"),"CTL","CTRL"),"ESCAPE","ESC"),"RETURN","ENTER"),"PAGEDOWN","PGDN"),"PGDOWN","PGDN"),"PAGEUP","PGUP"),"ARROWKEYS","ARROW"),"ARROWKEY","ARROW"),"ARROWS","ARROW"),"DOWNARROW","DOWN"),"UPARROW","UP"),"LEFTARROW","LEFT"),"RIGHTARROW","RIGHT"),"ARROWDOWN","DOWN"),"ARROWUP","UP"),"ARROWLEFT","LEFT"),"ARROWRIGHT","RIGHT"),"↓","DOWN"),"↑","UP"),"←","LEFT"),"→","RIGHT"),"SPACEBAR","SPACE"),"−","-"),"MINUS","-"),"PLUS","+")=Key!$E$94:$J$94),"✔ CLEAR","✘ TRY AGAIN"))),"✘ TRY AGAIN"),"LOCKED")} -> LOCKED | F16: {=IF(E16="Show hint",Key!$B$94,"")} | G16: {=IF(LEFT(D16,1)="✔",IF(E16="Show hint",5,10),0)} -> 0
A17: F4 | B17: {=IF($C$10="OPEN","Which function returns characters from the start of a text? (from F5-1 Cut & Splice)","LOCKED · earn ★ on every stage to open the Boss gate")} -> LOCKED · earn ★ on every stage to open the Boss gate | D17: {=IF($C$10="OPEN",IFERROR(_xlfn.LET(_xlpm.a,Boss!$C$17,IF(TRIM(_xlpm.a&"")="","",IF(OR(SUBSTITUTE(SUBSTITUTE(SUBSTITUTE(SUBSTITUTE(SUBSTITUTE(SUBSTITUTE(SUBSTITUTE(SUBSTITUTE(SUBSTITUTE(SUBSTITUTE(SUBSTITUTE(SUBSTITUTE(SUBSTITUTE(SUBSTITUTE(SUBSTITUTE(SUBSTITUTE(SUBSTITUTE(SUBSTITUTE(SUBSTITUTE(SUBSTITUTE(SUBSTITUTE(SUBSTITUTE(SUBSTITUTE(SUBSTITUTE(SUBSTITUTE(SUBSTITUTE(SUBSTITUTE(UPPER(_xlpm.a)," ",""),"CONTROL","CTRL"),"CTL","CTRL"),"ESCAPE","ESC"),"RETURN","ENTER"),"PAGEDOWN","PGDN"),"PGDOWN","PGDN"),"PAGEUP","PGUP"),"ARROWKEYS","ARROW"),"ARROWKEY","ARROW"),"ARROWS","ARROW"),"DOWNARROW","DOWN"),"UPARROW","UP"),"LEFTARROW","LEFT"),"RIGHTARROW","RIGHT"),"ARROWDOWN","DOWN"),"ARROWUP","UP"),"ARROWLEFT","LEFT"),"ARROWRIGHT","RIGHT"),"↓","DOWN"),"↑","UP"),"←","LEFT"),"→","RIGHT"),"SPACEBAR","SPACE"),"−","-"),"MINUS","-"),"PLUS","+")=Key!$E$95:$J$95),"✔ CLEAR","✘ TRY AGAIN"))),"✘ TRY AGAIN"),"LOCKED")} -> LOCKED | F17: {=IF(E17="Show hint",Key!$B$95,"")} | G17: {=IF(LEFT(D17,1)="✔",IF(E17="Show hint",5,10),0)} -> 0
A18: F5 | B18: {=IF($C$10="OPEN","Which function returns characters from the end of a text? (from F5-1 Cut & Splice)","LOCKED · earn ★ on every stage to open the Boss gate")} -> LOCKED · earn ★ on every stage to open the Boss gate | D18: {=IF($C$10="OPEN",IFERROR(_xlfn.LET(_xlpm.a,Boss!$C$18,IF(TRIM(_xlpm.a&"")="","",IF(OR(SUBSTITUTE(SUBSTITUTE(SUBSTITUTE(SUBSTITUTE(SUBSTITUTE(SUBSTITUTE(SUBSTITUTE(SUBSTITUTE(SUBSTITUTE(SUBSTITUTE(SUBSTITUTE(SUBSTITUTE(SUBSTITUTE(SUBSTITUTE(SUBSTITUTE(SUBSTITUTE(SUBSTITUTE(SUBSTITUTE(SUBSTITUTE(SUBSTITUTE(SUBSTITUTE(SUBSTITUTE(SUBSTITUTE(SUBSTITUTE(SUBSTITUTE(SUBSTITUTE(SUBSTITUTE(UPPER(_xlpm.a)," ",""),"CONTROL","CTRL"),"CTL","CTRL"),"ESCAPE","ESC"),"RETURN","ENTER"),"PAGEDOWN","PGDN"),"PGDOWN","PGDN"),"PAGEUP","PGUP"),"ARROWKEYS","ARROW"),"ARROWKEY","ARROW"),"ARROWS","ARROW"),"DOWNARROW","DOWN"),"UPARROW","UP"),"LEFTARROW","LEFT"),"RIGHTARROW","RIGHT"),"ARROWDOWN","DOWN"),"ARROWUP","UP"),"ARROWLEFT","LEFT"),"ARROWRIGHT","RIGHT"),"↓","DOWN"),"↑","UP"),"←","LEFT"),"→","RIGHT"),"SPACEBAR","SPACE"),"−","-"),"MINUS","-"),"PLUS","+")=Key!$E$96:$J$96),"✔ CLEAR","✘ TRY AGAIN"))),"✘ TRY AGAIN"),"LOCKED")} -> LOCKED | F18: {=IF(E18="Show hint",Key!$B$96,"")} | G18: {=IF(LEFT(D18,1)="✔",IF(E18="Show hint",5,10),0)} -> 0
A19: F6 | B19: {=IF($C$10="OPEN","Which function returns characters from the middle of a text? (from F5-1 Cut & Splice)","LOCKED · earn ★ on every stage to open the Boss gate")} -> LOCKED · earn ★ on every stage to open the Boss gate | D19: {=IF($C$10="OPEN",IFERROR(_xlfn.LET(_xlpm.a,Boss!$C$19,IF(TRIM(_xlpm.a&"")="","",IF(OR(SUBSTITUTE(SUBSTITUTE(SUBSTITUTE(SUBSTITUTE(SUBSTITUTE(SUBSTITUTE(SUBSTITUTE(SUBSTITUTE(SUBSTITUTE(SUBSTITUTE(SUBSTITUTE(SUBSTITUTE(SUBSTITUTE(SUBSTITUTE(SUBSTITUTE(SUBSTITUTE(SUBSTITUTE(SUBSTITUTE(SUBSTITUTE(SUBSTITUTE(SUBSTITUTE(SUBSTITUTE(SUBSTITUTE(SUBSTITUTE(SUBSTITUTE(SUBSTITUTE(SUBSTITUTE(UPPER(_xlpm.a)," ",""),"CONTROL","CTRL"),"CTL","CTRL"),"ESCAPE","ESC"),"RETURN","ENTER"),"PAGEDOWN","PGDN"),"PGDOWN","PGDN"),"PAGEUP","PGUP"),"ARROWKEYS","ARROW"),"ARROWKEY","ARROW"),"ARROWS","ARROW"),"DOWNARROW","DOWN"),"UPARROW","UP"),"LEFTARROW","LEFT"),"RIGHTARROW","RIGHT"),"ARROWDOWN","DOWN"),"ARROWUP","UP"),"ARROWLEFT","LEFT"),"ARROWRIGHT","RIGHT"),"↓","DOWN"),"↑","UP"),"←","LEFT"),"→","RIGHT"),"SPACEBAR","SPACE"),"−","-"),"MINUS","-"),"PLUS","+")=Key!$E$97:$J$97),"✔ CLEAR","✘ TRY AGAIN"))),"✘ TRY AGAIN"),"LOCKED")} -> LOCKED | F19: {=IF(E19="Show hint",Key!$B$97,"")} | G19: {=IF(LEFT(D19,1)="✔",IF(E19="Show hint",5,10),0)} -> 0
A20: F7 | B20: {=IF($C$10="OPEN","Which function counts the characters in a text? (from F5-1 Cut & Splice)","LOCKED · earn ★ on every stage to open the Boss gate")} -> LOCKED · earn ★ on every stage to open the Boss gate | D20: {=IF($C$10="OPEN",IFERROR(_xlfn.LET(_xlpm.a,Boss!$C$20,IF(TRIM(_xlpm.a&"")="","",IF(OR(SUBSTITUTE(SUBSTITUTE(SUBSTITUTE(SUBSTITUTE(SUBSTITUTE(SUBSTITUTE(SUBSTITUTE(SUBSTITUTE(SUBSTITUTE(SUBSTITUTE(SUBSTITUTE(SUBSTITUTE(SUBSTITUTE(SUBSTITUTE(SUBSTITUTE(SUBSTITUTE(SUBSTITUTE(SUBSTITUTE(SUBSTITUTE(SUBSTITUTE(SUBSTITUTE(SUBSTITUTE(SUBSTITUTE(SUBSTITUTE(SUBSTITUTE(SUBSTITUTE(SUBSTITUTE(UPPER(_xlpm.a)," ",""),"CONTROL","CTRL"),"CTL","CTRL"),"ESCAPE","ESC"),"RETURN","ENTER"),"PAGEDOWN","PGDN"),"PGDOWN","PGDN"),"PAGEUP","PGUP"),"ARROWKEYS","ARROW"),"ARROWKEY","ARROW"),"ARROWS","ARROW"),"DOWNARROW","DOWN"),"UPARROW","UP"),"LEFTARROW","LEFT"),"RIGHTARROW","RIGHT"),"ARROWDOWN","DOWN"),"ARROWUP","UP"),"ARROWLEFT","LEFT"),"ARROWRIGHT","RIGHT"),"↓","DOWN"),"↑","UP"),"←","LEFT"),"→","RIGHT"),"SPACEBAR","SPACE"),"−","-"),"MINUS","-"),"PLUS","+")=Key!$E$98:$J$98),"✔ CLEAR","✘ TRY AGAIN"))),"✘ TRY AGAIN"),"LOCKED")} -> LOCKED | F20: {=IF(E20="Show hint",Key!$B$98,"")} | G20: {=IF(LEFT(D20,1)="✔",IF(E20="Show hint",5,10),0)} -> 0
A21: F8 | B21: {=IF($C$10="OPEN","Which character joins pieces of text in a formula? (from F5-1 Cut & Splice)","LOCKED · earn ★ on every stage to open the Boss gate")} -> LOCKED · earn ★ on every stage to open the Boss gate | D21: {=IF($C$10="OPEN",IFERROR(_xlfn.LET(_xlpm.a,Boss!$C$21,IF(TRIM(_xlpm.a&"")="","",IF(OR(SUBSTITUTE(SUBSTITUTE(SUBSTITUTE(SUBSTITUTE(SUBSTITUTE(SUBSTITUTE(SUBSTITUTE(SUBSTITUTE(SUBSTITUTE(SUBSTITUTE(SUBSTITUTE(SUBSTITUTE(SUBSTITUTE(SUBSTITUTE(SUBSTITUTE(SUBSTITUTE(SUBSTITUTE(SUBSTITUTE(SUBSTITUTE(SUBSTITUTE(SUBSTITUTE(SUBSTITUTE(SUBSTITUTE(SUBSTITUTE(SUBSTITUTE(SUBSTITUTE(SUBSTITUTE(UPPER(_xlpm.a)," ",""),"CONTROL","CTRL"),"CTL","CTRL"),"ESCAPE","ESC"),"RETURN","ENTER"),"PAGEDOWN","PGDN"),"PGDOWN","PGDN"),"PAGEUP","PGUP"),"ARROWKEYS","ARROW"),"ARROWKEY","ARROW"),"ARROWS","ARROW"),"DOWNARROW","DOWN"),"UPARROW","UP"),"LEFTARROW","LEFT"),"RIGHTARROW","RIGHT"),"ARROWDOWN","DOWN"),"ARROWUP","UP"),"ARROWLEFT","LEFT"),"ARROWRIGHT","RIGHT"),"↓","DOWN"),"↑","UP"),"←","LEFT"),"→","RIGHT"),"SPACEBAR","SPACE"),"−","-"),"MINUS","-"),"PLUS","+")=Key!$E$99:$F$99),"✔ CLEAR","✘ TRY AGAIN"))),"✘ TRY AGAIN"),"LOCKED")} -> LOCKED | F21: {=IF(E21="Show hint",Key!$B$99,"")} | G21: {=IF(LEFT(D21,1)="✔",IF(E21="Show hint",5,10),0)} -> 0
A23: BOSS MISSIONS
B24: ▶ Open Boss Arena (or press Ctrl+PgDn)
A25: # | B25: Mission | C25: Your answer | D25: Result | E25: Hint? | F25: Hint | G25: XP
A26: B1 | B26: {=IF($C$10="OPEN","In D6 tidy B6: no extra spaces, each word capitalized.","LOCKED · earn ★ on every stage to open the Boss gate")} -> LOCKED · earn ★ on every stage to open the Boss gate | C26: ▶ ARENA B1 (cell D6) | D26: {=IF($C$10="OPEN",IF(ISBLANK('Boss Arena'!$D$6),"",IF(NOT(_xlfn.ISFORMULA('Boss Arena'!$D$6)),"✘ That's a typed value · enter a formula",IF(ISERROR('Boss Arena'!$D$6),"✘ Your formula returns "&IFERROR(CHOOSE(ERROR.TYPE('Boss Arena'!$D$6),"#NULL!","#DIV/0!","#VALUE!","#REF!","#NAME?","#NUM!","#N/A","#GETTING_DATA","#SPILL!","#CONNECT!","#BLOCKED!","#UNKNOWN!","#FIELD!","#CALC!"),"an error"),IF(NOT(AND(IFERROR(AND(ISTEXT('Boss Arena'!$D$6),EXACT('Boss Arena'!$D$6,Key!$C$100)),FALSE))),"✘ TRY AGAIN",IF(AND(OR(ISNUMBER(FIND({"=","(",",","+","-","*","/","&"," ","<",">",":","@","^"}&"PROPER"&"(",UPPER(_xlfn.FORMULATEXT('Boss Arena'!$D$6))))),OR(ISNUMBER(FIND({"=","(",",","+","-","*","/","&"," ","<",">",":","@","^"}&"TRIM"&"(",UPPER(_xlfn.FORMULATEXT('Boss Arena'!$D$6)))))),"✔ CLEAR","✘ CLOSE · right value, but use PROPER and TRIM"))))),"LOCKED")} -> LOCKED | F26: {=IF(E26="Show hint",Key!$B$100,"")} | G26: {=IF(LEFT(D26,1)="✔",IF(E26="Show hint",5,10),0)} -> 0
A27: B2 | B27: {=IF($C$10="OPEN","In D7 return the 4 digits in the middle of B7 (they start at character 4).","LOCKED · earn ★ on every stage to open the Boss gate")} -> LOCKED · earn ★ on every stage to open the Boss gate | C27: ▶ ARENA B2 (cell D7) | D27: {=IF($C$10="OPEN",IF(ISBLANK('Boss Arena'!$D$7),"",IF(NOT(_xlfn.ISFORMULA('Boss Arena'!$D$7)),"✘ That's a typed value · enter a formula",IF(ISERROR('Boss Arena'!$D$7),"✘ Your formula returns "&IFERROR(CHOOSE(ERROR.TYPE('Boss Arena'!$D$7),"#NULL!","#DIV/0!","#VALUE!","#REF!","#NAME?","#NUM!","#N/A","#GETTING_DATA","#SPILL!","#CONNECT!","#BLOCKED!","#UNKNOWN!","#FIELD!","#CALC!"),"an error"),IF(NOT(AND(IFERROR(AND(ISTEXT('Boss Arena'!$D$7),'Boss Arena'!$D$7=Key!$C$101),FALSE))),"✘ TRY AGAIN",IF(AND(OR(ISNUMBER(FIND({"=","(",",","+","-","*","/","&"," ","<",">",":","@","^"}&"MID"&"(",UPPER(_xlfn.FORMULATEXT('Boss Arena'!$D$7)))))),"✔ CLEAR","✘ CLOSE · right value, but use MID"))))),"LOCKED")} -> LOCKED | F27: {=IF(E27="Show hint",Key!$B$101,"")} | G27: {=IF(LEFT(D27,1)="✔",IF(E27="Show hint",5,10),0)} -> 0
A28: B3 | B28: {=IF($C$10="OPEN","In D8 return the username in B8 (everything before ""@"").","LOCKED · earn ★ on every stage to open the Boss gate")} -> LOCKED · earn ★ on every stage to open the Boss gate | C28: ▶ ARENA B3 (cell D8) | D28: {=IF($C$10="OPEN",IF(ISBLANK('Boss Arena'!$D$8),"",IF(NOT(_xlfn.ISFORMULA('Boss Arena'!$D$8)),"✘ That's a typed value · enter a formula",IF(ISERROR('Boss Arena'!$D$8),"✘ Your formula returns "&IFERROR(CHOOSE(ERROR.TYPE('Boss Arena'!$D$8),"#NULL!","#DIV/0!","#VALUE!","#REF!","#NAME?","#NUM!","#N/A","#GETTING_DATA","#SPILL!","#CONNECT!","#BLOCKED!","#UNKNOWN!","#FIELD!","#CALC!"),"an error"),IF(NOT(AND(IFERROR(AND(ISTEXT('Boss Arena'!$D$8),EXACT('Boss Arena'!$D$8,Key!$C$102)),FALSE))),"✘ TRY AGAIN",IF(AND(OR(ISNUMBER(FIND({"=","(",",","+","-","*","/","&"," ","<",">",":","@","^"}&"LEFT"&"(",UPPER(_xlfn.FORMULATEXT('Boss Arena'!$D$8))))),OR(ISNUMBER(FIND({"=","(",",","+","-","*","/","&"," ","<",">",":","@","^"}&"FIND"&"(",UPPER(_xlfn.FORMULATEXT('Boss Arena'!$D$8)))))),"✔ CLEAR","✘ CLOSE · right value, but use LEFT and FIND"))))),"LOCKED")} -> LOCKED | F28: {=IF(E28="Show hint",Key!$B$102,"")} | G28: {=IF(LEFT(D28,1)="✔",IF(E28="Show hint",5,10),0)} -> 0
A29: B4 | B29: {=IF($C$10="OPEN","In D9 return the last name from B9 (after the space).","LOCKED · earn ★ on every stage to open the Boss gate")} -> LOCKED · earn ★ on every stage to open the Boss gate | C29: ▶ ARENA B4 (cell D9) | D29: {=IF($C$10="OPEN",IF(ISBLANK('Boss Arena'!$D$9),"",IF(NOT(_xlfn.ISFORMULA('Boss Arena'!$D$9)),"✘ That's a typed value · enter a formula",IF(ISERROR('Boss Arena'!$D$9),"✘ Your formula returns "&IFERROR(CHOOSE(ERROR.TYPE('Boss Arena'!$D$9),"#NULL!","#DIV/0!","#VALUE!","#REF!","#NAME?","#NUM!","#N/A","#GETTING_DATA","#SPILL!","#CONNECT!","#BLOCKED!","#UNKNOWN!","#FIELD!","#CALC!"),"an error"),IF(NOT(AND(IFERROR(AND(ISTEXT('Boss Arena'!$D$9),EXACT('Boss Arena'!$D$9,Key!$C$103)),FALSE))),"✘ TRY AGAIN",IF(AND(OR(ISNUMBER(FIND({"=","(",",","+","-","*","/","&"," ","<",">",":","@","^"}&"MID"&"(",UPPER(_xlfn.FORMULATEXT('Boss Arena'!$D$9))))),OR(ISNUMBER(FIND({"=","(",",","+","-","*","/","&"," ","<",">",":","@","^"}&"FIND"&"(",UPPER(_xlfn.FORMULATEXT('Boss Arena'!$D$9)))))),"✔ CLEAR","✘ CLOSE · right value, but use MID and FIND"))))),"LOCKED")} -> LOCKED | F29: {=IF(E29="Show hint",Key!$B$103,"")} | G29: {=IF(LEFT(D29,1)="✔",IF(E29="Show hint",5,10),0)} -> 0
A30: B5 | B30: {=IF($C$10="OPEN","In D10 replace every ""/"" in B10 with ""-"".","LOCKED · earn ★ on every stage to open the Boss gate")} -> LOCKED · earn ★ on every stage to open the Boss gate | C30: ▶ ARENA B5 (cell D10) | D30: {=IF($C$10="OPEN",IF(ISBLANK('Boss Arena'!$D$10),"",IF(NOT(_xlfn.ISFORMULA('Boss Arena'!$D$10)),"✘ That's a typed value · enter a formula",IF(ISERROR('Boss Arena'!$D$10),"✘ Your formula returns "&IFERROR(CHOOSE(ERROR.TYPE('Boss Arena'!$D$10),"#NULL!","#DIV/0!","#VALUE!","#REF!","#NAME?","#NUM!","#N/A","#GETTING_DATA","#SPILL!","#CONNECT!","#BLOCKED!","#UNKNOWN!","#FIELD!","#CALC!"),"an error"),IF(NOT(AND(IFERROR(AND(ISTEXT('Boss Arena'!$D$10),'Boss Arena'!$D$10=Key!$C$104),FALSE))),"✘ TRY AGAIN",IF(AND(OR(ISNUMBER(FIND({"=","(",",","+","-","*","/","&"," ","<",">",":","@","^"}&"SUBSTITUTE"&"(",UPPER(_xlfn.FORMULATEXT('Boss Arena'!$D$10)))))),"✔ CLEAR","✘ CLOSE · right value, but use SUBSTITUTE"))))),"LOCKED")} -> LOCKED | F30: {=IF(E30="Show hint",Key!$B$104,"")} | G30: {=IF(LEFT(D30,1)="✔",IF(E30="Show hint",5,10),0)} -> 0
A31: B6 | B31: {=IF($C$10="OPEN","In D11 turn the text in B11 into a number.","LOCKED · earn ★ on every stage to open the Boss gate")} -> LOCKED · earn ★ on every stage to open the Boss gate | C31: ▶ ARENA B6 (cell D11) | D31: {=IF($C$10="OPEN",IF(ISBLANK('Boss Arena'!$D$11),"",IF(NOT(_xlfn.ISFORMULA('Boss Arena'!$D$11)),"✘ That's a typed value · enter a formula",IF(ISERROR('Boss Arena'!$D$11),"✘ Your formula returns "&IFERROR(CHOOSE(ERROR.TYPE('Boss Arena'!$D$11),"#NULL!","#DIV/0!","#VALUE!","#REF!","#NAME?","#NUM!","#N/A","#GETTING_DATA","#SPILL!","#CONNECT!","#BLOCKED!","#UNKNOWN!","#FIELD!","#CALC!"),"an error"),IF(NOT(AND(IFERROR(AND(ISNUMBER('Boss Arena'!$D$11),ABS('Boss Arena'!$D$11-Key!$C$105)<=1E-9*MAX(1,ABS(Key!$C$105))),FALSE))),"✘ TRY AGAIN",IF(AND(OR(ISNUMBER(FIND({"=","(",",","+","-","*","/","&"," ","<",">",":","@","^"}&"VALUE"&"(",UPPER(_xlfn.FORMULATEXT('Boss Arena'!$D$11)))))),"✔ CLEAR","✘ CLOSE · right value, but use VALUE"))))),"LOCKED")} -> LOCKED | F31: {=IF(E31="Show hint",Key!$B$105,"")} | G31: {=IF(LEFT(D31,1)="✔",IF(E31="Show hint",5,10),0)} -> 0
A32: B7 | B32: {=IF($C$10="OPEN","In D12 show the date in B12 as text like 04/07/2026 (format ""dd/mm/yyyy"").","LOCKED · earn ★ on every stage to open the Boss gate")} -> LOCKED · earn ★ on every stage to open the Boss gate | C32: ▶ ARENA B7 (cell D12) | D32: {=IF($C$10="OPEN",IF(ISBLANK('Boss Arena'!$D$12),"",IF(NOT(_xlfn.ISFORMULA('Boss Arena'!$D$12)),"✘ That's a typed value · enter a formula",IF(ISERROR('Boss Arena'!$D$12),"✘ Your formula returns "&IFERROR(CHOOSE(ERROR.TYPE('Boss Arena'!$D$12),"#NULL!","#DIV/0!","#VALUE!","#REF!","#NAME?","#NUM!","#N/A","#GETTING_DATA","#SPILL!","#CONNECT!","#BLOCKED!","#UNKNOWN!","#FIELD!","#CALC!"),"an error"),IF(NOT(AND(IFERROR(AND(ISTEXT('Boss Arena'!$D$12),'Boss Arena'!$D$12=Key!$C$106),FALSE))),"✘ TRY AGAIN",IF(AND(OR(ISNUMBER(FIND({"=","(",",","+","-","*","/","&"," ","<",">",":","@","^"}&"TEXT"&"(",UPPER(_xlfn.FORMULATEXT('Boss Arena'!$D$12)))))),"✔ CLEAR","✘ CLOSE · right value, but use TEXT"))))),"LOCKED")} -> LOCKED | F32: {=IF(E32="Show hint",Key!$B$106,"")} | G32: {=IF(LEFT(D32,1)="✔",IF(E32="Show hint",5,10),0)} -> 0
A33: B8 | B33: {=IF($C$10="OPEN","In D13 join the tags in B15:B18 with "" | "", skipping the blank.","LOCKED · earn ★ on every stage to open the Boss gate")} -> LOCKED · earn ★ on every stage to open the Boss gate | C33: ▶ ARENA B8 (cell D13) | D33: {=IF($C$10="OPEN",IF(ISBLANK('Boss Arena'!$D$13),"",IF(NOT(_xlfn.ISFORMULA('Boss Arena'!$D$13)),"✘ That's a typed value · enter a formula",IF(ISERROR('Boss Arena'!$D$13),"✘ Your formula returns "&IFERROR(CHOOSE(ERROR.TYPE('Boss Arena'!$D$13),"#NULL!","#DIV/0!","#VALUE!","#REF!","#NAME?","#NUM!","#N/A","#GETTING_DATA","#SPILL!","#CONNECT!","#BLOCKED!","#UNKNOWN!","#FIELD!","#CALC!"),"an error"),IF(NOT(AND(IFERROR(AND(ISTEXT('Boss Arena'!$D$13),EXACT('Boss Arena'!$D$13,Key!$C$107)),FALSE))),"✘ TRY AGAIN",IF(AND(OR(ISNUMBER(FIND({"=","(",",","+","-","*","/","&"," ","<",">",":","@","^"}&"TEXTJOIN"&"(",UPPER(_xlfn.FORMULATEXT('Boss Arena'!$D$13)))))),"✔ CLEAR","✘ CLOSE · right value, but use TEXTJOIN"))))),"LOCKED")} -> LOCKED | F33: {=IF(E33="Show hint",Key!$B$107,"")} | G33: {=IF(LEFT(D33,1)="✔",IF(E33="Show hint",5,10),0)} -> 0

Sheet Boss Arena
A1: BOSS ARENA ▸ TEXT
A2: Practice area · everything here is editable. Missions and their checks are on the stage sheet.
A3: PASS CODE | B3: WORDSMITH | D3: ◀ Back to Boss
B5: Raw | C5: Task
B6: jo PARK | C6: Tidy name
B7: QX-5512-B | C7: Middle digits
B8: lee@quest.dev | C8: Username
B9: Ada Lovelace | C9: Last name
B10: 2026/12/31 | C10: Dashes instead of /
B11: 77 | C11: As a number
B12: 46207 | C12: Date as dd/mm/yyyy
C13: Tag list
B14: Tags
B15: alpha
B17: beta
B18: gamma

Sheet Cheat Codes
A1: CHEAT CODES ▸ TEXT
A2: Every move from this world on one page. Keep it open while you play, or print it (Ctrl+P).
A4: Stage | B4: Keys / Syntax | C4: What it does | D4: Pro tip
A5: F5-1 | B5: LEFT | C5: LEFT(text, n): the first n characters. | D5: =LEFT("AB-1234-X",2) gives AB.
A6: F5-1 | B6: RIGHT | C6: RIGHT(text, n): the last n characters. | D6: =RIGHT("AB-1234-X",1) gives X.
A7: F5-1 | B7: MID | C7: MID(text, start, n): n characters from position start. | D7: =MID("AB-1234-X",4,4) gives 1234.
A8: F5-1 | B8: LEN | C8: LEN(text): how many characters, spaces included. | D8: Great for spotting extra spaces.
A9: F5-1 | B9: & | C9: Join text with &: =B13&" "&C13. | D9: Add " " between pieces for a space.
A10: F5-2 | B10: TRIM | C10: Remove extra spaces: leading, trailing and doubles. | D10: Imported data is full of hidden spaces.
A11: F5-2 | B11: UPPER | C11: Convert text to CAPITALS. | D11: Handy for codes and IDs.
A12: F5-2 | B12: LOWER | C12: Convert text to lowercase. | D12: Good for email addresses.
A13: F5-2 | B13: PROPER | C13: Capitalize Each Word. | D13: Combine with TRIM to tidy names.
A14: F5-2 | B14: SUBSTITUTE | C14: SUBSTITUTE(text, old, new): replace every old with new. | D14: =SUBSTITUTE(A2,"-","/") turns 2026-03-15 into 2026/03/15.
A15: F5-3 | B15: FIND | C15: FIND(what, text): the position of what. Case-sensitive. | D15: =FIND("@","kim@arcade.io") gives 4.
... A20: F5-4 | B20: VALUE | C20: VALUE(text) turns number-looking text into a real number. | D20: Text "42" can't be summed until VALUE converts it.

Sheet Key
A1: Challenge | B1: Hint | C1: Expected | E1: Lists / per-cell expectations →
A2: F5-1 Cut & Splice W1 | B2: V for vertical. | E2: =VLOOKUP | F2: =VLOOKUP( | G2: =VLOOKUP() | H2: VLOOKUP | I2: VLOOKUP( | J2: VLOOKUP()
A3: F5-1 Cut & Splice W2 | B3: The opposite of TRUE. | E3: 0 | F3: FALSE
A4: F5-1 Cut & Splice W3 | B4: SUMIF plus S. | E4: =SUMIFS | F4: =SUMIFS( | G4: =SUMIFS() | H4: SUMIFS | I4: SUMIFS( | J4: SUMIFS()
A5: F5-1 Cut & Splice W4 | B5: AVERAGEIF plus S. | E5: =AVERAGEIFS | F5: =AVERAGEIFS( | G5: =AVERAGEIFS() | H5: AVERAGEIFS | I5: AVERAGEIFS( | J5: AVERAGEIFS()
A6: F5-1 Cut & Splice W5 | B6: MAX plus IFS. | E6: =MAXIFS | F6: =MAXIFS( | G6: =MAXIFS() | H6: MAXIFS | I6: MAXIFS( | J6: MAXIFS()
A7: F5-1 Cut & Splice W6 | B7: MIN plus IFS. | E7: =MINIFS | F7: =MINIFS( | G7: =MINIFS() | H7: MINIFS | I7: MINIFS( | J7: MINIFS()
A8: F5-1 Cut & Splice W7 | B8: Shift+7. | E8: & | F8: AMPERSAND
A9: F5-1 Cut & Splice W8 | B9: One pair per edge. | E9: 2 | F9: TWO
A10: F5-1 Cut & Splice W9 | B10: Ctrl+Shift plus the + key. | E10: CTRL++ | F10: CTRL+SHIFT++ | G10: CTRL+SHIFT+= | H10: SHIFT+CTRL++ | I10: SHIFT+CTRL+=
A11: F5-1 Cut & Splice W10 | B11: Ctrl plus the minus key. | E11: CTRL+-
A12: F5-1 Cut & Splice T1 | B12: The start side. | C12: LEFT | E12: LEFT | F12: RIGHT | G12: FIND | H12: TEXTJOIN
A13: F5-1 Cut & Splice T2 | B13: The end side. | C13: RIGHT | E13: UPPER | F13: RIGHT | G13: MID | H13: SUBSTITUTE
A14: F5-1 Cut & Splice T3 | B14: Short for middle. | C14: MID | E14: MID | F14: SEARCH | G14: TRIM | H14: LOWER
A15: F5-1 Cut & Splice T4 | B15: Short for length. | C15: LEN | E15: TEXTJOIN | F15: LEN | G15: TEXT | H15: LOWER
A16: F5-1 Cut & Splice T5 | B16: Shift+7. | C16: & | E16: & | F16: LEFT + FIND | G16: (…)*(…) | H16: return 2+ columns
A17: F5-1 Cut & Splice C1 | B17: The start side. | E17: =LEFT | F17: =LEFT( | G17: =LEFT() | H17: LEFT | I17: LEFT( | J17: LEFT()
A18: F5-1 Cut & Splice C2 | B18: The end side. | E18: =RIGHT | F18: =RIGHT( | G18: =RIGHT() | H18: RIGHT | I18: RIGHT( | J18: RIGHT()
A19: F5-1 Cut & Splice C3 | B19: Short for middle. | E19: =MID | F19: =MID( | G19: =MID() | H19: MID | I19: MID( | J19: MID()
A20: F5-1 Cut & Splice C4 | B20: Short for length. | E20: =LEN | F20: =LEN( | G20: =LEN() | H20: LEN | I20: LEN( | J20: LEN()
A21: F5-1 Cut & Splice C5 | B21: Shift+7. | E21: & | F21: AMPERSAND
A22: F5-1 Cut & Splice C6 | B22: =LEFT(B6,2) | C22: {=LEFT('F5-1 Arena'!$B$6,2)} -> AB
A23: F5-1 Cut & Splice C7 | B23: =RIGHT(B6,1) | C23: {=RIGHT('F5-1 Arena'!$B$6,1)} -> X
A24: F5-1 Cut & Splice C8 | B24: =MID(B6,4,4) | C24: {=MID('F5-1 Arena'!$B$6,4,4)} -> 1234
A25: F5-1 Cut & Splice C9 | B25: =LEN(B6) | C25: {=LEN('F5-1 Arena'!$B$6)} -> 9
A26: F5-1 Cut & Splice C10 | B26: Three pieces: B13, " ", C13. | C26: {='F5-1 Arena'!$B$13&" "&'F5-1 Arena'!$C$13} -> Grace Hopper
A27: F5-2 Clean Up W1 | B27: The start side. | E27: =LEFT | F27: =LEFT( | G27: =LEFT() | H27: LEFT | I27: LEFT( | J27: LEFT()
A28: F5-2 Clean Up W2 | B28: The end side. | E28: =RIGHT | F28: =RIGHT( | G28: =RIGHT() | H28: RIGHT | I28: RIGHT( | J28: RIGHT()
A29: F5-2 Clean Up W3 | B29: Short for middle. | E29: =MID | F29: =MID( | G29: =MID() | H29: MID | I29: MID( | J29: MID()
A30: F5-2 Clean Up W4 | B30: Short for length. | E30: =LEN | F30: =LEN( | G30: =LEN() | H30: LEN | I30: LEN( | J30: LEN()
A31: F5-2 Clean Up W5 | B31: Shift+7. | E31: & | F31: AMPERSAND
A32: F5-2 Clean Up W6 | B32: Like a book's index. | E32: =INDEX | F32: =INDEX( | G32: =INDEX() | H32: INDEX | I32: INDEX( | J32: INDEX()
A33: F5-2 Clean Up W7 | B33: It finds a match. | E33: =MATCH | F33: =MATCH( | G33: =MATCH() | H33: MATCH | I33: MATCH( | J33: MATCH()
A34: F5-2 Clean Up W8 | B34: The position finder. | E34: MATCH
A35: F5-2 Clean Up W9 | B35: X plus MATCH. | E35: =XMATCH | F35: =XMATCH( | G35: =XMATCH() | H35: XMATCH | I35: XMATCH( | J35: XMATCH()
A36: F5-2 Clean Up W10 | B36: Ctrl plus a number key. | E36: CTRL+9
A37: F5-2 Clean Up T1 | B37: Trims the edges. | C37: TRIM | E37: FIND | F37: RIGHT | G37: SEARCH | H37: TRIM
A38: F5-2 Clean Up T2 | B38: Upper case. | C38: UPPER | E38: MID | F38: TRIM | G38: LOWER | H38: UPPER
A39: F5-2 Clean Up T3 | B39: Lower case. | C39: LOWER | E39: PROPER | F39: LEFT | G39: SUBSTITUTE | H39: LOWER
A40: F5-2 Clean Up T4 | B40: Proper names. | C40: PROPER | E40: UPPER | F40: PROPER | G40: MID | H40: TEXTJOIN
A41: F5-2 Clean Up T5 | B41: Swap one thing for another. | C41: SUBSTITUTE | E41: RIGHT | F41: SUBSTITUTE | G41: MID | H41: LOWER
A42: F5-2 Clean Up C1 | B42: Trims the edges. | E42: =TRIM | F42: =TRIM( | G42: =TRIM() | H42: TRIM | I42: TRIM( | J42: TRIM()
A43: F5-2 Clean Up C2 | B43: Upper case. | E43: =UPPER | F43: =UPPER( | G43: =UPPER() | H43: UPPER | I43: UPPER( | J43: UPPER()
A44: F5-2 Clean Up C3 | B44: Lower case. | E44: =LOWER | F44: =LOWER( | G44: =LOWER() | H44: LOWER | I44: LOWER( | J44: LOWER()
A45: F5-2 Clean Up C4 | B45: Proper names. | E45: =PROPER | F45: =PROPER( | G45: =PROPER() | H45: PROPER | I45: PROPER( | J45: PROPER()
A46: F5-2 Clean Up C5 | B46: Swap one thing for another. | E46: =SUBSTITUTE | F46: =SUBSTITUTE( | G46: =SUBSTITUTE() | H46: SUBSTITUTE | I46: SUBSTITUTE( | J46: SUBSTITUTE()
A47: F5-2 Clean Up C6 | B47: =TRIM(B6) | C47: {=TRIM('F5-2 Arena'!$B$6)} -> ada LOVELACE
A48: F5-2 Clean Up C7 | B48: =UPPER(B7) | C48: {=UPPER('F5-2 Arena'!$B$7)} -> GRACE HOPPER
A49: F5-2 Clean Up C8 | B49: =LOWER(B8) | C49: {=LOWER('F5-2 Arena'!$B$8)} -> alan turing
A50: F5-2 Clean Up C9 | B50: =SUBSTITUTE(B9,"-","/") | C50: {=SUBSTITUTE('F5-2 Arena'!$B$9,"-","/")} -> 2026/03/15
A51: F5-2 Clean Up C10 | B51: PROPER around TRIM. | C51: {=PROPER(TRIM('F5-2 Arena'!$B$6))} -> Ada Lovelace
A52: F5-3 Find the Gem W1 | B52: Trims the edges. | E52: =TRIM | F52: =TRIM( | G52: =TRIM() | H52: TRIM | I52: TRIM( | J52: TRIM()
A53: F5-3 Find the Gem W2 | B53: Upper case. | E53: =UPPER | F53: =UPPER( | G53: =UPPER() | H53: UPPER | I53: UPPER( | J53: UPPER()
A54: F5-3 Find the Gem W3 | B54: Lower case. | E54: =LOWER | F54: =LOWER( | G54: =LOWER() | H54: LOWER | I54: LOWER( | J54: LOWER()
A55: F5-3 Find the Gem W4 | B55: Proper names. | E55: =PROPER | F55: =PROPER( | G55: =PROPER() | H55: PROPER | I55: PROPER( | J55: PROPER()
A56: F5-3 Find the Gem W5 | B56: Swap one thing for another. | E56: =SUBSTITUTE | F56: =SUBSTITUTE( | G56: =SUBSTITUTE() | H56: SUBSTITUTE | I56: SUBSTITUTE( | J56: SUBSTITUTE()
A57: F5-3 Find the Gem W6 | B57: Minus one. | E57: -1
A58: F5-3 Find the Gem W7 | B58: Low to high. | E58: A-Z | F58: ASCENDING | G58: ATOZ | H58: SMALLESTTOLARGEST
A59: F5-3 Find the Gem W8 | B59: Ctrl plus zero. | E59: CTRL+0
A60: F5-3 Find the Gem W9 | B60: Shift plus F11. | E60: ALT+SHIFT+F1 | F60: SHIFT+ALT+F1 | G60: SHIFT+F11
A61: F5-3 Find the Gem W10 | B61: Alt, H, O, R one after another. | E61: ALT+H+O+R | F61: ALT+H,O,R | G61: ALT+H>O>R | H61: ALT+HOR | I61: ALT,H+O+R | J61: ALT,H,O,R | K61: ALT,H>O>R | L61: ALT,HOR | M61: ALT>H+O+R | N61: ALT>H,O,R | O61: ALT>H>O>R | P61: ALT>HOR | Q61: ALTH+O+R | R61: ALTH,O,R | S61: ALTH>O>R | T61: ALTHOR
A62: F5-3 Find the Gem T1 | B62: It finds things. | C62: FIND | E62: FIND | F62: LEFT | G62: SUBSTITUTE | H62: UPPER
A63: F5-3 Find the Gem T2 | B63: Like FIND, but case-blind. | C63: SEARCH | E63: FIND | F63: LEFT | G63: SEARCH | H63: TRIM
A64: F5-3 Find the Gem T3 | B64: The position finder. | C64: LEFT + FIND | E64: & | F64: "text" | G64: LEFT + FIND | H64: SORT(UNIQUE(…))
A65: F5-3 Find the Gem C1 | B65: It finds things. | E65: =FIND | F65: =FIND( | G65: =FIND() | H65: FIND | I65: FIND( | J65: FIND()
A66: F5-3 Find the Gem C2 | B66: Like FIND, but case-blind. | E66: =SEARCH | F66: =SEARCH( | G66: =SEARCH() | H66: SEARCH | I66: SEARCH( | J66: SEARCH()
A67: F5-3 Find the Gem C3 | B67: The position finder. | E67: FIND
A68: F5-3 Find the Gem C4 | B68: =FIND("@",B6) | C68: {=FIND("@",'F5-3 Arena'!$B$6)} -> 4
A69: F5-3 Find the Gem C5 | B69: SEARCH is case-blind. | C69: {=SEARCH("ARCADE",'F5-3 Arena'!$B$6)} -> 5
A70: F5-3 Find the Gem C6 | B70: =LEFT(B6,FIND("@",B6)-1) | C70: {=LEFT('F5-3 Arena'!$B$6,FIND("@",'F5-3 Arena'!$B$6)-1)} -> kim
A71: F5-3 Find the Gem C7 | B71: =MID(B7,FIND(" ",B7)+1,100) | C71: {=MID('F5-3 Arena'!$B$7,FIND(" ",'F5-3 Arena'!$B$7)+1,100)} -> Hopper
A72: F5-4 Assemble W1 | B72: It finds things. | E72: =FIND | F72: =FIND( | G72: =FIND() | H72: FIND | I72: FIND( | J72: FIND()
A73: F5-4 Assemble W2 | B73: Like FIND, but case-blind. | E73: =SEARCH | F73: =SEARCH( | G73: =SEARCH() | H73: SEARCH | I73: SEARCH( | J73: SEARCH()
A74: F5-4 Assemble W3 | B74: The position finder. | E74: FIND
A75: F5-4 Assemble W4 | B75: S for Save. | E75: CTRL+S
A76: F5-4 Assemble W5 | B76: The last function key. | E76: F12
A77: F5-4 Assemble W6 | B77: N for New. | E77: CTRL+N
A78: F5-4 Assemble W7 | B78: O for Open. | E78: CTRL+O
A79: F5-4 Assemble W8 | B79: W for Window. | E79: CTRL+W
A80: F5-4 Assemble W9 | B80: P for Print. | E80: CTRL+P
A81: F5-4 Assemble W10 | B81: F for Find. | E81: CTRL+F
A82: F5-4 Assemble T1 | B82: TEXT plus JOIN. | C82: TEXTJOIN | E82: LOWER | F82: VALUE | G82: TEXTJOIN | H82: LEN
A83: F5-4 Assemble T2 | B83: Four letters. | C83: TEXT | E83: TEXT | F83: PROPER | G83: UPPER | H83: LEN
A84: F5-4 Assemble T3 | B84: The opposite of TEXT. | C84: VALUE | E84: PROPER | F84: LOWER | G84: TEXT | H84: VALUE
A85: F5-4 Assemble C1 | B85: TEXT plus JOIN. | E85: =TEXTJOIN | F85: =TEXTJOIN( | G85: =TEXTJOIN() | H85: TEXTJOIN | I85: TEXTJOIN( | J85: TEXTJOIN()
A86: F5-4 Assemble C2 | B86: Four letters. | E86: =TEXT | F86: =TEXT( | G86: =TEXT() | H86: TEXT | I86: TEXT( | J86: TEXT()
A87: F5-4 Assemble C3 | B87: The opposite of TEXT. | E87: =VALUE | F87: =VALUE( | G87: =VALUE() | H87: VALUE | I87: VALUE( | J87: VALUE()
A88: F5-4 Assemble C4 | B88: TRUE ignores empty cells. | C88: {=_xlfn.TEXTJOIN(", ",TRUE,'F5-4 Arena'!$B$6:$B$10)} -> red, green, blue, gold
A89: F5-4 Assemble C5 | B89: =TEXT(B12,"yyyy-mm-dd") | C89: {=TEXT('F5-4 Arena'!$B$12,"yyyy-mm-dd")} -> 2026-03-15
A90: F5-4 Assemble C6 | B90: =VALUE(B14) | C90: {=VALUE('F5-4 Arena'!$B$14)} -> 42
A91: F5-4 Assemble C7 | B91: ="Total: "&TEXT(B16,"$#,##0.00") | C91: {="Total: "&TEXT('F5-4 Arena'!$B$16,"$#,##0.00")} -> Total: $1,234.50
A92: Boss F1 | B92: TEXT plus JOIN. | E92: =TEXTJOIN | F92: =TEXTJOIN( | G92: =TEXTJOIN() | H92: TEXTJOIN | I92: TEXTJOIN( | J92: TEXTJOIN()
A93: Boss F2 | B93: Four letters. | E93: =TEXT | F93: =TEXT( | G93: =TEXT() | H93: TEXT | I93: TEXT( | J93: TEXT()
A94: Boss F3 | B94: The opposite of TEXT. | E94: =VALUE | F94: =VALUE( | G94: =VALUE() | H94: VALUE | I94: VALUE( | J94: VALUE()
A95: Boss F4 | B95: The start side. | E95: =LEFT | F95: =LEFT( | G95: =LEFT() | H95: LEFT | I95: LEFT( | J95: LEFT()
A96: Boss F5 | B96: The end side. | E96: =RIGHT | F96: =RIGHT( | G96: =RIGHT() | H96: RIGHT | I96: RIGHT( | J96: RIGHT()
A97: Boss F6 | B97: Short for middle. | E97: =MID | F97: =MID( | G97: =MID() | H97: MID | I97: MID( | J97: MID()
A98: Boss F7 | B98: Short for length. | E98: =LEN | F98: =LEN( | G98: =LEN() | H98: LEN | I98: LEN( | J98: LEN()
A99: Boss F8 | B99: Shift+7. | E99: & | F99: AMPERSAND
A100: Boss B1 | B100: PROPER(TRIM(…)). | C100: {=PROPER(TRIM('Boss Arena'!$B$6))} -> Jo Park
...
