Workbook

Sheet Start
A1: FORMULAS 7 ▸ DYNAMIC ARRAYS
A2: One formula, many results: SEQUENCE, FILTER, SORT, UNIQUE and LET.
A4: HOW TO PLAY
A5: 1 · Each stage: read the BRIEFING, then answer WARM-UP, TRAINING and CHALLENGES.
A6: 2 · Yellow cells are yours: type, pick from a list (Alt+↓), or follow a ▶ ARENA link and do the move there.
A7: 3 · ✔ CLEAR = right · ✘ = try again · · not yet = drill not done. Stuck? Pick 'Show hint' (5 XP instead of 10).
A8: 4 · Formatting or hiding drills: press F9 to refresh the check. Tab jumps between yellow cells.
A9: Needs Windows with Microsoft Excel 365 or 2021+ (English). In Protected View, click Enable Editing.
A11: STAGE SELECT
A12: Stage | B12: Name | C12: Score | D12: Stars | E12: Status | F12: Go
A13: F7-1 | B13: Spill Zone | C13: {=SUM('F7-1 Spill Zone'!$G$14:$G$41)&" / 210"} -> 0 / 210 | D13: {=IF(SUM('F7-1 Spill Zone'!$G$14:$G$41)>=210,"★★★",IF(SUM('F7-1 Spill Zone'!$G$14:$G$41)>=210*0.8,"★★☆",IF(SUM('F7-1 Spill Zone'!$G$14:$G$41)>=210*0.5,"★☆☆","☆☆☆")))} -> ☆☆☆ | E13: {=IF(SUM('F7-1 Spill Zone'!$G$14:$G$41)>=210,"PERFECT",IF(SUM('F7-1 Spill Zone'!$G$14:$G$41)>=210*0.5,"CLEARED",IF(SUM('F7-1 Spill Zone'!$G$14:$G$41)>0,"IN PROGRESS","NEW")))} -> NEW | F13: Go to F7-1 Spill Zone
A14: F7-2 | B14: Sifter | C14: {=SUM('F7-2 Sifter'!$G$13:$G$38)&" / 190"} -> 0 / 190 | D14: {=IF(SUM('F7-2 Sifter'!$G$13:$G$38)>=190,"★★★",IF(SUM('F7-2 Sifter'!$G$13:$G$38)>=190*0.8,"★★☆",IF(SUM('F7-2 Sifter'!$G$13:$G$38)>=190*0.5,"★☆☆","☆☆☆")))} -> ☆☆☆ | E14: {=IF(SUM('F7-2 Sifter'!$G$13:$G$38)>=190,"PERFECT",IF(SUM('F7-2 Sifter'!$G$13:$G$38)>=190*0.5,"CLEARED",IF(SUM('F7-2 Sifter'!$G$13:$G$38)>0,"IN PROGRESS","NEW")))} -> NEW | F14: Go to F7-2 Sifter
A15: F7-3 | B15: Sorter | C15: {=SUM('F7-3 Sorter'!$G$13:$G$39)&" / 200"} -> 0 / 200 | D15: {=IF(SUM('F7-3 Sorter'!$G$13:$G$39)>=200,"★★★",IF(SUM('F7-3 Sorter'!$G$13:$G$39)>=200*0.8,"★★☆",IF(SUM('F7-3 Sorter'!$G$13:$G$39)>=200*0.5,"★☆☆","☆☆☆")))} -> ☆☆☆ | E15: {=IF(SUM('F7-3 Sorter'!$G$13:$G$39)>=200,"PERFECT",IF(SUM('F7-3 Sorter'!$G$13:$G$39)>=200*0.5,"CLEARED",IF(SUM('F7-3 Sorter'!$G$13:$G$39)>0,"IN PROGRESS","NEW")))} -> NEW | F15: Go to F7-3 Sorter
A16: F7-4 | B16: Combo | C16: {=SUM('F7-4 Combo'!$G$12:$G$36)&" / 180"} -> 0 / 180 | D16: {=IF(SUM('F7-4 Combo'!$G$12:$G$36)>=180,"★★★",IF(SUM('F7-4 Combo'!$G$12:$G$36)>=180*0.8,"★★☆",IF(SUM('F7-4 Combo'!$G$12:$G$36)>=180*0.5,"★☆☆","☆☆☆")))} -> ☆☆☆ | E16: {=IF(SUM('F7-4 Combo'!$G$12:$G$36)>=180,"PERFECT",IF(SUM('F7-4 Combo'!$G$12:$G$36)>=180*0.5,"CLEARED",IF(SUM('F7-4 Combo'!$G$12:$G$36)>0,"IN PROGRESS","NEW")))} -> NEW | F16: Go to F7-4 Combo
A17: BOSS | B17: Boss | C17: {=SUM(Boss!$G$14:$G$35)&" / 180"} -> 0 / 180 | D17: {=IF(SUM(Boss!$G$14:$G$35)>=180,"★★★",IF(SUM(Boss!$G$14:$G$35)>=180*0.8,"★★☆",IF(SUM(Boss!$G$14:$G$35)>=180*0.5,"★☆☆","☆☆☆")))} -> ☆☆☆ | E17: {=IF(Boss!$C$10="OPEN",IF(SUM(Boss!$G$14:$G$35)>=180*0.5,"DEFEATED","OPEN"),"LOCKED")} -> LOCKED | F17: Go to the Boss
A19: TOTAL SCORE | B19: {=(SUM('F7-1 Spill Zone'!$G$14:$G$41)+SUM('F7-2 Sifter'!$G$13:$G$38)+SUM('F7-3 Sorter'!$G$13:$G$39)+SUM('F7-4 Combo'!$G$12:$G$36)+SUM(Boss!$G$14:$G$35))&" / 960"} -> 0 / 960
A20: RANK | B20: {=_xlfn.LET(_xlpm.p,(SUM('F7-1 Spill Zone'!$G$14:$G$41)+SUM('F7-2 Sifter'!$G$13:$G$38)+SUM('F7-3 Sorter'!$G$13:$G$39)+SUM('F7-4 Combo'!$G$12:$G$36)+SUM(Boss!$G$14:$G$35))/960,IF(AND(_xlpm.p>=1,ISNUMBER(Boss!$C$8),Boss!$C$8<=15),"S",IF(_xlpm.p>=0.9,"A",IF(_xlpm.p>=0.75,"B",IF(_xlpm.p>=0.5,"C","D")))))} -> D | C20: S = 100% and under par · A ≥ 90% · B ≥ 75% · C ≥ 50%
A21: BEST TIME | B21: {=IF(ISNUMBER(Boss!$C$8),Boss!$C$8&" min (par 15)","—")} -> —
A22: NEXT UP | B22: {=IFERROR(INDEX($A$13:$A$16,MATCH("☆☆☆",$D$13:$D$16,0))&" "&INDEX($B$13:$B$16,MATCH("☆☆☆",$D$13:$D$16,0)),IF(Start!$E$17="DEFEATED","All clear! Aim for rank S","the Boss"))} -> F7-1 Spill Zone
A24: Replay a stage: select a run of its yellow cells (Ctrl+click to add more), then press Delete. Undo an arena drill with Ctrl+Z.

Sheet F7-1 Spill Zone
A1: STAGE F7-1 ▸ SPILL ZONE
A2: Goal: let one formula fill many cells
A3: {="SCORE "&TEXT(SUM($G$14:$G$41),"0000")&" / 0210"} -> SCORE 0000 / 0210 | C3: {=IF(SUM($G$14:$G$41)>=210,"★★★",IF(SUM($G$14:$G$41)>=210*0.8,"★★☆",IF(SUM($G$14:$G$41)>=210*0.5,"★☆☆","☆☆☆")))} -> ☆☆☆ | D3: {=REPT("█",ROUND(10*SUM($G$14:$G$41)/210,0))&REPT("░",10-ROUND(10*SUM($G$14:$G$41)/210,0))&" "&TEXT(SUM($G$14:$G$41)/210,"0%")} -> ░░░░░░░░░░ 0% | F3: {=IF(SUM($G$14:$G$41)>=210*0.5,"STAGE CLEAR! ▶ Next: F7-2 Sifter","")}
A5: BRIEFING · new moves in this stage
A6: # | B6: What it does · Pro tip | C6: Keys / Syntax
A7: 1 | B7: One formula can return many values; they spill into the cells around it. Tip: Edit only the top-left cell; the rest follow. | C7: spill
A8: 2 | B8: #SPILL! means something is in the way of the results. Tip: Clear the blocking cells and the results appear. | C8: #SPILL!
A9: 3 | B9: Add # after the top-left cell to refer to the whole spill. Tip: =SUM(H5#) grows and shrinks with the spill. | C9: H5#
A10: 4 | B10: SEQUENCE(rows) spills the numbers 1, 2, 3 … Tip: =SEQUENCE(4,1,10,10) spills 10, 20, 30, 40. | C10: SEQUENCE
A12: WARM-UP · flashback to earlier stages
A13: # | B13: Mission | C13: Your answer | D13: Result | E13: Hint? | F13: Hint | G13: XP
A14: W1 | B14: Which function returns today's date? (from F6-1 Calendar) | D14: {=IFERROR(_xlfn.LET(_xlpm.a,'F7-1 Spill Zone'!$C$14,IF(TRIM(_xlpm.a&"")="","",IF(OR(SUBSTITUTE(SUBSTITUTE(SUBSTITUTE(SUBSTITUTE(SUBSTITUTE(SUBSTITUTE(SUBSTITUTE(SUBSTITUTE(SUBSTITUTE(SUBSTITUTE(SUBSTITUTE(SUBSTITUTE(SUBSTITUTE(SUBSTITUTE(SUBSTITUTE(SUBSTITUTE(SUBSTITUTE(SUBSTITUTE(SUBSTITUTE(SUBSTITUTE(SUBSTITUTE(SUBSTITUTE(SUBSTITUTE(SUBSTITUTE(SUBSTITUTE(SUBSTITUTE(SUBSTITUTE(UPPER(_xlpm.a)," ",""),"CONTROL","CTRL"),"CTL","CTRL"),"ESCAPE","ESC"),"RETURN","ENTER"),"PAGEDOWN","PGDN"),"PGDOWN","PGDN"),"PAGEUP","PGUP"),"ARROWKEYS","ARROW"),"ARROWKEY","ARROW"),"ARROWS","ARROW"),"DOWNARROW","DOWN"),"UPARROW","UP"),"LEFTARROW","LEFT"),"RIGHTARROW","RIGHT"),"ARROWDOWN","DOWN"),"ARROWUP","UP"),"ARROWLEFT","LEFT"),"ARROWRIGHT","RIGHT"),"↓","DOWN"),"↑","UP"),"←","LEFT"),"→","RIGHT"),"SPACEBAR","SPACE"),"−","-"),"MINUS","-"),"PLUS","+")=Key!$E$2:$J$2),"✔ CLEAR","✘ TRY AGAIN"))),"✘ TRY AGAIN")} | F14: {=IF(E14="Show hint",Key!$B$2,"")} | G14: {=IF(LEFT(D14,1)="✔",IF(E14="Show hint",5,10),0)} -> 0
A15: W2 | B15: Which function returns the current date and time? (from F6-1 Calendar) | D15: {=IFERROR(_xlfn.LET(_xlpm.a,'F7-1 Spill Zone'!$C$15,IF(TRIM(_xlpm.a&"")="","",IF(OR(SUBSTITUTE(SUBSTITUTE(SUBSTITUTE(SUBSTITUTE(SUBSTITUTE(SUBSTITUTE(SUBSTITUTE(SUBSTITUTE(SUBSTITUTE(SUBSTITUTE(SUBSTITUTE(SUBSTITUTE(SUBSTITUTE(SUBSTITUTE(SUBSTITUTE(SUBSTITUTE(SUBSTITUTE(SUBSTITUTE(SUBSTITUTE(SUBSTITUTE(SUBSTITUTE(SUBSTITUTE(SUBSTITUTE(SUBSTITUTE(SUBSTITUTE(SUBSTITUTE(SUBSTITUTE(UPPER(_xlpm.a)," ",""),"CONTROL","CTRL"),"CTL","CTRL"),"ESCAPE","ESC"),"RETURN","ENTER"),"PAGEDOWN","PGDN"),"PGDOWN","PGDN"),"PAGEUP","PGUP"),"ARROWKEYS","ARROW"),"ARROWKEY","ARROW"),"ARROWS","ARROW"),"DOWNARROW","DOWN"),"UPARROW","UP"),"LEFTARROW","LEFT"),"RIGHTARROW","RIGHT"),"ARROWDOWN","DOWN"),"ARROWUP","UP"),"ARROWLEFT","LEFT"),"ARROWRIGHT","RIGHT"),"↓","DOWN"),"↑","UP"),"←","LEFT"),"→","RIGHT"),"SPACEBAR","SPACE"),"−","-"),"MINUS","-"),"PLUS","+")=Key!$E$3:$J$3),"✔ CLEAR","✘ TRY AGAIN"))),"✘ TRY AGAIN")} | F15: {=IF(E15="Show hint",Key!$B$3,"")} | G15: {=IF(LEFT(D15,1)="✔",IF(E15="Show hint",5,10),0)} -> 0
A16: W3 | B16: Which function builds a date from a year, month and day? (from F6-1 Calendar) | D16: {=IFERROR(_xlfn.LET(_xlpm.a,'F7-1 Spill Zone'!$C$16,IF(TRIM(_xlpm.a&"")="","",IF(OR(SUBSTITUTE(SUBSTITUTE(SUBSTITUTE(SUBSTITUTE(SUBSTITUTE(SUBSTITUTE(SUBSTITUTE(SUBSTITUTE(SUBSTITUTE(SUBSTITUTE(SUBSTITUTE(SUBSTITUTE(SUBSTITUTE(SUBSTITUTE(SUBSTITUTE(SUBSTITUTE(SUBSTITUTE(SUBSTITUTE(SUBSTITUTE(SUBSTITUTE(SUBSTITUTE(SUBSTITUTE(SUBSTITUTE(SUBSTITUTE(SUBSTITUTE(SUBSTITUTE(SUBSTITUTE(UPPER(_xlpm.a)," ",""),"CONTROL","CTRL"),"CTL","CTRL"),"ESCAPE","ESC"),"RETURN","ENTER"),"PAGEDOWN","PGDN"),"PGDOWN","PGDN"),"PAGEUP","PGUP"),"ARROWKEYS","ARROW"),"ARROWKEY","ARROW"),"ARROWS","ARROW"),"DOWNARROW","DOWN"),"UPARROW","UP"),"LEFTARROW","LEFT"),"RIGHTARROW","RIGHT"),"ARROWDOWN","DOWN"),"ARROWUP","UP"),"ARROWLEFT","LEFT"),"ARROWRIGHT","RIGHT"),"↓","DOWN"),"↑","UP"),"←","LEFT"),"→","RIGHT"),"SPACEBAR","SPACE"),"−","-"),"MINUS","-"),"PLUS","+")=Key!$E$4:$J$4),"✔ CLEAR","✘ TRY AGAIN"))),"✘ TRY AGAIN")} | F16: {=IF(E16="Show hint",Key!$B$4,"")} | G16: {=IF(LEFT(D16,1)="✔",IF(E16="Show hint",5,10),0)} -> 0
A17: W4 | B17: Which function returns the year of a date? (from F6-1 Calendar) | D17: {=IFERROR(_xlfn.LET(_xlpm.a,'F7-1 Spill Zone'!$C$17,IF(TRIM(_xlpm.a&"")="","",IF(OR(SUBSTITUTE(SUBSTITUTE(SUBSTITUTE(SUBSTITUTE(SUBSTITUTE(SUBSTITUTE(SUBSTITUTE(SUBSTITUTE(SUBSTITUTE(SUBSTITUTE(SUBSTITUTE(SUBSTITUTE(SUBSTITUTE(SUBSTITUTE(SUBSTITUTE(SUBSTITUTE(SUBSTITUTE(SUBSTITUTE(SUBSTITUTE(SUBSTITUTE(SUBSTITUTE(SUBSTITUTE(SUBSTITUTE(SUBSTITUTE(SUBSTITUTE(SUBSTITUTE(SUBSTITUTE(UPPER(_xlpm.a)," ",""),"CONTROL","CTRL"),"CTL","CTRL"),"ESCAPE","ESC"),"RETURN","ENTER"),"PAGEDOWN","PGDN"),"PGDOWN","PGDN"),"PAGEUP","PGUP"),"ARROWKEYS","ARROW"),"ARROWKEY","ARROW"),"ARROWS","ARROW"),"DOWNARROW","DOWN"),"UPARROW","UP"),"LEFTARROW","LEFT"),"RIGHTARROW","RIGHT"),"ARROWDOWN","DOWN"),"ARROWUP","UP"),"ARROWLEFT","LEFT"),"ARROWRIGHT","RIGHT"),"↓","DOWN"),"↑","UP"),"←","LEFT"),"→","RIGHT"),"SPACEBAR","SPACE"),"−","-"),"MINUS","-"),"PLUS","+")=Key!$E$5:$J$5),"✔ CLEAR","✘ TRY AGAIN"))),"✘ TRY AGAIN")} | F17: {=IF(E17="Show hint",Key!$B$5,"")} | G17: {=IF(LEFT(D17,1)="✔",IF(E17="Show hint",5,10),0)} -> 0
A18: W5 | B18: Which function returns the month number of a date? (from F6-1 Calendar) | D18: {=IFERROR(_xlfn.LET(_xlpm.a,'F7-1 Spill Zone'!$C$18,IF(TRIM(_xlpm.a&"")="","",IF(OR(SUBSTITUTE(SUBSTITUTE(SUBSTITUTE(SUBSTITUTE(SUBSTITUTE(SUBSTITUTE(SUBSTITUTE(SUBSTITUTE(SUBSTITUTE(SUBSTITUTE(SUBSTITUTE(SUBSTITUTE(SUBSTITUTE(SUBSTITUTE(SUBSTITUTE(SUBSTITUTE(SUBSTITUTE(SUBSTITUTE(SUBSTITUTE(SUBSTITUTE(SUBSTITUTE(SUBSTITUTE(SUBSTITUTE(SUBSTITUTE(SUBSTITUTE(SUBSTITUTE(SUBSTITUTE(UPPER(_xlpm.a)," ",""),"CONTROL","CTRL"),"CTL","CTRL"),"ESCAPE","ESC"),"RETURN","ENTER"),"PAGEDOWN","PGDN"),"PGDOWN","PGDN"),"PAGEUP","PGUP"),"ARROWKEYS","ARROW"),"ARROWKEY","ARROW"),"ARROWS","ARROW"),"DOWNARROW","DOWN"),"UPARROW","UP"),"LEFTARROW","LEFT"),"RIGHTARROW","RIGHT"),"ARROWDOWN","DOWN"),"ARROWUP","UP"),"ARROWLEFT","LEFT"),"ARROWRIGHT","RIGHT"),"↓","DOWN"),"↑","UP"),"←","LEFT"),"→","RIGHT"),"SPACEBAR","SPACE"),"−","-"),"MINUS","-"),"PLUS","+")=Key!$E$6:$J$6),"✔ CLEAR","✘ TRY AGAIN"))),"✘ TRY AGAIN")} | F18: {=IF(E18="Show hint",Key!$B$6,"")} | G18: {=IF(LEFT(D18,1)="✔",IF(E18="Show hint",5,10),0)} -> 0
A19: W6 | B19: Which function returns the day of the month? (from F6-1 Calendar) | D19: {=IFERROR(_xlfn.LET(_xlpm.a,'F7-1 Spill Zone'!$C$19,IF(TRIM(_xlpm.a&"")="","",IF(OR(SUBSTITUTE(SUBSTITUTE(SUBSTITUTE(SUBSTITUTE(SUBSTITUTE(SUBSTITUTE(SUBSTITUTE(SUBSTITUTE(SUBSTITUTE(SUBSTITUTE(SUBSTITUTE(SUBSTITUTE(SUBSTITUTE(SUBSTITUTE(SUBSTITUTE(SUBSTITUTE(SUBSTITUTE(SUBSTITUTE(SUBSTITUTE(SUBSTITUTE(SUBSTITUTE(SUBSTITUTE(SUBSTITUTE(SUBSTITUTE(SUBSTITUTE(SUBSTITUTE(SUBSTITUTE(UPPER(_xlpm.a)," ",""),"CONTROL","CTRL"),"CTL","CTRL"),"ESCAPE","ESC"),"RETURN","ENTER"),"PAGEDOWN","PGDN"),"PGDOWN","PGDN"),"PAGEUP","PGUP"),"ARROWKEYS","ARROW"),"ARROWKEY","ARROW"),"ARROWS","ARROW"),"DOWNARROW","DOWN"),"UPARROW","UP"),"LEFTARROW","LEFT"),"RIGHTARROW","RIGHT"),"ARROWDOWN","DOWN"),"ARROWUP","UP"),"ARROWLEFT","LEFT"),"ARROWRIGHT","RIGHT"),"↓","DOWN"),"↑","UP"),"←","LEFT"),"→","RIGHT"),"SPACEBAR","SPACE"),"−","-"),"MINUS","-"),"PLUS","+")=Key!$E$7:$J$7),"✔ CLEAR","✘ TRY AGAIN"))),"✘ TRY AGAIN")} | F19: {=IF(E19="Show hint",Key!$B$7,"")} | G19: {=IF(LEFT(D19,1)="✔",IF(E19="Show hint",5,10),0)} -> 0
A20: W7 | B20: Which function returns the day of the week as a number? (from F6-1 Calendar) | D20: {=IFERROR(_xlfn.LET(_xlpm.a,'F7-1 Spill Zone'!$C$20,IF(TRIM(_xlpm.a&"")="","",IF(OR(SUBSTITUTE(SUBSTITUTE(SUBSTITUTE(SUBSTITUTE(SUBSTITUTE(SUBSTITUTE(SUBSTITUTE(SUBSTITUTE(SUBSTITUTE(SUBSTITUTE(SUBSTITUTE(SUBSTITUTE(SUBSTITUTE(SUBSTITUTE(SUBSTITUTE(SUBSTITUTE(SUBSTITUTE(SUBSTITUTE(SUBSTITUTE(SUBSTITUTE(SUBSTITUTE(SUBSTITUTE(SUBSTITUTE(SUBSTITUTE(SUBSTITUTE(SUBSTITUTE(SUBSTITUTE(UPPER(_xlpm.a)," ",""),"CONTROL","CTRL"),"CTL","CTRL"),"ESCAPE","ESC"),"RETURN","ENTER"),"PAGEDOWN","PGDN"),"PGDOWN","PGDN"),"PAGEUP","PGUP"),"ARROWKEYS","ARROW"),"ARROWKEY","ARROW"),"ARROWS","ARROW"),"DOWNARROW","DOWN"),"UPARROW","UP"),"LEFTARROW","LEFT"),"RIGHTARROW","RIGHT"),"ARROWDOWN","DOWN"),"ARROWUP","UP"),"ARROWLEFT","LEFT"),"ARROWRIGHT","RIGHT"),"↓","DOWN"),"↑","UP"),"←","LEFT"),"→","RIGHT"),"SPACEBAR","SPACE"),"−","-"),"MINUS","-"),"PLUS","+")=Key!$E$8:$J$8),"✔ CLEAR","✘ TRY AGAIN"))),"✘ TRY AGAIN")} | F20: {=IF(E20="Show hint",Key!$B$8,"")} | G20: {=IF(LEFT(D20,1)="✔",IF(E20="Show hint",5,10),0)} -> 0
A21: W8 | B21: Which function returns the item at a given position in a range? (from F4-4 Power Couple) | D21: {=IFERROR(_xlfn.LET(_xlpm.a,'F7-1 Spill Zone'!$C$21,IF(TRIM(_xlpm.a&"")="","",IF(OR(SUBSTITUTE(SUBSTITUTE(SUBSTITUTE(SUBSTITUTE(SUBSTITUTE(SUBSTITUTE(SUBSTITUTE(SUBSTITUTE(SUBSTITUTE(SUBSTITUTE(SUBSTITUTE(SUBSTITUTE(SUBSTITUTE(SUBSTITUTE(SUBSTITUTE(SUBSTITUTE(SUBSTITUTE(SUBSTITUTE(SUBSTITUTE(SUBSTITUTE(SUBSTITUTE(SUBSTITUTE(SUBSTITUTE(SUBSTITUTE(SUBSTITUTE(SUBSTITUTE(SUBSTITUTE(UPPER(_xlpm.a)," ",""),"CONTROL","CTRL"),"CTL","CTRL"),"ESCAPE","ESC"),"RETURN","ENTER"),"PAGEDOWN","PGDN"),"PGDOWN","PGDN"),"PAGEUP","PGUP"),"ARROWKEYS","ARROW"),"ARROWKEY","ARROW"),"ARROWS","ARROW"),"DOWNARROW","DOWN"),"UPARROW","UP"),"LEFTARROW","LEFT"),"RIGHTARROW","RIGHT"),"ARROWDOWN","DOWN"),"ARROWUP","UP"),"ARROWLEFT","LEFT"),"ARROWRIGHT","RIGHT"),"↓","DOWN"),"↑","UP"),"←","LEFT"),"→","RIGHT"),"SPACEBAR","SPACE"),"−","-"),"MINUS","-"),"PLUS","+")=Key!$E$9:$J$9),"✔ CLEAR","✘ TRY AGAIN"))),"✘ TRY AGAIN")} | F21: {=IF(E21="Show hint",Key!$B$9,"")} | G21: {=IF(LEFT(D21,1)="✔",IF(E21="Show hint",5,10),0)} -> 0
A22: W9 | B22: Which function returns the position of a value in a range? (from F4-4 Power Couple) | D22: {=IFERROR(_xlfn.LET(_xlpm.a,'F7-1 Spill Zone'!$C$22,IF(TRIM(_xlpm.a&"")="","",IF(OR(SUBSTITUTE(SUBSTITUTE(SUBSTITUTE(SUBSTITUTE(SUBSTITUTE(SUBSTITUTE(SUBSTITUTE(SUBSTITUTE(SUBSTITUTE(SUBSTITUTE(SUBSTITUTE(SUBSTITUTE(SUBSTITUTE(SUBSTITUTE(SUBSTITUTE(SUBSTITUTE(SUBSTITUTE(SUBSTITUTE(SUBSTITUTE(SUBSTITUTE(SUBSTITUTE(SUBSTITUTE(SUBSTITUTE(SUBSTITUTE(SUBSTITUTE(SUBSTITUTE(SUBSTITUTE(UPPER(_xlpm.a)," ",""),"CONTROL","CTRL"),"CTL","CTRL"),"ESCAPE","ESC"),"RETURN","ENTER"),"PAGEDOWN","PGDN"),"PGDOWN","PGDN"),"PAGEUP","PGUP"),"ARROWKEYS","ARROW"),"ARROWKEY","ARROW"),"ARROWS","ARROW"),"DOWNARROW","DOWN"),"UPARROW","UP"),"LEFTARROW","LEFT"),"RIGHTARROW","RIGHT"),"ARROWDOWN","DOWN"),"ARROWUP","UP"),"ARROWLEFT","LEFT"),"ARROWRIGHT","RIGHT"),"↓","DOWN"),"↑","UP"),"←","LEFT"),"→","RIGHT"),"SPACEBAR","SPACE"),"−","-"),"MINUS","-"),"PLUS","+")=Key!$E$10:$J$10),"✔ CLEAR","✘ TRY AGAIN"))),"✘ TRY AGAIN")} | F22: {=IF(E22="Show hint",Key!$B$10,"")} | G22: {=IF(LEFT(D22,1)="✔",IF(E22="Show hint",5,10),0)} -> 0
A23: W10 | B23: Which function goes inside INDEX to find the row position? (from F4-4 Power Couple) | D23: {=IFERROR(_xlfn.LET(_xlpm.a,'F7-1 Spill Zone'!$C$23,IF(TRIM(_xlpm.a&"")="","",IF(OR(SUBSTITUTE(SUBSTITUTE(SUBSTITUTE(SUBSTITUTE(SUBSTITUTE(SUBSTITUTE(SUBSTITUTE(SUBSTITUTE(SUBSTITUTE(SUBSTITUTE(SUBSTITUTE(SUBSTITUTE(SUBSTITUTE(SUBSTITUTE(SUBSTITUTE(SUBSTITUTE(SUBSTITUTE(SUBSTITUTE(SUBSTITUTE(SUBSTITUTE(SUBSTITUTE(SUBSTITUTE(SUBSTITUTE(SUBSTITUTE(SUBSTITUTE(SUBSTITUTE(SUBSTITUTE(UPPER(_xlpm.a)," ",""),"CONTROL","CTRL"),"CTL","CTRL"),"ESCAPE","ESC"),"RETURN","ENTER"),"PAGEDOWN","PGDN"),"PGDOWN","PGDN"),"PAGEUP","PGUP"),"ARROWKEYS","ARROW"),"ARROWKEY","ARROW"),"ARROWS","ARROW"),"DOWNARROW","DOWN"),"UPARROW","UP"),"LEFTARROW","LEFT"),"RIGHTARROW","RIGHT"),"ARROWDOWN","DOWN"),"ARROWUP","UP"),"ARROWLEFT","LEFT"),"ARROWRIGHT","RIGHT"),"↓","DOWN"),"↑","UP"),"←","LEFT"),"→","RIGHT"),"SPACEBAR","SPACE"),"−","-"),"MINUS","-"),"PLUS","+")=Key!$E$11:$P$11),"✔ CLEAR","✘ TRY AGAIN"))),"✘ TRY AGAIN")} | F23: {=IF(E23="Show hint",Key!$B$11,"")} | G23: {=IF(LEFT(D23,1)="✔",IF(E23="Show hint",5,10),0)} -> 0
A25: TRAINING · recognize the move (pick from the list)
A26: # | B26: Mission | C26: Your answer | D26: Result | E26: Hint? | F26: Hint | G26: XP
A27: T1 | B27: What is it called when one formula's results flow into neighboring cells? | D27: {=IFERROR(IF('F7-1 Spill Zone'!$C$27&""="","",IF('F7-1 Spill Zone'!$C$27&""=Key!$C$12&"","✔ CLEAR","✘ TRY AGAIN")),"✘ TRY AGAIN")} | F27: {=IF(E27="Show hint",Key!$B$12,"")} | G27: {=IF(LEFT(D27,1)="✔",IF(E27="Show hint",5,10),0)} -> 0
A28: T2 | B28: Which error appears when a spill range is blocked? | D28: {=IFERROR(IF('F7-1 Spill Zone'!$C$28&""="","",IF('F7-1 Spill Zone'!$C$28&""=Key!$C$13&"","✔ CLEAR","✘ TRY AGAIN")),"✘ TRY AGAIN")} | F28: {=IF(E28="Show hint",Key!$B$13,"")} | G28: {=IF(LEFT(D28,1)="✔",IF(E28="Show hint",5,10),0)} -> 0
A29: T3 | B29: How do you refer to the whole spill that starts in H5? | D29: {=IFERROR(IF('F7-1 Spill Zone'!$C$29&""="","",IF('F7-1 Spill Zone'!$C$29&""=Key!$C$14&"","✔ CLEAR","✘ TRY AGAIN")),"✘ TRY AGAIN")} | F29: {=IF(E29="Show hint",Key!$B$14,"")} | G29: {=IF(LEFT(D29,1)="✔",IF(E29="Show hint",5,10),0)} -> 0
A30: T4 | B30: Which function spills a list of sequential numbers? | D30: {=IFERROR(IF('F7-1 Spill Zone'!$C$30&""="","",IF('F7-1 Spill Zone'!$C$30&""=Key!$C$15&"","✔ CLEAR","✘ TRY AGAIN")),"✘ TRY AGAIN")} | F30: {=IF(E30="Show hint",Key!$B$15,"")} | G30: {=IF(LEFT(D30,1)="✔",IF(E30="Show hint",5,10),0)} -> 0
A32: CHALLENGES · recall it, then do it
B33: ▶ Open F7-1 Arena (or press Ctrl+PgDn)
A34: # | B34: Mission | C34: Your answer | D34: Result | E34: Hint? | F34: Hint | G34: XP
A35: C1 | B35: What is it called when one formula's results flow into neighboring cells? | D35: {=IFERROR(_xlfn.LET(_xlpm.a,'F7-1 Spill Zone'!$C$35,IF(TRIM(_xlpm.a&"")="","",IF(OR(SUBSTITUTE(SUBSTITUTE(SUBSTITUTE(SUBSTITUTE(SUBSTITUTE(SUBSTITUTE(SUBSTITUTE(SUBSTITUTE(SUBSTITUTE(SUBSTITUTE(SUBSTITUTE(SUBSTITUTE(SUBSTITUTE(SUBSTITUTE(SUBSTITUTE(SUBSTITUTE(SUBSTITUTE(SUBSTITUTE(SUBSTITUTE(SUBSTITUTE(SUBSTITUTE(SUBSTITUTE(SUBSTITUTE(SUBSTITUTE(SUBSTITUTE(SUBSTITUTE(SUBSTITUTE(UPPER(_xlpm.a)," ",""),"CONTROL","CTRL"),"CTL","CTRL"),"ESCAPE","ESC"),"RETURN","ENTER"),"PAGEDOWN","PGDN"),"PGDOWN","PGDN"),"PAGEUP","PGUP"),"ARROWKEYS","ARROW"),"ARROWKEY","ARROW"),"ARROWS","ARROW"),"DOWNARROW","DOWN"),"UPARROW","UP"),"LEFTARROW","LEFT"),"RIGHTARROW","RIGHT"),"ARROWDOWN","DOWN"),"ARROWUP","UP"),"ARROWLEFT","LEFT"),"ARROWRIGHT","RIGHT"),"↓","DOWN"),"↑","UP"),"←","LEFT"),"→","RIGHT"),"SPACEBAR","SPACE"),"−","-"),"MINUS","-"),"PLUS","+")=Key!$E$16:$G$16),"✔ CLEAR","✘ TRY AGAIN"))),"✘ TRY AGAIN")} | F35: {=IF(E35="Show hint",Key!$B$16,"")} | G35: {=IF(LEFT(D35,1)="✔",IF(E35="Show hint",5,10),0)} -> 0
A36: C2 | B36: Which error appears when a spill range is blocked? | D36: {=IFERROR(_xlfn.LET(_xlpm.a,'F7-1 Spill Zone'!$C$36,IF(TRIM(_xlpm.a&"")="","",IF(OR(SUBSTITUTE(SUBSTITUTE(SUBSTITUTE(SUBSTITUTE(SUBSTITUTE(SUBSTITUTE(SUBSTITUTE(SUBSTITUTE(SUBSTITUTE(SUBSTITUTE(SUBSTITUTE(SUBSTITUTE(SUBSTITUTE(SUBSTITUTE(SUBSTITUTE(SUBSTITUTE(SUBSTITUTE(SUBSTITUTE(SUBSTITUTE(SUBSTITUTE(SUBSTITUTE(SUBSTITUTE(SUBSTITUTE(SUBSTITUTE(SUBSTITUTE(SUBSTITUTE(SUBSTITUTE(UPPER(_xlpm.a)," ",""),"CONTROL","CTRL"),"CTL","CTRL"),"ESCAPE","ESC"),"RETURN","ENTER"),"PAGEDOWN","PGDN"),"PGDOWN","PGDN"),"PAGEUP","PGUP"),"ARROWKEYS","ARROW"),"ARROWKEY","ARROW"),"ARROWS","ARROW"),"DOWNARROW","DOWN"),"UPARROW","UP"),"LEFTARROW","LEFT"),"RIGHTARROW","RIGHT"),"ARROWDOWN","DOWN"),"ARROWUP","UP"),"ARROWLEFT","LEFT"),"ARROWRIGHT","RIGHT"),"↓","DOWN"),"↑","UP"),"←","LEFT"),"→","RIGHT"),"SPACEBAR","SPACE"),"−","-"),"MINUS","-"),"PLUS","+")=Key!$E$17:$L$17),"✔ CLEAR","✘ TRY AGAIN"))),"✘ TRY AGAIN")} | F36: {=IF(E36="Show hint",Key!$B$17,"")} | G36: {=IF(LEFT(D36,1)="✔",IF(E36="Show hint",5,10),0)} -> 0
A37: C3 | B37: How do you refer to the whole spill that starts in H5? | D37: {=IFERROR(_xlfn.LET(_xlpm.a,'F7-1 Spill Zone'!$C$37,IF(TRIM(_xlpm.a&"")="","",IF(OR(SUBSTITUTE(SUBSTITUTE(SUBSTITUTE(SUBSTITUTE(SUBSTITUTE(SUBSTITUTE(SUBSTITUTE(SUBSTITUTE(SUBSTITUTE(SUBSTITUTE(SUBSTITUTE(SUBSTITUTE(SUBSTITUTE(SUBSTITUTE(SUBSTITUTE(SUBSTITUTE(SUBSTITUTE(SUBSTITUTE(SUBSTITUTE(SUBSTITUTE(SUBSTITUTE(SUBSTITUTE(SUBSTITUTE(SUBSTITUTE(SUBSTITUTE(SUBSTITUTE(SUBSTITUTE(UPPER(_xlpm.a)," ",""),"CONTROL","CTRL"),"CTL","CTRL"),"ESCAPE","ESC"),"RETURN","ENTER"),"PAGEDOWN","PGDN"),"PGDOWN","PGDN"),"PAGEUP","PGUP"),"ARROWKEYS","ARROW"),"ARROWKEY","ARROW"),"ARROWS","ARROW"),"DOWNARROW","DOWN"),"UPARROW","UP"),"LEFTARROW","LEFT"),"RIGHTARROW","RIGHT"),"ARROWDOWN","DOWN"),"ARROWUP","UP"),"ARROWLEFT","LEFT"),"ARROWRIGHT","RIGHT"),"↓","DOWN"),"↑","UP"),"←","LEFT"),"→","RIGHT"),"SPACEBAR","SPACE"),"−","-"),"MINUS","-"),"PLUS","+")=Key!$E$18:$E$18),"✔ CLEAR","✘ TRY AGAIN"))),"✘ TRY AGAIN")} | F37: {=IF(E37="Show hint",Key!$B$18,"")} | G37: {=IF(LEFT(D37,1)="✔",IF(E37="Show hint",5,10),0)} -> 0
A38: C4 | B38: Which function spills a list of sequential numbers? | D38: {=IFERROR(_xlfn.LET(_xlpm.a,'F7-1 Spill Zone'!$C$38,IF(TRIM(_xlpm.a&"")="","",IF(OR(SUBSTITUTE(SUBSTITUTE(SUBSTITUTE(SUBSTITUTE(SUBSTITUTE(SUBSTITUTE(SUBSTITUTE(SUBSTITUTE(SUBSTITUTE(SUBSTITUTE(SUBSTITUTE(SUBSTITUTE(SUBSTITUTE(SUBSTITUTE(SUBSTITUTE(SUBSTITUTE(SUBSTITUTE(SUBSTITUTE(SUBSTITUTE(SUBSTITUTE(SUBSTITUTE(SUBSTITUTE(SUBSTITUTE(SUBSTITUTE(SUBSTITUTE(SUBSTITUTE(SUBSTITUTE(UPPER(_xlpm.a)," ",""),"CONTROL","CTRL"),"CTL","CTRL"),"ESCAPE","ESC"),"RETURN","ENTER"),"PAGEDOWN","PGDN"),"PGDOWN","PGDN"),"PAGEUP","PGUP"),"ARROWKEYS","ARROW"),"ARROWKEY","ARROW"),"ARROWS","ARROW"),"DOWNARROW","DOWN"),"UPARROW","UP"),"LEFTARROW","LEFT"),"RIGHTARROW","RIGHT"),"ARROWDOWN","DOWN"),"ARROWUP","UP"),"ARROWLEFT","LEFT"),"ARROWRIGHT","RIGHT"),"↓","DOWN"),"↑","UP"),"←","LEFT"),"→","RIGHT"),"SPACEBAR","SPACE"),"−","-"),"MINUS","-"),"PLUS","+")=Key!$E$19:$J$19),"✔ CLEAR","✘ TRY AGAIN"))),"✘ TRY AGAIN")} | F38: {=IF(E38="Show hint",Key!$B$19,"")} | G38: {=IF(LEFT(D38,1)="✔",IF(E38="Show hint",5,10),0)} -> 0
A39: C5 | B39: In K6 type =SEQUENCE(10) and press Enter. One formula fills K6:K15. | C39: ▶ ARENA C5 (cell K6) | D39: {=IF(ISBLANK('F7-1 Arena'!$K$6),"",IF(NOT(_xlfn.ISFORMULA('F7-1 Arena'!$K$6)),"✘ That's a typed value · enter a formula",IF(ISERROR('F7-1 Arena'!$K$6),"✘ Your formula returns "&IFERROR(CHOOSE(ERROR.TYPE('F7-1 Arena'!$K$6),"#NULL!","#DIV/0!","#VALUE!","#REF!","#NAME?","#NUM!","#N/A","#GETTING_DATA","#SPILL!","#CONNECT!","#BLOCKED!","#UNKNOWN!","#FIELD!","#CALC!"),"an error"),IF(IFERROR(AND(ROWS(_xlfn.ANCHORARRAY('F7-1 Arena'!$K$6))=ROWS(_xlfn.ANCHORARRAY(Key!$E$2001)),COLUMNS(_xlfn.ANCHORARRAY('F7-1 Arena'!$K$6))=COLUMNS(_xlfn.ANCHORARRAY(Key!$E$2001)),SUM(--(_xlfn.ANCHORARRAY('F7-1 Arena'!$K$6)=_xlfn.ANCHORARRAY(Key!$E$2001)))=ROWS(_xlfn.ANCHORARRAY(Key!$E$2001))*COLUMNS(_xlfn.ANCHORARRAY(Key!$E$2001))),FALSE),IF(AND(OR(ISNUMBER(FIND({"=","(",",","+","-","*","/","&"," ","<",">",":","@","^"}&"SEQUENCE"&"(",UPPER(_xlfn.FORMULATEXT('F7-1 Arena'!$K$6)))))),"✔ CLEAR","✘ CLOSE · right result, but use SEQUENCE"),"✘ TRY AGAIN"))))} | F39: {=IF(E39="Show hint",Key!$B$20,"")} | G39: {=IF(LEFT(D39,1)="✔",IF(E39="Show hint",5,10),0)} -> 0
A40: C6 | B40: M6 shows #SPILL! because M8 is in its way. Click M8 and press Delete: five numbers spill into place. | C40: ▶ ARENA C6 (cell M8) | D40: {=IF(IFERROR(AND(_xlfn.ISFORMULA('F7-1 Arena'!$M$6),ROWS(_xlfn.ANCHORARRAY('F7-1 Arena'!$M$6))=5),FALSE),"✔ CLEAR","· not yet")} -> · not yet | F40: {=IF(E40="Show hint",Key!$B$21,"")} | G40: {=IF(LEFT(D40,1)="✔",IF(E40="Show hint",5,10),0)} -> 0
A41: C7 | B41: O6 spills four numbers. In K20 add up the whole spill with =SUM(O6#). | C41: ▶ ARENA C7 (cell K20) | D41: {=IF(ISBLANK('F7-1 Arena'!$K$20),"",IF(NOT(_xlfn.ISFORMULA('F7-1 Arena'!$K$20)),"✘ That's a typed value · enter a formula",IF(ISERROR('F7-1 Arena'!$K$20),"✘ Your formula returns "&IFERROR(CHOOSE(ERROR.TYPE('F7-1 Arena'!$K$20),"#NULL!","#DIV/0!","#VALUE!","#REF!","#NAME?","#NUM!","#N/A","#GETTING_DATA","#SPILL!","#CONNECT!","#BLOCKED!","#UNKNOWN!","#FIELD!","#CALC!"),"an error"),IF(NOT(AND(IFERROR(AND(ISNUMBER('F7-1 Arena'!$K$20),ABS('F7-1 Arena'!$K$20-Key!$C$22)<=1E-9*MAX(1,ABS(Key!$C$22))),FALSE))),"✘ TRY AGAIN",IF(ISNUMBER(FIND("#",_xlfn.FORMULATEXT('F7-1 Arena'!$K$20))),"✔ CLEAR","✘ CLOSE · your formula needs #")))))} | F41: {=IF(E41="Show hint",Key!$B$22,"")} | G41: {=IF(LEFT(D41,1)="✔",IF(E41="Show hint",5,10),0)} -> 0

Sheet F7-1 Arena
A1: ARENA ▸ F7-1 SPILL ZONE
A2: Practice area · everything here is editable. Missions and their checks are on the stage sheet.
A3: PASS CODE | B3: SPILLWAY | D3: ◀ Back to F7-1 Spill Zone
B5: Order | C5: Date | D5: Region | E5: Rep | F5: Product | G5: Units | H5: Revenue | K5: SEQUENCE ▼ | M5: Blocked spill | O5: Ready-made spill
B6: O-101 | C6: 46027 | D6: East | E6: Kim | F6: Widget | G6: 40 | H6: 1200 | M6: {=_xlfn.SEQUENCE(5)} -> #SPILL! | O6: {=_xlfn.SEQUENCE(4,1,10,10)} -> 10
B7: O-102 | C7: 46031 | D7: West | E7: Lee | F7: Gadget | G7: 15 | H7: 900
B8: O-103 | C8: 46036 | D8: North | E8: Ava | F8: Widget | G8: 55 | H8: 1650 | M8: BLOCK
B9: O-104 | C9: 46042 | D9: East | E9: Kim | F9: Gizmo | G9: 20 | H9: 1000
B10: O-105 | C10: 46055 | D10: South | E10: Raj | F10: Gadget | G10: 60 | H10: 3600
B11: O-106 | C11: 46060 | D11: West | E11: Lee | F11: Widget | G11: 35 | H11: 1050
B12: O-107 | C12: 46064 | D12: East | E12: Ava | F12: Gadget | G12: 25 | H12: 1500
B13: O-108 | C13: 46072 | D13: North | E13: Raj | F13: Gizmo | G13: 45 | H13: 2250
B14: O-109 | C14: 46084 | D14: West | E14: Kim | F14: Gizmo | G14: 10 | H14: 500
B15: O-110 | C15: 46089 | D15: East | E15: Lee | F15: Widget | G15: 70 | H15: 2100
B16: O-111 | C16: 46096 | D16: South | E16: Ava | F16: Widget | G16: 30 | H16: 900
B17: O-112 | C17: 46103 | D17: North | E17: Kim | F17: Gadget | G17: 50 | H17: 3000
B18: O-113 | C18: 46113 | D18: East | E18: Raj | F18: Gizmo | G18: 65 | H18: 3250
B19: O-114 | C19: 46118 | D19: West | E19: Ava | F19: Gadget | G19: 20 | H19: 1200 | K19: Sum of O6#
B20: O-115 | C20: 46125 | D20: South | E20: Lee | F20: Gizmo | G20: 15 | H20: 750
B21: O-116 | C21: 46133 | D21: East | E21: Kim | F21: Widget | G21: 50 | H21: 1500
B22: O-117 | C22: 46146 | D22: North | E22: Lee | F22: Widget | G22: 25 | H22: 750
B23: O-118 | C23: 46154 | D23: West | E23: Raj | F23: Gadget | G23: 40 | H23: 2400
B24: O-119 | C24: 46161 | D24: South | E24: Kim | F24: Gizmo | G24: 35 | H24: 1750
B25: O-120 | C25: 46169 | D25: East | E25: Ava | F25: Gadget | G25: 55 | H25: 3300

Sheet F7-2 Sifter
A1: STAGE F7-2 ▸ SIFTER
A2: Goal: pull out exactly the rows you need
A3: {="SCORE "&TEXT(SUM($G$13:$G$38),"0000")&" / 0190"} -> SCORE 0000 / 0190 | C3: {=IF(SUM($G$13:$G$38)>=190,"★★★",IF(SUM($G$13:$G$38)>=190*0.8,"★★☆",IF(SUM($G$13:$G$38)>=190*0.5,"★☆☆","☆☆☆")))} -> ☆☆☆ | D3: {=REPT("█",ROUND(10*SUM($G$13:$G$38)/190,0))&REPT("░",10-ROUND(10*SUM($G$13:$G$38)/190,0))&" "&TEXT(SUM($G$13:$G$38)/190,"0%")} -> ░░░░░░░░░░ 0% | F3: {=IF(SUM($G$13:$G$38)>=190*0.5,"STAGE CLEAR! ▶ Next: F7-3 Sorter","")}
A5: BRIEFING · new moves in this stage
A6: # | B6: What it does · Pro tip | C6: Keys / Syntax
A7: 1 | B7: FILTER(range, condition) spills only the matching rows. Tip: =FILTER(B6:H25,D6:D25="East") | C7: FILTER
A8: 2 | B8: Multiply conditions for AND; add them for OR. Tip: (D6:D25="East")*(G6:G25>40) keeps rows that pass both. | C8: (…)*(…)
A9: 3 | B9: FILTER's 3rd argument: what to show when nothing matches. Tip: Without it, an empty result is #CALC!. | C9: if_empty
A11: WARM-UP · flashback to earlier stages
A12: # | B12: Mission | C12: Your answer | D12: Result | E12: Hint? | F12: Hint | G12: XP
A13: W1 | B13: What is it called when one formula's results flow into neighboring cells? (from F7-1 Spill Zone) | D13: {=IFERROR(_xlfn.LET(_xlpm.a,'F7-2 Sifter'!$C$13,IF(TRIM(_xlpm.a&"")="","",IF(OR(SUBSTITUTE(SUBSTITUTE(SUBSTITUTE(SUBSTITUTE(SUBSTITUTE(SUBSTITUTE(SUBSTITUTE(SUBSTITUTE(SUBSTITUTE(SUBSTITUTE(SUBSTITUTE(SUBSTITUTE(SUBSTITUTE(SUBSTITUTE(SUBSTITUTE(SUBSTITUTE(SUBSTITUTE(SUBSTITUTE(SUBSTITUTE(SUBSTITUTE(SUBSTITUTE(SUBSTITUTE(SUBSTITUTE(SUBSTITUTE(SUBSTITUTE(SUBSTITUTE(SUBSTITUTE(UPPER(_xlpm.a)," ",""),"CONTROL","CTRL"),"CTL","CTRL"),"ESCAPE","ESC"),"RETURN","ENTER"),"PAGEDOWN","PGDN"),"PGDOWN","PGDN"),"PAGEUP","PGUP"),"ARROWKEYS","ARROW"),"ARROWKEY","ARROW"),"ARROWS","ARROW"),"DOWNARROW","DOWN"),"UPARROW","UP"),"LEFTARROW","LEFT"),"RIGHTARROW","RIGHT"),"ARROWDOWN","DOWN"),"ARROWUP","UP"),"ARROWLEFT","LEFT"),"ARROWRIGHT","RIGHT"),"↓","DOWN"),"↑","UP"),"←","LEFT"),"→","RIGHT"),"SPACEBAR","SPACE"),"−","-"),"MINUS","-"),"PLUS","+")=Key!$E$23:$G$23),"✔ CLEAR","✘ TRY AGAIN"))),"✘ TRY AGAIN")} | F13: {=IF(E13="Show hint",Key!$B$23,"")} | G13: {=IF(LEFT(D13,1)="✔",IF(E13="Show hint",5,10),0)} -> 0
A14: W2 | B14: Which error appears when a spill range is blocked? (from F7-1 Spill Zone) | D14: {=IFERROR(_xlfn.LET(_xlpm.a,'F7-2 Sifter'!$C$14,IF(TRIM(_xlpm.a&"")="","",IF(OR(SUBSTITUTE(SUBSTITUTE(SUBSTITUTE(SUBSTITUTE(SUBSTITUTE(SUBSTITUTE(SUBSTITUTE(SUBSTITUTE(SUBSTITUTE(SUBSTITUTE(SUBSTITUTE(SUBSTITUTE(SUBSTITUTE(SUBSTITUTE(SUBSTITUTE(SUBSTITUTE(SUBSTITUTE(SUBSTITUTE(SUBSTITUTE(SUBSTITUTE(SUBSTITUTE(SUBSTITUTE(SUBSTITUTE(SUBSTITUTE(SUBSTITUTE(SUBSTITUTE(SUBSTITUTE(UPPER(_xlpm.a)," ",""),"CONTROL","CTRL"),"CTL","CTRL"),"ESCAPE","ESC"),"RETURN","ENTER"),"PAGEDOWN","PGDN"),"PGDOWN","PGDN"),"PAGEUP","PGUP"),"ARROWKEYS","ARROW"),"ARROWKEY","ARROW"),"ARROWS","ARROW"),"DOWNARROW","DOWN"),"UPARROW","UP"),"LEFTARROW","LEFT"),"RIGHTARROW","RIGHT"),"ARROWDOWN","DOWN"),"ARROWUP","UP"),"ARROWLEFT","LEFT"),"ARROWRIGHT","RIGHT"),"↓","DOWN"),"↑","UP"),"←","LEFT"),"→","RIGHT"),"SPACEBAR","SPACE"),"−","-"),"MINUS","-"),"PLUS","+")=Key!$E$24:$L$24),"✔ CLEAR","✘ TRY AGAIN"))),"✘ TRY AGAIN")} | F14: {=IF(E14="Show hint",Key!$B$24,"")} | G14: {=IF(LEFT(D14,1)="✔",IF(E14="Show hint",5,10),0)} -> 0
A15: W3 | B15: How do you refer to the whole spill that starts in H5? (from F7-1 Spill Zone) | D15: {=IFERROR(_xlfn.LET(_xlpm.a,'F7-2 Sifter'!$C$15,IF(TRIM(_xlpm.a&"")="","",IF(OR(SUBSTITUTE(SUBSTITUTE(SUBSTITUTE(SUBSTITUTE(SUBSTITUTE(SUBSTITUTE(SUBSTITUTE(SUBSTITUTE(SUBSTITUTE(SUBSTITUTE(SUBSTITUTE(SUBSTITUTE(SUBSTITUTE(SUBSTITUTE(SUBSTITUTE(SUBSTITUTE(SUBSTITUTE(SUBSTITUTE(SUBSTITUTE(SUBSTITUTE(SUBSTITUTE(SUBSTITUTE(SUBSTITUTE(SUBSTITUTE(SUBSTITUTE(SUBSTITUTE(SUBSTITUTE(UPPER(_xlpm.a)," ",""),"CONTROL","CTRL"),"CTL","CTRL"),"ESCAPE","ESC"),"RETURN","ENTER"),"PAGEDOWN","PGDN"),"PGDOWN","PGDN"),"PAGEUP","PGUP"),"ARROWKEYS","ARROW"),"ARROWKEY","ARROW"),"ARROWS","ARROW"),"DOWNARROW","DOWN"),"UPARROW","UP"),"LEFTARROW","LEFT"),"RIGHTARROW","RIGHT"),"ARROWDOWN","DOWN"),"ARROWUP","UP"),"ARROWLEFT","LEFT"),"ARROWRIGHT","RIGHT"),"↓","DOWN"),"↑","UP"),"←","LEFT"),"→","RIGHT"),"SPACEBAR","SPACE"),"−","-"),"MINUS","-"),"PLUS","+")=Key!$E$25:$E$25),"✔ CLEAR","✘ TRY AGAIN"))),"✘ TRY AGAIN")} | F15: {=IF(E15="Show hint",Key!$B$25,"")} | G15: {=IF(LEFT(D15,1)="✔",IF(E15="Show hint",5,10),0)} -> 0
A16: W4 | B16: Which function spills a list of sequential numbers? (from F7-1 Spill Zone) | D16: {=IFERROR(_xlfn.LET(_xlpm.a,'F7-2 Sifter'!$C$16,IF(TRIM(_xlpm.a&"")="","",IF(OR(SUBSTITUTE(SUBSTITUTE(SUBSTITUTE(SUBSTITUTE(SUBSTITUTE(SUBSTITUTE(SUBSTITUTE(SUBSTITUTE(SUBSTITUTE(SUBSTITUTE(SUBSTITUTE(SUBSTITUTE(SUBSTITUTE(SUBSTITUTE(SUBSTITUTE(SUBSTITUTE(SUBSTITUTE(SUBSTITUTE(SUBSTITUTE(SUBSTITUTE(SUBSTITUTE(SUBSTITUTE(SUBSTITUTE(SUBSTITUTE(SUBSTITUTE(SUBSTITUTE(SUBSTITUTE(UPPER(_xlpm.a)," ",""),"CONTROL","CTRL"),"CTL","CTRL"),"ESCAPE","ESC"),"RETURN","ENTER"),"PAGEDOWN","PGDN"),"PGDOWN","PGDN"),"PAGEUP","PGUP"),"ARROWKEYS","ARROW"),"ARROWKEY","ARROW"),"ARROWS","ARROW"),"DOWNARROW","DOWN"),"UPARROW","UP"),"LEFTARROW","LEFT"),"RIGHTARROW","RIGHT"),"ARROWDOWN","DOWN"),"ARROWUP","UP"),"ARROWLEFT","LEFT"),"ARROWRIGHT","RIGHT"),"↓","DOWN"),"↑","UP"),"←","LEFT"),"→","RIGHT"),"SPACEBAR","SPACE"),"−","-"),"MINUS","-"),"PLUS","+")=Key!$E$26:$J$26),"✔ CLEAR","✘ TRY AGAIN"))),"✘ TRY AGAIN")} | F16: {=IF(E16="Show hint",Key!$B$26,"")} | G16: {=IF(LEFT(D16,1)="✔",IF(E16="Show hint",5,10),0)} -> 0
A17: W5 | B17: What do you get when you subtract an earlier date from a later one (one word)? (from F6-2 Date Math) | D17: {=IFERROR(_xlfn.LET(_xlpm.a,'F7-2 Sifter'!$C$17,IF(TRIM(_xlpm.a&"")="","",IF(OR(SUBSTITUTE(SUBSTITUTE(SUBSTITUTE(SUBSTITUTE(SUBSTITUTE(SUBSTITUTE(SUBSTITUTE(SUBSTITUTE(SUBSTITUTE(SUBSTITUTE(SUBSTITUTE(SUBSTITUTE(SUBSTITUTE(SUBSTITUTE(SUBSTITUTE(SUBSTITUTE(SUBSTITUTE(SUBSTITUTE(SUBSTITUTE(SUBSTITUTE(SUBSTITUTE(SUBSTITUTE(SUBSTITUTE(SUBSTITUTE(SUBSTITUTE(SUBSTITUTE(SUBSTITUTE(UPPER(_xlpm.a)," ",""),"CONTROL","CTRL"),"CTL","CTRL"),"ESCAPE","ESC"),"RETURN","ENTER"),"PAGEDOWN","PGDN"),"PGDOWN","PGDN"),"PAGEUP","PGUP"),"ARROWKEYS","ARROW"),"ARROWKEY","ARROW"),"ARROWS","ARROW"),"DOWNARROW","DOWN"),"UPARROW","UP"),"LEFTARROW","LEFT"),"RIGHTARROW","RIGHT"),"ARROWDOWN","DOWN"),"ARROWUP","UP"),"ARROWLEFT","LEFT"),"ARROWRIGHT","RIGHT"),"↓","DOWN"),"↑","UP"),"←","LEFT"),"→","RIGHT"),"SPACEBAR","SPACE"),"−","-"),"MINUS","-"),"PLUS","+")=Key!$E$27:$F$27),"✔ CLEAR","✘ TRY AGAIN"))),"✘ TRY AGAIN")} | F17: {=IF(E17="Show hint",Key!$B$27,"")} | G17: {=IF(LEFT(D17,1)="✔",IF(E17="Show hint",5,10),0)} -> 0
A18: W6 | B18: Type the formula for the date 30 days after the date in B6. (from F6-2 Date Math) | D18: {=IFERROR(_xlfn.LET(_xlpm.a,'F7-2 Sifter'!$C$18,IF(TRIM(_xlpm.a&"")="","",IF(OR(SUBSTITUTE(SUBSTITUTE(SUBSTITUTE(SUBSTITUTE(SUBSTITUTE(SUBSTITUTE(SUBSTITUTE(SUBSTITUTE(SUBSTITUTE(SUBSTITUTE(SUBSTITUTE(SUBSTITUTE(SUBSTITUTE(SUBSTITUTE(SUBSTITUTE(SUBSTITUTE(SUBSTITUTE(SUBSTITUTE(SUBSTITUTE(SUBSTITUTE(SUBSTITUTE(SUBSTITUTE(SUBSTITUTE(SUBSTITUTE(SUBSTITUTE(SUBSTITUTE(SUBSTITUTE(UPPER(_xlpm.a)," ",""),"CONTROL","CTRL"),"CTL","CTRL"),"ESCAPE","ESC"),"RETURN","ENTER"),"PAGEDOWN","PGDN"),"PGDOWN","PGDN"),"PAGEUP","PGUP"),"ARROWKEYS","ARROW"),"ARROWKEY","ARROW"),"ARROWS","ARROW"),"DOWNARROW","DOWN"),"UPARROW","UP"),"LEFTARROW","LEFT"),"RIGHTARROW","RIGHT"),"ARROWDOWN","DOWN"),"ARROWUP","UP"),"ARROWLEFT","LEFT"),"ARROWRIGHT","RIGHT"),"↓","DOWN"),"↑","UP"),"←","LEFT"),"→","RIGHT"),"SPACEBAR","SPACE"),"−","-"),"MINUS","-"),"PLUS","+")=Key!$E$28:$H$28),"✔ CLEAR","✘ TRY AGAIN"))),"✘ TRY AGAIN")} | F18: {=IF(E18="Show hint",Key!$B$28,"")} | G18: {=IF(LEFT(D18,1)="✔",IF(E18="Show hint",5,10),0)} -> 0
A19: W7 | B19: Which function counts full years or months between two dates? (from F6-2 Date Math) | D19: {=IFERROR(_xlfn.LET(_xlpm.a,'F7-2 Sifter'!$C$19,IF(TRIM(_xlpm.a&"")="","",IF(OR(SUBSTITUTE(SUBSTITUTE(SUBSTITUTE(SUBSTITUTE(SUBSTITUTE(SUBSTITUTE(SUBSTITUTE(SUBSTITUTE(SUBSTITUTE(SUBSTITUTE(SUBSTITUTE(SUBSTITUTE(SUBSTITUTE(SUBSTITUTE(SUBSTITUTE(SUBSTITUTE(SUBSTITUTE(SUBSTITUTE(SUBSTITUTE(SUBSTITUTE(SUBSTITUTE(SUBSTITUTE(SUBSTITUTE(SUBSTITUTE(SUBSTITUTE(SUBSTITUTE(SUBSTITUTE(UPPER(_xlpm.a)," ",""),"CONTROL","CTRL"),"CTL","CTRL"),"ESCAPE","ESC"),"RETURN","ENTER"),"PAGEDOWN","PGDN"),"PGDOWN","PGDN"),"PAGEUP","PGUP"),"ARROWKEYS","ARROW"),"ARROWKEY","ARROW"),"ARROWS","ARROW"),"DOWNARROW","DOWN"),"UPARROW","UP"),"LEFTARROW","LEFT"),"RIGHTARROW","RIGHT"),"ARROWDOWN","DOWN"),"ARROWUP","UP"),"ARROWLEFT","LEFT"),"ARROWRIGHT","RIGHT"),"↓","DOWN"),"↑","UP"),"←","LEFT"),"→","RIGHT"),"SPACEBAR","SPACE"),"−","-"),"MINUS","-"),"PLUS","+")=Key!$E$29:$J$29),"✔ CLEAR","✘ TRY AGAIN"))),"✘ TRY AGAIN")} | F19: {=IF(E19="Show hint",Key!$B$29,"")} | G19: {=IF(LEFT(D19,1)="✔",IF(E19="Show hint",5,10),0)} -> 0
A20: W8 | B20: Which modern function returns a position with an exact match by default? (from F4-4 Power Couple) | D20: {=IFERROR(_xlfn.LET(_xlpm.a,'F7-2 Sifter'!$C$20,IF(TRIM(_xlpm.a&"")="","",IF(OR(SUBSTITUTE(SUBSTITUTE(SUBSTITUTE(SUBSTITUTE(SUBSTITUTE(SUBSTITUTE(SUBSTITUTE(SUBSTITUTE(SUBSTITUTE(SUBSTITUTE(SUBSTITUTE(SUBSTITUTE(SUBSTITUTE(SUBSTITUTE(SUBSTITUTE(SUBSTITUTE(SUBSTITUTE(SUBSTITUTE(SUBSTITUTE(SUBSTITUTE(SUBSTITUTE(SUBSTITUTE(SUBSTITUTE(SUBSTITUTE(SUBSTITUTE(SUBSTITUTE(SUBSTITUTE(UPPER(_xlpm.a)," ",""),"CONTROL","CTRL"),"CTL","CTRL"),"ESCAPE","ESC"),"RETURN","ENTER"),"PAGEDOWN","PGDN"),"PGDOWN","PGDN"),"PAGEUP","PGUP"),"ARROWKEYS","ARROW"),"ARROWKEY","ARROW"),"ARROWS","ARROW"),"DOWNARROW","DOWN"),"UPARROW","UP"),"LEFTARROW","LEFT"),"RIGHTARROW","RIGHT"),"ARROWDOWN","DOWN"),"ARROWUP","UP"),"ARROWLEFT","LEFT"),"ARROWRIGHT","RIGHT"),"↓","DOWN"),"↑","UP"),"←","LEFT"),"→","RIGHT"),"SPACEBAR","SPACE"),"−","-"),"MINUS","-"),"PLUS","+")=Key!$E$30:$J$30),"✔ CLEAR","✘ TRY AGAIN"))),"✘ TRY AGAIN")} | F20: {=IF(E20="Show hint",Key!$B$30,"")} | G20: {=IF(LEFT(D20,1)="✔",IF(E20="Show hint",5,10),0)} -> 0
A21: W9 | B21: Which XLOOKUP match_mode returns an exact match or the next smaller item? (from F4-5 Tiers) | D21: {=IFERROR(_xlfn.LET(_xlpm.a,'F7-2 Sifter'!$C$21,IF(TRIM(_xlpm.a&"")="","",IF(OR(SUBSTITUTE(SUBSTITUTE(SUBSTITUTE(SUBSTITUTE(SUBSTITUTE(SUBSTITUTE(SUBSTITUTE(SUBSTITUTE(SUBSTITUTE(SUBSTITUTE(SUBSTITUTE(SUBSTITUTE(SUBSTITUTE(SUBSTITUTE(SUBSTITUTE(SUBSTITUTE(SUBSTITUTE(SUBSTITUTE(SUBSTITUTE(SUBSTITUTE(SUBSTITUTE(SUBSTITUTE(SUBSTITUTE(SUBSTITUTE(SUBSTITUTE(SUBSTITUTE(SUBSTITUTE(UPPER(_xlpm.a)," ",""),"CONTROL","CTRL"),"CTL","CTRL"),"ESCAPE","ESC"),"RETURN","ENTER"),"PAGEDOWN","PGDN"),"PGDOWN","PGDN"),"PAGEUP","PGUP"),"ARROWKEYS","ARROW"),"ARROWKEY","ARROW"),"ARROWS","ARROW"),"DOWNARROW","DOWN"),"UPARROW","UP"),"LEFTARROW","LEFT"),"RIGHTARROW","RIGHT"),"ARROWDOWN","DOWN"),"ARROWUP","UP"),"ARROWLEFT","LEFT"),"ARROWRIGHT","RIGHT"),"↓","DOWN"),"↑","UP"),"←","LEFT"),"→","RIGHT"),"SPACEBAR","SPACE"),"−","-"),"MINUS","-"),"PLUS","+")=Key!$E$31:$E$31),"✔ CLEAR","✘ TRY AGAIN"))),"✘ TRY AGAIN")} | F21: {=IF(E21="Show hint",Key!$B$31,"")} | G21: {=IF(LEFT(D21,1)="✔",IF(E21="Show hint",5,10),0)} -> 0
A22: W10 | B22: For an approximate VLOOKUP, how must the first column be sorted? (from F4-5 Tiers) | D22: {=IFERROR(_xlfn.LET(_xlpm.a,'F7-2 Sifter'!$C$22,IF(TRIM(_xlpm.a&"")="","",IF(OR(SUBSTITUTE(SUBSTITUTE(SUBSTITUTE(SUBSTITUTE(SUBSTITUTE(SUBSTITUTE(SUBSTITUTE(SUBSTITUTE(SUBSTITUTE(SUBSTITUTE(SUBSTITUTE(SUBSTITUTE(SUBSTITUTE(SUBSTITUTE(SUBSTITUTE(SUBSTITUTE(SUBSTITUTE(SUBSTITUTE(SUBSTITUTE(SUBSTITUTE(SUBSTITUTE(SUBSTITUTE(SUBSTITUTE(SUBSTITUTE(SUBSTITUTE(SUBSTITUTE(SUBSTITUTE(UPPER(_xlpm.a)," ",""),"CONTROL","CTRL"),"CTL","CTRL"),"ESCAPE","ESC"),"RETURN","ENTER"),"PAGEDOWN","PGDN"),"PGDOWN","PGDN"),"PAGEUP","PGUP"),"ARROWKEYS","ARROW"),"ARROWKEY","ARROW"),"ARROWS","ARROW"),"DOWNARROW","DOWN"),"UPARROW","UP"),"LEFTARROW","LEFT"),"RIGHTARROW","RIGHT"),"ARROWDOWN","DOWN"),"ARROWUP","UP"),"ARROWLEFT","LEFT"),"ARROWRIGHT","RIGHT"),"↓","DOWN"),"↑","UP"),"←","LEFT"),"→","RIGHT"),"SPACEBAR","SPACE"),"−","-"),"MINUS","-"),"PLUS","+")=Key!$E$32:$H$32),"✔ CLEAR","✘ TRY AGAIN"))),"✘ TRY AGAIN")} | F22: {=IF(E22="Show hint",Key!$B$32,"")} | G22: {=IF(LEFT(D22,1)="✔",IF(E22="Show hint",5,10),0)} -> 0
A24: TRAINING · recognize the move (pick from the list)
A25: # | B25: Mission | C25: Your answer | D25: Result | E25: Hint? | F25: Hint | G25: XP
A26: T1 | B26: Which function returns only the rows that meet a condition? | D26: {=IFERROR(IF('F7-2 Sifter'!$C$26&""="","",IF('F7-2 Sifter'!$C$26&""=Key!$C$33&"","✔ CLEAR","✘ TRY AGAIN")),"✘ TRY AGAIN")} | F26: {=IF(E26="Show hint",Key!$B$33,"")} | G26: {=IF(LEFT(D26,1)="✔",IF(E26="Show hint",5,10),0)} -> 0
A27: T2 | B27: Which move is this? Multiply conditions for AND; add them for OR. | D27: {=IFERROR(IF('F7-2 Sifter'!$C$27&""="","",IF('F7-2 Sifter'!$C$27&""=Key!$C$34&"","✔ CLEAR","✘ TRY AGAIN")),"✘ TRY AGAIN")} | F27: {=IF(E27="Show hint",Key!$B$34,"")} | G27: {=IF(LEFT(D27,1)="✔",IF(E27="Show hint",5,10),0)} -> 0
A28: T3 | B28: Which FILTER argument number sets what to show when nothing matches? | D28: {=IFERROR(IF('F7-2 Sifter'!$C$28&""="","",IF('F7-2 Sifter'!$C$28&""=Key!$C$35&"","✔ CLEAR","✘ TRY AGAIN")),"✘ TRY AGAIN")} | F28: {=IF(E28="Show hint",Key!$B$35,"")} | G28: {=IF(LEFT(D28,1)="✔",IF(E28="Show hint",5,10),0)} -> 0
A30: CHALLENGES · recall it, then do it
B31: ▶ Open F7-2 Arena (or press Ctrl+PgDn)
A32: # | B32: Mission | C32: Your answer | D32: Result | E32: Hint? | F32: Hint | G32: XP
A33: C1 | B33: Which function returns only the rows that meet a condition? | D33: {=IFERROR(_xlfn.LET(_xlpm.a,'F7-2 Sifter'!$C$33,IF(TRIM(_xlpm.a&"")="","",IF(OR(SUBSTITUTE(SUBSTITUTE(SUBSTITUTE(SUBSTITUTE(SUBSTITUTE(SUBSTITUTE(SUBSTITUTE(SUBSTITUTE(SUBSTITUTE(SUBSTITUTE(SUBSTITUTE(SUBSTITUTE(SUBSTITUTE(SUBSTITUTE(SUBSTITUTE(SUBSTITUTE(SUBSTITUTE(SUBSTITUTE(SUBSTITUTE(SUBSTITUTE(SUBSTITUTE(SUBSTITUTE(SUBSTITUTE(SUBSTITUTE(SUBSTITUTE(SUBSTITUTE(SUBSTITUTE(UPPER(_xlpm.a)," ",""),"CONTROL","CTRL"),"CTL","CTRL"),"ESCAPE","ESC"),"RETURN","ENTER"),"PAGEDOWN","PGDN"),"PGDOWN","PGDN"),"PAGEUP","PGUP"),"ARROWKEYS","ARROW"),"ARROWKEY","ARROW"),"ARROWS","ARROW"),"DOWNARROW","DOWN"),"UPARROW","UP"),"LEFTARROW","LEFT"),"RIGHTARROW","RIGHT"),"ARROWDOWN","DOWN"),"ARROWUP","UP"),"ARROWLEFT","LEFT"),"ARROWRIGHT","RIGHT"),"↓","DOWN"),"↑","UP"),"←","LEFT"),"→","RIGHT"),"SPACEBAR","SPACE"),"−","-"),"MINUS","-"),"PLUS","+")=Key!$E$36:$J$36),"✔ CLEAR","✘ TRY AGAIN"))),"✘ TRY AGAIN")} | F33: {=IF(E33="Show hint",Key!$B$36,"")} | G33: {=IF(LEFT(D33,1)="✔",IF(E33="Show hint",5,10),0)} -> 0
A34: C2 | B34: In FILTER, which operator joins two conditions so BOTH must be true? | D34: {=IFERROR(_xlfn.LET(_xlpm.a,'F7-2 Sifter'!$C$34,IF(TRIM(_xlpm.a&"")="","",IF(OR(SUBSTITUTE(SUBSTITUTE(SUBSTITUTE(SUBSTITUTE(SUBSTITUTE(SUBSTITUTE(SUBSTITUTE(SUBSTITUTE(SUBSTITUTE(SUBSTITUTE(SUBSTITUTE(SUBSTITUTE(SUBSTITUTE(SUBSTITUTE(SUBSTITUTE(SUBSTITUTE(SUBSTITUTE(SUBSTITUTE(SUBSTITUTE(SUBSTITUTE(SUBSTITUTE(SUBSTITUTE(SUBSTITUTE(SUBSTITUTE(SUBSTITUTE(SUBSTITUTE(SUBSTITUTE(UPPER(_xlpm.a)," ",""),"CONTROL","CTRL"),"CTL","CTRL"),"ESCAPE","ESC"),"RETURN","ENTER"),"PAGEDOWN","PGDN"),"PGDOWN","PGDN"),"PAGEUP","PGUP"),"ARROWKEYS","ARROW"),"ARROWKEY","ARROW"),"ARROWS","ARROW"),"DOWNARROW","DOWN"),"UPARROW","UP"),"LEFTARROW","LEFT"),"RIGHTARROW","RIGHT"),"ARROWDOWN","DOWN"),"ARROWUP","UP"),"ARROWLEFT","LEFT"),"ARROWRIGHT","RIGHT"),"↓","DOWN"),"↑","UP"),"←","LEFT"),"→","RIGHT"),"SPACEBAR","SPACE"),"−","-"),"MINUS","-"),"PLUS","+")=Key!$E$37:$F$37),"✔ CLEAR","✘ TRY AGAIN"))),"✘ TRY AGAIN")} | F34: {=IF(E34="Show hint",Key!$B$37,"")} | G34: {=IF(LEFT(D34,1)="✔",IF(E34="Show hint",5,10),0)} -> 0
A35: C3 | B35: Which FILTER argument number sets what to show when nothing matches? | D35: {=IFERROR(_xlfn.LET(_xlpm.a,'F7-2 Sifter'!$C$35,IF(TRIM(_xlpm.a&"")="","",IF(OR(SUBSTITUTE(SUBSTITUTE(SUBSTITUTE(SUBSTITUTE(SUBSTITUTE(SUBSTITUTE(SUBSTITUTE(SUBSTITUTE(SUBSTITUTE(SUBSTITUTE(SUBSTITUTE(SUBSTITUTE(SUBSTITUTE(SUBSTITUTE(SUBSTITUTE(SUBSTITUTE(SUBSTITUTE(SUBSTITUTE(SUBSTITUTE(SUBSTITUTE(SUBSTITUTE(SUBSTITUTE(SUBSTITUTE(SUBSTITUTE(SUBSTITUTE(SUBSTITUTE(SUBSTITUTE(UPPER(_xlpm.a)," ",""),"CONTROL","CTRL"),"CTL","CTRL"),"ESCAPE","ESC"),"RETURN","ENTER"),"PAGEDOWN","PGDN"),"PGDOWN","PGDN"),"PAGEUP","PGUP"),"ARROWKEYS","ARROW"),"ARROWKEY","ARROW"),"ARROWS","ARROW"),"DOWNARROW","DOWN"),"UPARROW","UP"),"LEFTARROW","LEFT"),"RIGHTARROW","RIGHT"),"ARROWDOWN","DOWN"),"ARROWUP","UP"),"ARROWLEFT","LEFT"),"ARROWRIGHT","RIGHT"),"↓","DOWN"),"↑","UP"),"←","LEFT"),"→","RIGHT"),"SPACEBAR","SPACE"),"−","-"),"MINUS","-"),"PLUS","+")=Key!$E$38:$H$38),"✔ CLEAR","✘ TRY AGAIN"))),"✘ TRY AGAIN")} | F35: {=IF(E35="Show hint",Key!$B$38,"")} | G35: {=IF(LEFT(D35,1)="✔",IF(E35="Show hint",5,10),0)} -> 0
A36: C4 | B36: In K6 spill every East order (all columns): =FILTER(B6:H25,D6:D25="East"). | C36: ▶ ARENA C4 (cell K6) | D36: {=IF(ISBLANK('F7-2 Arena'!$K$6),"",IF(NOT(_xlfn.ISFORMULA('F7-2 Arena'!$K$6)),"✘ That's a typed value · enter a formula",IF(ISERROR('F7-2 Arena'!$K$6),"✘ Your formula returns "&IFERROR(CHOOSE(ERROR.TYPE('F7-2 Arena'!$K$6),"#NULL!","#DIV/0!","#VALUE!","#REF!","#NAME?","#NUM!","#N/A","#GETTING_DATA","#SPILL!","#CONNECT!","#BLOCKED!","#UNKNOWN!","#FIELD!","#CALC!"),"an error"),IF(IFERROR(AND(ROWS(_xlfn.ANCHORARRAY('F7-2 Arena'!$K$6))=ROWS(_xlfn.ANCHORARRAY(Key!$E$2101)),COLUMNS(_xlfn.ANCHORARRAY('F7-2 Arena'!$K$6))=COLUMNS(_xlfn.ANCHORARRAY(Key!$E$2101)),SUM(--(_xlfn.ANCHORARRAY('F7-2 Arena'!$K$6)=_xlfn.ANCHORARRAY(Key!$E$2101)))=ROWS(_xlfn.ANCHORARRAY(Key!$E$2101))*COLUMNS(_xlfn.ANCHORARRAY(Key!$E$2101))),FALSE),IF(AND(OR(ISNUMBER(FIND({"=","(",",","+","-","*","/","&"," ","<",">",":","@","^"}&"FILTER"&"(",UPPER(_xlfn.FORMULATEXT('F7-2 Arena'!$K$6)))))),"✔ CLEAR","✘ CLOSE · right result, but use FILTER"),"✘ TRY AGAIN"))))} | F36: {=IF(E36="Show hint",Key!$B$39,"")} | G36: {=IF(LEFT(D36,1)="✔",IF(E36="Show hint",5,10),0)} -> 0
A37: C5 | B37: In K20 spill the Order IDs of East orders with more than 40 units. Join the two conditions with *. | C37: ▶ ARENA C5 (cell K20) | D37: {=IF(ISBLANK('F7-2 Arena'!$K$20),"",IF(NOT(_xlfn.ISFORMULA('F7-2 Arena'!$K$20)),"✘ That's a typed value · enter a formula",IF(ISERROR('F7-2 Arena'!$K$20),"✘ Your formula returns "&IFERROR(CHOOSE(ERROR.TYPE('F7-2 Arena'!$K$20),"#NULL!","#DIV/0!","#VALUE!","#REF!","#NAME?","#NUM!","#N/A","#GETTING_DATA","#SPILL!","#CONNECT!","#BLOCKED!","#UNKNOWN!","#FIELD!","#CALC!"),"an error"),IF(IFERROR(AND(ROWS(_xlfn.ANCHORARRAY('F7-2 Arena'!$K$20))=ROWS(_xlfn.ANCHORARRAY(Key!$E$2201)),COLUMNS(_xlfn.ANCHORARRAY('F7-2 Arena'!$K$20))=COLUMNS(_xlfn.ANCHORARRAY(Key!$E$2201)),SUM(--(_xlfn.ANCHORARRAY('F7-2 Arena'!$K$20)=_xlfn.ANCHORARRAY(Key!$E$2201)))=ROWS(_xlfn.ANCHORARRAY(Key!$E$2201))*COLUMNS(_xlfn.ANCHORARRAY(Key!$E$2201))),FALSE),IF(AND(OR(ISNUMBER(FIND({"=","(",",","+","-","*","/","&"," ","<",">",":","@","^"}&"FILTER"&"(",UPPER(_xlfn.FORMULATEXT('F7-2 Arena'!$K$20)))))),"✔ CLEAR","✘ CLOSE · right result, but use FILTER"),"✘ TRY AGAIN"))))} | F37: {=IF(E37="Show hint",Key!$B$40,"")} | G37: {=IF(LEFT(D37,1)="✔",IF(E37="Show hint",5,10),0)} -> 0
A38: C6 | B38: There is no Central region. In K30 filter the Order IDs for "Central" and show None when nothing matches. | C38: ▶ ARENA C6 (cell K30) | D38: {=IF(ISBLANK('F7-2 Arena'!$K$30),"",IF(NOT(_xlfn.ISFORMULA('F7-2 Arena'!$K$30)),"✘ That's a typed value · enter a formula",IF(ISERROR('F7-2 Arena'!$K$30),"✘ Your formula returns "&IFERROR(CHOOSE(ERROR.TYPE('F7-2 Arena'!$K$30),"#NULL!","#DIV/0!","#VALUE!","#REF!","#NAME?","#NUM!","#N/A","#GETTING_DATA","#SPILL!","#CONNECT!","#BLOCKED!","#UNKNOWN!","#FIELD!","#CALC!"),"an error"),IF(NOT(AND(IFERROR(AND(ISTEXT('F7-2 Arena'!$K$30),'F7-2 Arena'!$K$30=Key!$C$41),FALSE))),"✘ TRY AGAIN",IF(AND(OR(ISNUMBER(FIND({"=","(",",","+","-","*","/","&"," ","<",">",":","@","^"}&"FILTER"&"(",UPPER(_xlfn.FORMULATEXT('F7-2 Arena'!$K$30)))))),"✔ CLEAR","✘ CLOSE · right value, but use FILTER")))))} | F38: {=IF(E38="Show hint",Key!$B$41,"")} | G38: {=IF(LEFT(D38,1)="✔",IF(E38="Show hint",5,10),0)} -> 0

Sheet F7-2 Arena
A1: ARENA ▸ F7-2 SIFTER
A2: Practice area · everything here is editable. Missions and their checks are on the stage sheet.
A3: PASS CODE | B3: SIFTER | D3: ◀ Back to F7-2 Sifter
B5: Order | C5: Date | D5: Region | E5: Rep | F5: Product | G5: Units | H5: Revenue | K5: East orders ▼
B6: O-101 | C6: 46027 | D6: East | E6: Kim | F6: Widget | G6: 40 | H6: 1200
B7: O-102 | C7: 46031 | D7: West | E7: Lee | F7: Gadget | G7: 15 | H7: 900
B8: O-103 | C8: 46036 | D8: North | E8: Ava | F8: Widget | G8: 55 | H8: 1650
B9: O-104 | C9: 46042 | D9: East | E9: Kim | F9: Gizmo | G9: 20 | H9: 1000
B10: O-105 | C10: 46055 | D10: South | E10: Raj | F10: Gadget | G10: 60 | H10: 3600
B11: O-106 | C11: 46060 | D11: West | E11: Lee | F11: Widget | G11: 35 | H11: 1050
B12: O-107 | C12: 46064 | D12: East | E12: Ava | F12: Gadget | G12: 25 | H12: 1500
B13: O-108 | C13: 46072 | D13: North | E13: Raj | F13: Gizmo | G13: 45 | H13: 2250
B14: O-109 | C14: 46084 | D14: West | E14: Kim | F14: Gizmo | G14: 10 | H14: 500
B15: O-110 | C15: 46089 | D15: East | E15: Lee | F15: Widget | G15: 70 | H15: 2100
B16: O-111 | C16: 46096 | D16: South | E16: Ava | F16: Widget | G16: 30 | H16: 900
B17: O-112 | C17: 46103 | D17: North | E17: Kim | F17: Gadget | G17: 50 | H17: 3000
B18: O-113 | C18: 46113 | D18: East | E18: Raj | F18: Gizmo | G18: 65 | H18: 3250
B19: O-114 | C19: 46118 | D19: West | E19: Ava | F19: Gadget | G19: 20 | H19: 1200 | K19: Big East orders ▼
B20: O-115 | C20: 46125 | D20: South | E20: Lee | F20: Gizmo | G20: 15 | H20: 750
B21: O-116 | C21: 46133 | D21: East | E21: Kim | F21: Widget | G21: 50 | H21: 1500
B22: O-117 | C22: 46146 | D22: North | E22: Lee | F22: Widget | G22: 25 | H22: 750
B23: O-118 | C23: 46154 | D23: West | E23: Raj | F23: Gadget | G23: 40 | H23: 2400
B24: O-119 | C24: 46161 | D24: South | E24: Kim | F24: Gizmo | G24: 35 | H24: 1750
B25: O-120 | C25: 46169 | D25: East | E25: Ava | F25: Gadget | G25: 55 | H25: 3300
K29: Central orders ▼

Sheet F7-3 Sorter
A1: STAGE F7-3 ▸ SORTER
A2: Goal: sort and de-duplicate with one formula
A3: {="SCORE "&TEXT(SUM($G$13:$G$39),"0000")&" / 0200"} -> SCORE 0000 / 0200 | C3: {=IF(SUM($G$13:$G$39)>=200,"★★★",IF(SUM($G$13:$G$39)>=200*0.8,"★★☆",IF(SUM($G$13:$G$39)>=200*0.5,"★☆☆","☆☆☆")))} -> ☆☆☆ | D3: {=REPT("█",ROUND(10*SUM($G$13:$G$39)/200,0))&REPT("░",10-ROUND(10*SUM($G$13:$G$39)/200,0))&" "&TEXT(SUM($G$13:$G$39)/200,"0%")} -> ░░░░░░░░░░ 0% | F3: {=IF(SUM($G$13:$G$39)>=200*0.5,"STAGE CLEAR! ▶ Next: F7-4 Combo","")}
A5: BRIEFING · new moves in this stage
A6: # | B6: What it does · Pro tip | C6: Keys / Syntax
A7: 1 | B7: SORT(range, column, order) spills a sorted copy; -1 = largest first. Tip: The original data never moves. | C7: SORT
A8: 2 | B8: SORTBY(range, by_range, order) sorts by a column you don't show. Tip: =SORTBY(B6:B25,C6:C25,-1) lists IDs newest first. | C8: SORTBY
A9: 3 | B9: UNIQUE(range) spills each different value once. Tip: Wrap in COUNTA to count the distinct values. | C9: UNIQUE
A11: WARM-UP · flashback to earlier stages
A12: # | B12: Mission | C12: Your answer | D12: Result | E12: Hint? | F12: Hint | G12: XP
A13: W1 | B13: Which function returns only the rows that meet a condition? (from F7-2 Sifter) | D13: {=IFERROR(_xlfn.LET(_xlpm.a,'F7-3 Sorter'!$C$13,IF(TRIM(_xlpm.a&"")="","",IF(OR(SUBSTITUTE(SUBSTITUTE(SUBSTITUTE(SUBSTITUTE(SUBSTITUTE(SUBSTITUTE(SUBSTITUTE(SUBSTITUTE(SUBSTITUTE(SUBSTITUTE(SUBSTITUTE(SUBSTITUTE(SUBSTITUTE(SUBSTITUTE(SUBSTITUTE(SUBSTITUTE(SUBSTITUTE(SUBSTITUTE(SUBSTITUTE(SUBSTITUTE(SUBSTITUTE(SUBSTITUTE(SUBSTITUTE(SUBSTITUTE(SUBSTITUTE(SUBSTITUTE(SUBSTITUTE(UPPER(_xlpm.a)," ",""),"CONTROL","CTRL"),"CTL","CTRL"),"ESCAPE","ESC"),"RETURN","ENTER"),"PAGEDOWN","PGDN"),"PGDOWN","PGDN"),"PAGEUP","PGUP"),"ARROWKEYS","ARROW"),"ARROWKEY","ARROW"),"ARROWS","ARROW"),"DOWNARROW","DOWN"),"UPARROW","UP"),"LEFTARROW","LEFT"),"RIGHTARROW","RIGHT"),"ARROWDOWN","DOWN"),"ARROWUP","UP"),"ARROWLEFT","LEFT"),"ARROWRIGHT","RIGHT"),"↓","DOWN"),"↑","UP"),"←","LEFT"),"→","RIGHT"),"SPACEBAR","SPACE"),"−","-"),"MINUS","-"),"PLUS","+")=Key!$E$42:$J$42),"✔ CLEAR","✘ TRY AGAIN"))),"✘ TRY AGAIN")} | F13: {=IF(E13="Show hint",Key!$B$42,"")} | G13: {=IF(LEFT(D13,1)="✔",IF(E13="Show hint",5,10),0)} -> 0
A14: W2 | B14: In FILTER, which operator joins two conditions so BOTH must be true? (from F7-2 Sifter) | D14: {=IFERROR(_xlfn.LET(_xlpm.a,'F7-3 Sorter'!$C$14,IF(TRIM(_xlpm.a&"")="","",IF(OR(SUBSTITUTE(SUBSTITUTE(SUBSTITUTE(SUBSTITUTE(SUBSTITUTE(SUBSTITUTE(SUBSTITUTE(SUBSTITUTE(SUBSTITUTE(SUBSTITUTE(SUBSTITUTE(SUBSTITUTE(SUBSTITUTE(SUBSTITUTE(SUBSTITUTE(SUBSTITUTE(SUBSTITUTE(SUBSTITUTE(SUBSTITUTE(SUBSTITUTE(SUBSTITUTE(SUBSTITUTE(SUBSTITUTE(SUBSTITUTE(SUBSTITUTE(SUBSTITUTE(SUBSTITUTE(UPPER(_xlpm.a)," ",""),"CONTROL","CTRL"),"CTL","CTRL"),"ESCAPE","ESC"),"RETURN","ENTER"),"PAGEDOWN","PGDN"),"PGDOWN","PGDN"),"PAGEUP","PGUP"),"ARROWKEYS","ARROW"),"ARROWKEY","ARROW"),"ARROWS","ARROW"),"DOWNARROW","DOWN"),"UPARROW","UP"),"LEFTARROW","LEFT"),"RIGHTARROW","RIGHT"),"ARROWDOWN","DOWN"),"ARROWUP","UP"),"ARROWLEFT","LEFT"),"ARROWRIGHT","RIGHT"),"↓","DOWN"),"↑","UP"),"←","LEFT"),"→","RIGHT"),"SPACEBAR","SPACE"),"−","-"),"MINUS","-"),"PLUS","+")=Key!$E$43:$F$43),"✔ CLEAR","✘ TRY AGAIN"))),"✘ TRY AGAIN")} | F14: {=IF(E14="Show hint",Key!$B$43,"")} | G14: {=IF(LEFT(D14,1)="✔",IF(E14="Show hint",5,10),0)} -> 0
A15: W3 | B15: Which FILTER argument number sets what to show when nothing matches? (from F7-2 Sifter) | D15: {=IFERROR(_xlfn.LET(_xlpm.a,'F7-3 Sorter'!$C$15,IF(TRIM(_xlpm.a&"")="","",IF(OR(SUBSTITUTE(SUBSTITUTE(SUBSTITUTE(SUBSTITUTE(SUBSTITUTE(SUBSTITUTE(SUBSTITUTE(SUBSTITUTE(SUBSTITUTE(SUBSTITUTE(SUBSTITUTE(SUBSTITUTE(SUBSTITUTE(SUBSTITUTE(SUBSTITUTE(SUBSTITUTE(SUBSTITUTE(SUBSTITUTE(SUBSTITUTE(SUBSTITUTE(SUBSTITUTE(SUBSTITUTE(SUBSTITUTE(SUBSTITUTE(SUBSTITUTE(SUBSTITUTE(SUBSTITUTE(UPPER(_xlpm.a)," ",""),"CONTROL","CTRL"),"CTL","CTRL"),"ESCAPE","ESC"),"RETURN","ENTER"),"PAGEDOWN","PGDN"),"PGDOWN","PGDN"),"PAGEUP","PGUP"),"ARROWKEYS","ARROW"),"ARROWKEY","ARROW"),"ARROWS","ARROW"),"DOWNARROW","DOWN"),"UPARROW","UP"),"LEFTARROW","LEFT"),"RIGHTARROW","RIGHT"),"ARROWDOWN","DOWN"),"ARROWUP","UP"),"ARROWLEFT","LEFT"),"ARROWRIGHT","RIGHT"),"↓","DOWN"),"↑","UP"),"←","LEFT"),"→","RIGHT"),"SPACEBAR","SPACE"),"−","-"),"MINUS","-"),"PLUS","+")=Key!$E$44:$H$44),"✔ CLEAR","✘ TRY AGAIN"))),"✘ TRY AGAIN")} | F15: {=IF(E15="Show hint",Key!$B$44,"")} | G15: {=IF(LEFT(D15,1)="✔",IF(E15="Show hint",5,10),0)} -> 0
A16: W4 | B16: Which function moves a date forward or back by whole months? (from F6-3 Deadlines) | D16: {=IFERROR(_xlfn.LET(_xlpm.a,'F7-3 Sorter'!$C$16,IF(TRIM(_xlpm.a&"")="","",IF(OR(SUBSTITUTE(SUBSTITUTE(SUBSTITUTE(SUBSTITUTE(SUBSTITUTE(SUBSTITUTE(SUBSTITUTE(SUBSTITUTE(SUBSTITUTE(SUBSTITUTE(SUBSTITUTE(SUBSTITUTE(SUBSTITUTE(SUBSTITUTE(SUBSTITUTE(SUBSTITUTE(SUBSTITUTE(SUBSTITUTE(SUBSTITUTE(SUBSTITUTE(SUBSTITUTE(SUBSTITUTE(SUBSTITUTE(SUBSTITUTE(SUBSTITUTE(SUBSTITUTE(SUBSTITUTE(UPPER(_xlpm.a)," ",""),"CONTROL","CTRL"),"CTL","CTRL"),"ESCAPE","ESC"),"RETURN","ENTER"),"PAGEDOWN","PGDN"),"PGDOWN","PGDN"),"PAGEUP","PGUP"),"ARROWKEYS","ARROW"),"ARROWKEY","ARROW"),"ARROWS","ARROW"),"DOWNARROW","DOWN"),"UPARROW","UP"),"LEFTARROW","LEFT"),"RIGHTARROW","RIGHT"),"ARROWDOWN","DOWN"),"ARROWUP","UP"),"ARROWLEFT","LEFT"),"ARROWRIGHT","RIGHT"),"↓","DOWN"),"↑","UP"),"←","LEFT"),"→","RIGHT"),"SPACEBAR","SPACE"),"−","-"),"MINUS","-"),"PLUS","+")=Key!$E$45:$J$45),"✔ CLEAR","✘ TRY AGAIN"))),"✘ TRY AGAIN")} | F16: {=IF(E16="Show hint",Key!$B$45,"")} | G16: {=IF(LEFT(D16,1)="✔",IF(E16="Show hint",5,10),0)} -> 0
A17: W5 | B17: Which function returns the last day of a month? (from F6-3 Deadlines) | D17: {=IFERROR(_xlfn.LET(_xlpm.a,'F7-3 Sorter'!$C$17,IF(TRIM(_xlpm.a&"")="","",IF(OR(SUBSTITUTE(SUBSTITUTE(SUBSTITUTE(SUBSTITUTE(SUBSTITUTE(SUBSTITUTE(SUBSTITUTE(SUBSTITUTE(SUBSTITUTE(SUBSTITUTE(SUBSTITUTE(SUBSTITUTE(SUBSTITUTE(SUBSTITUTE(SUBSTITUTE(SUBSTITUTE(SUBSTITUTE(SUBSTITUTE(SUBSTITUTE(SUBSTITUTE(SUBSTITUTE(SUBSTITUTE(SUBSTITUTE(SUBSTITUTE(SUBSTITUTE(SUBSTITUTE(SUBSTITUTE(UPPER(_xlpm.a)," ",""),"CONTROL","CTRL"),"CTL","CTRL"),"ESCAPE","ESC"),"RETURN","ENTER"),"PAGEDOWN","PGDN"),"PGDOWN","PGDN"),"PAGEUP","PGUP"),"ARROWKEYS","ARROW"),"ARROWKEY","ARROW"),"ARROWS","ARROW"),"DOWNARROW","DOWN"),"UPARROW","UP"),"LEFTARROW","LEFT"),"RIGHTARROW","RIGHT"),"ARROWDOWN","DOWN"),"ARROWUP","UP"),"ARROWLEFT","LEFT"),"ARROWRIGHT","RIGHT"),"↓","DOWN"),"↑","UP"),"←","LEFT"),"→","RIGHT"),"SPACEBAR","SPACE"),"−","-"),"MINUS","-"),"PLUS","+")=Key!$E$46:$J$46),"✔ CLEAR","✘ TRY AGAIN"))),"✘ TRY AGAIN")} | F17: {=IF(E17="Show hint",Key!$B$46,"")} | G17: {=IF(LEFT(D17,1)="✔",IF(E17="Show hint",5,10),0)} -> 0
A18: W6 | B18: Which function counts the working days between two dates? (from F6-3 Deadlines) | D18: {=IFERROR(_xlfn.LET(_xlpm.a,'F7-3 Sorter'!$C$18,IF(TRIM(_xlpm.a&"")="","",IF(OR(SUBSTITUTE(SUBSTITUTE(SUBSTITUTE(SUBSTITUTE(SUBSTITUTE(SUBSTITUTE(SUBSTITUTE(SUBSTITUTE(SUBSTITUTE(SUBSTITUTE(SUBSTITUTE(SUBSTITUTE(SUBSTITUTE(SUBSTITUTE(SUBSTITUTE(SUBSTITUTE(SUBSTITUTE(SUBSTITUTE(SUBSTITUTE(SUBSTITUTE(SUBSTITUTE(SUBSTITUTE(SUBSTITUTE(SUBSTITUTE(SUBSTITUTE(SUBSTITUTE(SUBSTITUTE(UPPER(_xlpm.a)," ",""),"CONTROL","CTRL"),"CTL","CTRL"),"ESCAPE","ESC"),"RETURN","ENTER"),"PAGEDOWN","PGDN"),"PGDOWN","PGDN"),"PAGEUP","PGUP"),"ARROWKEYS","ARROW"),"ARROWKEY","ARROW"),"ARROWS","ARROW"),"DOWNARROW","DOWN"),"UPARROW","UP"),"LEFTARROW","LEFT"),"RIGHTARROW","RIGHT"),"ARROWDOWN","DOWN"),"ARROWUP","UP"),"ARROWLEFT","LEFT"),"ARROWRIGHT","RIGHT"),"↓","DOWN"),"↑","UP"),"←","LEFT"),"→","RIGHT"),"SPACEBAR","SPACE"),"−","-"),"MINUS","-"),"PLUS","+")=Key!$E$47:$J$47),"✔ CLEAR","✘ TRY AGAIN"))),"✘ TRY AGAIN")} | F18: {=IF(E18="Show hint",Key!$B$47,"")} | G18: {=IF(LEFT(D18,1)="✔",IF(E18="Show hint",5,10),0)} -> 0
A19: W7 | B19: Which function returns the date a number of working days later? (from F6-3 Deadlines) | D19: {=IFERROR(_xlfn.LET(_xlpm.a,'F7-3 Sorter'!$C$19,IF(TRIM(_xlpm.a&"")="","",IF(OR(SUBSTITUTE(SUBSTITUTE(SUBSTITUTE(SUBSTITUTE(SUBSTITUTE(SUBSTITUTE(SUBSTITUTE(SUBSTITUTE(SUBSTITUTE(SUBSTITUTE(SUBSTITUTE(SUBSTITUTE(SUBSTITUTE(SUBSTITUTE(SUBSTITUTE(SUBSTITUTE(SUBSTITUTE(SUBSTITUTE(SUBSTITUTE(SUBSTITUTE(SUBSTITUTE(SUBSTITUTE(SUBSTITUTE(SUBSTITUTE(SUBSTITUTE(SUBSTITUTE(SUBSTITUTE(UPPER(_xlpm.a)," ",""),"CONTROL","CTRL"),"CTL","CTRL"),"ESCAPE","ESC"),"RETURN","ENTER"),"PAGEDOWN","PGDN"),"PGDOWN","PGDN"),"PAGEUP","PGUP"),"ARROWKEYS","ARROW"),"ARROWKEY","ARROW"),"ARROWS","ARROW"),"DOWNARROW","DOWN"),"UPARROW","UP"),"LEFTARROW","LEFT"),"RIGHTARROW","RIGHT"),"ARROWDOWN","DOWN"),"ARROWUP","UP"),"ARROWLEFT","LEFT"),"ARROWRIGHT","RIGHT"),"↓","DOWN"),"↑","UP"),"←","LEFT"),"→","RIGHT"),"SPACEBAR","SPACE"),"−","-"),"MINUS","-"),"PLUS","+")=Key!$E$48:$J$48),"✔ CLEAR","✘ TRY AGAIN"))),"✘ TRY AGAIN")} | F19: {=IF(E19="Show hint",Key!$B$48,"")} | G19: {=IF(LEFT(D19,1)="✔",IF(E19="Show hint",5,10),0)} -> 0
A20: W8 | B20: Which function returns characters from the start of a text? (from F5-1 Cut & Splice) | D20: {=IFERROR(_xlfn.LET(_xlpm.a,'F7-3 Sorter'!$C$20,IF(TRIM(_xlpm.a&"")="","",IF(OR(SUBSTITUTE(SUBSTITUTE(SUBSTITUTE(SUBSTITUTE(SUBSTITUTE(SUBSTITUTE(SUBSTITUTE(SUBSTITUTE(SUBSTITUTE(SUBSTITUTE(SUBSTITUTE(SUBSTITUTE(SUBSTITUTE(SUBSTITUTE(SUBSTITUTE(SUBSTITUTE(SUBSTITUTE(SUBSTITUTE(SUBSTITUTE(SUBSTITUTE(SUBSTITUTE(SUBSTITUTE(SUBSTITUTE(SUBSTITUTE(SUBSTITUTE(SUBSTITUTE(SUBSTITUTE(UPPER(_xlpm.a)," ",""),"CONTROL","CTRL"),"CTL","CTRL"),"ESCAPE","ESC"),"RETURN","ENTER"),"PAGEDOWN","PGDN"),"PGDOWN","PGDN"),"PAGEUP","PGUP"),"ARROWKEYS","ARROW"),"ARROWKEY","ARROW"),"ARROWS","ARROW"),"DOWNARROW","DOWN"),"UPARROW","UP"),"LEFTARROW","LEFT"),"RIGHTARROW","RIGHT"),"ARROWDOWN","DOWN"),"ARROWUP","UP"),"ARROWLEFT","LEFT"),"ARROWRIGHT","RIGHT"),"↓","DOWN"),"↑","UP"),"←","LEFT"),"→","RIGHT"),"SPACEBAR","SPACE"),"−","-"),"MINUS","-"),"PLUS","+")=Key!$E$49:$J$49),"✔ CLEAR","✘ TRY AGAIN"))),"✘ TRY AGAIN")} | F20: {=IF(E20="Show hint",Key!$B$49,"")} | G20: {=IF(LEFT(D20,1)="✔",IF(E20="Show hint",5,10),0)} -> 0
A21: W9 | B21: Which function returns characters from the end of a text? (from F5-1 Cut & Splice) | D21: {=IFERROR(_xlfn.LET(_xlpm.a,'F7-3 Sorter'!$C$21,IF(TRIM(_xlpm.a&"")="","",IF(OR(SUBSTITUTE(SUBSTITUTE(SUBSTITUTE(SUBSTITUTE(SUBSTITUTE(SUBSTITUTE(SUBSTITUTE(SUBSTITUTE(SUBSTITUTE(SUBSTITUTE(SUBSTITUTE(SUBSTITUTE(SUBSTITUTE(SUBSTITUTE(SUBSTITUTE(SUBSTITUTE(SUBSTITUTE(SUBSTITUTE(SUBSTITUTE(SUBSTITUTE(SUBSTITUTE(SUBSTITUTE(SUBSTITUTE(SUBSTITUTE(SUBSTITUTE(SUBSTITUTE(SUBSTITUTE(UPPER(_xlpm.a)," ",""),"CONTROL","CTRL"),"CTL","CTRL"),"ESCAPE","ESC"),"RETURN","ENTER"),"PAGEDOWN","PGDN"),"PGDOWN","PGDN"),"PAGEUP","PGUP"),"ARROWKEYS","ARROW"),"ARROWKEY","ARROW"),"ARROWS","ARROW"),"DOWNARROW","DOWN"),"UPARROW","UP"),"LEFTARROW","LEFT"),"RIGHTARROW","RIGHT"),"ARROWDOWN","DOWN"),"ARROWUP","UP"),"ARROWLEFT","LEFT"),"ARROWRIGHT","RIGHT"),"↓","DOWN"),"↑","UP"),"←","LEFT"),"→","RIGHT"),"SPACEBAR","SPACE"),"−","-"),"MINUS","-"),"PLUS","+")=Key!$E$50:$J$50),"✔ CLEAR","✘ TRY AGAIN"))),"✘ TRY AGAIN")} | F21: {=IF(E21="Show hint",Key!$B$50,"")} | G21: {=IF(LEFT(D21,1)="✔",IF(E21="Show hint",5,10),0)} -> 0
A22: W10 | B22: Which function returns characters from the middle of a text? (from F5-1 Cut & Splice) | D22: {=IFERROR(_xlfn.LET(_xlpm.a,'F7-3 Sorter'!$C$22,IF(TRIM(_xlpm.a&"")="","",IF(OR(SUBSTITUTE(SUBSTITUTE(SUBSTITUTE(SUBSTITUTE(SUBSTITUTE(SUBSTITUTE(SUBSTITUTE(SUBSTITUTE(SUBSTITUTE(SUBSTITUTE(SUBSTITUTE(SUBSTITUTE(SUBSTITUTE(SUBSTITUTE(SUBSTITUTE(SUBSTITUTE(SUBSTITUTE(SUBSTITUTE(SUBSTITUTE(SUBSTITUTE(SUBSTITUTE(SUBSTITUTE(SUBSTITUTE(SUBSTITUTE(SUBSTITUTE(SUBSTITUTE(SUBSTITUTE(UPPER(_xlpm.a)," ",""),"CONTROL","CTRL"),"CTL","CTRL"),"ESCAPE","ESC"),"RETURN","ENTER"),"PAGEDOWN","PGDN"),"PGDOWN","PGDN"),"PAGEUP","PGUP"),"ARROWKEYS","ARROW"),"ARROWKEY","ARROW"),"ARROWS","ARROW"),"DOWNARROW","DOWN"),"UPARROW","UP"),"LEFTARROW","LEFT"),"RIGHTARROW","RIGHT"),"ARROWDOWN","DOWN"),"ARROWUP","UP"),"ARROWLEFT","LEFT"),"ARROWRIGHT","RIGHT"),"↓","DOWN"),"↑","UP"),"←","LEFT"),"→","RIGHT"),"SPACEBAR","SPACE"),"−","-"),"MINUS","-"),"PLUS","+")=Key!$E$51:$J$51),"✔ CLEAR","✘ TRY AGAIN"))),"✘ TRY AGAIN")} | F22: {=IF(E22="Show hint",Key!$B$51,"")} | G22: {=IF(LEFT(D22,1)="✔",IF(E22="Show hint",5,10),0)} -> 0
A24: TRAINING · recognize the move (pick from the list)
A25: # | B25: Mission | C25: Your answer | D25: Result | E25: Hint? | F25: Hint | G25: XP
A26: T1 | B26: Which function spills a sorted copy of a range? | D26: {=IFERROR(IF('F7-3 Sorter'!$C$26&""="","",IF('F7-3 Sorter'!$C$26&""=Key!$C$52&"","✔ CLEAR","✘ TRY AGAIN")),"✘ TRY AGAIN")} | F26: {=IF(E26="Show hint",Key!$B$52,"")} | G26: {=IF(LEFT(D26,1)="✔",IF(E26="Show hint",5,10),0)} -> 0
A27: T2 | B27: Which function sorts a range by another range? | D27: {=IFERROR(IF('F7-3 Sorter'!$C$27&""="","",IF('F7-3 Sorter'!$C$27&""=Key!$C$53&"","✔ CLEAR","✘ TRY AGAIN")),"✘ TRY AGAIN")} | F27: {=IF(E27="Show hint",Key!$B$53,"")} | G27: {=IF(LEFT(D27,1)="✔",IF(E27="Show hint",5,10),0)} -> 0
A28: T3 | B28: Which function returns each distinct value once? | D28: {=IFERROR(IF('F7-3 Sorter'!$C$28&""="","",IF('F7-3 Sorter'!$C$28&""=Key!$C$54&"","✔ CLEAR","✘ TRY AGAIN")),"✘ TRY AGAIN")} | F28: {=IF(E28="Show hint",Key!$B$54,"")} | G28: {=IF(LEFT(D28,1)="✔",IF(E28="Show hint",5,10),0)} -> 0
A30: CHALLENGES · recall it, then do it
B31: ▶ Open F7-3 Arena (or press Ctrl+PgDn)
A32: # | B32: Mission | C32: Your answer | D32: Result | E32: Hint? | F32: Hint | G32: XP
A33: C1 | B33: Which function spills a sorted copy of a range? | D33: {=IFERROR(_xlfn.LET(_xlpm.a,'F7-3 Sorter'!$C$33,IF(TRIM(_xlpm.a&"")="","",IF(OR(SUBSTITUTE(SUBSTITUTE(SUBSTITUTE(SUBSTITUTE(SUBSTITUTE(SUBSTITUTE(SUBSTITUTE(SUBSTITUTE(SUBSTITUTE(SUBSTITUTE(SUBSTITUTE(SUBSTITUTE(SUBSTITUTE(SUBSTITUTE(SUBSTITUTE(SUBSTITUTE(SUBSTITUTE(SUBSTITUTE(SUBSTITUTE(SUBSTITUTE(SUBSTITUTE(SUBSTITUTE(SUBSTITUTE(SUBSTITUTE(SUBSTITUTE(SUBSTITUTE(SUBSTITUTE(UPPER(_xlpm.a)," ",""),"CONTROL","CTRL"),"CTL","CTRL"),"ESCAPE","ESC"),"RETURN","ENTER"),"PAGEDOWN","PGDN"),"PGDOWN","PGDN"),"PAGEUP","PGUP"),"ARROWKEYS","ARROW"),"ARROWKEY","ARROW"),"ARROWS","ARROW"),"DOWNARROW","DOWN"),"UPARROW","UP"),"LEFTARROW","LEFT"),"RIGHTARROW","RIGHT"),"ARROWDOWN","DOWN"),"ARROWUP","UP"),"ARROWLEFT","LEFT"),"ARROWRIGHT","RIGHT"),"↓","DOWN"),"↑","UP"),"←","LEFT"),"→","RIGHT"),"SPACEBAR","SPACE"),"−","-"),"MINUS","-"),"PLUS","+")=Key!$E$55:$J$55),"✔ CLEAR","✘ TRY AGAIN"))),"✘ TRY AGAIN")} | F33: {=IF(E33="Show hint",Key!$B$55,"")} | G33: {=IF(LEFT(D33,1)="✔",IF(E33="Show hint",5,10),0)} -> 0
A34: C2 | B34: Which function sorts a range by another range? | D34: {=IFERROR(_xlfn.LET(_xlpm.a,'F7-3 Sorter'!$C$34,IF(TRIM(_xlpm.a&"")="","",IF(OR(SUBSTITUTE(SUBSTITUTE(SUBSTITUTE(SUBSTITUTE(SUBSTITUTE(SUBSTITUTE(SUBSTITUTE(SUBSTITUTE(SUBSTITUTE(SUBSTITUTE(SUBSTITUTE(SUBSTITUTE(SUBSTITUTE(SUBSTITUTE(SUBSTITUTE(SUBSTITUTE(SUBSTITUTE(SUBSTITUTE(SUBSTITUTE(SUBSTITUTE(SUBSTITUTE(SUBSTITUTE(SUBSTITUTE(SUBSTITUTE(SUBSTITUTE(SUBSTITUTE(SUBSTITUTE(UPPER(_xlpm.a)," ",""),"CONTROL","CTRL"),"CTL","CTRL"),"ESCAPE","ESC"),"RETURN","ENTER"),"PAGEDOWN","PGDN"),"PGDOWN","PGDN"),"PAGEUP","PGUP"),"ARROWKEYS","ARROW"),"ARROWKEY","ARROW"),"ARROWS","ARROW"),"DOWNARROW","DOWN"),"UPARROW","UP"),"LEFTARROW","LEFT"),"RIGHTARROW","RIGHT"),"ARROWDOWN","DOWN"),"ARROWUP","UP"),"ARROWLEFT","LEFT"),"ARROWRIGHT","RIGHT"),"↓","DOWN"),"↑","UP"),"←","LEFT"),"→","RIGHT"),"SPACEBAR","SPACE"),"−","-"),"MINUS","-"),"PLUS","+")=Key!$E$56:$J$56),"✔ CLEAR","✘ TRY AGAIN"))),"✘ TRY AGAIN")} | F34: {=IF(E34="Show hint",Key!$B$56,"")} | G34: {=IF(LEFT(D34,1)="✔",IF(E34="Show hint",5,10),0)} -> 0
A35: C3 | B35: Which function returns each distinct value once? | D35: {=IFERROR(_xlfn.LET(_xlpm.a,'F7-3 Sorter'!$C$35,IF(TRIM(_xlpm.a&"")="","",IF(OR(SUBSTITUTE(SUBSTITUTE(SUBSTITUTE(SUBSTITUTE(SUBSTITUTE(SUBSTITUTE(SUBSTITUTE(SUBSTITUTE(SUBSTITUTE(SUBSTITUTE(SUBSTITUTE(SUBSTITUTE(SUBSTITUTE(SUBSTITUTE(SUBSTITUTE(SUBSTITUTE(SUBSTITUTE(SUBSTITUTE(SUBSTITUTE(SUBSTITUTE(SUBSTITUTE(SUBSTITUTE(SUBSTITUTE(SUBSTITUTE(SUBSTITUTE(SUBSTITUTE(SUBSTITUTE(UPPER(_xlpm.a)," ",""),"CONTROL","CTRL"),"CTL","CTRL"),"ESCAPE","ESC"),"RETURN","ENTER"),"PAGEDOWN","PGDN"),"PGDOWN","PGDN"),"PAGEUP","PGUP"),"ARROWKEYS","ARROW"),"ARROWKEY","ARROW"),"ARROWS","ARROW"),"DOWNARROW","DOWN"),"UPARROW","UP"),"LEFTARROW","LEFT"),"RIGHTARROW","RIGHT"),"ARROWDOWN","DOWN"),"ARROWUP","UP"),"ARROWLEFT","LEFT"),"ARROWRIGHT","RIGHT"),"↓","DOWN"),"↑","UP"),"←","LEFT"),"→","RIGHT"),"SPACEBAR","SPACE"),"−","-"),"MINUS","-"),"PLUS","+")=Key!$E$57:$J$57),"✔ CLEAR","✘ TRY AGAIN"))),"✘ TRY AGAIN")} | F35: {=IF(E35="Show hint",Key!$B$57,"")} | G35: {=IF(LEFT(D35,1)="✔",IF(E35="Show hint",5,10),0)} -> 0
A36: C4 | B36: In K6 spill the Revenue column (H6:H25) sorted largest first: =SORT(H6:H25,,-1). | C36: ▶ ARENA C4 (cell K6) | D36: {=IF(ISBLANK('F7-3 Arena'!$K$6),"",IF(NOT(_xlfn.ISFORMULA('F7-3 Arena'!$K$6)),"✘ That's a typed value · enter a formula",IF(ISERROR('F7-3 Arena'!$K$6),"✘ Your formula returns "&IFERROR(CHOOSE(ERROR.TYPE('F7-3 Arena'!$K$6),"#NULL!","#DIV/0!","#VALUE!","#REF!","#NAME?","#NUM!","#N/A","#GETTING_DATA","#SPILL!","#CONNECT!","#BLOCKED!","#UNKNOWN!","#FIELD!","#CALC!"),"an error"),IF(IFERROR(AND(ROWS(_xlfn.ANCHORARRAY('F7-3 Arena'!$K$6))=ROWS(_xlfn.ANCHORARRAY(Key!$E$2301)),COLUMNS(_xlfn.ANCHORARRAY('F7-3 Arena'!$K$6))=COLUMNS(_xlfn.ANCHORARRAY(Key!$E$2301)),SUM(--(_xlfn.ANCHORARRAY('F7-3 Arena'!$K$6)=_xlfn.ANCHORARRAY(Key!$E$2301)))=ROWS(_xlfn.ANCHORARRAY(Key!$E$2301))*COLUMNS(_xlfn.ANCHORARRAY(Key!$E$2301))),FALSE),IF(AND(OR(ISNUMBER(FIND({"=","(",",","+","-","*","/","&"," ","<",">",":","@","^"}&"SORT"&"(",UPPER(_xlfn.FORMULATEXT('F7-3 Arena'!$K$6)))))),"✔ CLEAR","✘ CLOSE · right result, but use SORT"),"✘ TRY AGAIN"))))} | F36: {=IF(E36="Show hint",Key!$B$58,"")} | G36: {=IF(LEFT(D36,1)="✔",IF(E36="Show hint",5,10),0)} -> 0
A37: C5 | B37: In M6 spill the Order IDs sorted by Date, newest first: =SORTBY(B6:B25,C6:C25,-1). | C37: ▶ ARENA C5 (cell M6) | D37: {=IF(ISBLANK('F7-3 Arena'!$M$6),"",IF(NOT(_xlfn.ISFORMULA('F7-3 Arena'!$M$6)),"✘ That's a typed value · enter a formula",IF(ISERROR('F7-3 Arena'!$M$6),"✘ Your formula returns "&IFERROR(CHOOSE(ERROR.TYPE('F7-3 Arena'!$M$6),"#NULL!","#DIV/0!","#VALUE!","#REF!","#NAME?","#NUM!","#N/A","#GETTING_DATA","#SPILL!","#CONNECT!","#BLOCKED!","#UNKNOWN!","#FIELD!","#CALC!"),"an error"),IF(IFERROR(AND(ROWS(_xlfn.ANCHORARRAY('F7-3 Arena'!$M$6))=ROWS(_xlfn.ANCHORARRAY(Key!$E$2401)),COLUMNS(_xlfn.ANCHORARRAY('F7-3 Arena'!$M$6))=COLUMNS(_xlfn.ANCHORARRAY(Key!$E$2401)),SUM(--(_xlfn.ANCHORARRAY('F7-3 Arena'!$M$6)=_xlfn.ANCHORARRAY(Key!$E$2401)))=ROWS(_xlfn.ANCHORARRAY(Key!$E$2401))*COLUMNS(_xlfn.ANCHORARRAY(Key!$E$2401))),FALSE),IF(AND(OR(ISNUMBER(FIND({"=","(",",","+","-","*","/","&"," ","<",">",":","@","^"}&"SORTBY"&"(",UPPER(_xlfn.FORMULATEXT('F7-3 Arena'!$M$6)))))),"✔ CLEAR","✘ CLOSE · right result, but use SORTBY"),"✘ TRY AGAIN"))))} | F37: {=IF(E37="Show hint",Key!$B$59,"")} | G37: {=IF(LEFT(D37,1)="✔",IF(E37="Show hint",5,10),0)} -> 0
A38: C6 | B38: In O6 spill each Region once: =UNIQUE(D6:D25). | C38: ▶ ARENA C6 (cell O6) | D38: {=IF(ISBLANK('F7-3 Arena'!$O$6),"",IF(NOT(_xlfn.ISFORMULA('F7-3 Arena'!$O$6)),"✘ That's a typed value · enter a formula",IF(ISERROR('F7-3 Arena'!$O$6),"✘ Your formula returns "&IFERROR(CHOOSE(ERROR.TYPE('F7-3 Arena'!$O$6),"#NULL!","#DIV/0!","#VALUE!","#REF!","#NAME?","#NUM!","#N/A","#GETTING_DATA","#SPILL!","#CONNECT!","#BLOCKED!","#UNKNOWN!","#FIELD!","#CALC!"),"an error"),IF(IFERROR(AND(ROWS(_xlfn.ANCHORARRAY('F7-3 Arena'!$O$6))=ROWS(_xlfn.ANCHORARRAY(Key!$E$2501)),COLUMNS(_xlfn.ANCHORARRAY('F7-3 Arena'!$O$6))=COLUMNS(_xlfn.ANCHORARRAY(Key!$E$2501)),SUM(--(_xlfn.ANCHORARRAY('F7-3 Arena'!$O$6)=_xlfn.ANCHORARRAY(Key!$E$2501)))=ROWS(_xlfn.ANCHORARRAY(Key!$E$2501))*COLUMNS(_xlfn.ANCHORARRAY(Key!$E$2501))),FALSE),IF(AND(OR(ISNUMBER(FIND({"=","(",",","+","-","*","/","&"," ","<",">",":","@","^"}&"UNIQUE"&"(",UPPER(_xlfn.FORMULATEXT('F7-3 Arena'!$O$6)))))),"✔ CLEAR","✘ CLOSE · right result, but use UNIQUE"),"✘ TRY AGAIN"))))} | F38: {=IF(E38="Show hint",Key!$B$60,"")} | G38: {=IF(LEFT(D38,1)="✔",IF(E38="Show hint",5,10),0)} -> 0
A39: C7 | B39: In Q6 count the different Reps with =COUNTA(UNIQUE(E6:E25)). | C39: ▶ ARENA C7 (cell Q6) | D39: {=IF(ISBLANK('F7-3 Arena'!$Q$6),"",IF(NOT(_xlfn.ISFORMULA('F7-3 Arena'!$Q$6)),"✘ That's a typed value · enter a formula",IF(ISERROR('F7-3 Arena'!$Q$6),"✘ Your formula returns "&IFERROR(CHOOSE(ERROR.TYPE('F7-3 Arena'!$Q$6),"#NULL!","#DIV/0!","#VALUE!","#REF!","#NAME?","#NUM!","#N/A","#GETTING_DATA","#SPILL!","#CONNECT!","#BLOCKED!","#UNKNOWN!","#FIELD!","#CALC!"),"an error"),IF(NOT(AND(IFERROR(AND(ISNUMBER('F7-3 Arena'!$Q$6),ABS('F7-3 Arena'!$Q$6-Key!$C$61)<=1E-9*MAX(1,ABS(Key!$C$61))),FALSE))),"✘ TRY AGAIN",IF(AND(OR(ISNUMBER(FIND({"=","(",",","+","-","*","/","&"," ","<",">",":","@","^"}&"COUNTA"&"(",UPPER(_xlfn.FORMULATEXT('F7-3 Arena'!$Q$6))))),OR(ISNUMBER(FIND({"=","(",",","+","-","*","/","&"," ","<",">",":","@","^"}&"UNIQUE"&"(",UPPER(_xlfn.FORMULATEXT('F7-3 Arena'!$Q$6)))))),"✔ CLEAR","✘ CLOSE · right value, but use COUNTA and UNIQUE")))))} | F39: {=IF(E39="Show hint",Key!$B$61,"")} | G39: {=IF(LEFT(D39,1)="✔",IF(E39="Show hint",5,10),0)} -> 0

Sheet F7-3 Arena
A1: ARENA ▸ F7-3 SORTER
A2: Practice area · everything here is editable. Missions and their checks are on the stage sheet.
A3: PASS CODE | B3: SORTER | D3: ◀ Back to F7-3 Sorter
B5: Order | C5: Date | D5: Region | E5: Rep | F5: Product | G5: Units | H5: Revenue | K5: Revenue, big → small | M5: IDs, newest first | O5: Regions | Q5: How many reps?
B6: O-101 | C6: 46027 | D6: East | E6: Kim | F6: Widget | G6: 40 | H6: 1200
B7: O-102 | C7: 46031 | D7: West | E7: Lee | F7: Gadget | G7: 15 | H7: 900
B8: O-103 | C8: 46036 | D8: North | E8: Ava | F8: Widget | G8: 55 | H8: 1650
B9: O-104 | C9: 46042 | D9: East | E9: Kim | F9: Gizmo | G9: 20 | H9: 1000
B10: O-105 | C10: 46055 | D10: South | E10: Raj | F10: Gadget | G10: 60 | H10: 3600
B11: O-106 | C11: 46060 | D11: West | E11: Lee | F11: Widget | G11: 35 | H11: 1050
B12: O-107 | C12: 46064 | D12: East | E12: Ava | F12: Gadget | G12: 25 | H12: 1500
B13: O-108 | C13: 46072 | D13: North | E13: Raj | F13: Gizmo | G13: 45 | H13: 2250
B14: O-109 | C14: 46084 | D14: West | E14: Kim | F14: Gizmo | G14: 10 | H14: 500
B15: O-110 | C15: 46089 | D15: East | E15: Lee | F15: Widget | G15: 70 | H15: 2100
B16: O-111 | C16: 46096 | D16: South | E16: Ava | F16: Widget | G16: 30 | H16: 900
B17: O-112 | C17: 46103 | D17: North | E17: Kim | F17: Gadget | G17: 50 | H17: 3000
... B25: O-120 | C25: 46169 | D25: East | E25: Ava | F25: Gadget | G25: 55 | H25: 3300

Sheet F7-4 Combo
A1: STAGE F7-4 ▸ COMBO
A2: Goal: nest dynamic functions and name values with LET
A3: {="SCORE "&TEXT(SUM($G$12:$G$36),"0000")&" / 0180"} -> SCORE 0000 / 0180 | C3: {=IF(SUM($G$12:$G$36)>=180,"★★★",IF(SUM($G$12:$G$36)>=180*0.8,"★★☆",IF(SUM($G$12:$G$36)>=180*0.5,"★☆☆","☆☆☆")))} -> ☆☆☆ | D3: {=REPT("█",ROUND(10*SUM($G$12:$G$36)/180,0))&REPT("░",10-ROUND(10*SUM($G$12:$G$36)/180,0))&" "&TEXT(SUM($G$12:$G$36)/180,"0%")} -> ░░░░░░░░░░ 0% | F3: {=IF(SUM($G$12:$G$36)>=180*0.5,"STAGE CLEAR! ▶ Next: Boss","")}
A5: BRIEFING · new moves in this stage
A6: # | B6: What it does · Pro tip | C6: Keys / Syntax
A7: 1 | B7: LET(name, value, calculation) names a value so you write it once. Tip: =LET(rev,H6:H25,SUM(rev)/COUNT(rev)) | C7: LET
A8: 2 | B8: Nest dynamic functions: the inner result feeds the outer one. Tip: =SORT(UNIQUE(E6:E25)) gives a sorted list of reps. | C8: SORT(UNIQUE(…))
A10: WARM-UP · flashback to earlier stages
A11: # | B11: Mission | C11: Your answer | D11: Result | E11: Hint? | F11: Hint | G11: XP
A12: W1 | B12: Which function spills a sorted copy of a range? (from F7-3 Sorter) | D12: {=IFERROR(_xlfn.LET(_xlpm.a,'F7-4 Combo'!$C$12,IF(TRIM(_xlpm.a&"")="","",IF(OR(SUBSTITUTE(SUBSTITUTE(SUBSTITUTE(SUBSTITUTE(SUBSTITUTE(SUBSTITUTE(SUBSTITUTE(SUBSTITUTE(SUBSTITUTE(SUBSTITUTE(SUBSTITUTE(SUBSTITUTE(SUBSTITUTE(SUBSTITUTE(SUBSTITUTE(SUBSTITUTE(SUBSTITUTE(SUBSTITUTE(SUBSTITUTE(SUBSTITUTE(SUBSTITUTE(SUBSTITUTE(SUBSTITUTE(SUBSTITUTE(SUBSTITUTE(SUBSTITUTE(SUBSTITUTE(UPPER(_xlpm.a)," ",""),"CONTROL","CTRL"),"CTL","CTRL"),"ESCAPE","ESC"),"RETURN","ENTER"),"PAGEDOWN","PGDN"),"PGDOWN","PGDN"),"PAGEUP","PGUP"),"ARROWKEYS","ARROW"),"ARROWKEY","ARROW"),"ARROWS","ARROW"),"DOWNARROW","DOWN"),"UPARROW","UP"),"LEFTARROW","LEFT"),"RIGHTARROW","RIGHT"),"ARROWDOWN","DOWN"),"ARROWUP","UP"),"ARROWLEFT","LEFT"),"ARROWRIGHT","RIGHT"),"↓","DOWN"),"↑","UP"),"←","LEFT"),"→","RIGHT"),"SPACEBAR","SPACE"),"−","-"),"MINUS","-"),"PLUS","+")=Key!$E$62:$J$62),"✔ CLEAR","✘ TRY AGAIN"))),"✘ TRY AGAIN")} | F12: {=IF(E12="Show hint",Key!$B$62,"")} | G12: {=IF(LEFT(D12,1)="✔",IF(E12="Show hint",5,10),0)} -> 0
A13: W2 | B13: Which function sorts a range by another range? (from F7-3 Sorter) | D13: {=IFERROR(_xlfn.LET(_xlpm.a,'F7-4 Combo'!$C$13,IF(TRIM(_xlpm.a&"")="","",IF(OR(SUBSTITUTE(SUBSTITUTE(SUBSTITUTE(SUBSTITUTE(SUBSTITUTE(SUBSTITUTE(SUBSTITUTE(SUBSTITUTE(SUBSTITUTE(SUBSTITUTE(SUBSTITUTE(SUBSTITUTE(SUBSTITUTE(SUBSTITUTE(SUBSTITUTE(SUBSTITUTE(SUBSTITUTE(SUBSTITUTE(SUBSTITUTE(SUBSTITUTE(SUBSTITUTE(SUBSTITUTE(SUBSTITUTE(SUBSTITUTE(SUBSTITUTE(SUBSTITUTE(SUBSTITUTE(UPPER(_xlpm.a)," ",""),"CONTROL","CTRL"),"CTL","CTRL"),"ESCAPE","ESC"),"RETURN","ENTER"),"PAGEDOWN","PGDN"),"PGDOWN","PGDN"),"PAGEUP","PGUP"),"ARROWKEYS","ARROW"),"ARROWKEY","ARROW"),"ARROWS","ARROW"),"DOWNARROW","DOWN"),"UPARROW","UP"),"LEFTARROW","LEFT"),"RIGHTARROW","RIGHT"),"ARROWDOWN","DOWN"),"ARROWUP","UP"),"ARROWLEFT","LEFT"),"ARROWRIGHT","RIGHT"),"↓","DOWN"),"↑","UP"),"←","LEFT"),"→","RIGHT"),"SPACEBAR","SPACE"),"−","-"),"MINUS","-"),"PLUS","+")=Key!$E$63:$J$63),"✔ CLEAR","✘ TRY AGAIN"))),"✘ TRY AGAIN")} | F13: {=IF(E13="Show hint",Key!$B$63,"")} | G13: {=IF(LEFT(D13,1)="✔",IF(E13="Show hint",5,10),0)} -> 0
A14: W3 | B14: Which function returns each distinct value once? (from F7-3 Sorter) | D14: {=IFERROR(_xlfn.LET(_xlpm.a,'F7-4 Combo'!$C$14,IF(TRIM(_xlpm.a&"")="","",IF(OR(SUBSTITUTE(SUBSTITUTE(SUBSTITUTE(SUBSTITUTE(SUBSTITUTE(SUBSTITUTE(SUBSTITUTE(SUBSTITUTE(SUBSTITUTE(SUBSTITUTE(SUBSTITUTE(SUBSTITUTE(SUBSTITUTE(SUBSTITUTE(SUBSTITUTE(SUBSTITUTE(SUBSTITUTE(SUBSTITUTE(SUBSTITUTE(SUBSTITUTE(SUBSTITUTE(SUBSTITUTE(SUBSTITUTE(SUBSTITUTE(SUBSTITUTE(SUBSTITUTE(SUBSTITUTE(UPPER(_xlpm.a)," ",""),"CONTROL","CTRL"),"CTL","CTRL"),"ESCAPE","ESC"),"RETURN","ENTER"),"PAGEDOWN","PGDN"),"PGDOWN","PGDN"),"PAGEUP","PGUP"),"ARROWKEYS","ARROW"),"ARROWKEY","ARROW"),"ARROWS","ARROW"),"DOWNARROW","DOWN"),"UPARROW","UP"),"LEFTARROW","LEFT"),"RIGHTARROW","RIGHT"),"ARROWDOWN","DOWN"),"ARROWUP","UP"),"ARROWLEFT","LEFT"),"ARROWRIGHT","RIGHT"),"↓","DOWN"),"↑","UP"),"←","LEFT"),"→","RIGHT"),"SPACEBAR","SPACE"),"−","-"),"MINUS","-"),"PLUS","+")=Key!$E$64:$J$64),"✔ CLEAR","✘ TRY AGAIN"))),"✘ TRY AGAIN")} | F14: {=IF(E14="Show hint",Key!$B$64,"")} | G14: {=IF(LEFT(D14,1)="✔",IF(E14="Show hint",5,10),0)} -> 0
A15: W4 | B15: Which function counts the characters in a text? (from F5-1 Cut & Splice) | D15: {=IFERROR(_xlfn.LET(_xlpm.a,'F7-4 Combo'!$C$15,IF(TRIM(_xlpm.a&"")="","",IF(OR(SUBSTITUTE(SUBSTITUTE(SUBSTITUTE(SUBSTITUTE(SUBSTITUTE(SUBSTITUTE(SUBSTITUTE(SUBSTITUTE(SUBSTITUTE(SUBSTITUTE(SUBSTITUTE(SUBSTITUTE(SUBSTITUTE(SUBSTITUTE(SUBSTITUTE(SUBSTITUTE(SUBSTITUTE(SUBSTITUTE(SUBSTITUTE(SUBSTITUTE(SUBSTITUTE(SUBSTITUTE(SUBSTITUTE(SUBSTITUTE(SUBSTITUTE(SUBSTITUTE(SUBSTITUTE(UPPER(_xlpm.a)," ",""),"CONTROL","CTRL"),"CTL","CTRL"),"ESCAPE","ESC"),"RETURN","ENTER"),"PAGEDOWN","PGDN"),"PGDOWN","PGDN"),"PAGEUP","PGUP"),"ARROWKEYS","ARROW"),"ARROWKEY","ARROW"),"ARROWS","ARROW"),"DOWNARROW","DOWN"),"UPARROW","UP"),"LEFTARROW","LEFT"),"RIGHTARROW","RIGHT"),"ARROWDOWN","DOWN"),"ARROWUP","UP"),"ARROWLEFT","LEFT"),"ARROWRIGHT","RIGHT"),"↓","DOWN"),"↑","UP"),"←","LEFT"),"→","RIGHT"),"SPACEBAR","SPACE"),"−","-"),"MINUS","-"),"PLUS","+")=Key!$E$65:$J$65),"✔ CLEAR","✘ TRY AGAIN"))),"✘ TRY AGAIN")} | F15: {=IF(E15="Show hint",Key!$B$65,"")} | G15: {=IF(LEFT(D15,1)="✔",IF(E15="Show hint",5,10),0)} -> 0
A16: W5 | B16: Which character joins pieces of text in a formula? (from F5-1 Cut & Splice) | D16: {=IFERROR(_xlfn.LET(_xlpm.a,'F7-4 Combo'!$C$16,IF(TRIM(_xlpm.a&"")="","",IF(OR(SUBSTITUTE(SUBSTITUTE(SUBSTITUTE(SUBSTITUTE(SUBSTITUTE(SUBSTITUTE(SUBSTITUTE(SUBSTITUTE(SUBSTITUTE(SUBSTITUTE(SUBSTITUTE(SUBSTITUTE(SUBSTITUTE(SUBSTITUTE(SUBSTITUTE(SUBSTITUTE(SUBSTITUTE(SUBSTITUTE(SUBSTITUTE(SUBSTITUTE(SUBSTITUTE(SUBSTITUTE(SUBSTITUTE(SUBSTITUTE(SUBSTITUTE(SUBSTITUTE(SUBSTITUTE(UPPER(_xlpm.a)," ",""),"CONTROL","CTRL"),"CTL","CTRL"),"ESCAPE","ESC"),"RETURN","ENTER"),"PAGEDOWN","PGDN"),"PGDOWN","PGDN"),"PAGEUP","PGUP"),"ARROWKEYS","ARROW"),"ARROWKEY","ARROW"),"ARROWS","ARROW"),"DOWNARROW","DOWN"),"UPARROW","UP"),"LEFTARROW","LEFT"),"RIGHTARROW","RIGHT"),"ARROWDOWN","DOWN"),"ARROWUP","UP"),"ARROWLEFT","LEFT"),"ARROWRIGHT","RIGHT"),"↓","DOWN"),"↑","UP"),"←","LEFT"),"→","RIGHT"),"SPACEBAR","SPACE"),"−","-"),"MINUS","-"),"PLUS","+")=Key!$E$66:$F$66),"✔ CLEAR","✘ TRY AGAIN"))),"✘ TRY AGAIN")} | F16: {=IF(E16="Show hint",Key!$B$66,"")} | G16: {=IF(LEFT(D16,1)="✔",IF(E16="Show hint",5,10),0)} -> 0
A17: W6 | B17: Which function removes extra spaces from text? (from F5-2 Clean Up) | D17: {=IFERROR(_xlfn.LET(_xlpm.a,'F7-4 Combo'!$C$17,IF(TRIM(_xlpm.a&"")="","",IF(OR(SUBSTITUTE(SUBSTITUTE(SUBSTITUTE(SUBSTITUTE(SUBSTITUTE(SUBSTITUTE(SUBSTITUTE(SUBSTITUTE(SUBSTITUTE(SUBSTITUTE(SUBSTITUTE(SUBSTITUTE(SUBSTITUTE(SUBSTITUTE(SUBSTITUTE(SUBSTITUTE(SUBSTITUTE(SUBSTITUTE(SUBSTITUTE(SUBSTITUTE(SUBSTITUTE(SUBSTITUTE(SUBSTITUTE(SUBSTITUTE(SUBSTITUTE(SUBSTITUTE(SUBSTITUTE(UPPER(_xlpm.a)," ",""),"CONTROL","CTRL"),"CTL","CTRL"),"ESCAPE","ESC"),"RETURN","ENTER"),"PAGEDOWN","PGDN"),"PGDOWN","PGDN"),"PAGEUP","PGUP"),"ARROWKEYS","ARROW"),"ARROWKEY","ARROW"),"ARROWS","ARROW"),"DOWNARROW","DOWN"),"UPARROW","UP"),"LEFTARROW","LEFT"),"RIGHTARROW","RIGHT"),"ARROWDOWN","DOWN"),"ARROWUP","UP"),"ARROWLEFT","LEFT"),"ARROWRIGHT","RIGHT"),"↓","DOWN"),"↑","UP"),"←","LEFT"),"→","RIGHT"),"SPACEBAR","SPACE"),"−","-"),"MINUS","-"),"PLUS","+")=Key!$E$67:$J$67),"✔ CLEAR","✘ TRY AGAIN"))),"✘ TRY AGAIN")} | F17: {=IF(E17="Show hint",Key!$B$67,"")} | G17: {=IF(LEFT(D17,1)="✔",IF(E17="Show hint",5,10),0)} -> 0
A18: W7 | B18: Which function converts text to all capitals? (from F5-2 Clean Up) | D18: {=IFERROR(_xlfn.LET(_xlpm.a,'F7-4 Combo'!$C$18,IF(TRIM(_xlpm.a&"")="","",IF(OR(SUBSTITUTE(SUBSTITUTE(SUBSTITUTE(SUBSTITUTE(SUBSTITUTE(SUBSTITUTE(SUBSTITUTE(SUBSTITUTE(SUBSTITUTE(SUBSTITUTE(SUBSTITUTE(SUBSTITUTE(SUBSTITUTE(SUBSTITUTE(SUBSTITUTE(SUBSTITUTE(SUBSTITUTE(SUBSTITUTE(SUBSTITUTE(SUBSTITUTE(SUBSTITUTE(SUBSTITUTE(SUBSTITUTE(SUBSTITUTE(SUBSTITUTE(SUBSTITUTE(SUBSTITUTE(UPPER(_xlpm.a)," ",""),"CONTROL","CTRL"),"CTL","CTRL"),"ESCAPE","ESC"),"RETURN","ENTER"),"PAGEDOWN","PGDN"),"PGDOWN","PGDN"),"PAGEUP","PGUP"),"ARROWKEYS","ARROW"),"ARROWKEY","ARROW"),"ARROWS","ARROW"),"DOWNARROW","DOWN"),"UPARROW","UP"),"LEFTARROW","LEFT"),"RIGHTARROW","RIGHT"),"ARROWDOWN","DOWN"),"ARROWUP","UP"),"ARROWLEFT","LEFT"),"ARROWRIGHT","RIGHT"),"↓","DOWN"),"↑","UP"),"←","LEFT"),"→","RIGHT"),"SPACEBAR","SPACE"),"−","-"),"MINUS","-"),"PLUS","+")=Key!$E$68:$J$68),"✔ CLEAR","✘ TRY AGAIN"))),"✘ TRY AGAIN")} | F18: {=IF(E18="Show hint",Key!$B$68,"")} | G18: {=IF(LEFT(D18,1)="✔",IF(E18="Show hint",5,10),0)} -> 0
A19: W8 | B19: Which function converts text to all lowercase? (from F5-2 Clean Up) | D19: {=IFERROR(_xlfn.LET(_xlpm.a,'F7-4 Combo'!$C$19,IF(TRIM(_xlpm.a&"")="","",IF(OR(SUBSTITUTE(SUBSTITUTE(SUBSTITUTE(SUBSTITUTE(SUBSTITUTE(SUBSTITUTE(SUBSTITUTE(SUBSTITUTE(SUBSTITUTE(SUBSTITUTE(SUBSTITUTE(SUBSTITUTE(SUBSTITUTE(SUBSTITUTE(SUBSTITUTE(SUBSTITUTE(SUBSTITUTE(SUBSTITUTE(SUBSTITUTE(SUBSTITUTE(SUBSTITUTE(SUBSTITUTE(SUBSTITUTE(SUBSTITUTE(SUBSTITUTE(SUBSTITUTE(SUBSTITUTE(UPPER(_xlpm.a)," ",""),"CONTROL","CTRL"),"CTL","CTRL"),"ESCAPE","ESC"),"RETURN","ENTER"),"PAGEDOWN","PGDN"),"PGDOWN","PGDN"),"PAGEUP","PGUP"),"ARROWKEYS","ARROW"),"ARROWKEY","ARROW"),"ARROWS","ARROW"),"DOWNARROW","DOWN"),"UPARROW","UP"),"LEFTARROW","LEFT"),"RIGHTARROW","RIGHT"),"ARROWDOWN","DOWN"),"ARROWUP","UP"),"ARROWLEFT","LEFT"),"ARROWRIGHT","RIGHT"),"↓","DOWN"),"↑","UP"),"←","LEFT"),"→","RIGHT"),"SPACEBAR","SPACE"),"−","-"),"MINUS","-"),"PLUS","+")=Key!$E$69:$J$69),"✔ CLEAR","✘ TRY AGAIN"))),"✘ TRY AGAIN")} | F19: {=IF(E19="Show hint",Key!$B$69,"")} | G19: {=IF(LEFT(D19,1)="✔",IF(E19="Show hint",5,10),0)} -> 0
A20: W9 | B20: Which function capitalizes the first letter of each word? (from F5-2 Clean Up) | D20: {=IFERROR(_xlfn.LET(_xlpm.a,'F7-4 Combo'!$C$20,IF(TRIM(_xlpm.a&"")="","",IF(OR(SUBSTITUTE(SUBSTITUTE(SUBSTITUTE(SUBSTITUTE(SUBSTITUTE(SUBSTITUTE(SUBSTITUTE(SUBSTITUTE(SUBSTITUTE(SUBSTITUTE(SUBSTITUTE(SUBSTITUTE(SUBSTITUTE(SUBSTITUTE(SUBSTITUTE(SUBSTITUTE(SUBSTITUTE(SUBSTITUTE(SUBSTITUTE(SUBSTITUTE(SUBSTITUTE(SUBSTITUTE(SUBSTITUTE(SUBSTITUTE(SUBSTITUTE(SUBSTITUTE(SUBSTITUTE(UPPER(_xlpm.a)," ",""),"CONTROL","CTRL"),"CTL","CTRL"),"ESCAPE","ESC"),"RETURN","ENTER"),"PAGEDOWN","PGDN"),"PGDOWN","PGDN"),"PAGEUP","PGUP"),"ARROWKEYS","ARROW"),"ARROWKEY","ARROW"),"ARROWS","ARROW"),"DOWNARROW","DOWN"),"UPARROW","UP"),"LEFTARROW","LEFT"),"RIGHTARROW","RIGHT"),"ARROWDOWN","DOWN"),"ARROWUP","UP"),"ARROWLEFT","LEFT"),"ARROWRIGHT","RIGHT"),"↓","DOWN"),"↑","UP"),"←","LEFT"),"→","RIGHT"),"SPACEBAR","SPACE"),"−","-"),"MINUS","-"),"PLUS","+")=Key!$E$70:$J$70),"✔ CLEAR","✘ TRY AGAIN"))),"✘ TRY AGAIN")} | F20: {=IF(E20="Show hint",Key!$B$70,"")} | G20: {=IF(LEFT(D20,1)="✔",IF(E20="Show hint",5,10),0)} -> 0
A21: W10 | B21: Which function replaces every occurrence of some text with other text? (from F5-2 Clean Up) | D21: {=IFERROR(_xlfn.LET(_xlpm.a,'F7-4 Combo'!$C$21,IF(TRIM(_xlpm.a&"")="","",IF(OR(SUBSTITUTE(SUBSTITUTE(SUBSTITUTE(SUBSTITUTE(SUBSTITUTE(SUBSTITUTE(SUBSTITUTE(SUBSTITUTE(SUBSTITUTE(SUBSTITUTE(SUBSTITUTE(SUBSTITUTE(SUBSTITUTE(SUBSTITUTE(SUBSTITUTE(SUBSTITUTE(SUBSTITUTE(SUBSTITUTE(SUBSTITUTE(SUBSTITUTE(SUBSTITUTE(SUBSTITUTE(SUBSTITUTE(SUBSTITUTE(SUBSTITUTE(SUBSTITUTE(SUBSTITUTE(UPPER(_xlpm.a)," ",""),"CONTROL","CTRL"),"CTL","CTRL"),"ESCAPE","ESC"),"RETURN","ENTER"),"PAGEDOWN","PGDN"),"PGDOWN","PGDN"),"PAGEUP","PGUP"),"ARROWKEYS","ARROW"),"ARROWKEY","ARROW"),"ARROWS","ARROW"),"DOWNARROW","DOWN"),"UPARROW","UP"),"LEFTARROW","LEFT"),"RIGHTARROW","RIGHT"),"ARROWDOWN","DOWN"),"ARROWUP","UP"),"ARROWLEFT","LEFT"),"ARROWRIGHT","RIGHT"),"↓","DOWN"),"↑","UP"),"←","LEFT"),"→","RIGHT"),"SPACEBAR","SPACE"),"−","-"),"MINUS","-"),"PLUS","+")=Key!$E$71:$J$71),"✔ CLEAR","✘ TRY AGAIN"))),"✘ TRY AGAIN")} | F21: {=IF(E21="Show hint",Key!$B$71,"")} | G21: {=IF(LEFT(D21,1)="✔",IF(E21="Show hint",5,10),0)} -> 0
A23: TRAINING · recognize the move (pick from the list)
A24: # | B24: Mission | C24: Your answer | D24: Result | E24: Hint? | F24: Hint | G24: XP
A25: T1 | B25: Which function lets you name a value inside a formula? | D25: {=IFERROR(IF('F7-4 Combo'!$C$25&""="","",IF('F7-4 Combo'!$C$25&""=Key!$C$72&"","✔ CLEAR","✘ TRY AGAIN")),"✘ TRY AGAIN")} | F25: {=IF(E25="Show hint",Key!$B$72,"")} | G25: {=IF(LEFT(D25,1)="✔",IF(E25="Show hint",5,10),0)} -> 0
A26: T2 | B26: Which move is this? Nest dynamic functions: the inner result feeds the outer one. | D26: {=IFERROR(IF('F7-4 Combo'!$C$26&""="","",IF('F7-4 Combo'!$C$26&""=Key!$C$73&"","✔ CLEAR","✘ TRY AGAIN")),"✘ TRY AGAIN")} | F26: {=IF(E26="Show hint",Key!$B$73,"")} | G26: {=IF(LEFT(D26,1)="✔",IF(E26="Show hint",5,10),0)} -> 0
A28: CHALLENGES · recall it, then do it
B29: ▶ Open F7-4 Arena (or press Ctrl+PgDn)
A30: # | B30: Mission | C30: Your answer | D30: Result | E30: Hint? | F30: Hint | G30: XP
A31: C1 | B31: Which function lets you name a value inside a formula? | D31: {=IFERROR(_xlfn.LET(_xlpm.a,'F7-4 Combo'!$C$31,IF(TRIM(_xlpm.a&"")="","",IF(OR(SUBSTITUTE(SUBSTITUTE(SUBSTITUTE(SUBSTITUTE(SUBSTITUTE(SUBSTITUTE(SUBSTITUTE(SUBSTITUTE(SUBSTITUTE(SUBSTITUTE(SUBSTITUTE(SUBSTITUTE(SUBSTITUTE(SUBSTITUTE(SUBSTITUTE(SUBSTITUTE(SUBSTITUTE(SUBSTITUTE(SUBSTITUTE(SUBSTITUTE(SUBSTITUTE(SUBSTITUTE(SUBSTITUTE(SUBSTITUTE(SUBSTITUTE(SUBSTITUTE(SUBSTITUTE(UPPER(_xlpm.a)," ",""),"CONTROL","CTRL"),"CTL","CTRL"),"ESCAPE","ESC"),"RETURN","ENTER"),"PAGEDOWN","PGDN"),"PGDOWN","PGDN"),"PAGEUP","PGUP"),"ARROWKEYS","ARROW"),"ARROWKEY","ARROW"),"ARROWS","ARROW"),"DOWNARROW","DOWN"),"UPARROW","UP"),"LEFTARROW","LEFT"),"RIGHTARROW","RIGHT"),"ARROWDOWN","DOWN"),"ARROWUP","UP"),"ARROWLEFT","LEFT"),"ARROWRIGHT","RIGHT"),"↓","DOWN"),"↑","UP"),"←","LEFT"),"→","RIGHT"),"SPACEBAR","SPACE"),"−","-"),"MINUS","-"),"PLUS","+")=Key!$E$74:$J$74),"✔ CLEAR","✘ TRY AGAIN"))),"✘ TRY AGAIN")} | F31: {=IF(E31="Show hint",Key!$B$74,"")} | G31: {=IF(LEFT(D31,1)="✔",IF(E31="Show hint",5,10),0)} -> 0
A32: C2 | B32: In =SORT(UNIQUE(E6:E25)), which function removes the duplicates? | D32: {=IFERROR(_xlfn.LET(_xlpm.a,'F7-4 Combo'!$C$32,IF(TRIM(_xlpm.a&"")="","",IF(OR(SUBSTITUTE(SUBSTITUTE(SUBSTITUTE(SUBSTITUTE(SUBSTITUTE(SUBSTITUTE(SUBSTITUTE(SUBSTITUTE(SUBSTITUTE(SUBSTITUTE(SUBSTITUTE(SUBSTITUTE(SUBSTITUTE(SUBSTITUTE(SUBSTITUTE(SUBSTITUTE(SUBSTITUTE(SUBSTITUTE(SUBSTITUTE(SUBSTITUTE(SUBSTITUTE(SUBSTITUTE(SUBSTITUTE(SUBSTITUTE(SUBSTITUTE(SUBSTITUTE(SUBSTITUTE(UPPER(_xlpm.a)," ",""),"CONTROL","CTRL"),"CTL","CTRL"),"ESCAPE","ESC"),"RETURN","ENTER"),"PAGEDOWN","PGDN"),"PGDOWN","PGDN"),"PAGEUP","PGUP"),"ARROWKEYS","ARROW"),"ARROWKEY","ARROW"),"ARROWS","ARROW"),"DOWNARROW","DOWN"),"UPARROW","UP"),"LEFTARROW","LEFT"),"RIGHTARROW","RIGHT"),"ARROWDOWN","DOWN"),"ARROWUP","UP"),"ARROWLEFT","LEFT"),"ARROWRIGHT","RIGHT"),"↓","DOWN"),"↑","UP"),"←","LEFT"),"→","RIGHT"),"SPACEBAR","SPACE"),"−","-"),"MINUS","-"),"PLUS","+")=Key!$E$75:$J$75),"✔ CLEAR","✘ TRY AGAIN"))),"✘ TRY AGAIN")} | F32: {=IF(E32="Show hint",Key!$B$75,"")} | G32: {=IF(LEFT(D32,1)="✔",IF(E32="Show hint",5,10),0)} -> 0
A33: C3 | B33: In K6 compute the average Revenue with LET: =LET(rev,H6:H25,SUM(rev)/COUNT(rev)). | C33: ▶ ARENA C3 (cell K6) | D33: {=IF(ISBLANK('F7-4 Arena'!$K$6),"",IF(NOT(_xlfn.ISFORMULA('F7-4 Arena'!$K$6)),"✘ That's a typed value · enter a formula",IF(ISERROR('F7-4 Arena'!$K$6),"✘ Your formula returns "&IFERROR(CHOOSE(ERROR.TYPE('F7-4 Arena'!$K$6),"#NULL!","#DIV/0!","#VALUE!","#REF!","#NAME?","#NUM!","#N/A","#GETTING_DATA","#SPILL!","#CONNECT!","#BLOCKED!","#UNKNOWN!","#FIELD!","#CALC!"),"an error"),IF(NOT(AND(IFERROR(AND(ISNUMBER('F7-4 Arena'!$K$6),ABS('F7-4 Arena'!$K$6-Key!$C$76)<=1E-9*MAX(1,ABS(Key!$C$76))),FALSE))),"✘ TRY AGAIN",IF(AND(OR(ISNUMBER(FIND({"=","(",",","+","-","*","/","&"," ","<",">",":","@","^"}&"LET"&"(",UPPER(_xlfn.FORMULATEXT('F7-4 Arena'!$K$6)))))),"✔ CLEAR","✘ CLOSE · right value, but use LET")))))} | F33: {=IF(E33="Show hint",Key!$B$76,"")} | G33: {=IF(LEFT(D33,1)="✔",IF(E33="Show hint",5,10),0)} -> 0
A34: C4 | B34: In K10 spill each Rep once, sorted A→Z: =SORT(UNIQUE(E6:E25)). | C34: ▶ ARENA C4 (cell K10) | D34: {=IF(ISBLANK('F7-4 Arena'!$K$10),"",IF(NOT(_xlfn.ISFORMULA('F7-4 Arena'!$K$10)),"✘ That's a typed value · enter a formula",IF(ISERROR('F7-4 Arena'!$K$10),"✘ Your formula returns "&IFERROR(CHOOSE(ERROR.TYPE('F7-4 Arena'!$K$10),"#NULL!","#DIV/0!","#VALUE!","#REF!","#NAME?","#NUM!","#N/A","#GETTING_DATA","#SPILL!","#CONNECT!","#BLOCKED!","#UNKNOWN!","#FIELD!","#CALC!"),"an error"),IF(IFERROR(AND(ROWS(_xlfn.ANCHORARRAY('F7-4 Arena'!$K$10))=ROWS(_xlfn.ANCHORARRAY(Key!$E$2601)),COLUMNS(_xlfn.ANCHORARRAY('F7-4 Arena'!$K$10))=COLUMNS(_xlfn.ANCHORARRAY(Key!$E$2601)),SUM(--(_xlfn.ANCHORARRAY('F7-4 Arena'!$K$10)=_xlfn.ANCHORARRAY(Key!$E$2601)))=ROWS(_xlfn.ANCHORARRAY(Key!$E$2601))*COLUMNS(_xlfn.ANCHORARRAY(Key!$E$2601))),FALSE),IF(AND(OR(ISNUMBER(FIND({"=","(",",","+","-","*","/","&"," ","<",">",":","@","^"}&"SORT"&"(",UPPER(_xlfn.FORMULATEXT('F7-4 Arena'!$K$10))))),OR(ISNUMBER(FIND({"=","(",",","+","-","*","/","&"," ","<",">",":","@","^"}&"UNIQUE"&"(",UPPER(_xlfn.FORMULATEXT('F7-4 Arena'!$K$10)))))),"✔ CLEAR","✘ CLOSE · right result, but use SORT and UNIQUE"),"✘ TRY AGAIN"))))} | F34: {=IF(E34="Show hint",Key!$B$77,"")} | G34: {=IF(LEFT(D34,1)="✔",IF(E34="Show hint",5,10),0)} -> 0
A35: C5 | B35: In K20 spill the products sold in East, each once, sorted A→Z. Nest FILTER inside UNIQUE inside SORT. | C35: ▶ ARENA C5 (cell K20) | D35: {=IF(ISBLANK('F7-4 Arena'!$K$20),"",IF(NOT(_xlfn.ISFORMULA('F7-4 Arena'!$K$20)),"✘ That's a typed value · enter a formula",IF(ISERROR('F7-4 Arena'!$K$20),"✘ Your formula returns "&IFERROR(CHOOSE(ERROR.TYPE('F7-4 Arena'!$K$20),"#NULL!","#DIV/0!","#VALUE!","#REF!","#NAME?","#NUM!","#N/A","#GETTING_DATA","#SPILL!","#CONNECT!","#BLOCKED!","#UNKNOWN!","#FIELD!","#CALC!"),"an error"),IF(IFERROR(AND(ROWS(_xlfn.ANCHORARRAY('F7-4 Arena'!$K$20))=ROWS(_xlfn.ANCHORARRAY(Key!$E$2701)),COLUMNS(_xlfn.ANCHORARRAY('F7-4 Arena'!$K$20))=COLUMNS(_xlfn.ANCHORARRAY(Key!$E$2701)),SUM(--(_xlfn.ANCHORARRAY('F7-4 Arena'!$K$20)=_xlfn.ANCHORARRAY(Key!$E$2701)))=ROWS(_xlfn.ANCHORARRAY(Key!$E$2701))*COLUMNS(_xlfn.ANCHORARRAY(Key!$E$2701))),FALSE),IF(AND(OR(ISNUMBER(FIND({"=","(",",","+","-","*","/","&"," ","<",">",":","@","^"}&"SORT"&"(",UPPER(_xlfn.FORMULATEXT('F7-4 Arena'!$K$20))))),OR(ISNUMBER(FIND({"=","(",",","+","-","*","/","&"," ","<",">",":","@","^"}&"UNIQUE"&"(",UPPER(_xlfn.FORMULATEXT('F7-4 Arena'!$K$20))))),OR(ISNUMBER(FIND({"=","(",",","+","-","*","/","&"," ","<",">",":","@","^"}&"FILTER"&"(",UPPER(_xlfn.FORMULATEXT('F7-4 Arena'!$K$20)))))),"✔ CLEAR","✘ CLOSE · right result, but use SORT and UNIQUE and FILTER"),"✘ TRY AGAIN"))))} | F35: {=IF(E35="Show hint",Key!$B$78,"")} | G35: {=IF(LEFT(D35,1)="✔",IF(E35="Show hint",5,10),0)} -> 0
A36: C6 | B36: Q6 spills the regions. In K30 count how many rows that spill has with =ROWS(Q6#). | C36: ▶ ARENA C6 (cell K30) | D36: {=IF(ISBLANK('F7-4 Arena'!$K$30),"",IF(NOT(_xlfn.ISFORMULA('F7-4 Arena'!$K$30)),"✘ That's a typed value · enter a formula",IF(ISERROR('F7-4 Arena'!$K$30),"✘ Your formula returns "&IFERROR(CHOOSE(ERROR.TYPE('F7-4 Arena'!$K$30),"#NULL!","#DIV/0!","#VALUE!","#REF!","#NAME?","#NUM!","#N/A","#GETTING_DATA","#SPILL!","#CONNECT!","#BLOCKED!","#UNKNOWN!","#FIELD!","#CALC!"),"an error"),IF(NOT(AND(IFERROR(AND(ISNUMBER('F7-4 Arena'!$K$30),ABS('F7-4 Arena'!$K$30-Key!$C$79)<=1E-9*MAX(1,ABS(Key!$C$79))),FALSE))),"✘ TRY AGAIN",IF(ISNUMBER(FIND("#",_xlfn.FORMULATEXT('F7-4 Arena'!$K$30))),"✔ CLEAR","✘ CLOSE · your formula needs #")))))} | F36: {=IF(E36="Show hint",Key!$B$79,"")} | G36: {=IF(LEFT(D36,1)="✔",IF(E36="Show hint",5,10),0)} -> 0

Sheet F7-4 Arena
A1: ARENA ▸ F7-4 COMBO
A2: Practice area · everything here is editable. Missions and their checks are on the stage sheet.
A3: PASS CODE | B3: COMBO | D3: ◀ Back to F7-4 Combo
B5: Order | C5: Date | D5: Region | E5: Rep | F5: Product | G5: Units | H5: Revenue | K5: Average revenue (LET) | Q5: Regions (ready-made)
B6: O-101 | C6: 46027 | D6: East | E6: Kim | F6: Widget | G6: 40 | H6: 1200 | Q6: {=_xlfn.UNIQUE(D6:D25)} -> East
B7: O-102 | C7: 46031 | D7: West | E7: Lee | F7: Gadget | G7: 15 | H7: 900
B8: O-103 | C8: 46036 | D8: North | E8: Ava | F8: Widget | G8: 55 | H8: 1650
B9: O-104 | C9: 46042 | D9: East | E9: Kim | F9: Gizmo | G9: 20 | H9: 1000 | K9: Reps, A→Z
B10: O-105 | C10: 46055 | D10: South | E10: Raj | F10: Gadget | G10: 60 | H10: 3600
B11: O-106 | C11: 46060 | D11: West | E11: Lee | F11: Widget | G11: 35 | H11: 1050
B12: O-107 | C12: 46064 | D12: East | E12: Ava | F12: Gadget | G12: 25 | H12: 1500
B13: O-108 | C13: 46072 | D13: North | E13: Raj | F13: Gizmo | G13: 45 | H13: 2250
B14: O-109 | C14: 46084 | D14: West | E14: Kim | F14: Gizmo | G14: 10 | H14: 500
B15: O-110 | C15: 46089 | D15: East | E15: Lee | F15: Widget | G15: 70 | H15: 2100
B16: O-111 | C16: 46096 | D16: South | E16: Ava | F16: Widget | G16: 30 | H16: 900
B17: O-112 | C17: 46103 | D17: North | E17: Kim | F17: Gadget | G17: 50 | H17: 3000
B18: O-113 | C18: 46113 | D18: East | E18: Raj | F18: Gizmo | G18: 65 | H18: 3250
B19: O-114 | C19: 46118 | D19: West | E19: Ava | F19: Gadget | G19: 20 | H19: 1200 | K19: East products, A→Z
B20: O-115 | C20: 46125 | D20: South | E20: Lee | F20: Gizmo | G20: 15 | H20: 750
B21: O-116 | C21: 46133 | D21: East | E21: Kim | F21: Widget | G21: 50 | H21: 1500
B22: O-117 | C22: 46146 | D22: North | E22: Lee | F22: Widget | G22: 25 | H22: 750
B23: O-118 | C23: 46154 | D23: West | E23: Raj | F23: Gadget | G23: 40 | H23: 2400
B24: O-119 | C24: 46161 | D24: South | E24: Kim | F24: Gizmo | G24: 35 | H24: 1750
B25: O-120 | C25: 46169 | D25: East | E25: Ava | F25: Gadget | G25: 55 | H25: 3300
K29: Rows in Q6#

Sheet Boss
A1: BOSS ▸ DYNAMIC ARRAYS
A2: Every move from this world in one gauntlet. Clear it under par for rank S.
A3: {="SCORE "&TEXT(SUM($G$14:$G$35),"0000")&" / 0180"} -> SCORE 0000 / 0180 | C3: {=IF(SUM($G$14:$G$35)>=180,"★★★",IF(SUM($G$14:$G$35)>=180*0.8,"★★☆",IF(SUM($G$14:$G$35)>=180*0.5,"★☆☆","☆☆☆")))} -> ☆☆☆ | D3: {=REPT("█",ROUND(10*SUM($G$14:$G$35)/180,0))&REPT("░",10-ROUND(10*SUM($G$14:$G$35)/180,0))&" "&TEXT(SUM($G$14:$G$35)/180,"0%")} -> ░░░░░░░░░░ 0%
A5: SPEEDRUN · stamp START, beat the Boss, stamp FINISH
B6: START · select C6 and press Ctrl+Shift+:
B7: FINISH · select C7 and press Ctrl+Shift+:
B8: TIME | C8: {=IF(OR(C6="",C7=""),"",ROUND(MOD(C7-C6,1)*1440,0))}
B9: PAR | C9: 15
B10: BOSS GATE | C10: {=IF(AND(SUM('F7-1 Spill Zone'!$G$14:$G$41)>=210*0.5,SUM('F7-2 Sifter'!$G$13:$G$38)>=190*0.5,SUM('F7-3 Sorter'!$G$13:$G$39)>=200*0.5,SUM('F7-4 Combo'!$G$12:$G$36)>=180*0.5),"OPEN","LOCKED")} -> LOCKED | D10: {=IF(C10="OPEN","Gate open · go!","Earn ★ on every stage to open the gate")} -> Earn ★ on every stage to open the gate
A12: FLASHBACK · moves from earlier worlds
A13: # | B13: Mission | C13: Your answer | D13: Result | E13: Hint? | F13: Hint | G13: XP
A14: F1 | B14: {=IF($C$10="OPEN","Which function lets you name a value inside a formula? (from F7-4 Combo)","LOCKED · earn ★ on every stage to open the Boss gate")} -> LOCKED · earn ★ on every stage to open the Boss gate | D14: {=IF($C$10="OPEN",IFERROR(_xlfn.LET(_xlpm.a,Boss!$C$14,IF(TRIM(_xlpm.a&"")="","",IF(OR(SUBSTITUTE(SUBSTITUTE(SUBSTITUTE(SUBSTITUTE(SUBSTITUTE(SUBSTITUTE(SUBSTITUTE(SUBSTITUTE(SUBSTITUTE(SUBSTITUTE(SUBSTITUTE(SUBSTITUTE(SUBSTITUTE(SUBSTITUTE(SUBSTITUTE(SUBSTITUTE(SUBSTITUTE(SUBSTITUTE(SUBSTITUTE(SUBSTITUTE(SUBSTITUTE(SUBSTITUTE(SUBSTITUTE(SUBSTITUTE(SUBSTITUTE(SUBSTITUTE(SUBSTITUTE(UPPER(_xlpm.a)," ",""),"CONTROL","CTRL"),"CTL","CTRL"),"ESCAPE","ESC"),"RETURN","ENTER"),"PAGEDOWN","PGDN"),"PGDOWN","PGDN"),"PAGEUP","PGUP"),"ARROWKEYS","ARROW"),"ARROWKEY","ARROW"),"ARROWS","ARROW"),"DOWNARROW","DOWN"),"UPARROW","UP"),"LEFTARROW","LEFT"),"RIGHTARROW","RIGHT"),"ARROWDOWN","DOWN"),"ARROWUP","UP"),"ARROWLEFT","LEFT"),"ARROWRIGHT","RIGHT"),"↓","DOWN"),"↑","UP"),"←","LEFT"),"→","RIGHT"),"SPACEBAR","SPACE"),"−","-"),"MINUS","-"),"PLUS","+")=Key!$E$80:$J$80),"✔ CLEAR","✘ TRY AGAIN"))),"✘ TRY AGAIN"),"LOCKED")} -> LOCKED | F14: {=IF(E14="Show hint",Key!$B$80,"")} | G14: {=IF(LEFT(D14,1)="✔",IF(E14="Show hint",5,10),0)} -> 0
A15: F2 | B15: {=IF($C$10="OPEN","In =SORT"&"(UNIQUE"&"(E6:E25)), which function removes the duplicates? (from F7-4 Combo)","LOCKED · earn ★ on every stage to open the Boss gate")} -> LOCKED · earn ★ on every stage to open the Boss gate | D15: {=IF($C$10="OPEN",IFERROR(_xlfn.LET(_xlpm.a,Boss!$C$15,IF(TRIM(_xlpm.a&"")="","",IF(OR(SUBSTITUTE(SUBSTITUTE(SUBSTITUTE(SUBSTITUTE(SUBSTITUTE(SUBSTITUTE(SUBSTITUTE(SUBSTITUTE(SUBSTITUTE(SUBSTITUTE(SUBSTITUTE(SUBSTITUTE(SUBSTITUTE(SUBSTITUTE(SUBSTITUTE(SUBSTITUTE(SUBSTITUTE(SUBSTITUTE(SUBSTITUTE(SUBSTITUTE(SUBSTITUTE(SUBSTITUTE(SUBSTITUTE(SUBSTITUTE(SUBSTITUTE(SUBSTITUTE(SUBSTITUTE(UPPER(_xlpm.a)," ",""),"CONTROL","CTRL"),"CTL","CTRL"),"ESCAPE","ESC"),"RETURN","ENTER"),"PAGEDOWN","PGDN"),"PGDOWN","PGDN"),"PAGEUP","PGUP"),"ARROWKEYS","ARROW"),"ARROWKEY","ARROW"),"ARROWS","ARROW"),"DOWNARROW","DOWN"),"UPARROW","UP"),"LEFTARROW","LEFT"),"RIGHTARROW","RIGHT"),"ARROWDOWN","DOWN"),"ARROWUP","UP"),"ARROWLEFT","LEFT"),"ARROWRIGHT","RIGHT"),"↓","DOWN"),"↑","UP"),"←","LEFT"),"→","RIGHT"),"SPACEBAR","SPACE"),"−","-"),"MINUS","-"),"PLUS","+")=Key!$E$81:$J$81),"✔ CLEAR","✘ TRY AGAIN"))),"✘ TRY AGAIN"),"LOCKED")} -> LOCKED | F15: {=IF(E15="Show hint",Key!$B$81,"")} | G15: {=IF(LEFT(D15,1)="✔",IF(E15="Show hint",5,10),0)} -> 0
A16: F3 | B16: {=IF($C$10="OPEN","What is it called when one formula's results flow into neighboring cells? (from F7-1 Spill Zone)","LOCKED · earn ★ on every stage to open the Boss gate")} -> LOCKED · earn ★ on every stage to open the Boss gate | D16: {=IF($C$10="OPEN",IFERROR(_xlfn.LET(_xlpm.a,Boss!$C$16,IF(TRIM(_xlpm.a&"")="","",IF(OR(SUBSTITUTE(SUBSTITUTE(SUBSTITUTE(SUBSTITUTE(SUBSTITUTE(SUBSTITUTE(SUBSTITUTE(SUBSTITUTE(SUBSTITUTE(SUBSTITUTE(SUBSTITUTE(SUBSTITUTE(SUBSTITUTE(SUBSTITUTE(SUBSTITUTE(SUBSTITUTE(SUBSTITUTE(SUBSTITUTE(SUBSTITUTE(SUBSTITUTE(SUBSTITUTE(SUBSTITUTE(SUBSTITUTE(SUBSTITUTE(SUBSTITUTE(SUBSTITUTE(SUBSTITUTE(UPPER(_xlpm.a)," ",""),"CONTROL","CTRL"),"CTL","CTRL"),"ESCAPE","ESC"),"RETURN","ENTER"),"PAGEDOWN","PGDN"),"PGDOWN","PGDN"),"PAGEUP","PGUP"),"ARROWKEYS","ARROW"),"ARROWKEY","ARROW"),"ARROWS","ARROW"),"DOWNARROW","DOWN"),"UPARROW","UP"),"LEFTARROW","LEFT"),"RIGHTARROW","RIGHT"),"ARROWDOWN","DOWN"),"ARROWUP","UP"),"ARROWLEFT","LEFT"),"ARROWRIGHT","RIGHT"),"↓","DOWN"),"↑","UP"),"←","LEFT"),"→","RIGHT"),"SPACEBAR","SPACE"),"−","-"),"MINUS","-"),"PLUS","+")=Key!$E$82:$G$82),"✔ CLEAR","✘ TRY AGAIN"))),"✘ TRY AGAIN"),"LOCKED")} -> LOCKED | F16: {=IF(E16="Show hint",Key!$B$82,"")} | G16: {=IF(LEFT(D16,1)="✔",IF(E16="Show hint",5,10),0)} -> 0
A17: F4 | B17: {=IF($C$10="OPEN","Which error appears when a spill range is blocked? (from F7-1 Spill Zone)","LOCKED · earn ★ on every stage to open the Boss gate")} -> LOCKED · earn ★ on every stage to open the Boss gate | D17: {=IF($C$10="OPEN",IFERROR(_xlfn.LET(_xlpm.a,Boss!$C$17,IF(TRIM(_xlpm.a&"")="","",IF(OR(SUBSTITUTE(SUBSTITUTE(SUBSTITUTE(SUBSTITUTE(SUBSTITUTE(SUBSTITUTE(SUBSTITUTE(SUBSTITUTE(SUBSTITUTE(SUBSTITUTE(SUBSTITUTE(SUBSTITUTE(SUBSTITUTE(SUBSTITUTE(SUBSTITUTE(SUBSTITUTE(SUBSTITUTE(SUBSTITUTE(SUBSTITUTE(SUBSTITUTE(SUBSTITUTE(SUBSTITUTE(SUBSTITUTE(SUBSTITUTE(SUBSTITUTE(SUBSTITUTE(SUBSTITUTE(UPPER(_xlpm.a)," ",""),"CONTROL","CTRL"),"CTL","CTRL"),"ESCAPE","ESC"),"RETURN","ENTER"),"PAGEDOWN","PGDN"),"PGDOWN","PGDN"),"PAGEUP","PGUP"),"ARROWKEYS","ARROW"),"ARROWKEY","ARROW"),"ARROWS","ARROW"),"DOWNARROW","DOWN"),"UPARROW","UP"),"LEFTARROW","LEFT"),"RIGHTARROW","RIGHT"),"ARROWDOWN","DOWN"),"ARROWUP","UP"),"ARROWLEFT","LEFT"),"ARROWRIGHT","RIGHT"),"↓","DOWN"),"↑","UP"),"←","LEFT"),"→","RIGHT"),"SPACEBAR","SPACE"),"−","-"),"MINUS","-"),"PLUS","+")=Key!$E$83:$L$83),"✔ CLEAR","✘ TRY AGAIN"))),"✘ TRY AGAIN"),"LOCKED")} -> LOCKED | F17: {=IF(E17="Show hint",Key!$B$83,"")} | G17: {=IF(LEFT(D17,1)="✔",IF(E17="Show hint",5,10),0)} -> 0
A18: F5 | B18: {=IF($C$10="OPEN","How do you refer to the whole spill that starts in H5? (from F7-1 Spill Zone)","LOCKED · earn ★ on every stage to open the Boss gate")} -> LOCKED · earn ★ on every stage to open the Boss gate | D18: {=IF($C$10="OPEN",IFERROR(_xlfn.LET(_xlpm.a,Boss!$C$18,IF(TRIM(_xlpm.a&"")="","",IF(OR(SUBSTITUTE(SUBSTITUTE(SUBSTITUTE(SUBSTITUTE(SUBSTITUTE(SUBSTITUTE(SUBSTITUTE(SUBSTITUTE(SUBSTITUTE(SUBSTITUTE(SUBSTITUTE(SUBSTITUTE(SUBSTITUTE(SUBSTITUTE(SUBSTITUTE(SUBSTITUTE(SUBSTITUTE(SUBSTITUTE(SUBSTITUTE(SUBSTITUTE(SUBSTITUTE(SUBSTITUTE(SUBSTITUTE(SUBSTITUTE(SUBSTITUTE(SUBSTITUTE(SUBSTITUTE(UPPER(_xlpm.a)," ",""),"CONTROL","CTRL"),"CTL","CTRL"),"ESCAPE","ESC"),"RETURN","ENTER"),"PAGEDOWN","PGDN"),"PGDOWN","PGDN"),"PAGEUP","PGUP"),"ARROWKEYS","ARROW"),"ARROWKEY","ARROW"),"ARROWS","ARROW"),"DOWNARROW","DOWN"),"UPARROW","UP"),"LEFTARROW","LEFT"),"RIGHTARROW","RIGHT"),"ARROWDOWN","DOWN"),"ARROWUP","UP"),"ARROWLEFT","LEFT"),"ARROWRIGHT","RIGHT"),"↓","DOWN"),"↑","UP"),"←","LEFT"),"→","RIGHT"),"SPACEBAR","SPACE"),"−","-"),"MINUS","-"),"PLUS","+")=Key!$E$84:$E$84),"✔ CLEAR","✘ TRY AGAIN"))),"✘ TRY AGAIN"),"LOCKED")} -> LOCKED | F18: {=IF(E18="Show hint",Key!$B$84,"")} | G18: {=IF(LEFT(D18,1)="✔",IF(E18="Show hint",5,10),0)} -> 0
A19: F6 | B19: {=IF($C$10="OPEN","Which function spills a list of sequential numbers? (from F7-1 Spill Zone)","LOCKED · earn ★ on every stage to open the Boss gate")} -> LOCKED · earn ★ on every stage to open the Boss gate | D19: {=IF($C$10="OPEN",IFERROR(_xlfn.LET(_xlpm.a,Boss!$C$19,IF(TRIM(_xlpm.a&"")="","",IF(OR(SUBSTITUTE(SUBSTITUTE(SUBSTITUTE(SUBSTITUTE(SUBSTITUTE(SUBSTITUTE(SUBSTITUTE(SUBSTITUTE(SUBSTITUTE(SUBSTITUTE(SUBSTITUTE(SUBSTITUTE(SUBSTITUTE(SUBSTITUTE(SUBSTITUTE(SUBSTITUTE(SUBSTITUTE(SUBSTITUTE(SUBSTITUTE(SUBSTITUTE(SUBSTITUTE(SUBSTITUTE(SUBSTITUTE(SUBSTITUTE(SUBSTITUTE(SUBSTITUTE(SUBSTITUTE(UPPER(_xlpm.a)," ",""),"CONTROL","CTRL"),"CTL","CTRL"),"ESCAPE","ESC"),"RETURN","ENTER"),"PAGEDOWN","PGDN"),"PGDOWN","PGDN"),"PAGEUP","PGUP"),"ARROWKEYS","ARROW"),"ARROWKEY","ARROW"),"ARROWS","ARROW"),"DOWNARROW","DOWN"),"UPARROW","UP"),"LEFTARROW","LEFT"),"RIGHTARROW","RIGHT"),"ARROWDOWN","DOWN"),"ARROWUP","UP"),"ARROWLEFT","LEFT"),"ARROWRIGHT","RIGHT"),"↓","DOWN"),"↑","UP"),"←","LEFT"),"→","RIGHT"),"SPACEBAR","SPACE"),"−","-"),"MINUS","-"),"PLUS","+")=Key!$E$85:$J$85),"✔ CLEAR","✘ TRY AGAIN"))),"✘ TRY AGAIN"),"LOCKED")} -> LOCKED | F19: {=IF(E19="Show hint",Key!$B$85,"")} | G19: {=IF(LEFT(D19,1)="✔",IF(E19="Show hint",5,10),0)} -> 0
A20: F7 | B20: {=IF($C$10="OPEN","Which function returns only the rows that meet a condition? (from F7-2 Sifter)","LOCKED · earn ★ on every stage to open the Boss gate")} -> LOCKED · earn ★ on every stage to open the Boss gate | D20: {=IF($C$10="OPEN",IFERROR(_xlfn.LET(_xlpm.a,Boss!$C$20,IF(TRIM(_xlpm.a&"")="","",IF(OR(SUBSTITUTE(SUBSTITUTE(SUBSTITUTE(SUBSTITUTE(SUBSTITUTE(SUBSTITUTE(SUBSTITUTE(SUBSTITUTE(SUBSTITUTE(SUBSTITUTE(SUBSTITUTE(SUBSTITUTE(SUBSTITUTE(SUBSTITUTE(SUBSTITUTE(SUBSTITUTE(SUBSTITUTE(SUBSTITUTE(SUBSTITUTE(SUBSTITUTE(SUBSTITUTE(SUBSTITUTE(SUBSTITUTE(SUBSTITUTE(SUBSTITUTE(SUBSTITUTE(SUBSTITUTE(UPPER(_xlpm.a)," ",""),"CONTROL","CTRL"),"CTL","CTRL"),"ESCAPE","ESC"),"RETURN","ENTER"),"PAGEDOWN","PGDN"),"PGDOWN","PGDN"),"PAGEUP","PGUP"),"ARROWKEYS","ARROW"),"ARROWKEY","ARROW"),"ARROWS","ARROW"),"DOWNARROW","DOWN"),"UPARROW","UP"),"LEFTARROW","LEFT"),"RIGHTARROW","RIGHT"),"ARROWDOWN","DOWN"),"ARROWUP","UP"),"ARROWLEFT","LEFT"),"ARROWRIGHT","RIGHT"),"↓","DOWN"),"↑","UP"),"←","LEFT"),"→","RIGHT"),"SPACEBAR","SPACE"),"−","-"),"MINUS","-"),"PLUS","+")=Key!$E$86:$J$86),"✔ CLEAR","✘ TRY AGAIN"))),"✘ TRY AGAIN"),"LOCKED")} -> LOCKED | F20: {=IF(E20="Show hint",Key!$B$86,"")} | G20: {=IF(LEFT(D20,1)="✔",IF(E20="Show hint",5,10),0)} -> 0
A21: F8 | B21: {=IF($C$10="OPEN","In FILTER, which operator joins two conditions so BOTH must be true? (from F7-2 Sifter)","LOCKED · earn ★ on every stage to open the Boss gate")} -> LOCKED · earn ★ on every stage to open the Boss gate | D21: {=IF($C$10="OPEN",IFERROR(_xlfn.LET(_xlpm.a,Boss!$C$21,IF(TRIM(_xlpm.a&"")="","",IF(OR(SUBSTITUTE(SUBSTITUTE(SUBSTITUTE(SUBSTITUTE(SUBSTITUTE(SUBSTITUTE(SUBSTITUTE(SUBSTITUTE(SUBSTITUTE(SUBSTITUTE(SUBSTITUTE(SUBSTITUTE(SUBSTITUTE(SUBSTITUTE(SUBSTITUTE(SUBSTITUTE(SUBSTITUTE(SUBSTITUTE(SUBSTITUTE(SUBSTITUTE(SUBSTITUTE(SUBSTITUTE(SUBSTITUTE(SUBSTITUTE(SUBSTITUTE(SUBSTITUTE(SUBSTITUTE(UPPER(_xlpm.a)," ",""),"CONTROL","CTRL"),"CTL","CTRL"),"ESCAPE","ESC"),"RETURN","ENTER"),"PAGEDOWN","PGDN"),"PGDOWN","PGDN"),"PAGEUP","PGUP"),"ARROWKEYS","ARROW"),"ARROWKEY","ARROW"),"ARROWS","ARROW"),"DOWNARROW","DOWN"),"UPARROW","UP"),"LEFTARROW","LEFT"),"RIGHTARROW","RIGHT"),"ARROWDOWN","DOWN"),"ARROWUP","UP"),"ARROWLEFT","LEFT"),"ARROWRIGHT","RIGHT"),"↓","DOWN"),"↑","UP"),"←","LEFT"),"→","RIGHT"),"SPACEBAR","SPACE"),"−","-"),"MINUS","-"),"PLUS","+")=Key!$E$87:$F$87),"✔ CLEAR","✘ TRY AGAIN"))),"✘ TRY AGAIN"),"LOCKED")} -> LOCKED | F21: {=IF(E21="Show hint",Key!$B$87,"")} | G21: {=IF(LEFT(D21,1)="✔",IF(E21="Show hint",5,10),0)} -> 0
A23: BOSS MISSIONS
B24: ▶ Open Boss Arena (or press Ctrl+PgDn)
A25: # | B25: Mission | C25: Your answer | D25: Result | E25: Hint? | F25: Hint | G25: XP
A26: B1 | B26: {=IF($C$10="OPEN","In K6 spill the numbers 1 to 5.","LOCKED · earn ★ on every stage to open the Boss gate")} -> LOCKED · earn ★ on every stage to open the Boss gate | C26: ▶ ARENA B1 (cell K6) | D26: {=IF($C$10="OPEN",IF(ISBLANK('Boss Arena'!$K$6),"",IF(NOT(_xlfn.ISFORMULA('Boss Arena'!$K$6)),"✘ That's a typed value · enter a formula",IF(ISERROR('Boss Arena'!$K$6),"✘ Your formula returns "&IFERROR(CHOOSE(ERROR.TYPE('Boss Arena'!$K$6),"#NULL!","#DIV/0!","#VALUE!","#REF!","#NAME?","#NUM!","#N/A","#GETTING_DATA","#SPILL!","#CONNECT!","#BLOCKED!","#UNKNOWN!","#FIELD!","#CALC!"),"an error"),IF(IFERROR(AND(ROWS(_xlfn.ANCHORARRAY('Boss Arena'!$K$6))=ROWS(_xlfn.ANCHORARRAY(Key!$E$2801)),COLUMNS(_xlfn.ANCHORARRAY('Boss Arena'!$K$6))=COLUMNS(_xlfn.ANCHORARRAY(Key!$E$2801)),SUM(--(_xlfn.ANCHORARRAY('Boss Arena'!$K$6)=_xlfn.ANCHORARRAY(Key!$E$2801)))=ROWS(_xlfn.ANCHORARRAY(Key!$E$2801))*COLUMNS(_xlfn.ANCHORARRAY(Key!$E$2801))),FALSE),IF(AND(OR(ISNUMBER(FIND({"=","(",",","+","-","*","/","&"," ","<",">",":","@","^"}&"SEQUENCE"&"(",UPPER(_xlfn.FORMULATEXT('Boss Arena'!$K$6)))))),"✔ CLEAR","✘ CLOSE · right result, but use SEQUENCE"),"✘ TRY AGAIN")))),"LOCKED")} -> LOCKED | F26: {=IF(E26="Show hint",Key!$B$88,"")} | G26: {=IF(LEFT(D26,1)="✔",IF(E26="Show hint",5,10),0)} -> 0
A27: B2 | B27: {=IF($C$10="OPEN","In M6 spill the West orders, every column.","LOCKED · earn ★ on every stage to open the Boss gate")} -> LOCKED · earn ★ on every stage to open the Boss gate | C27: ▶ ARENA B2 (cell M6) | D27: {=IF($C$10="OPEN",IF(ISBLANK('Boss Arena'!$M$6),"",IF(NOT(_xlfn.ISFORMULA('Boss Arena'!$M$6)),"✘ That's a typed value · enter a formula",IF(ISERROR('Boss Arena'!$M$6),"✘ Your formula returns "&IFERROR(CHOOSE(ERROR.TYPE('Boss Arena'!$M$6),"#NULL!","#DIV/0!","#VALUE!","#REF!","#NAME?","#NUM!","#N/A","#GETTING_DATA","#SPILL!","#CONNECT!","#BLOCKED!","#UNKNOWN!","#FIELD!","#CALC!"),"an error"),IF(IFERROR(AND(ROWS(_xlfn.ANCHORARRAY('Boss Arena'!$M$6))=ROWS(_xlfn.ANCHORARRAY(Key!$E$2901)),COLUMNS(_xlfn.ANCHORARRAY('Boss Arena'!$M$6))=COLUMNS(_xlfn.ANCHORARRAY(Key!$E$2901)),SUM(--(_xlfn.ANCHORARRAY('Boss Arena'!$M$6)=_xlfn.ANCHORARRAY(Key!$E$2901)))=ROWS(_xlfn.ANCHORARRAY(Key!$E$2901))*COLUMNS(_xlfn.ANCHORARRAY(Key!$E$2901))),FALSE),IF(AND(OR(ISNUMBER(FIND({"=","(",",","+","-","*","/","&"," ","<",">",":","@","^"}&"FILTER"&"(",UPPER(_xlfn.FORMULATEXT('Boss Arena'!$M$6)))))),"✔ CLEAR","✘ CLOSE · right result, but use FILTER"),"✘ TRY AGAIN")))),"LOCKED")} -> LOCKED | F27: {=IF(E27="Show hint",Key!$B$89,"")} | G27: {=IF(LEFT(D27,1)="✔",IF(E27="Show hint",5,10),0)} -> 0
A28: B3 | B28: {=IF($C$10="OPEN","In K14 spill the Order IDs of Kim's orders with more than 20 units.","LOCKED · earn ★ on every stage to open the Boss gate")} -> LOCKED · earn ★ on every stage to open the Boss gate | C28: ▶ ARENA B3 (cell K14) | D28: {=IF($C$10="OPEN",IF(ISBLANK('Boss Arena'!$K$14),"",IF(NOT(_xlfn.ISFORMULA('Boss Arena'!$K$14)),"✘ That's a typed value · enter a formula",IF(ISERROR('Boss Arena'!$K$14),"✘ Your formula returns "&IFERROR(CHOOSE(ERROR.TYPE('Boss Arena'!$K$14),"#NULL!","#DIV/0!","#VALUE!","#REF!","#NAME?","#NUM!","#N/A","#GETTING_DATA","#SPILL!","#CONNECT!","#BLOCKED!","#UNKNOWN!","#FIELD!","#CALC!"),"an error"),IF(IFERROR(AND(ROWS(_xlfn.ANCHORARRAY('Boss Arena'!$K$14))=ROWS(_xlfn.ANCHORARRAY(Key!$E$3001)),COLUMNS(_xlfn.ANCHORARRAY('Boss Arena'!$K$14))=COLUMNS(_xlfn.ANCHORARRAY(Key!$E$3001)),SUM(--(_xlfn.ANCHORARRAY('Boss Arena'!$K$14)=_xlfn.ANCHORARRAY(Key!$E$3001)))=ROWS(_xlfn.ANCHORARRAY(Key!$E$3001))*COLUMNS(_xlfn.ANCHORARRAY(Key!$E$3001))),FALSE),IF(AND(OR(ISNUMBER(FIND({"=","(",",","+","-","*","/","&"," ","<",">",":","@","^"}&"FILTER"&"(",UPPER(_xlfn.FORMULATEXT('Boss Arena'!$K$14)))))),"✔ CLEAR","✘ CLOSE · right result, but use FILTER"),"✘ TRY AGAIN")))),"LOCKED")} -> LOCKED | F28: {=IF(E28="Show hint",Key!$B$90,"")} | G28: {=IF(LEFT(D28,1)="✔",IF(E28="Show hint",5,10),0)} -> 0
A29: B4 | B29: {=IF($C$10="OPEN","In K30 spill the Units column sorted largest first.","LOCKED · earn ★ on every stage to open the Boss gate")} -> LOCKED · earn ★ on every stage to open the Boss gate | C29: ▶ ARENA B4 (cell K30) | D29: {=IF($C$10="OPEN",IF(ISBLANK('Boss Arena'!$K$30),"",IF(NOT(_xlfn.ISFORMULA('Boss Arena'!$K$30)),"✘ That's a typed value · enter a formula",IF(ISERROR('Boss Arena'!$K$30),"✘ Your formula returns "&IFERROR(CHOOSE(ERROR.TYPE('Boss Arena'!$K$30),"#NULL!","#DIV/0!","#VALUE!","#REF!","#NAME?","#NUM!","#N/A","#GETTING_DATA","#SPILL!","#CONNECT!","#BLOCKED!","#UNKNOWN!","#FIELD!","#CALC!"),"an error"),IF(IFERROR(AND(ROWS(_xlfn.ANCHORARRAY('Boss Arena'!$K$30))=ROWS(_xlfn.ANCHORARRAY(Key!$E$3101)),COLUMNS(_xlfn.ANCHORARRAY('Boss Arena'!$K$30))=COLUMNS(_xlfn.ANCHORARRAY(Key!$E$3101)),SUM(--(_xlfn.ANCHORARRAY('Boss Arena'!$K$30)=_xlfn.ANCHORARRAY(Key!$E$3101)))=ROWS(_xlfn.ANCHORARRAY(Key!$E$3101))*COLUMNS(_xlfn.ANCHORARRAY(Key!$E$3101))),FALSE),IF(AND(OR(OR(ISNUMBER(FIND({"=","(",",","+","-","*","/","&"," ","<",">",":","@","^"}&"SORT"&"(",UPPER(_xlfn.FORMULATEXT('Boss Arena'!$K$30))))),OR(ISNUMBER(FIND({"=","(",",","+","-","*","/","&"," ","<",">",":","@","^"}&"SORTBY"&"(",UPPER(_xlfn.FORMULATEXT('Boss Arena'!$K$30))))))),"✔ CLEAR","✘ CLOSE · right result, but use SORT/SORTBY"),"✘ TRY AGAIN")))),"LOCKED")} -> LOCKED | F29: {=IF(E29="Show hint",Key!$B$91,"")} | G29: {=IF(LEFT(D29,1)="✔",IF(E29="Show hint",5,10),0)} -> 0
A30: B5 | B30: {=IF($C$10="OPEN","In M30 spill each Product once.","LOCKED · earn ★ on every stage to open the Boss gate")} -> LOCKED · earn ★ on every stage to open the Boss gate | C30: ▶ ARENA B5 (cell M30) | D30: {=IF($C$10="OPEN",IF(ISBLANK('Boss Arena'!$M$30),"",IF(NOT(_xlfn.ISFORMULA('Boss Arena'!$M$30)),"✘ That's a typed value · enter a formula",IF(ISERROR('Boss Arena'!$M$30),"✘ Your formula returns "&IFERROR(CHOOSE(ERROR.TYPE('Boss Arena'!$M$30),"#NULL!","#DIV/0!","#VALUE!","#REF!","#NAME?","#NUM!","#N/A","#GETTING_DATA","#SPILL!","#CONNECT!","#BLOCKED!","#UNKNOWN!","#FIELD!","#CALC!"),"an error"),IF(IFERROR(AND(ROWS(_xlfn.ANCHORARRAY('Boss Arena'!$M$30))=ROWS(_xlfn.ANCHORARRAY(Key!$E$3201)),COLUMNS(_xlfn.ANCHORARRAY('Boss Arena'!$M$30))=COLUMNS(_xlfn.ANCHORARRAY(Key!$E$3201)),SUM(--(_xlfn.ANCHORARRAY('Boss Arena'!$M$30)=_xlfn.ANCHORARRAY(Key!$E$3201)))=ROWS(_xlfn.ANCHORARRAY(Key!$E$3201))*COLUMNS(_xlfn.ANCHORARRAY(Key!$E$3201))),FALSE),IF(AND(OR(ISNUMBER(FIND({"=","(",",","+","-","*","/","&"," ","<",">",":","@","^"}&"UNIQUE"&"(",UPPER(_xlfn.FORMULATEXT('Boss Arena'!$M$30)))))),"✔ CLEAR","✘ CLOSE · right result, but use UNIQUE"),"✘ TRY AGAIN")))),"LOCKED")} -> LOCKED | F30: {=IF(E30="Show hint",Key!$B$92,"")} | G30: {=IF(LEFT(D30,1)="✔",IF(E30="Show hint",5,10),0)} -> 0
A31: B6 | B31: {=IF($C$10="OPEN","In O30 count the different Products.","LOCKED · earn ★ on every stage to open the Boss gate")} -> LOCKED · earn ★ on every stage to open the Boss gate | C31: ▶ ARENA B6 (cell O30) | D31: {=IF($C$10="OPEN",IF(ISBLANK('Boss Arena'!$O$30),"",IF(NOT(_xlfn.ISFORMULA('Boss Arena'!$O$30)),"✘ That's a typed value · enter a formula",IF(ISERROR('Boss Arena'!$O$30),"✘ Your formula returns "&IFERROR(CHOOSE(ERROR.TYPE('Boss Arena'!$O$30),"#NULL!","#DIV/0!","#VALUE!","#REF!","#NAME?","#NUM!","#N/A","#GETTING_DATA","#SPILL!","#CONNECT!","#BLOCKED!","#UNKNOWN!","#FIELD!","#CALC!"),"an error"),IF(NOT(AND(IFERROR(AND(ISNUMBER('Boss Arena'!$O$30),ABS('Boss Arena'!$O$30-Key!$C$93)<=1E-9*MAX(1,ABS(Key!$C$93))),FALSE))),"✘ TRY AGAIN",IF(AND(OR(OR(ISNUMBER(FIND({"=","(",",","+","-","*","/","&"," ","<",">",":","@","^"}&"COUNTA"&"(",UPPER(_xlfn.FORMULATEXT('Boss Arena'!$O$30))))),OR(ISNUMBER(FIND({"=","(",",","+","-","*","/","&"," ","<",">",":","@","^"}&"ROWS"&"(",UPPER(_xlfn.FORMULATEXT('Boss Arena'!$O$30)))))),OR(ISNUMBER(FIND({"=","(",",","+","-","*","/","&"," ","<",">",":","@","^"}&"UNIQUE"&"(",UPPER(_xlfn.FORMULATEXT('Boss Arena'!$O$30)))))),"✔ CLEAR","✘ CLOSE · right value, but use COUNTA/ROWS and UNIQUE"))))),"LOCKED")} -> LOCKED | F31: {=IF(E31="Show hint",Key!$B$93,"")} | G31: {=IF(LEFT(D31,1)="✔",IF(E31="Show hint",5,10),0)} -> 0
A32: B7 | B32: {=IF($C$10="OPEN","In Q30 spill each Rep once, sorted A→Z.","LOCKED · earn ★ on every stage to open the Boss gate")} -> LOCKED · earn ★ on every stage to open the Boss gate | C32: ▶ ARENA B7 (cell Q30) | D32: {=IF($C$10="OPEN",IF(ISBLANK('Boss Arena'!$Q$30),"",IF(NOT(_xlfn.ISFORMULA('Boss Arena'!$Q$30)),"✘ That's a typed value · enter a formula",IF(ISERROR('Boss Arena'!$Q$30),"✘ Your formula returns "&IFERROR(CHOOSE(ERROR.TYPE('Boss Arena'!$Q$30),"#NULL!","#DIV/0!","#VALUE!","#REF!","#NAME?","#NUM!","#N/A","#GETTING_DATA","#SPILL!","#CONNECT!","#BLOCKED!","#UNKNOWN!","#FIELD!","#CALC!"),"an error"),IF(IFERROR(AND(ROWS(_xlfn.ANCHORARRAY('Boss Arena'!$Q$30))=ROWS(_xlfn.ANCHORARRAY(Key!$E$3301)),COLUMNS(_xlfn.ANCHORARRAY('Boss Arena'!$Q$30))=COLUMNS(_xlfn.ANCHORARRAY(Key!$E$3301)),SUM(--(_xlfn.ANCHORARRAY('Boss Arena'!$Q$30)=_xlfn.ANCHORARRAY(Key!$E$3301)))=ROWS(_xlfn.ANCHORARRAY(Key!$E$3301))*COLUMNS(_xlfn.ANCHORARRAY(Key!$E$3301))),FALSE),IF(AND(OR(OR(ISNUMBER(FIND({"=","(",",","+","-","*","/","&"," ","<",">",":","@","^"}&"SORT"&"(",UPPER(_xlfn.FORMULATEXT('Boss Arena'!$Q$30))))),OR(ISNUMBER(FIND({"=","(",",","+","-","*","/","&"," ","<",">",":","@","^"}&"SORTBY"&"(",UPPER(_xlfn.FORMULATEXT('Boss Arena'!$Q$30)))))),OR(ISNUMBER(FIND({"=","(",",","+","-","*","/","&"," ","<",">",":","@","^"}&"UNIQUE"&"(",UPPER(_xlfn.FORMULATEXT('Boss Arena'!$Q$30)))))),"✔ CLEAR","✘ CLOSE · right result, but use SORT/SORTBY and UNIQUE"),"✘ TRY AGAIN")))),"LOCKED")} -> LOCKED | F32: {=IF(E32="Show hint",Key!$B$94,"")} | G32: {=IF(LEFT(D32,1)="✔",IF(E32="Show hint",5,10),0)} -> 0
A33: B8 | B33: {=IF($C$10="OPEN","In U13 add up the whole spill in U6 with U6#.","LOCKED · earn ★ on every stage to open the Boss gate")} -> LOCKED · earn ★ on every stage to open the Boss gate | C33: ▶ ARENA B8 (cell U13) | D33: {=IF($C$10="OPEN",IF(ISBLANK('Boss Arena'!$U$13),"",IF(NOT(_xlfn.ISFORMULA('Boss Arena'!$U$13)),"✘ That's a typed value · enter a formula",IF(ISERROR('Boss Arena'!$U$13),"✘ Your formula returns "&IFERROR(CHOOSE(ERROR.TYPE('Boss Arena'!$U$13),"#NULL!","#DIV/0!","#VALUE!","#REF!","#NAME?","#NUM!","#N/A","#GETTING_DATA","#SPILL!","#CONNECT!","#BLOCKED!","#UNKNOWN!","#FIELD!","#CALC!"),"an error"),IF(NOT(AND(IFERROR(AND(ISNUMBER('Boss Arena'!$U$13),ABS('Boss Arena'!$U$13-Key!$C$95)<=1E-9*MAX(1,ABS(Key!$C$95))),FALSE))),"✘ TRY AGAIN",IF(ISNUMBER(FIND("#",_xlfn.FORMULATEXT('Boss Arena'!$U$13))),"✔ CLEAR","✘ CLOSE · your formula needs #"))))),"LOCKED")} -> LOCKED | F33: {=IF(E33="Show hint",Key!$B$95,"")} | G33: {=IF(LEFT(D33,1)="✔",IF(E33="Show hint",5,10),0)} -> 0
A34: B9 | B34: {=IF($C$10="OPEN","In W6 spill the Order IDs sorted by Date, newest first, with SORTBY.","LOCKED · earn ★ on every stage to open the Boss gate")} -> LOCKED · earn ★ on every stage to open the Boss gate | C34: ▶ ARENA B9 (cell W6) | D34: {=IF($C$10="OPEN",IF(ISBLANK('Boss Arena'!$W$6),"",IF(NOT(_xlfn.ISFORMULA('Boss Arena'!$W$6)),"✘ That's a typed value · enter a formula",IF(ISERROR('Boss Arena'!$W$6),"✘ Your formula returns "&IFERROR(CHOOSE(ERROR.TYPE('Boss Arena'!$W$6),"#NULL!","#DIV/0!","#VALUE!","#REF!","#NAME?","#NUM!","#N/A","#GETTING_DATA","#SPILL!","#CONNECT!","#BLOCKED!","#UNKNOWN!","#FIELD!","#CALC!"),"an error"),IF(IFERROR(AND(ROWS(_xlfn.ANCHORARRAY('Boss Arena'!$W$6))=ROWS(_xlfn.ANCHORARRAY(Key!$E$3401)),COLUMNS(_xlfn.ANCHORARRAY('Boss Arena'!$W$6))=COLUMNS(_xlfn.ANCHORARRAY(Key!$E$3401)),SUM(--(_xlfn.ANCHORARRAY('Boss Arena'!$W$6)=_xlfn.ANCHORARRAY(Key!$E$3401)))=ROWS(_xlfn.ANCHORARRAY(Key!$E$3401))*COLUMNS(_xlfn.ANCHORARRAY(Key!$E$3401))),FALSE),IF(AND(OR(ISNUMBER(FIND({"=","(",",","+","-","*","/","&"," ","<",">",":","@","^"}&"SORTBY"&"(",UPPER(_xlfn.FORMULATEXT('Boss Arena'!$W$6)))))),"✔ CLEAR","✘ CLOSE · right result, but use SORTBY"),"✘ TRY AGAIN")))),"LOCKED")} -> LOCKED | F34: {=IF(E34="Show hint",Key!$B$96,"")} | G34: {=IF(LEFT(D34,1)="✔",IF(E34="Show hint",5,10),0)} -> 0
A35: B10 | B35: {=IF($C$10="OPEN","In W30 filter the Order IDs for the region ""Central"" and show None when nothing matches.","LOCKED · earn ★ on every stage to open the Boss gate")} -> LOCKED · earn ★ on every stage to open the Boss gate | C35: ▶ ARENA B10 (cell W30) | D35: {=IF($C$10="OPEN",IF(ISBLANK('Boss Arena'!$W$30),"",IF(NOT(_xlfn.ISFORMULA('Boss Arena'!$W$30)),"✘ That's a typed value · enter a formula",IF(ISERROR('Boss Arena'!$W$30),"✘ Your formula returns "&IFERROR(CHOOSE(ERROR.TYPE('Boss Arena'!$W$30),"#NULL!","#DIV/0!","#VALUE!","#REF!","#NAME?","#NUM!","#N/A","#GETTING_DATA","#SPILL!","#CONNECT!","#BLOCKED!","#UNKNOWN!","#FIELD!","#CALC!"),"an error"),IF(NOT(AND(IFERROR(AND(ISTEXT('Boss Arena'!$W$30),'Boss Arena'!$W$30=Key!$C$97),FALSE))),"✘ TRY AGAIN",IF(AND(OR(ISNUMBER(FIND({"=","(",",","+","-","*","/","&"," ","<",">",":","@","^"}&"FILTER"&"(",UPPER(_xlfn.FORMULATEXT('Boss Arena'!$W$30)))))),"✔ CLEAR","✘ CLOSE · right value, but use FILTER"))))),"LOCKED")} -> LOCKED | F35: {=IF(E35="Show hint",Key!$B$97,"")} | G35: {=IF(LEFT(D35,1)="✔",IF(E35="Show hint",5,10),0)} -> 0

Sheet Boss Arena
A1: BOSS ARENA ▸ DYNAMIC ARRAYS
A2: Practice area · everything here is editable. Missions and their checks are on the stage sheet.
A3: PASS CODE | B3: ARRAYMANCER | D3: ◀ Back to Boss
B5: Order | C5: Date | D5: Region | E5: Rep | F5: Product | G5: Units | H5: Revenue | K5: SEQUENCE(5) | M5: West orders | U5: Ready-made | W5: IDs, newest first
B6: O-101 | C6: 46027 | D6: East | E6: Kim | F6: Widget | G6: 40 | H6: 1200 | U6: {=_xlfn.SEQUENCE(3,1,5,5)} -> 5
B7: O-102 | C7: 46031 | D7: West | E7: Lee | F7: Gadget | G7: 15 | H7: 900
B8: O-103 | C8: 46036 | D8: North | E8: Ava | F8: Widget | G8: 55 | H8: 1650
B9: O-104 | C9: 46042 | D9: East | E9: Kim | F9: Gizmo | G9: 20 | H9: 1000
B10: O-105 | C10: 46055 | D10: South | E10: Raj | F10: Gadget | G10: 60 | H10: 3600
B11: O-106 | C11: 46060 | D11: West | E11: Lee | F11: Widget | G11: 35 | H11: 1050
B12: O-107 | C12: 46064 | D12: East | E12: Ava | F12: Gadget | G12: 25 | H12: 1500 | U12: Sum of U6#
B13: O-108 | C13: 46072 | D13: North | E13: Raj | F13: Gizmo | G13: 45 | H13: 2250 | K13: Kim's IDs
B14: O-109 | C14: 46084 | D14: West | E14: Kim | F14: Gizmo | G14: 10 | H14: 500
B15: O-110 | C15: 46089 | D15: East | E15: Lee | F15: Widget | G15: 70 | H15: 2100
B16: O-111 | C16: 46096 | D16: South | E16: Ava | F16: Widget | G16: 30 | H16: 900
B17: O-112 | C17: 46103 | D17: North | E17: Kim | F17: Gadget | G17: 50 | H17: 3000
B18: O-113 | C18: 46113 | D18: East | E18: Raj | F18: Gizmo | G18: 65 | H18: 3250
B19: O-114 | C19: 46118 | D19: West | E19: Ava | F19: Gadget | G19: 20 | H19: 1200
B20: O-115 | C20: 46125 | D20: South | E20: Lee | F20: Gizmo | G20: 15 | H20: 750
B21: O-116 | C21: 46133 | D21: East | E21: Kim | F21: Widget | G21: 50 | H21: 1500
B22: O-117 | C22: 46146 | D22: North | E22: Lee | F22: Widget | G22: 25 | H22: 750
B23: O-118 | C23: 46154 | D23: West | E23: Raj | F23: Gadget | G23: 40 | H23: 2400
B24: O-119 | C24: 46161 | D24: South | E24: Kim | F24: Gizmo | G24: 35 | H24: 1750
B25: O-120 | C25: 46169 | D25: East | E25: Ava | F25: Gadget | G25: 55 | H25: 3300
K29: Units, big → small | M29: Products | O29: How many products? | Q29: Reps, A→Z | W29: Central orders

Sheet Cheat Codes
A1: CHEAT CODES ▸ DYNAMIC ARRAYS
A2: Every move from this world on one page. Keep it open while you play, or print it (Ctrl+P).
A4: Stage | B4: Keys / Syntax | C4: What it does | D4: Pro tip
A5: F7-1 | B5: spill | C5: One formula can return many values; they spill into the cells around it. | D5: Edit only the top-left cell; the rest follow.
A6: F7-1 | B6: #SPILL! | C6: #SPILL! means something is in the way of the results. | D6: Clear the blocking cells and the results appear.
A7: F7-1 | B7: H5# | C7: Add # after the top-left cell to refer to the whole spill. | D7: =SUM(H5#) grows and shrinks with the spill.
A8: F7-1 | B8: SEQUENCE | C8: SEQUENCE(rows) spills the numbers 1, 2, 3 … | D8: =SEQUENCE(4,1,10,10) spills 10, 20, 30, 40.
A9: F7-2 | B9: FILTER | C9: FILTER(range, condition) spills only the matching rows. | D9: =FILTER(B6:H25,D6:D25="East")
A10: F7-2 | B10: (…)*(…) | C10: Multiply conditions for AND; add them for OR. | D10: (D6:D25="East")*(G6:G25>40) keeps rows that pass both.
A11: F7-2 | B11: if_empty | C11: FILTER's 3rd argument: what to show when nothing matches. | D11: Without it, an empty result is #CALC!.
A12: F7-3 | B12: SORT | C12: SORT(range, column, order) spills a sorted copy; -1 = largest first. | D12: The original data never moves.
A13: F7-3 | B13: SORTBY | C13: SORTBY(range, by_range, order) sorts by a column you don't show. | D13: =SORTBY(B6:B25,C6:C25,-1) lists IDs newest first.
A14: F7-3 | B14: UNIQUE | C14: UNIQUE(range) spills each different value once. | D14: Wrap in COUNTA to count the distinct values.
A15: F7-4 | B15: LET | C15: LET(name, value, calculation) names a value so you write it once. | D15: =LET(rev,H6:H25,SUM(rev)/COUNT(rev))
A16: F7-4 | B16: SORT(UNIQUE(…)) | C16: Nest dynamic functions: the inner result feeds the outer one. | D16: =SORT(UNIQUE(E6:E25)) gives a sorted list of reps.

Sheet Key
A1: Challenge | B1: Hint | C1: Expected | E1: Lists / per-cell expectations →
A2: F7-1 Spill Zone W1 | B2: Five letters. | E2: =TODAY | F2: =TODAY( | G2: =TODAY() | H2: TODAY | I2: TODAY( | J2: TODAY()
A3: F7-1 Spill Zone W2 | B3: Three letters. | E3: =NOW | F3: =NOW( | G3: =NOW() | H3: NOW | I3: NOW( | J3: NOW()
A4: F7-1 Spill Zone W3 | B4: Four letters. | E4: =DATE | F4: =DATE( | G4: =DATE() | H4: DATE | I4: DATE( | J4: DATE()
A5: F7-1 Spill Zone W4 | B5: Four letters. | E5: =YEAR | F5: =YEAR( | G5: =YEAR() | H5: YEAR | I5: YEAR( | J5: YEAR()
A6: F7-1 Spill Zone W5 | B6: Five letters. | E6: =MONTH | F6: =MONTH( | G6: =MONTH() | H6: MONTH | I6: MONTH( | J6: MONTH()
A7: F7-1 Spill Zone W6 | B7: Three letters. | E7: =DAY | F7: =DAY( | G7: =DAY() | H7: DAY | I7: DAY( | J7: DAY()
A8: F7-1 Spill Zone W7 | B8: WEEK plus DAY. | E8: =WEEKDAY | F8: =WEEKDAY( | G8: =WEEKDAY() | H8: WEEKDAY | I8: WEEKDAY( | J8: WEEKDAY()
A9: F7-1 Spill Zone W8 | B9: Like a book's index. | E9: =INDEX | F9: =INDEX( | G9: =INDEX() | H9: INDEX | I9: INDEX( | J9: INDEX()
A10: F7-1 Spill Zone W9 | B10: It finds a match. | E10: =MATCH | F10: =MATCH( | G10: =MATCH() | H10: MATCH | I10: MATCH( | J10: MATCH()
A11: F7-1 Spill Zone W10 | B11: The position finder. | E11: =MATCH | F11: =MATCH( | G11: =MATCH() | H11: =XMATCH | I11: =XMATCH( | J11: =XMATCH() | K11: MATCH | L11: MATCH( | M11: MATCH() | N11: XMATCH | O11: XMATCH( | P11: XMATCH()
A12: F7-1 Spill Zone T1 | B12: Like water spilling over. | C12: spill | E12: H5# | F12: if_empty | G12: spill | H12: (…)*(…)
A13: F7-1 Spill Zone T2 | B13: #SPILL! with an exclamation mark. | C13: #SPILL! | E13: SORT(UNIQUE(…)) | F13: H5# | G13: (…)*(…) | H13: #SPILL!
A14: F7-1 Spill Zone T3 | B14: The cell address plus #. | C14: H5# | E14: spill | F14: H5# | G14: if_empty | H14: (…)*(…)
A15: F7-1 Spill Zone T4 | B15: A series of numbers in order. | C15: SEQUENCE | E15: LET | F15: FILTER | G15: UNIQUE | H15: SEQUENCE
A16: F7-1 Spill Zone C1 | B16: Like water spilling over. | E16: SPILL | F16: SPILLING | G16: SPILLS
A17: F7-1 Spill Zone C2 | B17: #SPILL! with an exclamation mark. | E17: #SPILL | F17: #SPILL! | G17: =SPILL | H17: =SPILL( | I17: =SPILL() | J17: SPILL | K17: SPILL( | L17: SPILL()
A18: F7-1 Spill Zone C3 | B18: The cell address plus #. | E18: H5#
A19: F7-1 Spill Zone C4 | B19: A series of numbers in order. | E19: =SEQUENCE | F19: =SEQUENCE( | G19: =SEQUENCE() | H19: SEQUENCE | I19: SEQUENCE( | J19: SEQUENCE()
A20: F7-1 Spill Zone C5 | B20: Just one cell to type in.
A21: F7-1 Spill Zone C6 | B21: Clear the blocking cell.
A22: F7-1 Spill Zone C7 | B22: # = the whole spill. | C22: {=SUM(_xlfn.ANCHORARRAY('F7-1 Arena'!$O$6))} -> 100
A23: F7-2 Sifter W1 | B23: Like water spilling over. | E23: SPILL | F23: SPILLING | G23: SPILLS
A24: F7-2 Sifter W2 | B24: #SPILL! with an exclamation mark. | E24: #SPILL | F24: #SPILL! | G24: =SPILL | H24: =SPILL( | I24: =SPILL() | J24: SPILL | K24: SPILL( | L24: SPILL()
A25: F7-2 Sifter W3 | B25: The cell address plus #. | E25: H5#
A26: F7-2 Sifter W4 | B26: A series of numbers in order. | E26: =SEQUENCE | F26: =SEQUENCE( | G26: =SEQUENCE() | H26: SEQUENCE | I26: SEQUENCE( | J26: SEQUENCE()
A27: F7-2 Sifter W5 | B27: Not hours. | E27: DAYS | F27: NUMBEROFDAYS
A28: F7-2 Sifter W6 | B28: Plain plus. | E28: 30+B6 | F28: =30+B6 | G28: =B6+30 | H28: B6+30
A29: F7-2 Sifter W7 | B29: DATE plus DIF. | E29: =DATEDIF | F29: =DATEDIF( | G29: =DATEDIF() | H29: DATEDIF | I29: DATEDIF( | J29: DATEDIF()
A30: F7-2 Sifter W8 | B30: X plus MATCH. | E30: =XMATCH | F30: =XMATCH( | G30: =XMATCH() | H30: XMATCH | I30: XMATCH( | J30: XMATCH()
A31: F7-2 Sifter W9 | B31: Minus one. | E31: -1
A32: F7-2 Sifter W10 | B32: Low to high. | E32: A-Z | F32: ASCENDING | G32: ATOZ | H32: SMALLESTTOLARGEST
A33: F7-2 Sifter T1 | B33: Like a coffee filter. | C33: FILTER | E33: SORTBY | F33: SEQUENCE | G33: SORT | H33: FILTER
A34: F7-2 Sifter T2 | B34: Multiply. | C34: (…)*(…) | E34: (…)*(…) | F34: spill | G34: #SPILL! | H34: H5#
A35: F7-2 Sifter T3 | B35: After array and include. | C35: if_empty | E35: SORT(UNIQUE(…)) | F35: if_empty | G35: (…)*(…) | H35: H5#
A36: F7-2 Sifter C1 | B36: Like a coffee filter. | E36: =FILTER | F36: =FILTER( | G36: =FILTER() | H36: FILTER | I36: FILTER( | J36: FILTER()
A37: F7-2 Sifter C2 | B37: Multiply. | E37: * | F37: ASTERISK
A38: F7-2 Sifter C3 | B38: After array and include. | E38: 3 | F38: 3RD | G38: IF_EMPTY | H38: THIRD
A39: F7-2 Sifter C4 | B39: One formula.
A40: F7-2 Sifter C5 | B40: (D6:D25="East")*(G6:G25>40)
A41: F7-2 Sifter C6 | B41: Third argument. | C41: {=_xlfn._xlws.FILTER('F7-2 Arena'!$B$6:$B$25,'F7-2 Arena'!$D$6:$D$25="Central","None")} -> None
A42: F7-3 Sorter W1 | B42: Like a coffee filter. | E42: =FILTER | F42: =FILTER( | G42: =FILTER() | H42: FILTER | I42: FILTER( | J42: FILTER()
A43: F7-3 Sorter W2 | B43: Multiply. | E43: * | F43: ASTERISK
A44: F7-3 Sorter W3 | B44: After array and include. | E44: 3 | F44: 3RD | G44: IF_EMPTY | H44: THIRD
A45: F7-3 Sorter W4 | B45: E plus DATE. | E45: =EDATE | F45: =EDATE( | G45: =EDATE() | H45: EDATE | I45: EDATE( | J45: EDATE()
A46: F7-3 Sorter W5 | B46: End Of MONTH. | E46: =EOMONTH | F46: =EOMONTH( | G46: =EOMONTH() | H46: EOMONTH | I46: EOMONTH( | J46: EOMONTH()
A47: F7-3 Sorter W6 | B47: NET WORK DAYS. | E47: =NETWORKDAYS | F47: =NETWORKDAYS( | G47: =NETWORKDAYS() | H47: NETWORKDAYS | I47: NETWORKDAYS( | J47: NETWORKDAYS()
A48: F7-3 Sorter W7 | B48: WORK plus DAY. | E48: =WORKDAY | F48: =WORKDAY( | G48: =WORKDAY() | H48: WORKDAY | I48: WORKDAY( | J48: WORKDAY()
A49: F7-3 Sorter W8 | B49: The start side. | E49: =LEFT | F49: =LEFT( | G49: =LEFT() | H49: LEFT | I49: LEFT( | J49: LEFT()
A50: F7-3 Sorter W9 | B50: The end side. | E50: =RIGHT | F50: =RIGHT( | G50: =RIGHT() | H50: RIGHT | I50: RIGHT( | J50: RIGHT()
A51: F7-3 Sorter W10 | B51: Short for middle. | E51: =MID | F51: =MID( | G51: =MID() | H51: MID | I51: MID( | J51: MID()
A52: F7-3 Sorter T1 | B52: Four letters. | C52: SORT | E52: SORT | F52: SORTBY | G52: UNIQUE | H52: SEQUENCE
A53: F7-3 Sorter T2 | B53: SORT plus BY. | C53: SORTBY | E53: SORTBY | F53: SORT | G53: FILTER | H53: UNIQUE
A54: F7-3 Sorter T3 | B54: One of a kind. | C54: UNIQUE | E54: UNIQUE | F54: FILTER | G54: SORTBY | H54: LET
A55: F7-3 Sorter C1 | B55: Four letters. | E55: =SORT | F55: =SORT( | G55: =SORT() | H55: SORT | I55: SORT( | J55: SORT()
A56: F7-3 Sorter C2 | B56: SORT plus BY. | E56: =SORTBY | F56: =SORTBY( | G56: =SORTBY() | H56: SORTBY | I56: SORTBY( | J56: SORTBY()
A57: F7-3 Sorter C3 | B57: One of a kind. | E57: =UNIQUE | F57: =UNIQUE( | G57: =UNIQUE() | H57: UNIQUE | I57: UNIQUE( | J57: UNIQUE()
A58: F7-3 Sorter C4 | B58: -1 = descending.
A59: F7-3 Sorter C5 | B59: Sort IDs by the date column.
A60: F7-3 Sorter C6 | B60: Order of first appearance.
A61: F7-3 Sorter C7 | B61: COUNTA around UNIQUE. | C61: {=COUNTA(_xlfn.UNIQUE('F7-3 Arena'!$E$6:$E$25))} -> 4
A62: F7-4 Combo W1 | B62: Four letters. | E62: =SORT | F62: =SORT( | G62: =SORT() | H62: SORT | I62: SORT( | J62: SORT()
A63: F7-4 Combo W2 | B63: SORT plus BY. | E63: =SORTBY | F63: =SORTBY( | G63: =SORTBY() | H63: SORTBY | I63: SORTBY( | J63: SORTBY()
A64: F7-4 Combo W3 | B64: One of a kind. | E64: =UNIQUE | F64: =UNIQUE( | G64: =UNIQUE() | H64: UNIQUE | I64: UNIQUE( | J64: UNIQUE()
A65: F7-4 Combo W4 | B65: Short for length. | E65: =LEN | F65: =LEN( | G65: =LEN() | H65: LEN | I65: LEN( | J65: LEN()
A66: F7-4 Combo W5 | B66: Shift+7. | E66: & | F66: AMPERSAND
A67: F7-4 Combo W6 | B67: Trims the edges. | E67: =TRIM | F67: =TRIM( | G67: =TRIM() | H67: TRIM | I67: TRIM( | J67: TRIM()
A68: F7-4 Combo W7 | B68: Upper case. | E68: =UPPER | F68: =UPPER( | G68: =UPPER() | H68: UPPER | I68: UPPER( | J68: UPPER()
A69: F7-4 Combo W8 | B69: Lower case. | E69: =LOWER | F69: =LOWER( | G69: =LOWER() | H69: LOWER | I69: LOWER( | J69: LOWER()
A70: F7-4 Combo W9 | B70: Proper names. | E70: =PROPER | F70: =PROPER( | G70: =PROPER() | H70: PROPER | I70: PROPER( | J70: PROPER()
A71: F7-4 Combo W10 | B71: Swap one thing for another. | E71: =SUBSTITUTE | F71: =SUBSTITUTE( | G71: =SUBSTITUTE() | H71: SUBSTITUTE | I71: SUBSTITUTE( | J71: SUBSTITUTE()
A72: F7-4 Combo T1 | B72: Three letters: let x be… | C72: LET | E72: SEQUENCE | F72: LET | G72: SORTBY | H72: SORT
A73: F7-4 Combo T2 | B73: The inner one. | C73: SORT(UNIQUE(…)) | E73: H5# | F73: spill | G73: #SPILL! | H73: SORT(UNIQUE(…))
A74: F7-4 Combo C1 | B74: Three letters: let x be… | E74: =LET | F74: =LET( | G74: =LET() | H74: LET | I74: LET( | J74: LET()
A75: F7-4 Combo C2 | B75: The inner one. | E75: =UNIQUE | F75: =UNIQUE( | G75: =UNIQUE() | H75: UNIQUE | I75: UNIQUE( | J75: UNIQUE()
A76: F7-4 Combo C3 | B76: Name the range once, use it twice. | C76: {=AVERAGE('F7-4 Arena'!$H$6:$H$25)} -> 1727.5
A77: F7-4 Combo C4 | B77: UNIQUE inside SORT.
A78: F7-4 Combo C5 | B78: SORT(UNIQUE(FILTER(F6:F25,D6:D25="East")))
A79: F7-4 Combo C6 | B79: # = the whole spill. | C79: {=ROWS(_xlfn.ANCHORARRAY('F7-4 Arena'!$Q$6))} -> 4
A80: Boss F1 | B80: Three letters: let x be… | E80: =LET | F80: =LET( | G80: =LET() | H80: LET | I80: LET( | J80: LET()
A81: Boss F2 | B81: The inner one. | E81: =UNIQUE | F81: =UNIQUE( | G81: =UNIQUE() | H81: UNIQUE | I81: UNIQUE( | J81: UNIQUE()
A82: Boss F3 | B82: Like water spilling over. | E82: SPILL | F82: SPILLING | G82: SPILLS
A83: Boss F4 | B83: #SPILL! with an exclamation mark. | E83: #SPILL | F83: #SPILL! | G83: =SPILL | H83: =SPILL( | I83: =SPILL() | J83: SPILL | K83: SPILL( | L83: SPILL()
A84: Boss F5 | B84: The cell address plus #. | E84: H5#
A85: Boss F6 | B85: A series of numbers in order. | E85: =SEQUENCE | F85: =SEQUENCE( | G85: =SEQUENCE() | H85: SEQUENCE | I85: SEQUENCE( | J85: SEQUENCE()
A86: Boss F7 | B86: Like a coffee filter. | E86: =FILTER | F86: =FILTER( | G86: =FILTER() | H86: FILTER | I86: FILTER( | J86: FILTER()
A87: Boss F8 | B87: Multiply. | E87: * | F87: ASTERISK
A88: Boss B1 | B88: SEQUENCE.
A89: Boss B2 | B89: FILTER.
A90: Boss B3 | B90: Multiply two conditions.
A91: Boss B4 | B91: SORT with -1.
A92: Boss B5 | B92: UNIQUE.
A93: Boss B6 | B93: COUNTA(UNIQUE(…)). | C93: {=COUNTA(_xlfn.UNIQUE('Boss Arena'!$F$6:$F$25))} -> 3
A94: Boss B7 | B94: Nest UNIQUE in SORT.
A95: Boss B8 | B95: SUM(U6#). | C95: {=SUM(_xlfn.ANCHORARRAY('Boss Arena'!$U$6))} -> 30
A96: Boss B9 | B96: Sort the IDs by C6:C25.
A97: Boss B10 | B97: FILTER's third argument. | C97: {=_xlfn._xlws.FILTER('Boss Arena'!$B$6:$B$25,'Boss Arena'!$D$6:$D$25="Central","None")} -> None
E2001: {=_xlfn.SEQUENCE(10)} -> 1
E2101: {=_xlfn._xlws.FILTER('F7-2 Arena'!$B$6:$H$25,'F7-2 Arena'!$D$6:$D$25="East")} -> O-101
E2201: {=_xlfn._xlws.FILTER('F7-2 Arena'!$B$6:$B$25,('F7-2 Arena'!$D$6:$D$25="East")*('F7-2 Arena'!$G$6:$G$25>40))} -> O-110
...
