Workbook

Sheet Start
A1: FINAL BOSS ▸ THE CHAMPIONSHIP
A2: Every shortcut and formula from the course in one championship. Beat par for rank S.
A4: HOW TO PLAY
A5: 1 · Each stage: read the BRIEFING, then answer WARM-UP, TRAINING and CHALLENGES.
A6: 2 · Yellow cells are yours: type, pick from a list (Alt+↓), or follow a ▶ ARENA link and do the move there.
A7: 3 · ✔ CLEAR = right · ✘ = try again · · not yet = drill not done. Stuck? Pick 'Show hint' (5 XP instead of 10).
A8: 4 · Formatting or hiding drills: press F9 to refresh the check. Tab jumps between yellow cells.
A9: Needs Windows with Microsoft Excel 365 or 2021+ (English). In Protected View, click Enable Editing.
A11: STAGE SELECT
A12: Stage | B12: Name | C12: Score | D12: Stars | E12: Status | F12: Go
A13: R1 | B13: Shortcut Gauntlet | C13: {=SUM('R1 Shortcut Gauntlet'!$G$8:$G$16)&" / 90"} -> 0 / 90 | D13: {=IF(SUM('R1 Shortcut Gauntlet'!$G$8:$G$16)>=90,"★★★",IF(SUM('R1 Shortcut Gauntlet'!$G$8:$G$16)>=90*0.8,"★★☆",IF(SUM('R1 Shortcut Gauntlet'!$G$8:$G$16)>=90*0.5,"★☆☆","☆☆☆")))} -> ☆☆☆ | E13: {=IF(SUM('R1 Shortcut Gauntlet'!$G$8:$G$16)>=90,"PERFECT",IF(SUM('R1 Shortcut Gauntlet'!$G$8:$G$16)>=90*0.5,"CLEARED",IF(SUM('R1 Shortcut Gauntlet'!$G$8:$G$16)>0,"IN PROGRESS","NEW")))} -> NEW | F13: Go to R1 Shortcut Gauntlet
A14: R2 | B14: Formula Gauntlet | C14: {=SUM('R2 Formula Gauntlet'!$G$7:$G$50)&" / 400"} -> 0 / 400 | D14: {=IF(SUM('R2 Formula Gauntlet'!$G$7:$G$50)>=400,"★★★",IF(SUM('R2 Formula Gauntlet'!$G$7:$G$50)>=400*0.8,"★★☆",IF(SUM('R2 Formula Gauntlet'!$G$7:$G$50)>=400*0.5,"★☆☆","☆☆☆")))} -> ☆☆☆ | E14: {=IF(SUM('R2 Formula Gauntlet'!$G$7:$G$50)>=400,"PERFECT",IF(SUM('R2 Formula Gauntlet'!$G$7:$G$50)>=400*0.5,"CLEARED",IF(SUM('R2 Formula Gauntlet'!$G$7:$G$50)>0,"IN PROGRESS","NEW")))} -> NEW | F14: Go to R2 Formula Gauntlet
A15: R3 | B15: Real-World Mission | C15: {=SUM('R3 Real-World Mission'!$G$8:$G$15)&" / 80"} -> 0 / 80 | D15: {=IF(SUM('R3 Real-World Mission'!$G$8:$G$15)>=80,"★★★",IF(SUM('R3 Real-World Mission'!$G$8:$G$15)>=80*0.8,"★★☆",IF(SUM('R3 Real-World Mission'!$G$8:$G$15)>=80*0.5,"★☆☆","☆☆☆")))} -> ☆☆☆ | E15: {=IF(SUM('R3 Real-World Mission'!$G$8:$G$15)>=80,"PERFECT",IF(SUM('R3 Real-World Mission'!$G$8:$G$15)>=80*0.5,"CLEARED",IF(SUM('R3 Real-World Mission'!$G$8:$G$15)>0,"IN PROGRESS","NEW")))} -> NEW | F15: Go to R3 Real-World Mission
A17: TOTAL SCORE | B17: {=(SUM('R1 Shortcut Gauntlet'!$G$8:$G$16)+SUM('R2 Formula Gauntlet'!$G$7:$G$50)+SUM('R3 Real-World Mission'!$G$8:$G$15))&" / 570"} -> 0 / 570
A18: RANK | B18: {=_xlfn.LET(_xlpm.p,(SUM('R1 Shortcut Gauntlet'!$G$8:$G$16)+SUM('R2 Formula Gauntlet'!$G$7:$G$50)+SUM('R3 Real-World Mission'!$G$8:$G$15))/570,IF(AND(_xlpm.p>=1,ISNUMBER(Start!$C$42),Start!$C$42<=45),"S",IF(_xlpm.p>=0.9,"A",IF(_xlpm.p>=0.75,"B",IF(_xlpm.p>=0.5,"C","D")))))} -> D | C18: S = 100% and under par · A ≥ 90% · B ≥ 75% · C ≥ 50%
A19: BEST TIME | B19: {=IF(ISNUMBER(Start!$C$42),Start!$C$42&" min (par 45)","—")} -> —
A20: NEXT UP | B20: {=IFERROR(INDEX($A$13:$A$15,MATCH("☆☆☆",$D$13:$D$15,0))&" "&INDEX($B$13:$B$15,MATCH("☆☆☆",$D$13:$D$15,0)),"All clear! Aim for rank S")} -> R1 Shortcut Gauntlet
A22: Replay a stage: select its yellow answer cells and press Delete. Undo an arena drill with Ctrl+Z.
A39: SPEEDRUN · stamp START before Round 1 and FINISH after Round 3
B40: START (Ctrl+Shift+:)
B41: FINISH (Ctrl+Shift+:)
B42: TIME | C42: {=IF(OR(C40="",C41=""),"",ROUND(MOD(C41-C40,1)*1440,0))}
B43: PAR | C43: 45

Sheet R1 Shortcut Gauntlet
A1: R1 ▸ SHORTCUT GAUNTLET
A2: Goal: prove every shortcut is in your fingers
A3: {="SCORE "&TEXT(SUM($G$8:$G$16),"0000")&" / 0090"} -> SCORE 0000 / 0090 | C3: {=IF(SUM($G$8:$G$16)>=90,"★★★",IF(SUM($G$8:$G$16)>=90*0.8,"★★☆",IF(SUM($G$8:$G$16)>=90*0.5,"★☆☆","☆☆☆")))} -> ☆☆☆ | D3: {=REPT("█",ROUND(10*SUM($G$8:$G$16)/90,0))&REPT("░",10-ROUND(10*SUM($G$8:$G$16)/90,0))&" "&TEXT(SUM($G$8:$G$16)/90,"0%")} -> ░░░░░░░░░░ 0% | F3: {=IF(SUM($G$8:$G$16)>=90*0.5,"STAGE CLEAR! ▶ Next: R2 Formula Gauntlet","")}
A5: MISSIONS
B6: ▶ Open R1 Arena (or press Ctrl+PgDn)
A7: # | B7: Mission | C7: Your answer | D7: Result | E7: Hint? | F7: Hint | G7: XP
A8: M1 | B8: In the R1 Arena click B6 and press Ctrl+↓. Type the word at the end of the trail. | D8: {=IFERROR(_xlfn.LET(_xlpm.a,'R1 Shortcut Gauntlet'!$C$8,IF(TRIM(_xlpm.a&"")="","",IF(SUBSTITUTE(SUBSTITUTE(UPPER(_xlpm.a&"")," ",""),"$","")=Key!$C$2,"✔ CLEAR","✘ TRY AGAIN"))),"✘ TRY AGAIN")} | F8: {=IF(E8="Show hint",Key!$B$2,"")} | G8: {=IF(LEFT(D8,1)="✔",IF(E8="Show hint",5,10),0)} -> 0
A9: M2 | B9: Click D6 and keep pressing Ctrl+↓ until you reach a word. Type it. | D9: {=IFERROR(_xlfn.LET(_xlpm.a,'R1 Shortcut Gauntlet'!$C$9,IF(TRIM(_xlpm.a&"")="","",IF(SUBSTITUTE(SUBSTITUTE(UPPER(_xlpm.a&"")," ",""),"$","")=Key!$C$3,"✔ CLEAR","✘ TRY AGAIN"))),"✘ TRY AGAIN")} | F9: {=IF(E9="Show hint",Key!$B$3,"")} | G9: {=IF(LEFT(D9,1)="✔",IF(E9="Show hint",5,10),0)} -> 0
A10: M3 | B10: Press F5 (or Ctrl+G) and go to H500. Type the word there. | D10: {=IFERROR(_xlfn.LET(_xlpm.a,'R1 Shortcut Gauntlet'!$C$10,IF(TRIM(_xlpm.a&"")="","",IF(SUBSTITUTE(SUBSTITUTE(UPPER(_xlpm.a&"")," ",""),"$","")=Key!$C$4,"✔ CLEAR","✘ TRY AGAIN"))),"✘ TRY AGAIN")} | F10: {=IF(E10="Show hint",Key!$B$4,"")} | G10: {=IF(LEFT(D10,1)="✔",IF(E10="Show hint",5,10),0)} -> 0
A11: M4 | B11: Press Ctrl+End. Type the word in the last used cell. | D11: {=IFERROR(_xlfn.LET(_xlpm.a,'R1 Shortcut Gauntlet'!$C$11,IF(TRIM(_xlpm.a&"")="","",IF(SUBSTITUTE(SUBSTITUTE(UPPER(_xlpm.a&"")," ",""),"$","")=Key!$C$5,"✔ CLEAR","✘ TRY AGAIN"))),"✘ TRY AGAIN")} | F11: {=IF(E11="Show hint",Key!$B$5,"")} | G11: {=IF(LEFT(D11,1)="✔",IF(E11="Show hint",5,10),0)} -> 0
A12: M5 | B12: Select F6:F12, type GO and press Ctrl+Enter. | C12: ▶ ARENA M5 (cell F6) | D12: {=IF(IFERROR(AND('R1 Arena'!$F$6="GO",'R1 Arena'!$F$7="GO",'R1 Arena'!$F$8="GO",'R1 Arena'!$F$9="GO",'R1 Arena'!$F$10="GO",'R1 Arena'!$F$11="GO",'R1 Arena'!$F$12="GO"),FALSE),"✔ CLEAR","· not yet")} -> · not yet | F12: {=IF(E12="Show hint",Key!$B$6,"")} | G12: {=IF(LEFT(D12,1)="✔",IF(E12="Show hint",5,10),0)} -> 0
A13: M6 | B13: In F15 type Excel, press Alt+Enter, type Arcade, then press Enter. | C13: ▶ ARENA M6 (cell F15) | D13: {=IF(IFERROR(EXACT('R1 Arena'!$F$15,"Excel"&CHAR(10)&"Arcade"),FALSE),"✔ CLEAR","· not yet")} -> · not yet | F13: {=IF(E13="Show hint",Key!$B$7,"")} | G13: {=IF(LEFT(D13,1)="✔",IF(E13="Show hint",5,10),0)} -> 0
A14: M7 | B14: Stamp today's date in F17 with Ctrl+;, then Enter. | C14: ▶ ARENA M7 (cell F17) | D14: {=IF(IFERROR(AND(ISNUMBER('R1 Arena'!$F$17),NOT(_xlfn.ISFORMULA('R1 Arena'!$F$17)),'R1 Arena'!$F$17=INT('R1 Arena'!$F$17),'R1 Arena'!$F$17>=DATE(2026,10,12),'R1 Arena'!$F$17<=TODAY()),FALSE),"✔ CLEAR","· not yet")} -> · not yet | F14: {=IF(E14="Show hint",Key!$B$8,"")} | G14: {=IF(LEFT(D14,1)="✔",IF(E14="Show hint",5,10),0)} -> 0
A15: M8 | B15: Make H6:H10 percentages with Ctrl+Shift+%. Press F9. | C15: ▶ ARENA M8 (cell H6) | D15: {=IF(IFERROR(AND(OR(CELL("format",'R1 Arena'!$H$6)="P0"),OR(CELL("format",'R1 Arena'!$H$7)="P0"),OR(CELL("format",'R1 Arena'!$H$8)="P0"),OR(CELL("format",'R1 Arena'!$H$9)="P0"),OR(CELL("format",'R1 Arena'!$H$10)="P0")),FALSE),"✔ CLEAR","· not yet · press F9")} -> · not yet · press F9 | F15: {=IF(E15="Show hint",Key!$B$9,"")} | G15: {=IF(LEFT(D15,1)="✔",IF(E15="Show hint",5,10),0)} -> 0
A16: M9 | B16: Filter the table at B810 to show only North: Ctrl+Shift+L, then Alt+↓ on the Region header. | C16: ▶ ARENA M9 (cell C810) | D16: {=IF(IFERROR(AND(SUBTOTAL(103,'R1 Arena'!$C$811:$C$830)=4,SUMPRODUCT(SUBTOTAL(103,OFFSET('R1 Arena'!$C$811,ROW('R1 Arena'!$C$811:$C$830)-ROW('R1 Arena'!$C$811),0))*('R1 Arena'!$C$811:$C$830<>"North"))=0),FALSE),"✔ CLEAR","· not yet")} -> · not yet | F16: {=IF(E16="Show hint",Key!$B$10,"")} | G16: {=IF(LEFT(D16,1)="✔",IF(E16="Show hint",5,10),0)} -> 0

Sheet R1 Arena
A1: ARENA ▸ R1 SHORTCUT GAUNTLET
A2: Practice area · everything here is editable. Missions and their checks are on the stage sheet.
A3: PASS CODE | B3: GAUNTLET | D3: ◀ Back to R1 Shortcut Gauntlet
B5: TRAIL ▼ | D5: SCATTER ▼ | F5: GO ▼ | H5: SHARES ▼
B6: 1 | D6: 1 | H6: 0.1
B7: 2 | D7: 2 | H7: 0.25
B8: 3 | D8: 3 | H8: 0.5
B9: 4 | D9: 4 | H9: 0.75
B10: 5 | D10: 5 | H10: 0.9
B11: 6 | D11: 6
B12: 7 | D12: 7
B13: 8 | D13: 8
B14: 9 | D14: 9 | F14: TWO LINES ▼
B15: 10 | D15: 10
B16: 11 | D16: 11 | F16: DATE ▼
B17: 12 | D17: 12
B18: 13 | D18: 13
B19: 14 | D19: 14
B20: 15 | D20: 15
B21: 16 | D21: 16
B22: 17 | D22: 17
B23: 18 | D23: 18
B24: 19 | D24: 19
B25: 20 | D25: 20
B26: 21 | D26: 21
B27: 22 | D27: 22
B28: 23 | D28: 23
... B30: 25 | D30: 25
B31: 26
B32: 27
B33: 28
B34: 29
B35: 30
B36: 31
B37: 32
B38: 33
B39: 34
B40: 35
B41: 36
B42: 37
... B59: 54
B60: 55 | D60: 26
B61: 56 | D61: 27
B62: 57 | D62: 28
B63: 58 | D63: 29
B64: 59 | D64: 30
B65: 60 | D65: 31
B66: 61 | D66: 32
B67: 62 | D67: 33
B68: 63 | D68: 34
B69: 64 | D69: 35
B70: 65 | D70: 36
B71: 66
B72: 67
B73: 68
B74: 69
B75: 70
B76: 71
B77: 72
B78: 73
B79: 74
B80: 75
B81: 76
B82: 77
... B199: 194
B200: 195 | D200: LEGEND
B201: 196
B202: 197
B203: 198
B204: 199
B205: 200
B206: 201
B207: 202
B208: 203
B209: 204
B210: 205
B211: 206
B212: 207
... B499: 494
B500: 495 | H500: VICTORY
B501: 496
B502: 497
B503: 498
B504: 499
B505: 500
B506: 501
B507: 502
B508: 503
B509: 504
B510: 505
B511: 506
B512: 507
... B805: 800
B806: CHAMPION
B810: Order | C810: Region | D810: Rep | E810: Units
B811: O-101 | C811: East | D811: Kim | E811: 40
B812: O-102 | C812: West | D812: Lee | E812: 15
B813: O-103 | C813: North | D813: Ava | E813: 55
B814: O-104 | C814: East | D814: Kim | E814: 20
B815: O-105 | C815: South | D815: Raj | E815: 60
...

Sheet R2 Formula Gauntlet
A1: R2 ▸ FORMULA GAUNTLET
A2: Goal: answer real questions with the right formula
A3: {="SCORE "&TEXT(SUM($G$7:$G$50),"0000")&" / 0400"} -> SCORE 0000 / 0400 | C3: {=IF(SUM($G$7:$G$50)>=400,"★★★",IF(SUM($G$7:$G$50)>=400*0.8,"★★☆",IF(SUM($G$7:$G$50)>=400*0.5,"★☆☆","☆☆☆")))} -> ☆☆☆ | D3: {=REPT("█",ROUND(10*SUM($G$7:$G$50)/400,0))&REPT("░",10-ROUND(10*SUM($G$7:$G$50)/400,0))&" "&TEXT(SUM($G$7:$G$50)/400,"0%")} -> ░░░░░░░░░░ 0% | F3: {=IF(SUM($G$7:$G$50)>=400*0.5,"STAGE CLEAR! ▶ Next: R3 Real-World Mission","")}
A5: GAUNTLET · rapid recall from the whole course
A6: # | B6: Mission | C6: Your answer | D6: Result | E6: Hint? | F6: Hint | G6: XP
A7: G1 | B7: Which FILTER argument number sets what to show when nothing matches? (from F7-2 Sifter) | D7: {=IFERROR(_xlfn.LET(_xlpm.a,'R2 Formula Gauntlet'!$C$7,IF(TRIM(_xlpm.a&"")="","",IF(OR(SUBSTITUTE(SUBSTITUTE(SUBSTITUTE(SUBSTITUTE(SUBSTITUTE(SUBSTITUTE(SUBSTITUTE(SUBSTITUTE(SUBSTITUTE(SUBSTITUTE(SUBSTITUTE(SUBSTITUTE(SUBSTITUTE(SUBSTITUTE(SUBSTITUTE(SUBSTITUTE(SUBSTITUTE(SUBSTITUTE(SUBSTITUTE(SUBSTITUTE(SUBSTITUTE(SUBSTITUTE(SUBSTITUTE(SUBSTITUTE(SUBSTITUTE(SUBSTITUTE(SUBSTITUTE(UPPER(_xlpm.a)," ",""),"CONTROL","CTRL"),"CTL","CTRL"),"ESCAPE","ESC"),"RETURN","ENTER"),"PAGEDOWN","PGDN"),"PGDOWN","PGDN"),"PAGEUP","PGUP"),"ARROWKEYS","ARROW"),"ARROWKEY","ARROW"),"ARROWS","ARROW"),"DOWNARROW","DOWN"),"UPARROW","UP"),"LEFTARROW","LEFT"),"RIGHTARROW","RIGHT"),"ARROWDOWN","DOWN"),"ARROWUP","UP"),"ARROWLEFT","LEFT"),"ARROWRIGHT","RIGHT"),"↓","DOWN"),"↑","UP"),"←","LEFT"),"→","RIGHT"),"SPACEBAR","SPACE"),"−","-"),"MINUS","-"),"PLUS","+")=Key!$E$11:$H$11),"✔ CLEAR","✘ TRY AGAIN"))),"✘ TRY AGAIN")} | F7: {=IF(E7="Show hint",Key!$B$11,"")} | G7: {=IF(LEFT(D7,1)="✔",IF(E7="Show hint",5,10),0)} -> 0
A8: G2 | B8: Which function spills a sorted copy of a range? (from F7-3 Sorter) | D8: {=IFERROR(_xlfn.LET(_xlpm.a,'R2 Formula Gauntlet'!$C$8,IF(TRIM(_xlpm.a&"")="","",IF(OR(SUBSTITUTE(SUBSTITUTE(SUBSTITUTE(SUBSTITUTE(SUBSTITUTE(SUBSTITUTE(SUBSTITUTE(SUBSTITUTE(SUBSTITUTE(SUBSTITUTE(SUBSTITUTE(SUBSTITUTE(SUBSTITUTE(SUBSTITUTE(SUBSTITUTE(SUBSTITUTE(SUBSTITUTE(SUBSTITUTE(SUBSTITUTE(SUBSTITUTE(SUBSTITUTE(SUBSTITUTE(SUBSTITUTE(SUBSTITUTE(SUBSTITUTE(SUBSTITUTE(SUBSTITUTE(UPPER(_xlpm.a)," ",""),"CONTROL","CTRL"),"CTL","CTRL"),"ESCAPE","ESC"),"RETURN","ENTER"),"PAGEDOWN","PGDN"),"PGDOWN","PGDN"),"PAGEUP","PGUP"),"ARROWKEYS","ARROW"),"ARROWKEY","ARROW"),"ARROWS","ARROW"),"DOWNARROW","DOWN"),"UPARROW","UP"),"LEFTARROW","LEFT"),"RIGHTARROW","RIGHT"),"ARROWDOWN","DOWN"),"ARROWUP","UP"),"ARROWLEFT","LEFT"),"ARROWRIGHT","RIGHT"),"↓","DOWN"),"↑","UP"),"←","LEFT"),"→","RIGHT"),"SPACEBAR","SPACE"),"−","-"),"MINUS","-"),"PLUS","+")=Key!$E$12:$J$12),"✔ CLEAR","✘ TRY AGAIN"))),"✘ TRY AGAIN")} | F8: {=IF(E8="Show hint",Key!$B$12,"")} | G8: {=IF(LEFT(D8,1)="✔",IF(E8="Show hint",5,10),0)} -> 0
A9: G3 | B9: Which function sorts a range by another range? (from F7-3 Sorter) | D9: {=IFERROR(_xlfn.LET(_xlpm.a,'R2 Formula Gauntlet'!$C$9,IF(TRIM(_xlpm.a&"")="","",IF(OR(SUBSTITUTE(SUBSTITUTE(SUBSTITUTE(SUBSTITUTE(SUBSTITUTE(SUBSTITUTE(SUBSTITUTE(SUBSTITUTE(SUBSTITUTE(SUBSTITUTE(SUBSTITUTE(SUBSTITUTE(SUBSTITUTE(SUBSTITUTE(SUBSTITUTE(SUBSTITUTE(SUBSTITUTE(SUBSTITUTE(SUBSTITUTE(SUBSTITUTE(SUBSTITUTE(SUBSTITUTE(SUBSTITUTE(SUBSTITUTE(SUBSTITUTE(SUBSTITUTE(SUBSTITUTE(UPPER(_xlpm.a)," ",""),"CONTROL","CTRL"),"CTL","CTRL"),"ESCAPE","ESC"),"RETURN","ENTER"),"PAGEDOWN","PGDN"),"PGDOWN","PGDN"),"PAGEUP","PGUP"),"ARROWKEYS","ARROW"),"ARROWKEY","ARROW"),"ARROWS","ARROW"),"DOWNARROW","DOWN"),"UPARROW","UP"),"LEFTARROW","LEFT"),"RIGHTARROW","RIGHT"),"ARROWDOWN","DOWN"),"ARROWUP","UP"),"ARROWLEFT","LEFT"),"ARROWRIGHT","RIGHT"),"↓","DOWN"),"↑","UP"),"←","LEFT"),"→","RIGHT"),"SPACEBAR","SPACE"),"−","-"),"MINUS","-"),"PLUS","+")=Key!$E$13:$J$13),"✔ CLEAR","✘ TRY AGAIN"))),"✘ TRY AGAIN")} | F9: {=IF(E9="Show hint",Key!$B$13,"")} | G9: {=IF(LEFT(D9,1)="✔",IF(E9="Show hint",5,10),0)} -> 0
A10: G4 | B10: Which function returns each distinct value once? (from F7-3 Sorter) | D10: {=IFERROR(_xlfn.LET(_xlpm.a,'R2 Formula Gauntlet'!$C$10,IF(TRIM(_xlpm.a&"")="","",IF(OR(SUBSTITUTE(SUBSTITUTE(SUBSTITUTE(SUBSTITUTE(SUBSTITUTE(SUBSTITUTE(SUBSTITUTE(SUBSTITUTE(SUBSTITUTE(SUBSTITUTE(SUBSTITUTE(SUBSTITUTE(SUBSTITUTE(SUBSTITUTE(SUBSTITUTE(SUBSTITUTE(SUBSTITUTE(SUBSTITUTE(SUBSTITUTE(SUBSTITUTE(SUBSTITUTE(SUBSTITUTE(SUBSTITUTE(SUBSTITUTE(SUBSTITUTE(SUBSTITUTE(SUBSTITUTE(UPPER(_xlpm.a)," ",""),"CONTROL","CTRL"),"CTL","CTRL"),"ESCAPE","ESC"),"RETURN","ENTER"),"PAGEDOWN","PGDN"),"PGDOWN","PGDN"),"PAGEUP","PGUP"),"ARROWKEYS","ARROW"),"ARROWKEY","ARROW"),"ARROWS","ARROW"),"DOWNARROW","DOWN"),"UPARROW","UP"),"LEFTARROW","LEFT"),"RIGHTARROW","RIGHT"),"ARROWDOWN","DOWN"),"ARROWUP","UP"),"ARROWLEFT","LEFT"),"ARROWRIGHT","RIGHT"),"↓","DOWN"),"↑","UP"),"←","LEFT"),"→","RIGHT"),"SPACEBAR","SPACE"),"−","-"),"MINUS","-"),"PLUS","+")=Key!$E$14:$J$14),"✔ CLEAR","✘ TRY AGAIN"))),"✘ TRY AGAIN")} | F10: {=IF(E10="Show hint",Key!$B$14,"")} | G10: {=IF(LEFT(D10,1)="✔",IF(E10="Show hint",5,10),0)} -> 0
A11: G5 | B11: Which function lets you name a value inside a formula? (from F7-4 Combo) | D11: {=IFERROR(_xlfn.LET(_xlpm.a,'R2 Formula Gauntlet'!$C$11,IF(TRIM(_xlpm.a&"")="","",IF(OR(SUBSTITUTE(SUBSTITUTE(SUBSTITUTE(SUBSTITUTE(SUBSTITUTE(SUBSTITUTE(SUBSTITUTE(SUBSTITUTE(SUBSTITUTE(SUBSTITUTE(SUBSTITUTE(SUBSTITUTE(SUBSTITUTE(SUBSTITUTE(SUBSTITUTE(SUBSTITUTE(SUBSTITUTE(SUBSTITUTE(SUBSTITUTE(SUBSTITUTE(SUBSTITUTE(SUBSTITUTE(SUBSTITUTE(SUBSTITUTE(SUBSTITUTE(SUBSTITUTE(SUBSTITUTE(UPPER(_xlpm.a)," ",""),"CONTROL","CTRL"),"CTL","CTRL"),"ESCAPE","ESC"),"RETURN","ENTER"),"PAGEDOWN","PGDN"),"PGDOWN","PGDN"),"PAGEUP","PGUP"),"ARROWKEYS","ARROW"),"ARROWKEY","ARROW"),"ARROWS","ARROW"),"DOWNARROW","DOWN"),"UPARROW","UP"),"LEFTARROW","LEFT"),"RIGHTARROW","RIGHT"),"ARROWDOWN","DOWN"),"ARROWUP","UP"),"ARROWLEFT","LEFT"),"ARROWRIGHT","RIGHT"),"↓","DOWN"),"↑","UP"),"←","LEFT"),"→","RIGHT"),"SPACEBAR","SPACE"),"−","-"),"MINUS","-"),"PLUS","+")=Key!$E$15:$J$15),"✔ CLEAR","✘ TRY AGAIN"))),"✘ TRY AGAIN")} | F11: {=IF(E11="Show hint",Key!$B$15,"")} | G11: {=IF(LEFT(D11,1)="✔",IF(E11="Show hint",5,10),0)} -> 0
A12: G6 | B12: In =SORT(UNIQUE(E6:E25)), which function removes the duplicates? (from F7-4 Combo) | D12: {=IFERROR(_xlfn.LET(_xlpm.a,'R2 Formula Gauntlet'!$C$12,IF(TRIM(_xlpm.a&"")="","",IF(OR(SUBSTITUTE(SUBSTITUTE(SUBSTITUTE(SUBSTITUTE(SUBSTITUTE(SUBSTITUTE(SUBSTITUTE(SUBSTITUTE(SUBSTITUTE(SUBSTITUTE(SUBSTITUTE(SUBSTITUTE(SUBSTITUTE(SUBSTITUTE(SUBSTITUTE(SUBSTITUTE(SUBSTITUTE(SUBSTITUTE(SUBSTITUTE(SUBSTITUTE(SUBSTITUTE(SUBSTITUTE(SUBSTITUTE(SUBSTITUTE(SUBSTITUTE(SUBSTITUTE(SUBSTITUTE(UPPER(_xlpm.a)," ",""),"CONTROL","CTRL"),"CTL","CTRL"),"ESCAPE","ESC"),"RETURN","ENTER"),"PAGEDOWN","PGDN"),"PGDOWN","PGDN"),"PAGEUP","PGUP"),"ARROWKEYS","ARROW"),"ARROWKEY","ARROW"),"ARROWS","ARROW"),"DOWNARROW","DOWN"),"UPARROW","UP"),"LEFTARROW","LEFT"),"RIGHTARROW","RIGHT"),"ARROWDOWN","DOWN"),"ARROWUP","UP"),"ARROWLEFT","LEFT"),"ARROWRIGHT","RIGHT"),"↓","DOWN"),"↑","UP"),"←","LEFT"),"→","RIGHT"),"SPACEBAR","SPACE"),"−","-"),"MINUS","-"),"PLUS","+")=Key!$E$16:$E$16),"✔ CLEAR","✘ TRY AGAIN"))),"✘ TRY AGAIN")} | F12: {=IF(E12="Show hint",Key!$B$16,"")} | G12: {=IF(LEFT(D12,1)="✔",IF(E12="Show hint",5,10),0)} -> 0
A13: G7 | B13: Which function returns the position of text, matching case? (from F5-3 Find the Gem) | D13: {=IFERROR(_xlfn.LET(_xlpm.a,'R2 Formula Gauntlet'!$C$13,IF(TRIM(_xlpm.a&"")="","",IF(OR(SUBSTITUTE(SUBSTITUTE(SUBSTITUTE(SUBSTITUTE(SUBSTITUTE(SUBSTITUTE(SUBSTITUTE(SUBSTITUTE(SUBSTITUTE(SUBSTITUTE(SUBSTITUTE(SUBSTITUTE(SUBSTITUTE(SUBSTITUTE(SUBSTITUTE(SUBSTITUTE(SUBSTITUTE(SUBSTITUTE(SUBSTITUTE(SUBSTITUTE(SUBSTITUTE(SUBSTITUTE(SUBSTITUTE(SUBSTITUTE(SUBSTITUTE(SUBSTITUTE(SUBSTITUTE(UPPER(_xlpm.a)," ",""),"CONTROL","CTRL"),"CTL","CTRL"),"ESCAPE","ESC"),"RETURN","ENTER"),"PAGEDOWN","PGDN"),"PGDOWN","PGDN"),"PAGEUP","PGUP"),"ARROWKEYS","ARROW"),"ARROWKEY","ARROW"),"ARROWS","ARROW"),"DOWNARROW","DOWN"),"UPARROW","UP"),"LEFTARROW","LEFT"),"RIGHTARROW","RIGHT"),"ARROWDOWN","DOWN"),"ARROWUP","UP"),"ARROWLEFT","LEFT"),"ARROWRIGHT","RIGHT"),"↓","DOWN"),"↑","UP"),"←","LEFT"),"→","RIGHT"),"SPACEBAR","SPACE"),"−","-"),"MINUS","-"),"PLUS","+")=Key!$E$17:$J$17),"✔ CLEAR","✘ TRY AGAIN"))),"✘ TRY AGAIN")} | F13: {=IF(E13="Show hint",Key!$B$17,"")} | G13: {=IF(LEFT(D13,1)="✔",IF(E13="Show hint",5,10),0)} -> 0
A14: G8 | B14: Which function returns a position while ignoring case? (from F5-3 Find the Gem) | D14: {=IFERROR(_xlfn.LET(_xlpm.a,'R2 Formula Gauntlet'!$C$14,IF(TRIM(_xlpm.a&"")="","",IF(OR(SUBSTITUTE(SUBSTITUTE(SUBSTITUTE(SUBSTITUTE(SUBSTITUTE(SUBSTITUTE(SUBSTITUTE(SUBSTITUTE(SUBSTITUTE(SUBSTITUTE(SUBSTITUTE(SUBSTITUTE(SUBSTITUTE(SUBSTITUTE(SUBSTITUTE(SUBSTITUTE(SUBSTITUTE(SUBSTITUTE(SUBSTITUTE(SUBSTITUTE(SUBSTITUTE(SUBSTITUTE(SUBSTITUTE(SUBSTITUTE(SUBSTITUTE(SUBSTITUTE(SUBSTITUTE(UPPER(_xlpm.a)," ",""),"CONTROL","CTRL"),"CTL","CTRL"),"ESCAPE","ESC"),"RETURN","ENTER"),"PAGEDOWN","PGDN"),"PGDOWN","PGDN"),"PAGEUP","PGUP"),"ARROWKEYS","ARROW"),"ARROWKEY","ARROW"),"ARROWS","ARROW"),"DOWNARROW","DOWN"),"UPARROW","UP"),"LEFTARROW","LEFT"),"RIGHTARROW","RIGHT"),"ARROWDOWN","DOWN"),"ARROWUP","UP"),"ARROWLEFT","LEFT"),"ARROWRIGHT","RIGHT"),"↓","DOWN"),"↑","UP"),"←","LEFT"),"→","RIGHT"),"SPACEBAR","SPACE"),"−","-"),"MINUS","-"),"PLUS","+")=Key!$E$18:$J$18),"✔ CLEAR","✘ TRY AGAIN"))),"✘ TRY AGAIN")} | F14: {=IF(E14="Show hint",Key!$B$18,"")} | G14: {=IF(LEFT(D14,1)="✔",IF(E14="Show hint",5,10),0)} -> 0
A15: G9 | B15: Which function supplies the cut position inside =LEFT(A2, ____("@",A2)-1)? (from F5-3 Find the Gem) | D15: {=IFERROR(_xlfn.LET(_xlpm.a,'R2 Formula Gauntlet'!$C$15,IF(TRIM(_xlpm.a&"")="","",IF(OR(SUBSTITUTE(SUBSTITUTE(SUBSTITUTE(SUBSTITUTE(SUBSTITUTE(SUBSTITUTE(SUBSTITUTE(SUBSTITUTE(SUBSTITUTE(SUBSTITUTE(SUBSTITUTE(SUBSTITUTE(SUBSTITUTE(SUBSTITUTE(SUBSTITUTE(SUBSTITUTE(SUBSTITUTE(SUBSTITUTE(SUBSTITUTE(SUBSTITUTE(SUBSTITUTE(SUBSTITUTE(SUBSTITUTE(SUBSTITUTE(SUBSTITUTE(SUBSTITUTE(SUBSTITUTE(UPPER(_xlpm.a)," ",""),"CONTROL","CTRL"),"CTL","CTRL"),"ESCAPE","ESC"),"RETURN","ENTER"),"PAGEDOWN","PGDN"),"PGDOWN","PGDN"),"PAGEUP","PGUP"),"ARROWKEYS","ARROW"),"ARROWKEY","ARROW"),"ARROWS","ARROW"),"DOWNARROW","DOWN"),"UPARROW","UP"),"LEFTARROW","LEFT"),"RIGHTARROW","RIGHT"),"ARROWDOWN","DOWN"),"ARROWUP","UP"),"ARROWLEFT","LEFT"),"ARROWRIGHT","RIGHT"),"↓","DOWN"),"↑","UP"),"←","LEFT"),"→","RIGHT"),"SPACEBAR","SPACE"),"−","-"),"MINUS","-"),"PLUS","+")=Key!$E$19:$E$19),"✔ CLEAR","✘ TRY AGAIN"))),"✘ TRY AGAIN")} | F15: {=IF(E15="Show hint",Key!$B$19,"")} | G15: {=IF(LEFT(D15,1)="✔",IF(E15="Show hint",5,10),0)} -> 0
A16: G10 | B16: Which function joins a range of text with a delimiter? (from F5-4 Assemble) | D16: {=IFERROR(_xlfn.LET(_xlpm.a,'R2 Formula Gauntlet'!$C$16,IF(TRIM(_xlpm.a&"")="","",IF(OR(SUBSTITUTE(SUBSTITUTE(SUBSTITUTE(SUBSTITUTE(SUBSTITUTE(SUBSTITUTE(SUBSTITUTE(SUBSTITUTE(SUBSTITUTE(SUBSTITUTE(SUBSTITUTE(SUBSTITUTE(SUBSTITUTE(SUBSTITUTE(SUBSTITUTE(SUBSTITUTE(SUBSTITUTE(SUBSTITUTE(SUBSTITUTE(SUBSTITUTE(SUBSTITUTE(SUBSTITUTE(SUBSTITUTE(SUBSTITUTE(SUBSTITUTE(SUBSTITUTE(SUBSTITUTE(UPPER(_xlpm.a)," ",""),"CONTROL","CTRL"),"CTL","CTRL"),"ESCAPE","ESC"),"RETURN","ENTER"),"PAGEDOWN","PGDN"),"PGDOWN","PGDN"),"PAGEUP","PGUP"),"ARROWKEYS","ARROW"),"ARROWKEY","ARROW"),"ARROWS","ARROW"),"DOWNARROW","DOWN"),"UPARROW","UP"),"LEFTARROW","LEFT"),"RIGHTARROW","RIGHT"),"ARROWDOWN","DOWN"),"ARROWUP","UP"),"ARROWLEFT","LEFT"),"ARROWRIGHT","RIGHT"),"↓","DOWN"),"↑","UP"),"←","LEFT"),"→","RIGHT"),"SPACEBAR","SPACE"),"−","-"),"MINUS","-"),"PLUS","+")=Key!$E$20:$J$20),"✔ CLEAR","✘ TRY AGAIN"))),"✘ TRY AGAIN")} | F16: {=IF(E16="Show hint",Key!$B$20,"")} | G16: {=IF(LEFT(D16,1)="✔",IF(E16="Show hint",5,10),0)} -> 0
A17: G11 | B17: Which function turns a number or date into formatted text? (from F5-4 Assemble) | D17: {=IFERROR(_xlfn.LET(_xlpm.a,'R2 Formula Gauntlet'!$C$17,IF(TRIM(_xlpm.a&"")="","",IF(OR(SUBSTITUTE(SUBSTITUTE(SUBSTITUTE(SUBSTITUTE(SUBSTITUTE(SUBSTITUTE(SUBSTITUTE(SUBSTITUTE(SUBSTITUTE(SUBSTITUTE(SUBSTITUTE(SUBSTITUTE(SUBSTITUTE(SUBSTITUTE(SUBSTITUTE(SUBSTITUTE(SUBSTITUTE(SUBSTITUTE(SUBSTITUTE(SUBSTITUTE(SUBSTITUTE(SUBSTITUTE(SUBSTITUTE(SUBSTITUTE(SUBSTITUTE(SUBSTITUTE(SUBSTITUTE(UPPER(_xlpm.a)," ",""),"CONTROL","CTRL"),"CTL","CTRL"),"ESCAPE","ESC"),"RETURN","ENTER"),"PAGEDOWN","PGDN"),"PGDOWN","PGDN"),"PAGEUP","PGUP"),"ARROWKEYS","ARROW"),"ARROWKEY","ARROW"),"ARROWS","ARROW"),"DOWNARROW","DOWN"),"UPARROW","UP"),"LEFTARROW","LEFT"),"RIGHTARROW","RIGHT"),"ARROWDOWN","DOWN"),"ARROWUP","UP"),"ARROWLEFT","LEFT"),"ARROWRIGHT","RIGHT"),"↓","DOWN"),"↑","UP"),"←","LEFT"),"→","RIGHT"),"SPACEBAR","SPACE"),"−","-"),"MINUS","-"),"PLUS","+")=Key!$E$21:$J$21),"✔ CLEAR","✘ TRY AGAIN"))),"✘ TRY AGAIN")} | F17: {=IF(E17="Show hint",Key!$B$21,"")} | G17: {=IF(LEFT(D17,1)="✔",IF(E17="Show hint",5,10),0)} -> 0
A18: G12 | B18: Which function turns text that looks like a number into a number? (from F5-4 Assemble) | D18: {=IFERROR(_xlfn.LET(_xlpm.a,'R2 Formula Gauntlet'!$C$18,IF(TRIM(_xlpm.a&"")="","",IF(OR(SUBSTITUTE(SUBSTITUTE(SUBSTITUTE(SUBSTITUTE(SUBSTITUTE(SUBSTITUTE(SUBSTITUTE(SUBSTITUTE(SUBSTITUTE(SUBSTITUTE(SUBSTITUTE(SUBSTITUTE(SUBSTITUTE(SUBSTITUTE(SUBSTITUTE(SUBSTITUTE(SUBSTITUTE(SUBSTITUTE(SUBSTITUTE(SUBSTITUTE(SUBSTITUTE(SUBSTITUTE(SUBSTITUTE(SUBSTITUTE(SUBSTITUTE(SUBSTITUTE(SUBSTITUTE(UPPER(_xlpm.a)," ",""),"CONTROL","CTRL"),"CTL","CTRL"),"ESCAPE","ESC"),"RETURN","ENTER"),"PAGEDOWN","PGDN"),"PGDOWN","PGDN"),"PAGEUP","PGUP"),"ARROWKEYS","ARROW"),"ARROWKEY","ARROW"),"ARROWS","ARROW"),"DOWNARROW","DOWN"),"UPARROW","UP"),"LEFTARROW","LEFT"),"RIGHTARROW","RIGHT"),"ARROWDOWN","DOWN"),"ARROWUP","UP"),"ARROWLEFT","LEFT"),"ARROWRIGHT","RIGHT"),"↓","DOWN"),"↑","UP"),"←","LEFT"),"→","RIGHT"),"SPACEBAR","SPACE"),"−","-"),"MINUS","-"),"PLUS","+")=Key!$E$22:$J$22),"✔ CLEAR","✘ TRY AGAIN"))),"✘ TRY AGAIN")} | F18: {=IF(E18="Show hint",Key!$B$22,"")} | G18: {=IF(LEFT(D18,1)="✔",IF(E18="Show hint",5,10),0)} -> 0
A19: G13 | B19: Which function returns today's date? (from F6-1 Calendar) | D19: {=IFERROR(_xlfn.LET(_xlpm.a,'R2 Formula Gauntlet'!$C$19,IF(TRIM(_xlpm.a&"")="","",IF(OR(SUBSTITUTE(SUBSTITUTE(SUBSTITUTE(SUBSTITUTE(SUBSTITUTE(SUBSTITUTE(SUBSTITUTE(SUBSTITUTE(SUBSTITUTE(SUBSTITUTE(SUBSTITUTE(SUBSTITUTE(SUBSTITUTE(SUBSTITUTE(SUBSTITUTE(SUBSTITUTE(SUBSTITUTE(SUBSTITUTE(SUBSTITUTE(SUBSTITUTE(SUBSTITUTE(SUBSTITUTE(SUBSTITUTE(SUBSTITUTE(SUBSTITUTE(SUBSTITUTE(SUBSTITUTE(UPPER(_xlpm.a)," ",""),"CONTROL","CTRL"),"CTL","CTRL"),"ESCAPE","ESC"),"RETURN","ENTER"),"PAGEDOWN","PGDN"),"PGDOWN","PGDN"),"PAGEUP","PGUP"),"ARROWKEYS","ARROW"),"ARROWKEY","ARROW"),"ARROWS","ARROW"),"DOWNARROW","DOWN"),"UPARROW","UP"),"LEFTARROW","LEFT"),"RIGHTARROW","RIGHT"),"ARROWDOWN","DOWN"),"ARROWUP","UP"),"ARROWLEFT","LEFT"),"ARROWRIGHT","RIGHT"),"↓","DOWN"),"↑","UP"),"←","LEFT"),"→","RIGHT"),"SPACEBAR","SPACE"),"−","-"),"MINUS","-"),"PLUS","+")=Key!$E$23:$J$23),"✔ CLEAR","✘ TRY AGAIN"))),"✘ TRY AGAIN")} | F19: {=IF(E19="Show hint",Key!$B$23,"")} | G19: {=IF(LEFT(D19,1)="✔",IF(E19="Show hint",5,10),0)} -> 0
A20: G14 | B20: Which function returns the current date and time? (from F6-1 Calendar) | D20: {=IFERROR(_xlfn.LET(_xlpm.a,'R2 Formula Gauntlet'!$C$20,IF(TRIM(_xlpm.a&"")="","",IF(OR(SUBSTITUTE(SUBSTITUTE(SUBSTITUTE(SUBSTITUTE(SUBSTITUTE(SUBSTITUTE(SUBSTITUTE(SUBSTITUTE(SUBSTITUTE(SUBSTITUTE(SUBSTITUTE(SUBSTITUTE(SUBSTITUTE(SUBSTITUTE(SUBSTITUTE(SUBSTITUTE(SUBSTITUTE(SUBSTITUTE(SUBSTITUTE(SUBSTITUTE(SUBSTITUTE(SUBSTITUTE(SUBSTITUTE(SUBSTITUTE(SUBSTITUTE(SUBSTITUTE(SUBSTITUTE(UPPER(_xlpm.a)," ",""),"CONTROL","CTRL"),"CTL","CTRL"),"ESCAPE","ESC"),"RETURN","ENTER"),"PAGEDOWN","PGDN"),"PGDOWN","PGDN"),"PAGEUP","PGUP"),"ARROWKEYS","ARROW"),"ARROWKEY","ARROW"),"ARROWS","ARROW"),"DOWNARROW","DOWN"),"UPARROW","UP"),"LEFTARROW","LEFT"),"RIGHTARROW","RIGHT"),"ARROWDOWN","DOWN"),"ARROWUP","UP"),"ARROWLEFT","LEFT"),"ARROWRIGHT","RIGHT"),"↓","DOWN"),"↑","UP"),"←","LEFT"),"→","RIGHT"),"SPACEBAR","SPACE"),"−","-"),"MINUS","-"),"PLUS","+")=Key!$E$24:$J$24),"✔ CLEAR","✘ TRY AGAIN"))),"✘ TRY AGAIN")} | F20: {=IF(E20="Show hint",Key!$B$24,"")} | G20: {=IF(LEFT(D20,1)="✔",IF(E20="Show hint",5,10),0)} -> 0
A21: G15 | B21: Which function builds a date from a year, month and day? (from F6-1 Calendar) | D21: {=IFERROR(_xlfn.LET(_xlpm.a,'R2 Formula Gauntlet'!$C$21,IF(TRIM(_xlpm.a&"")="","",IF(OR(SUBSTITUTE(SUBSTITUTE(SUBSTITUTE(SUBSTITUTE(SUBSTITUTE(SUBSTITUTE(SUBSTITUTE(SUBSTITUTE(SUBSTITUTE(SUBSTITUTE(SUBSTITUTE(SUBSTITUTE(SUBSTITUTE(SUBSTITUTE(SUBSTITUTE(SUBSTITUTE(SUBSTITUTE(SUBSTITUTE(SUBSTITUTE(SUBSTITUTE(SUBSTITUTE(SUBSTITUTE(SUBSTITUTE(SUBSTITUTE(SUBSTITUTE(SUBSTITUTE(SUBSTITUTE(UPPER(_xlpm.a)," ",""),"CONTROL","CTRL"),"CTL","CTRL"),"ESCAPE","ESC"),"RETURN","ENTER"),"PAGEDOWN","PGDN"),"PGDOWN","PGDN"),"PAGEUP","PGUP"),"ARROWKEYS","ARROW"),"ARROWKEY","ARROW"),"ARROWS","ARROW"),"DOWNARROW","DOWN"),"UPARROW","UP"),"LEFTARROW","LEFT"),"RIGHTARROW","RIGHT"),"ARROWDOWN","DOWN"),"ARROWUP","UP"),"ARROWLEFT","LEFT"),"ARROWRIGHT","RIGHT"),"↓","DOWN"),"↑","UP"),"←","LEFT"),"→","RIGHT"),"SPACEBAR","SPACE"),"−","-"),"MINUS","-"),"PLUS","+")=Key!$E$25:$J$25),"✔ CLEAR","✘ TRY AGAIN"))),"✘ TRY AGAIN")} | F21: {=IF(E21="Show hint",Key!$B$25,"")} | G21: {=IF(LEFT(D21,1)="✔",IF(E21="Show hint",5,10),0)} -> 0
A22: G16 | B22: Which function returns the year of a date? (from F6-1 Calendar) | D22: {=IFERROR(_xlfn.LET(_xlpm.a,'R2 Formula Gauntlet'!$C$22,IF(TRIM(_xlpm.a&"")="","",IF(OR(SUBSTITUTE(SUBSTITUTE(SUBSTITUTE(SUBSTITUTE(SUBSTITUTE(SUBSTITUTE(SUBSTITUTE(SUBSTITUTE(SUBSTITUTE(SUBSTITUTE(SUBSTITUTE(SUBSTITUTE(SUBSTITUTE(SUBSTITUTE(SUBSTITUTE(SUBSTITUTE(SUBSTITUTE(SUBSTITUTE(SUBSTITUTE(SUBSTITUTE(SUBSTITUTE(SUBSTITUTE(SUBSTITUTE(SUBSTITUTE(SUBSTITUTE(SUBSTITUTE(SUBSTITUTE(UPPER(_xlpm.a)," ",""),"CONTROL","CTRL"),"CTL","CTRL"),"ESCAPE","ESC"),"RETURN","ENTER"),"PAGEDOWN","PGDN"),"PGDOWN","PGDN"),"PAGEUP","PGUP"),"ARROWKEYS","ARROW"),"ARROWKEY","ARROW"),"ARROWS","ARROW"),"DOWNARROW","DOWN"),"UPARROW","UP"),"LEFTARROW","LEFT"),"RIGHTARROW","RIGHT"),"ARROWDOWN","DOWN"),"ARROWUP","UP"),"ARROWLEFT","LEFT"),"ARROWRIGHT","RIGHT"),"↓","DOWN"),"↑","UP"),"←","LEFT"),"→","RIGHT"),"SPACEBAR","SPACE"),"−","-"),"MINUS","-"),"PLUS","+")=Key!$E$26:$J$26),"✔ CLEAR","✘ TRY AGAIN"))),"✘ TRY AGAIN")} | F22: {=IF(E22="Show hint",Key!$B$26,"")} | G22: {=IF(LEFT(D22,1)="✔",IF(E22="Show hint",5,10),0)} -> 0
A23: G17 | B23: Which function returns the month number of a date? (from F6-1 Calendar) | D23: {=IFERROR(_xlfn.LET(_xlpm.a,'R2 Formula Gauntlet'!$C$23,IF(TRIM(_xlpm.a&"")="","",IF(OR(SUBSTITUTE(SUBSTITUTE(SUBSTITUTE(SUBSTITUTE(SUBSTITUTE(SUBSTITUTE(SUBSTITUTE(SUBSTITUTE(SUBSTITUTE(SUBSTITUTE(SUBSTITUTE(SUBSTITUTE(SUBSTITUTE(SUBSTITUTE(SUBSTITUTE(SUBSTITUTE(SUBSTITUTE(SUBSTITUTE(SUBSTITUTE(SUBSTITUTE(SUBSTITUTE(SUBSTITUTE(SUBSTITUTE(SUBSTITUTE(SUBSTITUTE(SUBSTITUTE(SUBSTITUTE(UPPER(_xlpm.a)," ",""),"CONTROL","CTRL"),"CTL","CTRL"),"ESCAPE","ESC"),"RETURN","ENTER"),"PAGEDOWN","PGDN"),"PGDOWN","PGDN"),"PAGEUP","PGUP"),"ARROWKEYS","ARROW"),"ARROWKEY","ARROW"),"ARROWS","ARROW"),"DOWNARROW","DOWN"),"UPARROW","UP"),"LEFTARROW","LEFT"),"RIGHTARROW","RIGHT"),"ARROWDOWN","DOWN"),"ARROWUP","UP"),"ARROWLEFT","LEFT"),"ARROWRIGHT","RIGHT"),"↓","DOWN"),"↑","UP"),"←","LEFT"),"→","RIGHT"),"SPACEBAR","SPACE"),"−","-"),"MINUS","-"),"PLUS","+")=Key!$E$27:$J$27),"✔ CLEAR","✘ TRY AGAIN"))),"✘ TRY AGAIN")} | F23: {=IF(E23="Show hint",Key!$B$27,"")} | G23: {=IF(LEFT(D23,1)="✔",IF(E23="Show hint",5,10),0)} -> 0
A24: G18 | B24: Which function returns the day of the month? (from F6-1 Calendar) | D24: {=IFERROR(_xlfn.LET(_xlpm.a,'R2 Formula Gauntlet'!$C$24,IF(TRIM(_xlpm.a&"")="","",IF(OR(SUBSTITUTE(SUBSTITUTE(SUBSTITUTE(SUBSTITUTE(SUBSTITUTE(SUBSTITUTE(SUBSTITUTE(SUBSTITUTE(SUBSTITUTE(SUBSTITUTE(SUBSTITUTE(SUBSTITUTE(SUBSTITUTE(SUBSTITUTE(SUBSTITUTE(SUBSTITUTE(SUBSTITUTE(SUBSTITUTE(SUBSTITUTE(SUBSTITUTE(SUBSTITUTE(SUBSTITUTE(SUBSTITUTE(SUBSTITUTE(SUBSTITUTE(SUBSTITUTE(SUBSTITUTE(UPPER(_xlpm.a)," ",""),"CONTROL","CTRL"),"CTL","CTRL"),"ESCAPE","ESC"),"RETURN","ENTER"),"PAGEDOWN","PGDN"),"PGDOWN","PGDN"),"PAGEUP","PGUP"),"ARROWKEYS","ARROW"),"ARROWKEY","ARROW"),"ARROWS","ARROW"),"DOWNARROW","DOWN"),"UPARROW","UP"),"LEFTARROW","LEFT"),"RIGHTARROW","RIGHT"),"ARROWDOWN","DOWN"),"ARROWUP","UP"),"ARROWLEFT","LEFT"),"ARROWRIGHT","RIGHT"),"↓","DOWN"),"↑","UP"),"←","LEFT"),"→","RIGHT"),"SPACEBAR","SPACE"),"−","-"),"MINUS","-"),"PLUS","+")=Key!$E$28:$J$28),"✔ CLEAR","✘ TRY AGAIN"))),"✘ TRY AGAIN")} | F24: {=IF(E24="Show hint",Key!$B$28,"")} | G24: {=IF(LEFT(D24,1)="✔",IF(E24="Show hint",5,10),0)} -> 0
A25: G19 | B25: Which function returns the day of the week as a number? (from F6-1 Calendar) | D25: {=IFERROR(_xlfn.LET(_xlpm.a,'R2 Formula Gauntlet'!$C$25,IF(TRIM(_xlpm.a&"")="","",IF(OR(SUBSTITUTE(SUBSTITUTE(SUBSTITUTE(SUBSTITUTE(SUBSTITUTE(SUBSTITUTE(SUBSTITUTE(SUBSTITUTE(SUBSTITUTE(SUBSTITUTE(SUBSTITUTE(SUBSTITUTE(SUBSTITUTE(SUBSTITUTE(SUBSTITUTE(SUBSTITUTE(SUBSTITUTE(SUBSTITUTE(SUBSTITUTE(SUBSTITUTE(SUBSTITUTE(SUBSTITUTE(SUBSTITUTE(SUBSTITUTE(SUBSTITUTE(SUBSTITUTE(SUBSTITUTE(UPPER(_xlpm.a)," ",""),"CONTROL","CTRL"),"CTL","CTRL"),"ESCAPE","ESC"),"RETURN","ENTER"),"PAGEDOWN","PGDN"),"PGDOWN","PGDN"),"PAGEUP","PGUP"),"ARROWKEYS","ARROW"),"ARROWKEY","ARROW"),"ARROWS","ARROW"),"DOWNARROW","DOWN"),"UPARROW","UP"),"LEFTARROW","LEFT"),"RIGHTARROW","RIGHT"),"ARROWDOWN","DOWN"),"ARROWUP","UP"),"ARROWLEFT","LEFT"),"ARROWRIGHT","RIGHT"),"↓","DOWN"),"↑","UP"),"←","LEFT"),"→","RIGHT"),"SPACEBAR","SPACE"),"−","-"),"MINUS","-"),"PLUS","+")=Key!$E$29:$J$29),"✔ CLEAR","✘ TRY AGAIN"))),"✘ TRY AGAIN")} | F25: {=IF(E25="Show hint",Key!$B$29,"")} | G25: {=IF(LEFT(D25,1)="✔",IF(E25="Show hint",5,10),0)} -> 0
A26: G20 | B26: What do you get when you subtract an earlier date from a later one (one word)? (from F6-2 Date Math) | D26: {=IFERROR(_xlfn.LET(_xlpm.a,'R2 Formula Gauntlet'!$C$26,IF(TRIM(_xlpm.a&"")="","",IF(OR(SUBSTITUTE(SUBSTITUTE(SUBSTITUTE(SUBSTITUTE(SUBSTITUTE(SUBSTITUTE(SUBSTITUTE(SUBSTITUTE(SUBSTITUTE(SUBSTITUTE(SUBSTITUTE(SUBSTITUTE(SUBSTITUTE(SUBSTITUTE(SUBSTITUTE(SUBSTITUTE(SUBSTITUTE(SUBSTITUTE(SUBSTITUTE(SUBSTITUTE(SUBSTITUTE(SUBSTITUTE(SUBSTITUTE(SUBSTITUTE(SUBSTITUTE(SUBSTITUTE(SUBSTITUTE(UPPER(_xlpm.a)," ",""),"CONTROL","CTRL"),"CTL","CTRL"),"ESCAPE","ESC"),"RETURN","ENTER"),"PAGEDOWN","PGDN"),"PGDOWN","PGDN"),"PAGEUP","PGUP"),"ARROWKEYS","ARROW"),"ARROWKEY","ARROW"),"ARROWS","ARROW"),"DOWNARROW","DOWN"),"UPARROW","UP"),"LEFTARROW","LEFT"),"RIGHTARROW","RIGHT"),"ARROWDOWN","DOWN"),"ARROWUP","UP"),"ARROWLEFT","LEFT"),"ARROWRIGHT","RIGHT"),"↓","DOWN"),"↑","UP"),"←","LEFT"),"→","RIGHT"),"SPACEBAR","SPACE"),"−","-"),"MINUS","-"),"PLUS","+")=Key!$E$30:$F$30),"✔ CLEAR","✘ TRY AGAIN"))),"✘ TRY AGAIN")} | F26: {=IF(E26="Show hint",Key!$B$30,"")} | G26: {=IF(LEFT(D26,1)="✔",IF(E26="Show hint",5,10),0)} -> 0
A27: G21 | B27: Type the formula for the date 30 days after the date in B6. (from F6-2 Date Math) | D27: {=IFERROR(_xlfn.LET(_xlpm.a,'R2 Formula Gauntlet'!$C$27,IF(TRIM(_xlpm.a&"")="","",IF(OR(SUBSTITUTE(SUBSTITUTE(SUBSTITUTE(SUBSTITUTE(SUBSTITUTE(SUBSTITUTE(SUBSTITUTE(SUBSTITUTE(SUBSTITUTE(SUBSTITUTE(SUBSTITUTE(SUBSTITUTE(SUBSTITUTE(SUBSTITUTE(SUBSTITUTE(SUBSTITUTE(SUBSTITUTE(SUBSTITUTE(SUBSTITUTE(SUBSTITUTE(SUBSTITUTE(SUBSTITUTE(SUBSTITUTE(SUBSTITUTE(SUBSTITUTE(SUBSTITUTE(SUBSTITUTE(UPPER(_xlpm.a)," ",""),"CONTROL","CTRL"),"CTL","CTRL"),"ESCAPE","ESC"),"RETURN","ENTER"),"PAGEDOWN","PGDN"),"PGDOWN","PGDN"),"PAGEUP","PGUP"),"ARROWKEYS","ARROW"),"ARROWKEY","ARROW"),"ARROWS","ARROW"),"DOWNARROW","DOWN"),"UPARROW","UP"),"LEFTARROW","LEFT"),"RIGHTARROW","RIGHT"),"ARROWDOWN","DOWN"),"ARROWUP","UP"),"ARROWLEFT","LEFT"),"ARROWRIGHT","RIGHT"),"↓","DOWN"),"↑","UP"),"←","LEFT"),"→","RIGHT"),"SPACEBAR","SPACE"),"−","-"),"MINUS","-"),"PLUS","+")=Key!$E$31:$H$31),"✔ CLEAR","✘ TRY AGAIN"))),"✘ TRY AGAIN")} | F27: {=IF(E27="Show hint",Key!$B$31,"")} | G27: {=IF(LEFT(D27,1)="✔",IF(E27="Show hint",5,10),0)} -> 0
A28: G22 | B28: Which function counts full years or months between two dates? (from F6-2 Date Math) | D28: {=IFERROR(_xlfn.LET(_xlpm.a,'R2 Formula Gauntlet'!$C$28,IF(TRIM(_xlpm.a&"")="","",IF(OR(SUBSTITUTE(SUBSTITUTE(SUBSTITUTE(SUBSTITUTE(SUBSTITUTE(SUBSTITUTE(SUBSTITUTE(SUBSTITUTE(SUBSTITUTE(SUBSTITUTE(SUBSTITUTE(SUBSTITUTE(SUBSTITUTE(SUBSTITUTE(SUBSTITUTE(SUBSTITUTE(SUBSTITUTE(SUBSTITUTE(SUBSTITUTE(SUBSTITUTE(SUBSTITUTE(SUBSTITUTE(SUBSTITUTE(SUBSTITUTE(SUBSTITUTE(SUBSTITUTE(SUBSTITUTE(UPPER(_xlpm.a)," ",""),"CONTROL","CTRL"),"CTL","CTRL"),"ESCAPE","ESC"),"RETURN","ENTER"),"PAGEDOWN","PGDN"),"PGDOWN","PGDN"),"PAGEUP","PGUP"),"ARROWKEYS","ARROW"),"ARROWKEY","ARROW"),"ARROWS","ARROW"),"DOWNARROW","DOWN"),"UPARROW","UP"),"LEFTARROW","LEFT"),"RIGHTARROW","RIGHT"),"ARROWDOWN","DOWN"),"ARROWUP","UP"),"ARROWLEFT","LEFT"),"ARROWRIGHT","RIGHT"),"↓","DOWN"),"↑","UP"),"←","LEFT"),"→","RIGHT"),"SPACEBAR","SPACE"),"−","-"),"MINUS","-"),"PLUS","+")=Key!$E$32:$J$32),"✔ CLEAR","✘ TRY AGAIN"))),"✘ TRY AGAIN")} | F28: {=IF(E28="Show hint",Key!$B$32,"")} | G28: {=IF(LEFT(D28,1)="✔",IF(E28="Show hint",5,10),0)} -> 0
A29: G23 | B29: Which function moves a date forward or back by whole months? (from F6-3 Deadlines) | D29: {=IFERROR(_xlfn.LET(_xlpm.a,'R2 Formula Gauntlet'!$C$29,IF(TRIM(_xlpm.a&"")="","",IF(OR(SUBSTITUTE(SUBSTITUTE(SUBSTITUTE(SUBSTITUTE(SUBSTITUTE(SUBSTITUTE(SUBSTITUTE(SUBSTITUTE(SUBSTITUTE(SUBSTITUTE(SUBSTITUTE(SUBSTITUTE(SUBSTITUTE(SUBSTITUTE(SUBSTITUTE(SUBSTITUTE(SUBSTITUTE(SUBSTITUTE(SUBSTITUTE(SUBSTITUTE(SUBSTITUTE(SUBSTITUTE(SUBSTITUTE(SUBSTITUTE(SUBSTITUTE(SUBSTITUTE(SUBSTITUTE(UPPER(_xlpm.a)," ",""),"CONTROL","CTRL"),"CTL","CTRL"),"ESCAPE","ESC"),"RETURN","ENTER"),"PAGEDOWN","PGDN"),"PGDOWN","PGDN"),"PAGEUP","PGUP"),"ARROWKEYS","ARROW"),"ARROWKEY","ARROW"),"ARROWS","ARROW"),"DOWNARROW","DOWN"),"UPARROW","UP"),"LEFTARROW","LEFT"),"RIGHTARROW","RIGHT"),"ARROWDOWN","DOWN"),"ARROWUP","UP"),"ARROWLEFT","LEFT"),"ARROWRIGHT","RIGHT"),"↓","DOWN"),"↑","UP"),"←","LEFT"),"→","RIGHT"),"SPACEBAR","SPACE"),"−","-"),"MINUS","-"),"PLUS","+")=Key!$E$33:$J$33),"✔ CLEAR","✘ TRY AGAIN"))),"✘ TRY AGAIN")} | F29: {=IF(E29="Show hint",Key!$B$33,"")} | G29: {=IF(LEFT(D29,1)="✔",IF(E29="Show hint",5,10),0)} -> 0
A30: G24 | B30: Which function returns the last day of a month? (from F6-3 Deadlines) | D30: {=IFERROR(_xlfn.LET(_xlpm.a,'R2 Formula Gauntlet'!$C$30,IF(TRIM(_xlpm.a&"")="","",IF(OR(SUBSTITUTE(SUBSTITUTE(SUBSTITUTE(SUBSTITUTE(SUBSTITUTE(SUBSTITUTE(SUBSTITUTE(SUBSTITUTE(SUBSTITUTE(SUBSTITUTE(SUBSTITUTE(SUBSTITUTE(SUBSTITUTE(SUBSTITUTE(SUBSTITUTE(SUBSTITUTE(SUBSTITUTE(SUBSTITUTE(SUBSTITUTE(SUBSTITUTE(SUBSTITUTE(SUBSTITUTE(SUBSTITUTE(SUBSTITUTE(SUBSTITUTE(SUBSTITUTE(SUBSTITUTE(UPPER(_xlpm.a)," ",""),"CONTROL","CTRL"),"CTL","CTRL"),"ESCAPE","ESC"),"RETURN","ENTER"),"PAGEDOWN","PGDN"),"PGDOWN","PGDN"),"PAGEUP","PGUP"),"ARROWKEYS","ARROW"),"ARROWKEY","ARROW"),"ARROWS","ARROW"),"DOWNARROW","DOWN"),"UPARROW","UP"),"LEFTARROW","LEFT"),"RIGHTARROW","RIGHT"),"ARROWDOWN","DOWN"),"ARROWUP","UP"),"ARROWLEFT","LEFT"),"ARROWRIGHT","RIGHT"),"↓","DOWN"),"↑","UP"),"←","LEFT"),"→","RIGHT"),"SPACEBAR","SPACE"),"−","-"),"MINUS","-"),"PLUS","+")=Key!$E$34:$J$34),"✔ CLEAR","✘ TRY AGAIN"))),"✘ TRY AGAIN")} | F30: {=IF(E30="Show hint",Key!$B$34,"")} | G30: {=IF(LEFT(D30,1)="✔",IF(E30="Show hint",5,10),0)} -> 0
A31: G25 | B31: Which function counts the working days between two dates? (from F6-3 Deadlines) | D31: {=IFERROR(_xlfn.LET(_xlpm.a,'R2 Formula Gauntlet'!$C$31,IF(TRIM(_xlpm.a&"")="","",IF(OR(SUBSTITUTE(SUBSTITUTE(SUBSTITUTE(SUBSTITUTE(SUBSTITUTE(SUBSTITUTE(SUBSTITUTE(SUBSTITUTE(SUBSTITUTE(SUBSTITUTE(SUBSTITUTE(SUBSTITUTE(SUBSTITUTE(SUBSTITUTE(SUBSTITUTE(SUBSTITUTE(SUBSTITUTE(SUBSTITUTE(SUBSTITUTE(SUBSTITUTE(SUBSTITUTE(SUBSTITUTE(SUBSTITUTE(SUBSTITUTE(SUBSTITUTE(SUBSTITUTE(SUBSTITUTE(UPPER(_xlpm.a)," ",""),"CONTROL","CTRL"),"CTL","CTRL"),"ESCAPE","ESC"),"RETURN","ENTER"),"PAGEDOWN","PGDN"),"PGDOWN","PGDN"),"PAGEUP","PGUP"),"ARROWKEYS","ARROW"),"ARROWKEY","ARROW"),"ARROWS","ARROW"),"DOWNARROW","DOWN"),"UPARROW","UP"),"LEFTARROW","LEFT"),"RIGHTARROW","RIGHT"),"ARROWDOWN","DOWN"),"ARROWUP","UP"),"ARROWLEFT","LEFT"),"ARROWRIGHT","RIGHT"),"↓","DOWN"),"↑","UP"),"←","LEFT"),"→","RIGHT"),"SPACEBAR","SPACE"),"−","-"),"MINUS","-"),"PLUS","+")=Key!$E$35:$J$35),"✔ CLEAR","✘ TRY AGAIN"))),"✘ TRY AGAIN")} | F31: {=IF(E31="Show hint",Key!$B$35,"")} | G31: {=IF(LEFT(D31,1)="✔",IF(E31="Show hint",5,10),0)} -> 0
A32: G26 | B32: Which function returns the date a number of working days later? (from F6-3 Deadlines) | D32: {=IFERROR(_xlfn.LET(_xlpm.a,'R2 Formula Gauntlet'!$C$32,IF(TRIM(_xlpm.a&"")="","",IF(OR(SUBSTITUTE(SUBSTITUTE(SUBSTITUTE(SUBSTITUTE(SUBSTITUTE(SUBSTITUTE(SUBSTITUTE(SUBSTITUTE(SUBSTITUTE(SUBSTITUTE(SUBSTITUTE(SUBSTITUTE(SUBSTITUTE(SUBSTITUTE(SUBSTITUTE(SUBSTITUTE(SUBSTITUTE(SUBSTITUTE(SUBSTITUTE(SUBSTITUTE(SUBSTITUTE(SUBSTITUTE(SUBSTITUTE(SUBSTITUTE(SUBSTITUTE(SUBSTITUTE(SUBSTITUTE(UPPER(_xlpm.a)," ",""),"CONTROL","CTRL"),"CTL","CTRL"),"ESCAPE","ESC"),"RETURN","ENTER"),"PAGEDOWN","PGDN"),"PGDOWN","PGDN"),"PAGEUP","PGUP"),"ARROWKEYS","ARROW"),"ARROWKEY","ARROW"),"ARROWS","ARROW"),"DOWNARROW","DOWN"),"UPARROW","UP"),"LEFTARROW","LEFT"),"RIGHTARROW","RIGHT"),"ARROWDOWN","DOWN"),"ARROWUP","UP"),"ARROWLEFT","LEFT"),"ARROWRIGHT","RIGHT"),"↓","DOWN"),"↑","UP"),"←","LEFT"),"→","RIGHT"),"SPACEBAR","SPACE"),"−","-"),"MINUS","-"),"PLUS","+")=Key!$E$36:$J$36),"✔ CLEAR","✘ TRY AGAIN"))),"✘ TRY AGAIN")} | F32: {=IF(E32="Show hint",Key!$B$36,"")} | G32: {=IF(LEFT(D32,1)="✔",IF(E32="Show hint",5,10),0)} -> 0
A33: G27 | B33: What is it called when one formula's results flow into neighboring cells? (from F7-1 Spill Zone) | D33: {=IFERROR(_xlfn.LET(_xlpm.a,'R2 Formula Gauntlet'!$C$33,IF(TRIM(_xlpm.a&"")="","",IF(OR(SUBSTITUTE(SUBSTITUTE(SUBSTITUTE(SUBSTITUTE(SUBSTITUTE(SUBSTITUTE(SUBSTITUTE(SUBSTITUTE(SUBSTITUTE(SUBSTITUTE(SUBSTITUTE(SUBSTITUTE(SUBSTITUTE(SUBSTITUTE(SUBSTITUTE(SUBSTITUTE(SUBSTITUTE(SUBSTITUTE(SUBSTITUTE(SUBSTITUTE(SUBSTITUTE(SUBSTITUTE(SUBSTITUTE(SUBSTITUTE(SUBSTITUTE(SUBSTITUTE(SUBSTITUTE(UPPER(_xlpm.a)," ",""),"CONTROL","CTRL"),"CTL","CTRL"),"ESCAPE","ESC"),"RETURN","ENTER"),"PAGEDOWN","PGDN"),"PGDOWN","PGDN"),"PAGEUP","PGUP"),"ARROWKEYS","ARROW"),"ARROWKEY","ARROW"),"ARROWS","ARROW"),"DOWNARROW","DOWN"),"UPARROW","UP"),"LEFTARROW","LEFT"),"RIGHTARROW","RIGHT"),"ARROWDOWN","DOWN"),"ARROWUP","UP"),"ARROWLEFT","LEFT"),"ARROWRIGHT","RIGHT"),"↓","DOWN"),"↑","UP"),"←","LEFT"),"→","RIGHT"),"SPACEBAR","SPACE"),"−","-"),"MINUS","-"),"PLUS","+")=Key!$E$37:$G$37),"✔ CLEAR","✘ TRY AGAIN"))),"✘ TRY AGAIN")} | F33: {=IF(E33="Show hint",Key!$B$37,"")} | G33: {=IF(LEFT(D33,1)="✔",IF(E33="Show hint",5,10),0)} -> 0
A34: G28 | B34: Which error appears when a spill range is blocked? (from F7-1 Spill Zone) | D34: {=IFERROR(_xlfn.LET(_xlpm.a,'R2 Formula Gauntlet'!$C$34,IF(TRIM(_xlpm.a&"")="","",IF(OR(SUBSTITUTE(SUBSTITUTE(SUBSTITUTE(SUBSTITUTE(SUBSTITUTE(SUBSTITUTE(SUBSTITUTE(SUBSTITUTE(SUBSTITUTE(SUBSTITUTE(SUBSTITUTE(SUBSTITUTE(SUBSTITUTE(SUBSTITUTE(SUBSTITUTE(SUBSTITUTE(SUBSTITUTE(SUBSTITUTE(SUBSTITUTE(SUBSTITUTE(SUBSTITUTE(SUBSTITUTE(SUBSTITUTE(SUBSTITUTE(SUBSTITUTE(SUBSTITUTE(SUBSTITUTE(UPPER(_xlpm.a)," ",""),"CONTROL","CTRL"),"CTL","CTRL"),"ESCAPE","ESC"),"RETURN","ENTER"),"PAGEDOWN","PGDN"),"PGDOWN","PGDN"),"PAGEUP","PGUP"),"ARROWKEYS","ARROW"),"ARROWKEY","ARROW"),"ARROWS","ARROW"),"DOWNARROW","DOWN"),"UPARROW","UP"),"LEFTARROW","LEFT"),"RIGHTARROW","RIGHT"),"ARROWDOWN","DOWN"),"ARROWUP","UP"),"ARROWLEFT","LEFT"),"ARROWRIGHT","RIGHT"),"↓","DOWN"),"↑","UP"),"←","LEFT"),"→","RIGHT"),"SPACEBAR","SPACE"),"−","-"),"MINUS","-"),"PLUS","+")=Key!$E$38:$G$38),"✔ CLEAR","✘ TRY AGAIN"))),"✘ TRY AGAIN")} | F34: {=IF(E34="Show hint",Key!$B$38,"")} | G34: {=IF(LEFT(D34,1)="✔",IF(E34="Show hint",5,10),0)} -> 0
A35: G29 | B35: How do you refer to the whole spill that starts in H5? (from F7-1 Spill Zone) | D35: {=IFERROR(_xlfn.LET(_xlpm.a,'R2 Formula Gauntlet'!$C$35,IF(TRIM(_xlpm.a&"")="","",IF(OR(SUBSTITUTE(SUBSTITUTE(SUBSTITUTE(SUBSTITUTE(SUBSTITUTE(SUBSTITUTE(SUBSTITUTE(SUBSTITUTE(SUBSTITUTE(SUBSTITUTE(SUBSTITUTE(SUBSTITUTE(SUBSTITUTE(SUBSTITUTE(SUBSTITUTE(SUBSTITUTE(SUBSTITUTE(SUBSTITUTE(SUBSTITUTE(SUBSTITUTE(SUBSTITUTE(SUBSTITUTE(SUBSTITUTE(SUBSTITUTE(SUBSTITUTE(SUBSTITUTE(SUBSTITUTE(UPPER(_xlpm.a)," ",""),"CONTROL","CTRL"),"CTL","CTRL"),"ESCAPE","ESC"),"RETURN","ENTER"),"PAGEDOWN","PGDN"),"PGDOWN","PGDN"),"PAGEUP","PGUP"),"ARROWKEYS","ARROW"),"ARROWKEY","ARROW"),"ARROWS","ARROW"),"DOWNARROW","DOWN"),"UPARROW","UP"),"LEFTARROW","LEFT"),"RIGHTARROW","RIGHT"),"ARROWDOWN","DOWN"),"ARROWUP","UP"),"ARROWLEFT","LEFT"),"ARROWRIGHT","RIGHT"),"↓","DOWN"),"↑","UP"),"←","LEFT"),"→","RIGHT"),"SPACEBAR","SPACE"),"−","-"),"MINUS","-"),"PLUS","+")=Key!$E$39:$E$39),"✔ CLEAR","✘ TRY AGAIN"))),"✘ TRY AGAIN")} | F35: {=IF(E35="Show hint",Key!$B$39,"")} | G35: {=IF(LEFT(D35,1)="✔",IF(E35="Show hint",5,10),0)} -> 0
A36: G30 | B36: Which function spills a list of sequential numbers? (from F7-1 Spill Zone) | D36: {=IFERROR(_xlfn.LET(_xlpm.a,'R2 Formula Gauntlet'!$C$36,IF(TRIM(_xlpm.a&"")="","",IF(OR(SUBSTITUTE(SUBSTITUTE(SUBSTITUTE(SUBSTITUTE(SUBSTITUTE(SUBSTITUTE(SUBSTITUTE(SUBSTITUTE(SUBSTITUTE(SUBSTITUTE(SUBSTITUTE(SUBSTITUTE(SUBSTITUTE(SUBSTITUTE(SUBSTITUTE(SUBSTITUTE(SUBSTITUTE(SUBSTITUTE(SUBSTITUTE(SUBSTITUTE(SUBSTITUTE(SUBSTITUTE(SUBSTITUTE(SUBSTITUTE(SUBSTITUTE(SUBSTITUTE(SUBSTITUTE(UPPER(_xlpm.a)," ",""),"CONTROL","CTRL"),"CTL","CTRL"),"ESCAPE","ESC"),"RETURN","ENTER"),"PAGEDOWN","PGDN"),"PGDOWN","PGDN"),"PAGEUP","PGUP"),"ARROWKEYS","ARROW"),"ARROWKEY","ARROW"),"ARROWS","ARROW"),"DOWNARROW","DOWN"),"UPARROW","UP"),"LEFTARROW","LEFT"),"RIGHTARROW","RIGHT"),"ARROWDOWN","DOWN"),"ARROWUP","UP"),"ARROWLEFT","LEFT"),"ARROWRIGHT","RIGHT"),"↓","DOWN"),"↑","UP"),"←","LEFT"),"→","RIGHT"),"SPACEBAR","SPACE"),"−","-"),"MINUS","-"),"PLUS","+")=Key!$E$40:$J$40),"✔ CLEAR","✘ TRY AGAIN"))),"✘ TRY AGAIN")} | F36: {=IF(E36="Show hint",Key!$B$40,"")} | G36: {=IF(LEFT(D36,1)="✔",IF(E36="Show hint",5,10),0)} -> 0
A37: G31 | B37: Which function returns only the rows that meet a condition? (from F7-2 Sifter) | D37: {=IFERROR(_xlfn.LET(_xlpm.a,'R2 Formula Gauntlet'!$C$37,IF(TRIM(_xlpm.a&"")="","",IF(OR(SUBSTITUTE(SUBSTITUTE(SUBSTITUTE(SUBSTITUTE(SUBSTITUTE(SUBSTITUTE(SUBSTITUTE(SUBSTITUTE(SUBSTITUTE(SUBSTITUTE(SUBSTITUTE(SUBSTITUTE(SUBSTITUTE(SUBSTITUTE(SUBSTITUTE(SUBSTITUTE(SUBSTITUTE(SUBSTITUTE(SUBSTITUTE(SUBSTITUTE(SUBSTITUTE(SUBSTITUTE(SUBSTITUTE(SUBSTITUTE(SUBSTITUTE(SUBSTITUTE(SUBSTITUTE(UPPER(_xlpm.a)," ",""),"CONTROL","CTRL"),"CTL","CTRL"),"ESCAPE","ESC"),"RETURN","ENTER"),"PAGEDOWN","PGDN"),"PGDOWN","PGDN"),"PAGEUP","PGUP"),"ARROWKEYS","ARROW"),"ARROWKEY","ARROW"),"ARROWS","ARROW"),"DOWNARROW","DOWN"),"UPARROW","UP"),"LEFTARROW","LEFT"),"RIGHTARROW","RIGHT"),"ARROWDOWN","DOWN"),"ARROWUP","UP"),"ARROWLEFT","LEFT"),"ARROWRIGHT","RIGHT"),"↓","DOWN"),"↑","UP"),"←","LEFT"),"→","RIGHT"),"SPACEBAR","SPACE"),"−","-"),"MINUS","-"),"PLUS","+")=Key!$E$41:$J$41),"✔ CLEAR","✘ TRY AGAIN"))),"✘ TRY AGAIN")} | F37: {=IF(E37="Show hint",Key!$B$41,"")} | G37: {=IF(LEFT(D37,1)="✔",IF(E37="Show hint",5,10),0)} -> 0
A38: G32 | B38: In FILTER, which operator joins two conditions so BOTH must be true? (from F7-2 Sifter) | D38: {=IFERROR(_xlfn.LET(_xlpm.a,'R2 Formula Gauntlet'!$C$38,IF(TRIM(_xlpm.a&"")="","",IF(OR(SUBSTITUTE(SUBSTITUTE(SUBSTITUTE(SUBSTITUTE(SUBSTITUTE(SUBSTITUTE(SUBSTITUTE(SUBSTITUTE(SUBSTITUTE(SUBSTITUTE(SUBSTITUTE(SUBSTITUTE(SUBSTITUTE(SUBSTITUTE(SUBSTITUTE(SUBSTITUTE(SUBSTITUTE(SUBSTITUTE(SUBSTITUTE(SUBSTITUTE(SUBSTITUTE(SUBSTITUTE(SUBSTITUTE(SUBSTITUTE(SUBSTITUTE(SUBSTITUTE(SUBSTITUTE(UPPER(_xlpm.a)," ",""),"CONTROL","CTRL"),"CTL","CTRL"),"ESCAPE","ESC"),"RETURN","ENTER"),"PAGEDOWN","PGDN"),"PGDOWN","PGDN"),"PAGEUP","PGUP"),"ARROWKEYS","ARROW"),"ARROWKEY","ARROW"),"ARROWS","ARROW"),"DOWNARROW","DOWN"),"UPARROW","UP"),"LEFTARROW","LEFT"),"RIGHTARROW","RIGHT"),"ARROWDOWN","DOWN"),"ARROWUP","UP"),"ARROWLEFT","LEFT"),"ARROWRIGHT","RIGHT"),"↓","DOWN"),"↑","UP"),"←","LEFT"),"→","RIGHT"),"SPACEBAR","SPACE"),"−","-"),"MINUS","-"),"PLUS","+")=Key!$E$42:$F$42),"✔ CLEAR","✘ TRY AGAIN"))),"✘ TRY AGAIN")} | F38: {=IF(E38="Show hint",Key!$B$42,"")} | G38: {=IF(LEFT(D38,1)="✔",IF(E38="Show hint",5,10),0)} -> 0
A40: MISSIONS
B41: ▶ Open R2 Arena (or press Ctrl+PgDn)
A42: # | B42: Mission | C42: Your answer | D42: Result | E42: Hint? | F42: Hint | G42: XP
A43: M1 | B43: In O6 add the Revenue of West orders for Gadget. | C43: ▶ ARENA M1 (cell O6) | D43: {=IF(ISBLANK('R2 Arena'!$O$6),"",IF(NOT(_xlfn.ISFORMULA('R2 Arena'!$O$6)),"✘ That's a typed value · enter a formula",IF(ISERROR('R2 Arena'!$O$6),"✘ Your formula returns "&IFERROR(CHOOSE(ERROR.TYPE('R2 Arena'!$O$6),"#NULL!","#DIV/0!","#VALUE!","#REF!","#NAME?","#NUM!","#N/A","#GETTING_DATA","#SPILL!","#CONNECT!","#BLOCKED!","#UNKNOWN!","#FIELD!","#CALC!"),"an error"),IF(NOT(AND(IFERROR(AND(ISNUMBER('R2 Arena'!$O$6),ABS('R2 Arena'!$O$6-Key!$C$43)<=1E-9*MAX(1,ABS(Key!$C$43))),FALSE))),"✘ TRY AGAIN",IF(AND(OR(ISNUMBER(FIND({"=","(",",","+","-","*","/","&"," ","<",">",":","@","^"}&"SUMIFS"&"(",UPPER(_xlfn.FORMULATEXT('R2 Arena'!$O$6)))))),"✔ CLEAR","✘ CLOSE · right value, but use SUMIFS")))))} | F43: {=IF(E43="Show hint",Key!$B$43,"")} | G43: {=IF(LEFT(D43,1)="✔",IF(E43="Show hint",5,10),0)} -> 0
A44: M2 | B44: In O7 count the North orders with at least 50 units. | C44: ▶ ARENA M2 (cell O7) | D44: {=IF(ISBLANK('R2 Arena'!$O$7),"",IF(NOT(_xlfn.ISFORMULA('R2 Arena'!$O$7)),"✘ That's a typed value · enter a formula",IF(ISERROR('R2 Arena'!$O$7),"✘ Your formula returns "&IFERROR(CHOOSE(ERROR.TYPE('R2 Arena'!$O$7),"#NULL!","#DIV/0!","#VALUE!","#REF!","#NAME?","#NUM!","#N/A","#GETTING_DATA","#SPILL!","#CONNECT!","#BLOCKED!","#UNKNOWN!","#FIELD!","#CALC!"),"an error"),IF(NOT(AND(IFERROR(AND(ISNUMBER('R2 Arena'!$O$7),ABS('R2 Arena'!$O$7-Key!$C$44)<=1E-9*MAX(1,ABS(Key!$C$44))),FALSE))),"✘ TRY AGAIN",IF(AND(OR(ISNUMBER(FIND({"=","(",",","+","-","*","/","&"," ","<",">",":","@","^"}&"COUNTIFS"&"(",UPPER(_xlfn.FORMULATEXT('R2 Arena'!$O$7)))))),"✔ CLEAR","✘ CLOSE · right value, but use COUNTIFS")))))} | F44: {=IF(E44="Show hint",Key!$B$44,"")} | G44: {=IF(LEFT(D44,1)="✔",IF(E44="Show hint",5,10),0)} -> 0
A45: M3 | B45: In O8 return the Manager of "South" from the table in K5:L9 with XLOOKUP. | C45: ▶ ARENA M3 (cell O8) | D45: {=IF(ISBLANK('R2 Arena'!$O$8),"",IF(NOT(_xlfn.ISFORMULA('R2 Arena'!$O$8)),"✘ That's a typed value · enter a formula",IF(ISERROR('R2 Arena'!$O$8),"✘ Your formula returns "&IFERROR(CHOOSE(ERROR.TYPE('R2 Arena'!$O$8),"#NULL!","#DIV/0!","#VALUE!","#REF!","#NAME?","#NUM!","#N/A","#GETTING_DATA","#SPILL!","#CONNECT!","#BLOCKED!","#UNKNOWN!","#FIELD!","#CALC!"),"an error"),IF(NOT(AND(IFERROR(AND(ISTEXT('R2 Arena'!$O$8),'R2 Arena'!$O$8=Key!$C$45),FALSE))),"✘ TRY AGAIN",IF(AND(OR(ISNUMBER(FIND({"=","(",",","+","-","*","/","&"," ","<",">",":","@","^"}&"XLOOKUP"&"(",UPPER(_xlfn.FORMULATEXT('R2 Arena'!$O$8)))))),"✔ CLEAR","✘ CLOSE · right value, but use XLOOKUP")))))} | F45: {=IF(E45="Show hint",Key!$B$45,"")} | G45: {=IF(LEFT(D45,1)="✔",IF(E45="Show hint",5,10),0)} -> 0
A46: M4 | B46: In O9 average the East Revenue and round it to a whole number, in one formula. | C46: ▶ ARENA M4 (cell O9) | D46: {=IF(ISBLANK('R2 Arena'!$O$9),"",IF(NOT(_xlfn.ISFORMULA('R2 Arena'!$O$9)),"✘ That's a typed value · enter a formula",IF(ISERROR('R2 Arena'!$O$9),"✘ Your formula returns "&IFERROR(CHOOSE(ERROR.TYPE('R2 Arena'!$O$9),"#NULL!","#DIV/0!","#VALUE!","#REF!","#NAME?","#NUM!","#N/A","#GETTING_DATA","#SPILL!","#CONNECT!","#BLOCKED!","#UNKNOWN!","#FIELD!","#CALC!"),"an error"),IF(NOT(AND(IFERROR(AND(ISNUMBER('R2 Arena'!$O$9),ABS('R2 Arena'!$O$9-Key!$C$46)<=1E-9*MAX(1,ABS(Key!$C$46))),FALSE))),"✘ TRY AGAIN",IF(AND(OR(ISNUMBER(FIND({"=","(",",","+","-","*","/","&"," ","<",">",":","@","^"}&"ROUND"&"(",UPPER(_xlfn.FORMULATEXT('R2 Arena'!$O$9))))),OR(ISNUMBER(FIND({"=","(",",","+","-","*","/","&"," ","<",">",":","@","^"}&"AVERAGEIFS"&"(",UPPER(_xlfn.FORMULATEXT('R2 Arena'!$O$9)))))),"✔ CLEAR","✘ CLOSE · right value, but use ROUND and AVERAGEIFS")))))} | F46: {=IF(E46="Show hint",Key!$B$46,"")} | G46: {=IF(LEFT(D46,1)="✔",IF(E46="Show hint",5,10),0)} -> 0
A47: M5 | B47: In O10 count the different Products with COUNTA and UNIQUE. | C47: ▶ ARENA M5 (cell O10) | D47: {=IF(ISBLANK('R2 Arena'!$O$10),"",IF(NOT(_xlfn.ISFORMULA('R2 Arena'!$O$10)),"✘ That's a typed value · enter a formula",IF(ISERROR('R2 Arena'!$O$10),"✘ Your formula returns "&IFERROR(CHOOSE(ERROR.TYPE('R2 Arena'!$O$10),"#NULL!","#DIV/0!","#VALUE!","#REF!","#NAME?","#NUM!","#N/A","#GETTING_DATA","#SPILL!","#CONNECT!","#BLOCKED!","#UNKNOWN!","#FIELD!","#CALC!"),"an error"),IF(NOT(AND(IFERROR(AND(ISNUMBER('R2 Arena'!$O$10),ABS('R2 Arena'!$O$10-Key!$C$47)<=1E-9*MAX(1,ABS(Key!$C$47))),FALSE))),"✘ TRY AGAIN",IF(AND(OR(ISNUMBER(FIND({"=","(",",","+","-","*","/","&"," ","<",">",":","@","^"}&"COUNTA"&"(",UPPER(_xlfn.FORMULATEXT('R2 Arena'!$O$10))))),OR(ISNUMBER(FIND({"=","(",",","+","-","*","/","&"," ","<",">",":","@","^"}&"UNIQUE"&"(",UPPER(_xlfn.FORMULATEXT('R2 Arena'!$O$10)))))),"✔ CLEAR","✘ CLOSE · right value, but use COUNTA and UNIQUE")))))} | F47: {=IF(E47="Show hint",Key!$B$47,"")} | G47: {=IF(LEFT(D47,1)="✔",IF(E47="Show hint",5,10),0)} -> 0
A48: M6 | B48: In O11 return the last day of the month of the latest order date (EOMONTH of MAX). | C48: ▶ ARENA M6 (cell O11) | D48: {=IF(ISBLANK('R2 Arena'!$O$11),"",IF(NOT(_xlfn.ISFORMULA('R2 Arena'!$O$11)),"✘ That's a typed value · enter a formula",IF(ISERROR('R2 Arena'!$O$11),"✘ Your formula returns "&IFERROR(CHOOSE(ERROR.TYPE('R2 Arena'!$O$11),"#NULL!","#DIV/0!","#VALUE!","#REF!","#NAME?","#NUM!","#N/A","#GETTING_DATA","#SPILL!","#CONNECT!","#BLOCKED!","#UNKNOWN!","#FIELD!","#CALC!"),"an error"),IF(NOT(AND(IFERROR(AND(ISNUMBER('R2 Arena'!$O$11),ABS('R2 Arena'!$O$11-Key!$C$48)<=1E-9*MAX(1,ABS(Key!$C$48))),FALSE))),"✘ TRY AGAIN",IF(AND(OR(ISNUMBER(FIND({"=","(",",","+","-","*","/","&"," ","<",">",":","@","^"}&"EOMONTH"&"(",UPPER(_xlfn.FORMULATEXT('R2 Arena'!$O$11))))),OR(ISNUMBER(FIND({"=","(",",","+","-","*","/","&"," ","<",">",":","@","^"}&"MAX"&"(",UPPER(_xlfn.FORMULATEXT('R2 Arena'!$O$11)))))),"✔ CLEAR","✘ CLOSE · right value, but use EOMONTH and MAX")))))} | F48: {=IF(E48="Show hint",Key!$B$48,"")} | G48: {=IF(LEFT(D48,1)="✔",IF(E48="Show hint",5,10),0)} -> 0
A49: M7 | B49: In I6 return "Star" when Units ≥ 50 AND Revenue ≥ 2500, otherwise "-". Fill down to I25. | C49: ▶ ARENA M7 (cell I6) | D49: {=IF(COUNTA('R2 Arena'!$I$6,'R2 Arena'!$I$7,'R2 Arena'!$I$8,'R2 Arena'!$I$9,'R2 Arena'!$I$10,'R2 Arena'!$I$11,'R2 Arena'!$I$12,'R2 Arena'!$I$13,'R2 Arena'!$I$14,'R2 Arena'!$I$15,'R2 Arena'!$I$16,'R2 Arena'!$I$17,'R2 Arena'!$I$18,'R2 Arena'!$I$19,'R2 Arena'!$I$20,'R2 Arena'!$I$21,'R2 Arena'!$I$22,'R2 Arena'!$I$23,'R2 Arena'!$I$24,'R2 Arena'!$I$25)=0,"",IF(OR(NOT(_xlfn.ISFORMULA('R2 Arena'!$I$6)),NOT(_xlfn.ISFORMULA('R2 Arena'!$I$7)),NOT(_xlfn.ISFORMULA('R2 Arena'!$I$8)),NOT(_xlfn.ISFORMULA('R2 Arena'!$I$9)),NOT(_xlfn.ISFORMULA('R2 Arena'!$I$10)),NOT(_xlfn.ISFORMULA('R2 Arena'!$I$11)),NOT(_xlfn.ISFORMULA('R2 Arena'!$I$12)),NOT(_xlfn.ISFORMULA('R2 Arena'!$I$13)),NOT(_xlfn.ISFORMULA('R2 Arena'!$I$14)),NOT(_xlfn.ISFORMULA('R2 Arena'!$I$15)),NOT(_xlfn.ISFORMULA('R2 Arena'!$I$16)),NOT(_xlfn.ISFORMULA('R2 Arena'!$I$17)),NOT(_xlfn.ISFORMULA('R2 Arena'!$I$18)),NOT(_xlfn.ISFORMULA('R2 Arena'!$I$19)),NOT(_xlfn.ISFORMULA('R2 Arena'!$I$20)),NOT(_xlfn.ISFORMULA('R2 Arena'!$I$21)),NOT(_xlfn.ISFORMULA('R2 Arena'!$I$22)),NOT(_xlfn.ISFORMULA('R2 Arena'!$I$23)),NOT(_xlfn.ISFORMULA('R2 Arena'!$I$24)),NOT(_xlfn.ISFORMULA('R2 Arena'!$I$25))),"✘ Some cells aren't formulas yet",IF(OR(ISERROR('R2 Arena'!$I$6),ISERROR('R2 Arena'!$I$7),ISERROR('R2 Arena'!$I$8),ISERROR('R2 Arena'!$I$9),ISERROR('R2 Arena'!$I$10),ISERROR('R2 Arena'!$I$11),ISERROR('R2 Arena'!$I$12),ISERROR('R2 Arena'!$I$13),ISERROR('R2 Arena'!$I$14),ISERROR('R2 Arena'!$I$15),ISERROR('R2 Arena'!$I$16),ISERROR('R2 Arena'!$I$17),ISERROR('R2 Arena'!$I$18),ISERROR('R2 Arena'!$I$19),ISERROR('R2 Arena'!$I$20),ISERROR('R2 Arena'!$I$21),ISERROR('R2 Arena'!$I$22),ISERROR('R2 Arena'!$I$23),ISERROR('R2 Arena'!$I$24),ISERROR('R2 Arena'!$I$25)),"✘ Some cells show an error",IF(NOT(AND(IFERROR(AND(ISTEXT('R2 Arena'!$I$6),'R2 Arena'!$I$6=Key!$E$49),FALSE),IFERROR(AND(ISTEXT('R2 Arena'!$I$7),'R2 Arena'!$I$7=Key!$F$49),FALSE),IFERROR(AND(ISTEXT('R2 Arena'!$I$8),'R2 Arena'!$I$8=Key!$G$49),FALSE),IFERROR(AND(ISTEXT('R2 Arena'!$I$9),'R2 Arena'!$I$9=Key!$H$49),FALSE),IFERROR(AND(ISTEXT('R2 Arena'!$I$10),'R2 Arena'!$I$10=Key!$I$49),FALSE),IFERROR(AND(ISTEXT('R2 Arena'!$I$11),'R2 Arena'!$I$11=Key!$J$49),FALSE),IFERROR(AND(ISTEXT('R2 Arena'!$I$12),'R2 Arena'!$I$12=Key!$K$49),FALSE),IFERROR(AND(ISTEXT('R2 Arena'!$I$13),'R2 Arena'!$I$13=Key!$L$49),FALSE),IFERROR(AND(ISTEXT('R2 Arena'!$I$14),'R2 Arena'!$I$14=Key!$M$49),FALSE),IFERROR(AND(ISTEXT('R2 Arena'!$I$15),'R2 Arena'!$I$15=Key!$N$49),FALSE),IFERROR(AND(ISTEXT('R2 Arena'!$I$16),'R2 Arena'!$I$16=Key!$O$49),FALSE),IFERROR(AND(ISTEXT('R2 Arena'!$I$17),'R2 Arena'!$I$17=Key!$P$49),FALSE),IFERROR(AND(ISTEXT('R2 Arena'!$I$18),'R2 Arena'!$I$18=Key!$Q$49),FALSE),IFERROR(AND(ISTEXT('R2 Arena'!$I$19),'R2 Arena'!$I$19=Key!$R$49),FALSE),IFERROR(AND(ISTEXT('R2 Arena'!$I$20),'R2 Arena'!$I$20=Key!$S$49),FALSE),IFERROR(AND(ISTEXT('R2 Arena'!$I$21),'R2 Arena'!$I$21=Key!$T$49),FALSE),IFERROR(AND(ISTEXT('R2 Arena'!$I$22),'R2 Arena'!$I$22=Key!$U$49),FALSE),IFERROR(AND(ISTEXT('R2 Arena'!$I$23),'R2 Arena'!$I$23=Key!$V$49),FALSE),IFERROR(AND(ISTEXT('R2 Arena'!$I$24),'R2 Arena'!$I$24=Key!$W$49),FALSE),IFERROR(AND(ISTEXT('R2 Arena'!$I$25),'R2 Arena'!$I$25=Key!$X$49),FALSE))),"✘ TRY AGAIN",IF(AND(OR(ISNUMBER(FIND({"=","(",",","+","-","*","/","&"," ","<",">",":","@","^"}&"IF"&"(",UPPER(_xlfn.FORMULATEXT('R2 Arena'!$I$6))))),OR(ISNUMBER(FIND({"=","(",",","+","-","*","/","&"," ","<",">",":","@","^"}&"AND"&"(",UPPER(_xlfn.FORMULATEXT('R2 Arena'!$I$6)))))),"✔ CLEAR","✘ CLOSE · right value, but use IF and AND")))))} | F49: {=IF(E49="Show hint",Key!$B$49,"")} | G49: {=IF(LEFT(D49,1)="✔",IF(E49="Show hint",5,10),0)} -> 0
A50: M8 | B50: In Q6 spill the Order IDs of Raj's orders with FILTER. | C50: ▶ ARENA M8 (cell Q6) | D50: {=IF(ISBLANK('R2 Arena'!$Q$6),"",IF(NOT(_xlfn.ISFORMULA('R2 Arena'!$Q$6)),"✘ That's a typed value · enter a formula",IF(ISERROR('R2 Arena'!$Q$6),"✘ Your formula returns "&IFERROR(CHOOSE(ERROR.TYPE('R2 Arena'!$Q$6),"#NULL!","#DIV/0!","#VALUE!","#REF!","#NAME?","#NUM!","#N/A","#GETTING_DATA","#SPILL!","#CONNECT!","#BLOCKED!","#UNKNOWN!","#FIELD!","#CALC!"),"an error"),IF(IFERROR(AND(ROWS(_xlfn.ANCHORARRAY('R2 Arena'!$Q$6))=ROWS(_xlfn.ANCHORARRAY(Key!$E$2001)),COLUMNS(_xlfn.ANCHORARRAY('R2 Arena'!$Q$6))=COLUMNS(_xlfn.ANCHORARRAY(Key!$E$2001)),SUM(--(_xlfn.ANCHORARRAY('R2 Arena'!$Q$6)=_xlfn.ANCHORARRAY(Key!$E$2001)))=ROWS(_xlfn.ANCHORARRAY(Key!$E$2001))*COLUMNS(_xlfn.ANCHORARRAY(Key!$E$2001))),FALSE),IF(AND(OR(ISNUMBER(FIND({"=","(",",","+","-","*","/","&"," ","<",">",":","@","^"}&"FILTER"&"(",UPPER(_xlfn.FORMULATEXT('R2 Arena'!$Q$6)))))),"✔ CLEAR","✘ CLOSE · right result, but use FILTER"),"✘ TRY AGAIN"))))} | F50: {=IF(E50="Show hint",Key!$B$50,"")} | G50: {=IF(LEFT(D50,1)="✔",IF(E50="Show hint",5,10),0)} -> 0

Sheet R2 Arena
A1: ARENA ▸ R2 FORMULA GAUNTLET
A2: Practice area · everything here is editable. Missions and their checks are on the stage sheet.
A3: PASS CODE | B3: FORMULAS | D3: ◀ Back to R2 Formula Gauntlet
B5: Order | C5: Date | D5: Region | E5: Rep | F5: Product | G5: Units | H5: Revenue | I5: Flag | K5: Region | L5: Manager | Q5: Raj's orders ▼
B6: O-101 | C6: 46027 | D6: East | E6: Kim | F6: Widget | G6: 40 | H6: 1200 | K6: East | L6: Mia | N6: West Gadget revenue
B7: O-102 | C7: 46031 | D7: West | E7: Lee | F7: Gadget | G7: 15 | H7: 900 | K7: West | L7: Noah | N7: North orders with 50+ units
B8: O-103 | C8: 46036 | D8: North | E8: Ava | F8: Widget | G8: 55 | H8: 1650 | K8: North | L8: Zoe | N8: Manager of South
B9: O-104 | C9: 46042 | D9: East | E9: Kim | F9: Gizmo | G9: 20 | H9: 1000 | K9: South | L9: Liam | N9: East average revenue (rounded)
B10: O-105 | C10: 46055 | D10: South | E10: Raj | F10: Gadget | G10: 60 | H10: 3600 | N10: Different products
B11: O-106 | C11: 46060 | D11: West | E11: Lee | F11: Widget | G11: 35 | H11: 1050 | N11: Month-end of the latest order
B12: O-107 | C12: 46064 | D12: East | E12: Ava | F12: Gadget | G12: 25 | H12: 1500
B13: O-108 | C13: 46072 | D13: North | E13: Raj | F13: Gizmo | G13: 45 | H13: 2250
B14: O-109 | C14: 46084 | D14: West | E14: Kim | F14: Gizmo | G14: 10 | H14: 500
B15: O-110 | C15: 46089 | D15: East | E15: Lee | F15: Widget | G15: 70 | H15: 2100
B16: O-111 | C16: 46096 | D16: South | E16: Ava | F16: Widget | G16: 30 | H16: 900
B17: O-112 | C17: 46103 | D17: North | E17: Kim | F17: Gadget | G17: 50 | H17: 3000
B18: O-113 | C18: 46113 | D18: East | E18: Raj | F18: Gizmo | G18: 65 | H18: 3250
B19: O-114 | C19: 46118 | D19: West | E19: Ava | F19: Gadget | G19: 20 | H19: 1200
B20: O-115 | C20: 46125 | D20: South | E20: Lee | F20: Gizmo | G20: 15 | H20: 750
B21: O-116 | C21: 46133 | D21: East | E21: Kim | F21: Widget | G21: 50 | H21: 1500
B22: O-117 | C22: 46146 | D22: North | E22: Lee | F22: Widget | G22: 25 | H22: 750
B23: O-118 | C23: 46154 | D23: West | E23: Raj | F23: Gadget | G23: 40 | H23: 2400
... B25: O-120 | C25: 46169 | D25: East | E25: Ava | F25: Gadget | G25: 55 | H25: 3300

Sheet R3 Real-World Mission
A1: R3 ▸ REAL-WORLD MISSION
A2: Goal: clean a messy export and report on it
A3: {="SCORE "&TEXT(SUM($G$8:$G$15),"0000")&" / 0080"} -> SCORE 0000 / 0080 | C3: {=IF(SUM($G$8:$G$15)>=80,"★★★",IF(SUM($G$8:$G$15)>=80*0.8,"★★☆",IF(SUM($G$8:$G$15)>=80*0.5,"★☆☆","☆☆☆")))} -> ☆☆☆ | D3: {=REPT("█",ROUND(10*SUM($G$8:$G$15)/80,0))&REPT("░",10-ROUND(10*SUM($G$8:$G$15)/80,0))&" "&TEXT(SUM($G$8:$G$15)/80,"0%")} -> ░░░░░░░░░░ 0% | F3: {=IF(SUM($G$8:$G$15)>=80*0.5,"STAGE CLEAR! ▶ Next: Certificate","")}
A5: MISSIONS
B6: ▶ Open R3 Arena (or press Ctrl+PgDn)
A7: # | B7: Mission | C7: Your answer | D7: Result | E7: Hint? | F7: Hint | G7: XP
A8: M1 | B8: Clean the names: in E6 write =PROPER(TRIM(B6)) and fill down to E17. | C8: ▶ ARENA M1 (cell E6) | D8: {=IF(COUNTA('R3 Arena'!$E$6,'R3 Arena'!$E$7,'R3 Arena'!$E$8,'R3 Arena'!$E$9,'R3 Arena'!$E$10,'R3 Arena'!$E$11,'R3 Arena'!$E$12,'R3 Arena'!$E$13,'R3 Arena'!$E$14,'R3 Arena'!$E$15,'R3 Arena'!$E$16,'R3 Arena'!$E$17)=0,"",IF(OR(NOT(_xlfn.ISFORMULA('R3 Arena'!$E$6)),NOT(_xlfn.ISFORMULA('R3 Arena'!$E$7)),NOT(_xlfn.ISFORMULA('R3 Arena'!$E$8)),NOT(_xlfn.ISFORMULA('R3 Arena'!$E$9)),NOT(_xlfn.ISFORMULA('R3 Arena'!$E$10)),NOT(_xlfn.ISFORMULA('R3 Arena'!$E$11)),NOT(_xlfn.ISFORMULA('R3 Arena'!$E$12)),NOT(_xlfn.ISFORMULA('R3 Arena'!$E$13)),NOT(_xlfn.ISFORMULA('R3 Arena'!$E$14)),NOT(_xlfn.ISFORMULA('R3 Arena'!$E$15)),NOT(_xlfn.ISFORMULA('R3 Arena'!$E$16)),NOT(_xlfn.ISFORMULA('R3 Arena'!$E$17))),"✘ Some cells aren't formulas yet",IF(OR(ISERROR('R3 Arena'!$E$6),ISERROR('R3 Arena'!$E$7),ISERROR('R3 Arena'!$E$8),ISERROR('R3 Arena'!$E$9),ISERROR('R3 Arena'!$E$10),ISERROR('R3 Arena'!$E$11),ISERROR('R3 Arena'!$E$12),ISERROR('R3 Arena'!$E$13),ISERROR('R3 Arena'!$E$14),ISERROR('R3 Arena'!$E$15),ISERROR('R3 Arena'!$E$16),ISERROR('R3 Arena'!$E$17)),"✘ Some cells show an error",IF(NOT(AND(IFERROR(AND(ISTEXT('R3 Arena'!$E$6),EXACT('R3 Arena'!$E$6,Key!$E$51)),FALSE),IFERROR(AND(ISTEXT('R3 Arena'!$E$7),EXACT('R3 Arena'!$E$7,Key!$F$51)),FALSE),IFERROR(AND(ISTEXT('R3 Arena'!$E$8),EXACT('R3 Arena'!$E$8,Key!$G$51)),FALSE),IFERROR(AND(ISTEXT('R3 Arena'!$E$9),EXACT('R3 Arena'!$E$9,Key!$H$51)),FALSE),IFERROR(AND(ISTEXT('R3 Arena'!$E$10),EXACT('R3 Arena'!$E$10,Key!$I$51)),FALSE),IFERROR(AND(ISTEXT('R3 Arena'!$E$11),EXACT('R3 Arena'!$E$11,Key!$J$51)),FALSE),IFERROR(AND(ISTEXT('R3 Arena'!$E$12),EXACT('R3 Arena'!$E$12,Key!$K$51)),FALSE),IFERROR(AND(ISTEXT('R3 Arena'!$E$13),EXACT('R3 Arena'!$E$13,Key!$L$51)),FALSE),IFERROR(AND(ISTEXT('R3 Arena'!$E$14),EXACT('R3 Arena'!$E$14,Key!$M$51)),FALSE),IFERROR(AND(ISTEXT('R3 Arena'!$E$15),EXACT('R3 Arena'!$E$15,Key!$N$51)),FALSE),IFERROR(AND(ISTEXT('R3 Arena'!$E$16),EXACT('R3 Arena'!$E$16,Key!$O$51)),FALSE),IFERROR(AND(ISTEXT('R3 Arena'!$E$17),EXACT('R3 Arena'!$E$17,Key!$P$51)),FALSE))),"✘ TRY AGAIN",IF(AND(OR(ISNUMBER(FIND({"=","(",",","+","-","*","/","&"," ","<",">",":","@","^"}&"PROPER"&"(",UPPER(_xlfn.FORMULATEXT('R3 Arena'!$E$6))))),OR(ISNUMBER(FIND({"=","(",",","+","-","*","/","&"," ","<",">",":","@","^"}&"TRIM"&"(",UPPER(_xlfn.FORMULATEXT('R3 Arena'!$E$6)))))),"✔ CLEAR","✘ CLOSE · right value, but use PROPER and TRIM")))))} | F8: {=IF(E8="Show hint",Key!$B$51,"")} | G8: {=IF(LEFT(D8,1)="✔",IF(E8="Show hint",5,10),0)} -> 0
A9: M2 | B9: Turn the text amounts into numbers: in F6 write =VALUE(D6) and fill down to F17. | C9: ▶ ARENA M2 (cell F6) | D9: {=IF(COUNTA('R3 Arena'!$F$6,'R3 Arena'!$F$7,'R3 Arena'!$F$8,'R3 Arena'!$F$9,'R3 Arena'!$F$10,'R3 Arena'!$F$11,'R3 Arena'!$F$12,'R3 Arena'!$F$13,'R3 Arena'!$F$14,'R3 Arena'!$F$15,'R3 Arena'!$F$16,'R3 Arena'!$F$17)=0,"",IF(OR(NOT(_xlfn.ISFORMULA('R3 Arena'!$F$6)),NOT(_xlfn.ISFORMULA('R3 Arena'!$F$7)),NOT(_xlfn.ISFORMULA('R3 Arena'!$F$8)),NOT(_xlfn.ISFORMULA('R3 Arena'!$F$9)),NOT(_xlfn.ISFORMULA('R3 Arena'!$F$10)),NOT(_xlfn.ISFORMULA('R3 Arena'!$F$11)),NOT(_xlfn.ISFORMULA('R3 Arena'!$F$12)),NOT(_xlfn.ISFORMULA('R3 Arena'!$F$13)),NOT(_xlfn.ISFORMULA('R3 Arena'!$F$14)),NOT(_xlfn.ISFORMULA('R3 Arena'!$F$15)),NOT(_xlfn.ISFORMULA('R3 Arena'!$F$16)),NOT(_xlfn.ISFORMULA('R3 Arena'!$F$17))),"✘ Some cells aren't formulas yet",IF(OR(ISERROR('R3 Arena'!$F$6),ISERROR('R3 Arena'!$F$7),ISERROR('R3 Arena'!$F$8),ISERROR('R3 Arena'!$F$9),ISERROR('R3 Arena'!$F$10),ISERROR('R3 Arena'!$F$11),ISERROR('R3 Arena'!$F$12),ISERROR('R3 Arena'!$F$13),ISERROR('R3 Arena'!$F$14),ISERROR('R3 Arena'!$F$15),ISERROR('R3 Arena'!$F$16),ISERROR('R3 Arena'!$F$17)),"✘ Some cells show an error",IF(NOT(AND(IFERROR(AND(ISNUMBER('R3 Arena'!$F$6),ABS('R3 Arena'!$F$6-Key!$E$52)<=1E-9*MAX(1,ABS(Key!$E$52))),FALSE),IFERROR(AND(ISNUMBER('R3 Arena'!$F$7),ABS('R3 Arena'!$F$7-Key!$F$52)<=1E-9*MAX(1,ABS(Key!$F$52))),FALSE),IFERROR(AND(ISNUMBER('R3 Arena'!$F$8),ABS('R3 Arena'!$F$8-Key!$G$52)<=1E-9*MAX(1,ABS(Key!$G$52))),FALSE),IFERROR(AND(ISNUMBER('R3 Arena'!$F$9),ABS('R3 Arena'!$F$9-Key!$H$52)<=1E-9*MAX(1,ABS(Key!$H$52))),FALSE),IFERROR(AND(ISNUMBER('R3 Arena'!$F$10),ABS('R3 Arena'!$F$10-Key!$I$52)<=1E-9*MAX(1,ABS(Key!$I$52))),FALSE),IFERROR(AND(ISNUMBER('R3 Arena'!$F$11),ABS('R3 Arena'!$F$11-Key!$J$52)<=1E-9*MAX(1,ABS(Key!$J$52))),FALSE),IFERROR(AND(ISNUMBER('R3 Arena'!$F$12),ABS('R3 Arena'!$F$12-Key!$K$52)<=1E-9*MAX(1,ABS(Key!$K$52))),FALSE),IFERROR(AND(ISNUMBER('R3 Arena'!$F$13),ABS('R3 Arena'!$F$13-Key!$L$52)<=1E-9*MAX(1,ABS(Key!$L$52))),FALSE),IFERROR(AND(ISNUMBER('R3 Arena'!$F$14),ABS('R3 Arena'!$F$14-Key!$M$52)<=1E-9*MAX(1,ABS(Key!$M$52))),FALSE),IFERROR(AND(ISNUMBER('R3 Arena'!$F$15),ABS('R3 Arena'!$F$15-Key!$N$52)<=1E-9*MAX(1,ABS(Key!$N$52))),FALSE),IFERROR(AND(ISNUMBER('R3 Arena'!$F$16),ABS('R3 Arena'!$F$16-Key!$O$52)<=1E-9*MAX(1,ABS(Key!$O$52))),FALSE),IFERROR(AND(ISNUMBER('R3 Arena'!$F$17),ABS('R3 Arena'!$F$17-Key!$P$52)<=1E-9*MAX(1,ABS(Key!$P$52))),FALSE))),"✘ TRY AGAIN",IF(AND(OR(ISNUMBER(FIND({"=","(",",","+","-","*","/","&"," ","<",">",":","@","^"}&"VALUE"&"(",UPPER(_xlfn.FORMULATEXT('R3 Arena'!$F$6)))))),"✔ CLEAR","✘ CLOSE · right value, but use VALUE")))))} | F9: {=IF(E9="Show hint",Key!$B$52,"")} | G9: {=IF(LEFT(D9,1)="✔",IF(E9="Show hint",5,10),0)} -> 0
A10: M3 | B10: Look up each Region name: in G6 write =XLOOKUP(C6,$K$6:$K$9,$L$6:$L$9) and fill down to G17. | C10: ▶ ARENA M3 (cell G6) | D10: {=IF(COUNTA('R3 Arena'!$G$6,'R3 Arena'!$G$7,'R3 Arena'!$G$8,'R3 Arena'!$G$9,'R3 Arena'!$G$10,'R3 Arena'!$G$11,'R3 Arena'!$G$12,'R3 Arena'!$G$13,'R3 Arena'!$G$14,'R3 Arena'!$G$15,'R3 Arena'!$G$16,'R3 Arena'!$G$17)=0,"",IF(OR(NOT(_xlfn.ISFORMULA('R3 Arena'!$G$6)),NOT(_xlfn.ISFORMULA('R3 Arena'!$G$7)),NOT(_xlfn.ISFORMULA('R3 Arena'!$G$8)),NOT(_xlfn.ISFORMULA('R3 Arena'!$G$9)),NOT(_xlfn.ISFORMULA('R3 Arena'!$G$10)),NOT(_xlfn.ISFORMULA('R3 Arena'!$G$11)),NOT(_xlfn.ISFORMULA('R3 Arena'!$G$12)),NOT(_xlfn.ISFORMULA('R3 Arena'!$G$13)),NOT(_xlfn.ISFORMULA('R3 Arena'!$G$14)),NOT(_xlfn.ISFORMULA('R3 Arena'!$G$15)),NOT(_xlfn.ISFORMULA('R3 Arena'!$G$16)),NOT(_xlfn.ISFORMULA('R3 Arena'!$G$17))),"✘ Some cells aren't formulas yet",IF(OR(ISERROR('R3 Arena'!$G$6),ISERROR('R3 Arena'!$G$7),ISERROR('R3 Arena'!$G$8),ISERROR('R3 Arena'!$G$9),ISERROR('R3 Arena'!$G$10),ISERROR('R3 Arena'!$G$11),ISERROR('R3 Arena'!$G$12),ISERROR('R3 Arena'!$G$13),ISERROR('R3 Arena'!$G$14),ISERROR('R3 Arena'!$G$15),ISERROR('R3 Arena'!$G$16),ISERROR('R3 Arena'!$G$17)),"✘ Some cells show an error",IF(NOT(AND(IFERROR(AND(ISTEXT('R3 Arena'!$G$6),'R3 Arena'!$G$6=Key!$E$53),FALSE),IFERROR(AND(ISTEXT('R3 Arena'!$G$7),'R3 Arena'!$G$7=Key!$F$53),FALSE),IFERROR(AND(ISTEXT('R3 Arena'!$G$8),'R3 Arena'!$G$8=Key!$G$53),FALSE),IFERROR(AND(ISTEXT('R3 Arena'!$G$9),'R3 Arena'!$G$9=Key!$H$53),FALSE),IFERROR(AND(ISTEXT('R3 Arena'!$G$10),'R3 Arena'!$G$10=Key!$I$53),FALSE),IFERROR(AND(ISTEXT('R3 Arena'!$G$11),'R3 Arena'!$G$11=Key!$J$53),FALSE),IFERROR(AND(ISTEXT('R3 Arena'!$G$12),'R3 Arena'!$G$12=Key!$K$53),FALSE),IFERROR(AND(ISTEXT('R3 Arena'!$G$13),'R3 Arena'!$G$13=Key!$L$53),FALSE),IFERROR(AND(ISTEXT('R3 Arena'!$G$14),'R3 Arena'!$G$14=Key!$M$53),FALSE),IFERROR(AND(ISTEXT('R3 Arena'!$G$15),'R3 Arena'!$G$15=Key!$N$53),FALSE),IFERROR(AND(ISTEXT('R3 Arena'!$G$16),'R3 Arena'!$G$16=Key!$O$53),FALSE),IFERROR(AND(ISTEXT('R3 Arena'!$G$17),'R3 Arena'!$G$17=Key!$P$53),FALSE))),"✘ TRY AGAIN",IF(AND(OR(ISNUMBER(FIND({"=","(",",","+","-","*","/","&"," ","<",">",":","@","^"}&"XLOOKUP"&"(",UPPER(_xlfn.FORMULATEXT('R3 Arena'!$G$6)))))),IF(ISNUMBER(FIND("$",_xlfn.FORMULATEXT('R3 Arena'!$G$6))),"✔ CLEAR","✘ CLOSE · add $ so it fills correctly (F4)"),"✘ CLOSE · right value, but use XLOOKUP")))))} | F10: {=IF(E10="Show hint",Key!$B$53,"")} | G10: {=IF(LEFT(D10,1)="✔",IF(E10="Show hint",5,10),0)} -> 0
A11: M4 | B11: In O6 total the East amounts from your new columns: =SUMIFS(F6:F17,G6:G17,"East"). | C11: ▶ ARENA M4 (cell O6) | D11: {=IF(ISBLANK('R3 Arena'!$O$6),"",IF(NOT(_xlfn.ISFORMULA('R3 Arena'!$O$6)),"✘ That's a typed value · enter a formula",IF(ISERROR('R3 Arena'!$O$6),"✘ Your formula returns "&IFERROR(CHOOSE(ERROR.TYPE('R3 Arena'!$O$6),"#NULL!","#DIV/0!","#VALUE!","#REF!","#NAME?","#NUM!","#N/A","#GETTING_DATA","#SPILL!","#CONNECT!","#BLOCKED!","#UNKNOWN!","#FIELD!","#CALC!"),"an error"),IF(NOT(AND(IFERROR(AND(ISNUMBER('R3 Arena'!$O$6),ABS('R3 Arena'!$O$6-Key!$C$54)<=1E-9*MAX(1,ABS(Key!$C$54))),FALSE))),"✘ TRY AGAIN",IF(AND(OR(ISNUMBER(FIND({"=","(",",","+","-","*","/","&"," ","<",">",":","@","^"}&"SUMIFS"&"(",UPPER(_xlfn.FORMULATEXT('R3 Arena'!$O$6)))))),"✔ CLEAR","✘ CLOSE · right value, but use SUMIFS")))))} | F11: {=IF(E11="Show hint",Key!$B$54,"")} | G11: {=IF(LEFT(D11,1)="✔",IF(E11="Show hint",5,10),0)} -> 0
A12: M5 | B12: In H6 flag big orders: "Big" when the Amount (F6) is at least 1000, otherwise empty text. Fill down to H17. | C12: ▶ ARENA M5 (cell H6) | D12: {=IF(COUNTA('R3 Arena'!$H$6,'R3 Arena'!$H$7,'R3 Arena'!$H$8,'R3 Arena'!$H$9,'R3 Arena'!$H$10,'R3 Arena'!$H$11,'R3 Arena'!$H$12,'R3 Arena'!$H$13,'R3 Arena'!$H$14,'R3 Arena'!$H$15,'R3 Arena'!$H$16,'R3 Arena'!$H$17)=0,"",IF(OR(NOT(_xlfn.ISFORMULA('R3 Arena'!$H$6)),NOT(_xlfn.ISFORMULA('R3 Arena'!$H$7)),NOT(_xlfn.ISFORMULA('R3 Arena'!$H$8)),NOT(_xlfn.ISFORMULA('R3 Arena'!$H$9)),NOT(_xlfn.ISFORMULA('R3 Arena'!$H$10)),NOT(_xlfn.ISFORMULA('R3 Arena'!$H$11)),NOT(_xlfn.ISFORMULA('R3 Arena'!$H$12)),NOT(_xlfn.ISFORMULA('R3 Arena'!$H$13)),NOT(_xlfn.ISFORMULA('R3 Arena'!$H$14)),NOT(_xlfn.ISFORMULA('R3 Arena'!$H$15)),NOT(_xlfn.ISFORMULA('R3 Arena'!$H$16)),NOT(_xlfn.ISFORMULA('R3 Arena'!$H$17))),"✘ Some cells aren't formulas yet",IF(OR(ISERROR('R3 Arena'!$H$6),ISERROR('R3 Arena'!$H$7),ISERROR('R3 Arena'!$H$8),ISERROR('R3 Arena'!$H$9),ISERROR('R3 Arena'!$H$10),ISERROR('R3 Arena'!$H$11),ISERROR('R3 Arena'!$H$12),ISERROR('R3 Arena'!$H$13),ISERROR('R3 Arena'!$H$14),ISERROR('R3 Arena'!$H$15),ISERROR('R3 Arena'!$H$16),ISERROR('R3 Arena'!$H$17)),"✘ Some cells show an error",IF(NOT(AND(IFERROR(AND(ISTEXT('R3 Arena'!$H$6),'R3 Arena'!$H$6=Key!$E$55),FALSE),IFERROR(AND(ISTEXT('R3 Arena'!$H$7),'R3 Arena'!$H$7=Key!$F$55),FALSE),IFERROR(AND(ISTEXT('R3 Arena'!$H$8),'R3 Arena'!$H$8=Key!$G$55),FALSE),IFERROR(AND(ISTEXT('R3 Arena'!$H$9),'R3 Arena'!$H$9=Key!$H$55),FALSE),IFERROR(AND(ISTEXT('R3 Arena'!$H$10),'R3 Arena'!$H$10=Key!$I$55),FALSE),IFERROR(AND(ISTEXT('R3 Arena'!$H$11),'R3 Arena'!$H$11=Key!$J$55),FALSE),IFERROR(AND(ISTEXT('R3 Arena'!$H$12),'R3 Arena'!$H$12=Key!$K$55),FALSE),IFERROR(AND(ISTEXT('R3 Arena'!$H$13),'R3 Arena'!$H$13=Key!$L$55),FALSE),IFERROR(AND(ISTEXT('R3 Arena'!$H$14),'R3 Arena'!$H$14=Key!$M$55),FALSE),IFERROR(AND(ISTEXT('R3 Arena'!$H$15),'R3 Arena'!$H$15=Key!$N$55),FALSE),IFERROR(AND(ISTEXT('R3 Arena'!$H$16),'R3 Arena'!$H$16=Key!$O$55),FALSE),IFERROR(AND(ISTEXT('R3 Arena'!$H$17),'R3 Arena'!$H$17=Key!$P$55),FALSE))),"✘ TRY AGAIN",IF(AND(OR(ISNUMBER(FIND({"=","(",",","+","-","*","/","&"," ","<",">",":","@","^"}&"IF"&"(",UPPER(_xlfn.FORMULATEXT('R3 Arena'!$H$6)))))),"✔ CLEAR","✘ CLOSE · right value, but use IF")))))} | F12: {=IF(E12="Show hint",Key!$B$55,"")} | G12: {=IF(LEFT(D12,1)="✔",IF(E12="Show hint",5,10),0)} -> 0
A13: M6 | B13: In Q6 spill each Region once, sorted A→Z, from your Region column (G6:G17). | C13: ▶ ARENA M6 (cell Q6) | D13: {=IF(ISBLANK('R3 Arena'!$Q$6),"",IF(NOT(_xlfn.ISFORMULA('R3 Arena'!$Q$6)),"✘ That's a typed value · enter a formula",IF(ISERROR('R3 Arena'!$Q$6),"✘ Your formula returns "&IFERROR(CHOOSE(ERROR.TYPE('R3 Arena'!$Q$6),"#NULL!","#DIV/0!","#VALUE!","#REF!","#NAME?","#NUM!","#N/A","#GETTING_DATA","#SPILL!","#CONNECT!","#BLOCKED!","#UNKNOWN!","#FIELD!","#CALC!"),"an error"),IF(IFERROR(AND(ROWS(_xlfn.ANCHORARRAY('R3 Arena'!$Q$6))=ROWS(_xlfn.ANCHORARRAY(Key!$E$2101)),COLUMNS(_xlfn.ANCHORARRAY('R3 Arena'!$Q$6))=COLUMNS(_xlfn.ANCHORARRAY(Key!$E$2101)),SUM(--(_xlfn.ANCHORARRAY('R3 Arena'!$Q$6)=_xlfn.ANCHORARRAY(Key!$E$2101)))=ROWS(_xlfn.ANCHORARRAY(Key!$E$2101))*COLUMNS(_xlfn.ANCHORARRAY(Key!$E$2101))),FALSE),IF(AND(OR(ISNUMBER(FIND({"=","(",",","+","-","*","/","&"," ","<",">",":","@","^"}&"SORT"&"(",UPPER(_xlfn.FORMULATEXT('R3 Arena'!$Q$6))))),OR(ISNUMBER(FIND({"=","(",",","+","-","*","/","&"," ","<",">",":","@","^"}&"UNIQUE"&"(",UPPER(_xlfn.FORMULATEXT('R3 Arena'!$Q$6)))))),"✔ CLEAR","✘ CLOSE · right result, but use SORT and UNIQUE"),"✘ TRY AGAIN"))))} | F13: {=IF(E13="Show hint",Key!$B$56,"")} | G13: {=IF(LEFT(D13,1)="✔",IF(E13="Show hint",5,10),0)} -> 0
A14: M7 | B14: Dress the Amount column F6:F17 as currency with Ctrl+Shift+$. Press F9. | C14: ▶ ARENA M7 (cell F6) | D14: {=IF(IFERROR(AND(OR(CELL("format",'R3 Arena'!$F$6)="C2",CELL("format",'R3 Arena'!$F$6)="C2-"),OR(CELL("format",'R3 Arena'!$F$7)="C2",CELL("format",'R3 Arena'!$F$7)="C2-"),OR(CELL("format",'R3 Arena'!$F$8)="C2",CELL("format",'R3 Arena'!$F$8)="C2-"),OR(CELL("format",'R3 Arena'!$F$9)="C2",CELL("format",'R3 Arena'!$F$9)="C2-"),OR(CELL("format",'R3 Arena'!$F$10)="C2",CELL("format",'R3 Arena'!$F$10)="C2-"),OR(CELL("format",'R3 Arena'!$F$11)="C2",CELL("format",'R3 Arena'!$F$11)="C2-"),OR(CELL("format",'R3 Arena'!$F$12)="C2",CELL("format",'R3 Arena'!$F$12)="C2-"),OR(CELL("format",'R3 Arena'!$F$13)="C2",CELL("format",'R3 Arena'!$F$13)="C2-"),OR(CELL("format",'R3 Arena'!$F$14)="C2",CELL("format",'R3 Arena'!$F$14)="C2-"),OR(CELL("format",'R3 Arena'!$F$15)="C2",CELL("format",'R3 Arena'!$F$15)="C2-"),OR(CELL("format",'R3 Arena'!$F$16)="C2",CELL("format",'R3 Arena'!$F$16)="C2-"),OR(CELL("format",'R3 Arena'!$F$17)="C2",CELL("format",'R3 Arena'!$F$17)="C2-")),FALSE),"✔ CLEAR","· not yet · press F9")} -> · not yet · press F9 | F14: {=IF(E14="Show hint",Key!$B$57,"")} | G14: {=IF(LEFT(D14,1)="✔",IF(E14="Show hint",5,10),0)} -> 0
A15: M8 | B15: Click inside the table at B5 and press Ctrl+T, then Enter: your cleaned data becomes an Excel Table. Pick Done. | D15: {=IFERROR(IF('R3 Real-World Mission'!$C$15="Done","✔ CLEAR · self-check",""),"✘ TRY AGAIN")} | F15: {=IF(E15="Show hint",Key!$B$58,"")} | G15: {=IF(LEFT(D15,1)="✔",IF(E15="Show hint",5,10),0)} -> 0

Sheet R3 Arena
A1: ARENA ▸ R3 REAL-WORLD MISSION
A2: Practice area · everything here is editable. Missions and their checks are on the stage sheet.
A3: PASS CODE | B3: MISSION | D3: ◀ Back to R3 Real-World Mission
B5: Raw name | C5: Code | D5: Amount (text) | E5: Clean name | F5: Amount | G5: Region | H5: Big? | K5: Code | L5: Region | Q5: Regions, A→Z ▼
B6: ada LOVELACE | C6: E | D6: 1,250 | K6: E | L6: East | N6: East total
B7: grace HOPPER | C7: W | D7: 980 | K7: W | L7: West
B8: alan turing | C8: N | D8: 2,400 | K8: N | L8: North
B9: KATHERINE johnson | C9: S | D9: 760 | K9: S | L9: South
B10: tim berners-lee | C10: E | D10: 1,100
B11: MARGARET hamilton | C11: W | D11: 3,050
B12: linus torvalds | C12: N | D12: 640
B13: hedy LAMARR | C13: E | D13: 1,875
B14: annie easley | C14: S | D14: 2,200
B15: dorothy vaughan | C15: W | D15: 450
B16: mary JACKSON | C16: N | D16: 1,010
B17: joan clarke | C17: E | D17: 890

Sheet Certificate
A1: CERTIFICATE OF MASTERY
A2: Type your name, stamp the date with Ctrl+;, then print it with Ctrl+P.
B5: Your name
B7: Completed on (select C7, press Ctrl+;)
B9: Final rank | C9: {=Start!$B$18} -> D
B11: {="This certifies that "&IF(C5="","[your name]",C5)&" conquered the Excel Arcade with rank "&C9&"."} -> This certifies that [your name] conquered the Excel Arcade with rank D.
B13: ★ ★ ★ EXCEL ARCADE CHAMPION ★ ★ ★

Sheet Key
A1: Challenge | B1: Hint | C1: Expected | E1: Lists / per-cell expectations →
A2: R1 Shortcut Gauntlet M1 | B2: One press. | C2: CHAMPION
A3: R1 Shortcut Gauntlet M2 | B3: Jump the gaps. | C3: LEGEND
A4: R1 Shortcut Gauntlet M3 | B4: Go To. | C4: VICTORY
A5: R1 Shortcut Gauntlet M4 | B5: Lowest row, rightmost column. | C5: TROPHY
A6: R1 Shortcut Gauntlet M5 | B6: Ctrl+Enter fills the selection.
A7: R1 Shortcut Gauntlet M6 | B7: Alt+Enter.
A8: R1 Shortcut Gauntlet M7 | B8: Ctrl+;
A9: R1 Shortcut Gauntlet M8 | B9: Ctrl+Shift+5.
A10: R1 Shortcut Gauntlet M9 | B10: Filter buttons first.
A11: R2 Formula Gauntlet G1 | B11: After array and include. | E11: 3 | F11: 3RD | G11: IF_EMPTY | H11: THIRD
A12: R2 Formula Gauntlet G2 | B12: Four letters. | E12: =SORT | F12: =SORT( | G12: =SORT() | H12: SORT | I12: SORT( | J12: SORT()
A13: R2 Formula Gauntlet G3 | B13: SORT plus BY. | E13: =SORTBY | F13: =SORTBY( | G13: =SORTBY() | H13: SORTBY | I13: SORTBY( | J13: SORTBY()
A14: R2 Formula Gauntlet G4 | B14: One of a kind. | E14: =UNIQUE | F14: =UNIQUE( | G14: =UNIQUE() | H14: UNIQUE | I14: UNIQUE( | J14: UNIQUE()
A15: R2 Formula Gauntlet G5 | B15: Three letters: let x be… | E15: =LET | F15: =LET( | G15: =LET() | H15: LET | I15: LET( | J15: LET()
A16: R2 Formula Gauntlet G6 | B16: The inner one. | E16: UNIQUE
A17: R2 Formula Gauntlet G7 | B17: It finds things. | E17: =FIND | F17: =FIND( | G17: =FIND() | H17: FIND | I17: FIND( | J17: FIND()
A18: R2 Formula Gauntlet G8 | B18: Like FIND, but case-blind. | E18: =SEARCH | F18: =SEARCH( | G18: =SEARCH() | H18: SEARCH | I18: SEARCH( | J18: SEARCH()
A19: R2 Formula Gauntlet G9 | B19: The position finder. | E19: FIND
A20: R2 Formula Gauntlet G10 | B20: TEXT plus JOIN. | E20: =TEXTJOIN | F20: =TEXTJOIN( | G20: =TEXTJOIN() | H20: TEXTJOIN | I20: TEXTJOIN( | J20: TEXTJOIN()
A21: R2 Formula Gauntlet G11 | B21: Four letters. | E21: =TEXT | F21: =TEXT( | G21: =TEXT() | H21: TEXT | I21: TEXT( | J21: TEXT()
A22: R2 Formula Gauntlet G12 | B22: The opposite of TEXT. | E22: =VALUE | F22: =VALUE( | G22: =VALUE() | H22: VALUE | I22: VALUE( | J22: VALUE()
A23: R2 Formula Gauntlet G13 | B23: Five letters. | E23: =TODAY | F23: =TODAY( | G23: =TODAY() | H23: TODAY | I23: TODAY( | J23: TODAY()
A24: R2 Formula Gauntlet G14 | B24: Three letters. | E24: =NOW | F24: =NOW( | G24: =NOW() | H24: NOW | I24: NOW( | J24: NOW()
A25: R2 Formula Gauntlet G15 | B25: Four letters. | E25: =DATE | F25: =DATE( | G25: =DATE() | H25: DATE | I25: DATE( | J25: DATE()
A26: R2 Formula Gauntlet G16 | B26: Four letters. | E26: =YEAR | F26: =YEAR( | G26: =YEAR() | H26: YEAR | I26: YEAR( | J26: YEAR()
A27: R2 Formula Gauntlet G17 | B27: Five letters. | E27: =MONTH | F27: =MONTH( | G27: =MONTH() | H27: MONTH | I27: MONTH( | J27: MONTH()
A28: R2 Formula Gauntlet G18 | B28: Three letters. | E28: =DAY | F28: =DAY( | G28: =DAY() | H28: DAY | I28: DAY( | J28: DAY()
A29: R2 Formula Gauntlet G19 | B29: WEEK plus DAY. | E29: =WEEKDAY | F29: =WEEKDAY( | G29: =WEEKDAY() | H29: WEEKDAY | I29: WEEKDAY( | J29: WEEKDAY()
A30: R2 Formula Gauntlet G20 | B30: Not hours. | E30: DAYS | F30: NUMBEROFDAYS
A31: R2 Formula Gauntlet G21 | B31: Plain plus. | E31: 30+B6 | F31: =30+B6 | G31: =B6+30 | H31: B6+30
A32: R2 Formula Gauntlet G22 | B32: DATE plus DIF. | E32: =DATEDIF | F32: =DATEDIF( | G32: =DATEDIF() | H32: DATEDIF | I32: DATEDIF( | J32: DATEDIF()
A33: R2 Formula Gauntlet G23 | B33: E plus DATE. | E33: =EDATE | F33: =EDATE( | G33: =EDATE() | H33: EDATE | I33: EDATE( | J33: EDATE()
A34: R2 Formula Gauntlet G24 | B34: End Of MONTH. | E34: =EOMONTH | F34: =EOMONTH( | G34: =EOMONTH() | H34: EOMONTH | I34: EOMONTH( | J34: EOMONTH()
A35: R2 Formula Gauntlet G25 | B35: NET WORK DAYS. | E35: =NETWORKDAYS | F35: =NETWORKDAYS( | G35: =NETWORKDAYS() | H35: NETWORKDAYS | I35: NETWORKDAYS( | J35: NETWORKDAYS()
A36: R2 Formula Gauntlet G26 | B36: WORK plus DAY. | E36: =WORKDAY | F36: =WORKDAY( | G36: =WORKDAY() | H36: WORKDAY | I36: WORKDAY( | J36: WORKDAY()
A37: R2 Formula Gauntlet G27 | B37: Like water spilling over. | E37: SPILL | F37: SPILLING | G37: SPILLS
A38: R2 Formula Gauntlet G28 | B38: #SPILL! with an exclamation mark. | E38: #SPILL | F38: #SPILL! | G38: SPILL
A39: R2 Formula Gauntlet G29 | B39: The cell address plus #. | E39: H5#
A40: R2 Formula Gauntlet G30 | B40: A series of numbers in order. | E40: =SEQUENCE | F40: =SEQUENCE( | G40: =SEQUENCE() | H40: SEQUENCE | I40: SEQUENCE( | J40: SEQUENCE()
A41: R2 Formula Gauntlet G31 | B41: Like a coffee filter. | E41: =FILTER | F41: =FILTER( | G41: =FILTER() | H41: FILTER | I41: FILTER( | J41: FILTER()
A42: R2 Formula Gauntlet G32 | B42: Multiply. | E42: * | F42: ASTERISK
A43: R2 Formula Gauntlet M1 | B43: SUMIFS, sum range first. | C43: {=SUMIFS('R2 Arena'!$H$6:$H$25,'R2 Arena'!$D$6:$D$25,"West",'R2 Arena'!$F$6:$F$25,"Gadget")} -> 4500
A44: R2 Formula Gauntlet M2 | B44: COUNTIFS with ">=50". | C44: {=COUNTIFS('R2 Arena'!$D$6:$D$25,"North",'R2 Arena'!$G$6:$G$25,">=50")} -> 2
A45: R2 Formula Gauntlet M3 | B45: XLOOKUP("South",…). | C45: {=_xlfn.XLOOKUP("South",'R2 Arena'!$K$6:$K$9,'R2 Arena'!$L$6:$L$9)} -> Liam
A46: R2 Formula Gauntlet M4 | B46: ROUND(AVERAGEIFS(…),0). | C46: {=ROUND(AVERAGEIFS('R2 Arena'!$H$6:$H$25,'R2 Arena'!$D$6:$D$25,"East"),0)} -> 1979
A47: R2 Formula Gauntlet M5 | B47: COUNTA(UNIQUE(…)). | C47: {=COUNTA(_xlfn.UNIQUE('R2 Arena'!$F$6:$F$25))} -> 3
A48: R2 Formula Gauntlet M6 | B48: EOMONTH(MAX(C6:C25),0). | C48: {=EOMONTH(MAX('R2 Arena'!$C$6:$C$25),0)} -> 46173
A49: R2 Formula Gauntlet M7 | B49: IF(AND(…)). | E49: {=IF(AND('R2 Arena'!$G$6>=50,'R2 Arena'!$H$6>=2500),"Star","-")} -> - | F49: {=IF(AND('R2 Arena'!$G$7>=50,'R2 Arena'!$H$7>=2500),"Star","-")} -> - | G49: {=IF(AND('R2 Arena'!$G$8>=50,'R2 Arena'!$H$8>=2500),"Star","-")} -> - | H49: {=IF(AND('R2 Arena'!$G$9>=50,'R2 Arena'!$H$9>=2500),"Star","-")} -> - | I49: {=IF(AND('R2 Arena'!$G$10>=50,'R2 Arena'!$H$10>=2500),"Star","-")} -> Star | J49: {=IF(AND('R2 Arena'!$G$11>=50,'R2 Arena'!$H$11>=2500),"Star","-")} -> - | K49: {=IF(AND('R2 Arena'!$G$12>=50,'R2 Arena'!$H$12>=2500),"Star","-")} -> - | L49: {=IF(AND('R2 Arena'!$G$13>=50,'R2 Arena'!$H$13>=2500),"Star","-")} -> - | M49: {=IF(AND('R2 Arena'!$G$14>=50,'R2 Arena'!$H$14>=2500),"Star","-")} -> - | N49: {=IF(AND('R2 Arena'!$G$15>=50,'R2 Arena'!$H$15>=2500),"Star","-")} -> - | O49: {=IF(AND('R2 Arena'!$G$16>=50,'R2 Arena'!$H$16>=2500),"Star","-")} -> - | P49: {=IF(AND('R2 Arena'!$G$17>=50,'R2 Arena'!$H$17>=2500),"Star","-")} -> Star | Q49: {=IF(AND('R2 Arena'!$G$18>=50,'R2 Arena'!$H$18>=2500),"Star","-")} -> Star | R49: {=IF(AND('R2 Arena'!$G$19>=50,'R2 Arena'!$H$19>=2500),"Star","-")} -> - | S49: {=IF(AND('R2 Arena'!$G$20>=50,'R2 Arena'!$H$20>=2500),"Star","-")} -> - | T49: {=IF(AND('R2 Arena'!$G$21>=50,'R2 Arena'!$H$21>=2500),"Star","-")} -> - | U49: {=IF(AND('R2 Arena'!$G$22>=50,'R2 Arena'!$H$22>=2500),"Star","-")} -> - | V49: {=IF(AND('R2 Arena'!$G$23>=50,'R2 Arena'!$H$23>=2500),"Star","-")} -> - | W49: {=IF(AND('R2 Arena'!$G$24>=50,'R2 Arena'!$H$24>=2500),"Star","-")} -> - | X49: {=IF(AND('R2 Arena'!$G$25>=50,'R2 Arena'!$H$25>=2500),"Star","-")} -> Star
A50: R2 Formula Gauntlet M8 | B50: FILTER(B6:B25,E6:E25="Raj").
A51: R3 Real-World Mission M1 | B51: TRIM inside PROPER. | E51: {=PROPER(TRIM('R3 Arena'!$B$6))} -> Ada Lovelace | F51: {=PROPER(TRIM('R3 Arena'!$B$7))} -> Grace Hopper | G51: {=PROPER(TRIM('R3 Arena'!$B$8))} -> Alan Turing | H51: {=PROPER(TRIM('R3 Arena'!$B$9))} -> Katherine Johnson | I51: {=PROPER(TRIM('R3 Arena'!$B$10))} -> Tim Berners-Lee | J51: {=PROPER(TRIM('R3 Arena'!$B$11))} -> Margaret Hamilton | K51: {=PROPER(TRIM('R3 Arena'!$B$12))} -> Linus Torvalds | L51: {=PROPER(TRIM('R3 Arena'!$B$13))} -> Hedy Lamarr | M51: {=PROPER(TRIM('R3 Arena'!$B$14))} -> Annie Easley | N51: {=PROPER(TRIM('R3 Arena'!$B$15))} -> Dorothy Vaughan | O51: {=PROPER(TRIM('R3 Arena'!$B$16))} -> Mary Jackson | P51: {=PROPER(TRIM('R3 Arena'!$B$17))} -> Joan Clarke
A52: R3 Real-World Mission M2 | B52: VALUE. | E52: {=VALUE('R3 Arena'!$D$6)} -> 1250 | F52: {=VALUE('R3 Arena'!$D$7)} -> 980 | G52: {=VALUE('R3 Arena'!$D$8)} -> 2400 | H52: {=VALUE('R3 Arena'!$D$9)} -> 760 | I52: {=VALUE('R3 Arena'!$D$10)} -> 1100 | J52: {=VALUE('R3 Arena'!$D$11)} -> 3050 | K52: {=VALUE('R3 Arena'!$D$12)} -> 640 | L52: {=VALUE('R3 Arena'!$D$13)} -> 1875 | M52: {=VALUE('R3 Arena'!$D$14)} -> 2200 | N52: {=VALUE('R3 Arena'!$D$15)} -> 450 | O52: {=VALUE('R3 Arena'!$D$16)} -> 1010 | P52: {=VALUE('R3 Arena'!$D$17)} -> 890
A53: R3 Real-World Mission M3 | B53: Lock the code table with $. | E53: {=_xlfn.XLOOKUP('R3 Arena'!$C$6,'R3 Arena'!$K$6:$K$9,'R3 Arena'!$L$6:$L$9)} -> East | F53: {=_xlfn.XLOOKUP('R3 Arena'!$C$7,'R3 Arena'!$K$6:$K$9,'R3 Arena'!$L$6:$L$9)} -> West | G53: {=_xlfn.XLOOKUP('R3 Arena'!$C$8,'R3 Arena'!$K$6:$K$9,'R3 Arena'!$L$6:$L$9)} -> North | H53: {=_xlfn.XLOOKUP('R3 Arena'!$C$9,'R3 Arena'!$K$6:$K$9,'R3 Arena'!$L$6:$L$9)} -> South | I53: {=_xlfn.XLOOKUP('R3 Arena'!$C$10,'R3 Arena'!$K$6:$K$9,'R3 Arena'!$L$6:$L$9)} -> East | J53: {=_xlfn.XLOOKUP('R3 Arena'!$C$11,'R3 Arena'!$K$6:$K$9,'R3 Arena'!$L$6:$L$9)} -> West | K53: {=_xlfn.XLOOKUP('R3 Arena'!$C$12,'R3 Arena'!$K$6:$K$9,'R3 Arena'!$L$6:$L$9)} -> North | L53: {=_xlfn.XLOOKUP('R3 Arena'!$C$13,'R3 Arena'!$K$6:$K$9,'R3 Arena'!$L$6:$L$9)} -> East | M53: {=_xlfn.XLOOKUP('R3 Arena'!$C$14,'R3 Arena'!$K$6:$K$9,'R3 Arena'!$L$6:$L$9)} -> South | N53: {=_xlfn.XLOOKUP('R3 Arena'!$C$15,'R3 Arena'!$K$6:$K$9,'R3 Arena'!$L$6:$L$9)} -> West | O53: {=_xlfn.XLOOKUP('R3 Arena'!$C$16,'R3 Arena'!$K$6:$K$9,'R3 Arena'!$L$6:$L$9)} -> North | P53: {=_xlfn.XLOOKUP('R3 Arena'!$C$17,'R3 Arena'!$K$6:$K$9,'R3 Arena'!$L$6:$L$9)} -> East
A54: R3 Real-World Mission M4 | B54: Needs the Amount and Region columns first. | C54: {=SUMPRODUCT(VALUE('R3 Arena'!$D$6:$D$17)*('R3 Arena'!$C$6:$C$17="E"))} -> 5115
A55: R3 Real-World Mission M5 | B55: IF(F6>=1000,"Big",""). | E55: {=IF(VALUE('R3 Arena'!$D$6)>=1000,"Big","")} -> Big | F55: {=IF(VALUE('R3 Arena'!$D$7)>=1000,"Big","")} | G55: {=IF(VALUE('R3 Arena'!$D$8)>=1000,"Big","")} -> Big | H55: {=IF(VALUE('R3 Arena'!$D$9)>=1000,"Big","")} | I55: {=IF(VALUE('R3 Arena'!$D$10)>=1000,"Big","")} -> Big | J55: {=IF(VALUE('R3 Arena'!$D$11)>=1000,"Big","")} -> Big | K55: {=IF(VALUE('R3 Arena'!$D$12)>=1000,"Big","")} | L55: {=IF(VALUE('R3 Arena'!$D$13)>=1000,"Big","")} -> Big | M55: {=IF(VALUE('R3 Arena'!$D$14)>=1000,"Big","")} -> Big | N55: {=IF(VALUE('R3 Arena'!$D$15)>=1000,"Big","")} | O55: {=IF(VALUE('R3 Arena'!$D$16)>=1000,"Big","")} -> Big | P55: {=IF(VALUE('R3 Arena'!$D$17)>=1000,"Big","")}
A56: R3 Real-World Mission M6 | B56: SORT(UNIQUE(…)).
A57: R3 Real-World Mission M7 | B57: Ctrl+Shift+4.
A58: R3 Real-World Mission M8 | B58: Ctrl+T. | E58: Done
E2001: {=_xlfn._xlws.FILTER('R2 Arena'!$B$6:$B$25,'R2 Arena'!$E$6:$E$25="Raj")} -> O-105
E2101: {=_xlfn._xlws.SORT(_xlfn.UNIQUE(_xlfn.XLOOKUP('R3 Arena'!$C$6:$C$17,'R3 Arena'!$K$6:$K$9,'R3 Arena'!$L$6:$L$9)))} -> East
